
# 2026-10-03T22:01:15+00:00 /venv/main/bin/python /workspace/Part3_Push_5090/scripts/finetune_part3_push.py train --init /workspace/Part3_Push_5090/inputs/init.pt --output /workspace/Part3_Push_5090/work/arms/b1_c5 --device cuda --stop-file /workspace/Part3_Push_5090/work/STOP --steps 370000 --eval-every 14750 --constant-fraction 0.5 --ema-beta 0.999 --ema-slow-beta 0.9999 --eval-variants ema,ema_slow,raw --checkpoint-every 1000 --log-every 50 --precision bf16 --data all --jpeg-quality 75 --jpeg-subsampling 2 --identity-start 0.0 --identity-end 0.0 --cycle-start 5.0 --cycle-end 5.0 --aug-monet translation --prefetch 3 --learning-rate 0.0001 --batch-size 1 --warmup-steps 1000
{
  "device": "cuda",
  "recipe": {
    "steps": 370000,
    "learning_rate": 0.0001,
    "beta1": 0.5,
    "beta2": 0.999,
    "constant_fraction": 0.5,
    "cycle_start": 5.0,
    "cycle_end": 5.0,
    "identity_start": 0.0,
    "identity_end": 0.0,
    "weight_ramp_steps": 0,
    "extra_scales": 0,
    "d_warmup_steps": 0,
    "aug_monet": "translation",
    "aug_photo": "",
    "flip_equivariance": 0.0,
    "ema_beta": 0.999,
    "ema_slow_beta": 0.9999,
    "replay_size": 50,
    "eval_every": 14750,
    "checkpoint_every": 1000,
    "log_every": 50,
    "precision": "bf16",
    "seed": 2342,
    "data": "all",
    "jpeg_quality": 75,
    "jpeg_subsampling": 2,
    "eval_variants": "ema,ema_slow,raw",
    "train_view": "resize286",
    "batch_size": 1,
    "cycle_lowpass": 0,
    "cycle_detail": 1.0,
    "cycle_photo_scale": 1.0,
    "cycle_monet_scale": 1.0,
    "nce_weight": 0.0,
    "nce_idt_weight": 0.0,
    "nce_layers": "0,4,8,12,16",
    "nce_patches": 256,
    "nce_tau": 0.07,
    "r1_gamma": 0.0,
    "r1_every": 4,
    "d_noise_start": 0.0,
    "d_noise_end": 0.0,
    "prefetch": 3,
    "warmup_steps": 1000
  },
  "init": "/workspace/Part3_Push_5090/inputs/init.pt"
}
EVAL {"step": 0, "variant": "ema", "fid_a2b": 98.04316042834489, "fid_b2a": 97.18449450753396, "mifid_a2b": 0.4186245827022269, "mifid_b2a": 0.40572193865808986, "fid": 97.61382746793942, "mifid": 0.41217326068015836, "composite": 49.01300036430979}
EVAL {"step": 0, "variant": "ema_slow", "fid_a2b": 98.04316042834489, "fid_b2a": 97.18449450753396, "mifid_a2b": 0.4186245827022269, "mifid_b2a": 0.40572193865808986, "fid": 97.61382746793942, "mifid": 0.41217326068015836, "composite": 49.01300036430979}
EVAL {"step": 0, "variant": "raw", "fid_a2b": 98.04316042834489, "fid_b2a": 97.18449450753396, "mifid_a2b": 0.4186245827022269, "mifid_b2a": 0.40572193865808986, "fid": 97.61382746793942, "mifid": 0.41217326068015836, "composite": 49.01300036430979}
step 50/370000 G=1.303 Dp=0.268 Dm=0.193 cyc_w=5.00 id_w=0.00 0.76 it/s
step 100/370000 G=1.528 Dp=0.332 Dm=0.077 cyc_w=5.00 id_w=0.00 1.50 it/s
step 150/370000 G=1.202 Dp=0.306 Dm=0.217 cyc_w=5.00 id_w=0.00 2.19 it/s
step 200/370000 G=1.886 Dp=0.085 Dm=0.125 cyc_w=5.00 id_w=0.00 2.80 it/s
step 250/370000 G=1.600 Dp=0.129 Dm=0.275 cyc_w=5.00 id_w=0.00 3.37 it/s
step 300/370000 G=1.533 Dp=0.200 Dm=0.149 cyc_w=5.00 id_w=0.00 3.89 it/s
step 350/370000 G=1.656 Dp=0.216 Dm=0.126 cyc_w=5.00 id_w=0.00 4.37 it/s
step 400/370000 G=1.675 Dp=0.151 Dm=0.070 cyc_w=5.00 id_w=0.00 4.75 it/s
step 450/370000 G=1.461 Dp=0.229 Dm=0.042 cyc_w=5.00 id_w=0.00 5.10 it/s
step 500/370000 G=2.103 Dp=0.068 Dm=0.047 cyc_w=5.00 id_w=0.00 5.41 it/s
step 550/370000 G=1.843 Dp=0.115 Dm=0.172 cyc_w=5.00 id_w=0.00 5.70 it/s
step 600/370000 G=2.005 Dp=0.151 Dm=0.387 cyc_w=5.00 id_w=0.00 5.97 it/s
step 650/370000 G=1.993 Dp=0.130 Dm=0.059 cyc_w=5.00 id_w=0.00 6.21 it/s
step 700/370000 G=2.349 Dp=0.108 Dm=0.106 cyc_w=5.00 id_w=0.00 6.44 it/s
step 750/370000 G=1.879 Dp=0.120 Dm=0.109 cyc_w=5.00 id_w=0.00 6.65 it/s
step 800/370000 G=1.260 Dp=0.162 Dm=0.157 cyc_w=5.00 id_w=0.00 6.84 it/s
step 850/370000 G=1.187 Dp=0.105 Dm=0.198 cyc_w=5.00 id_w=0.00 7.02 it/s
step 900/370000 G=1.828 Dp=0.169 Dm=0.078 cyc_w=5.00 id_w=0.00 7.19 it/s
step 950/370000 G=2.324 Dp=0.107 Dm=0.107 cyc_w=5.00 id_w=0.00 7.35 it/s
step 1000/370000 G=2.108 Dp=0.243 Dm=0.190 cyc_w=5.00 id_w=0.00 7.50 it/s
step 1050/370000 G=2.151 Dp=0.076 Dm=0.157 cyc_w=5.00 id_w=0.00 7.62 it/s
step 1100/370000 G=1.647 Dp=0.072 Dm=0.227 cyc_w=5.00 id_w=0.00 7.75 it/s
step 1150/370000 G=3.142 Dp=0.064 Dm=0.103 cyc_w=5.00 id_w=0.00 7.87 it/s
step 1200/370000 G=1.885 Dp=0.275 Dm=0.136 cyc_w=5.00 id_w=0.00 7.99 it/s
step 1250/370000 G=2.098 Dp=0.086 Dm=0.180 cyc_w=5.00 id_w=0.00 8.10 it/s
step 1300/370000 G=1.426 Dp=0.099 Dm=0.330 cyc_w=5.00 id_w=0.00 8.21 it/s
step 1350/370000 G=2.129 Dp=0.161 Dm=0.141 cyc_w=5.00 id_w=0.00 8.31 it/s
step 1400/370000 G=1.758 Dp=0.161 Dm=0.124 cyc_w=5.00 id_w=0.00 8.41 it/s
step 1450/370000 G=1.796 Dp=0.128 Dm=0.243 cyc_w=5.00 id_w=0.00 8.50 it/s
step 1500/370000 G=1.637 Dp=0.085 Dm=0.255 cyc_w=5.00 id_w=0.00 8.58 it/s
step 1550/370000 G=2.449 Dp=0.100 Dm=0.058 cyc_w=5.00 id_w=0.00 8.67 it/s
step 1600/370000 G=2.609 Dp=0.095 Dm=0.440 cyc_w=5.00 id_w=0.00 8.75 it/s
step 1650/370000 G=2.381 Dp=0.042 Dm=0.146 cyc_w=5.00 id_w=0.00 8.82 it/s
step 1700/370000 G=1.931 Dp=0.100 Dm=0.158 cyc_w=5.00 id_w=0.00 8.90 it/s
step 1750/370000 G=1.494 Dp=0.291 Dm=0.070 cyc_w=5.00 id_w=0.00 8.96 it/s
step 1800/370000 G=2.374 Dp=0.121 Dm=0.216 cyc_w=5.00 id_w=0.00 9.03 it/s
step 1850/370000 G=1.528 Dp=0.144 Dm=0.141 cyc_w=5.00 id_w=0.00 9.10 it/s
step 1900/370000 G=1.101 Dp=0.155 Dm=0.161 cyc_w=5.00 id_w=0.00 9.16 it/s
step 1950/370000 G=1.666 Dp=0.144 Dm=0.360 cyc_w=5.00 id_w=0.00 9.22 it/s
step 2000/370000 G=2.342 Dp=0.095 Dm=0.105 cyc_w=5.00 id_w=0.00 9.27 it/s
step 2050/370000 G=1.566 Dp=0.157 Dm=0.203 cyc_w=5.00 id_w=0.00 9.31 it/s
step 2100/370000 G=1.259 Dp=0.125 Dm=0.314 cyc_w=5.00 id_w=0.00 9.37 it/s
step 2150/370000 G=1.989 Dp=0.074 Dm=0.055 cyc_w=5.00 id_w=0.00 9.42 it/s
step 2200/370000 G=2.177 Dp=0.101 Dm=0.097 cyc_w=5.00 id_w=0.00 9.47 it/s
step 2250/370000 G=1.524 Dp=0.072 Dm=0.119 cyc_w=5.00 id_w=0.00 9.51 it/s
step 2300/370000 G=2.308 Dp=0.034 Dm=0.192 cyc_w=5.00 id_w=0.00 9.56 it/s
step 2350/370000 G=2.080 Dp=0.435 Dm=0.183 cyc_w=5.00 id_w=0.00 9.60 it/s
step 2400/370000 G=1.859 Dp=0.269 Dm=0.159 cyc_w=5.00 id_w=0.00 9.65 it/s
step 2450/370000 G=2.423 Dp=0.174 Dm=0.307 cyc_w=5.00 id_w=0.00 9.69 it/s
step 2500/370000 G=1.979 Dp=0.175 Dm=0.191 cyc_w=5.00 id_w=0.00 9.73 it/s
step 2550/370000 G=2.939 Dp=0.057 Dm=0.226 cyc_w=5.00 id_w=0.00 9.77 it/s
step 2600/370000 G=1.693 Dp=0.192 Dm=0.151 cyc_w=5.00 id_w=0.00 9.80 it/s
step 2650/370000 G=2.066 Dp=0.180 Dm=0.078 cyc_w=5.00 id_w=0.00 9.84 it/s
step 2700/370000 G=1.849 Dp=0.221 Dm=0.179 cyc_w=5.00 id_w=0.00 9.88 it/s
step 2750/370000 G=1.099 Dp=0.104 Dm=0.159 cyc_w=5.00 id_w=0.00 9.91 it/s
step 2800/370000 G=1.581 Dp=0.400 Dm=0.217 cyc_w=5.00 id_w=0.00 9.94 it/s
step 2850/370000 G=1.933 Dp=0.067 Dm=0.108 cyc_w=5.00 id_w=0.00 9.98 it/s
step 2900/370000 G=1.700 Dp=0.197 Dm=0.139 cyc_w=5.00 id_w=0.00 10.01 it/s
step 2950/370000 G=1.556 Dp=0.190 Dm=0.211 cyc_w=5.00 id_w=0.00 10.04 it/s
step 3000/370000 G=1.796 Dp=0.086 Dm=0.105 cyc_w=5.00 id_w=0.00 10.07 it/s
step 3050/370000 G=1.442 Dp=0.220 Dm=0.090 cyc_w=5.00 id_w=0.00 10.09 it/s
step 3100/370000 G=2.491 Dp=0.169 Dm=0.115 cyc_w=5.00 id_w=0.00 10.12 it/s
step 3150/370000 G=1.663 Dp=0.067 Dm=0.089 cyc_w=5.00 id_w=0.00 10.14 it/s
step 3200/370000 G=1.966 Dp=0.257 Dm=0.186 cyc_w=5.00 id_w=0.00 10.17 it/s
step 3250/370000 G=2.053 Dp=0.305 Dm=0.268 cyc_w=5.00 id_w=0.00 10.20 it/s
step 3300/370000 G=2.766 Dp=0.118 Dm=0.183 cyc_w=5.00 id_w=0.00 10.22 it/s
step 3350/370000 G=1.489 Dp=0.173 Dm=0.193 cyc_w=5.00 id_w=0.00 10.25 it/s
step 3400/370000 G=2.235 Dp=0.044 Dm=0.054 cyc_w=5.00 id_w=0.00 10.27 it/s
step 3450/370000 G=1.673 Dp=0.254 Dm=0.145 cyc_w=5.00 id_w=0.00 10.30 it/s
step 3500/370000 G=1.424 Dp=0.163 Dm=0.109 cyc_w=5.00 id_w=0.00 10.32 it/s
step 3550/370000 G=2.124 Dp=0.215 Dm=0.149 cyc_w=5.00 id_w=0.00 10.34 it/s
step 3600/370000 G=1.435 Dp=0.258 Dm=0.506 cyc_w=5.00 id_w=0.00 10.36 it/s
step 3650/370000 G=1.589 Dp=0.059 Dm=0.037 cyc_w=5.00 id_w=0.00 10.38 it/s
step 3700/370000 G=1.693 Dp=0.193 Dm=0.072 cyc_w=5.00 id_w=0.00 10.41 it/s
step 3750/370000 G=1.550 Dp=0.168 Dm=0.055 cyc_w=5.00 id_w=0.00 10.43 it/s
step 3800/370000 G=1.588 Dp=0.203 Dm=0.137 cyc_w=5.00 id_w=0.00 10.45 it/s
step 3850/370000 G=2.193 Dp=0.113 Dm=0.126 cyc_w=5.00 id_w=0.00 10.47 it/s
step 3900/370000 G=1.251 Dp=0.239 Dm=0.162 cyc_w=5.00 id_w=0.00 10.48 it/s
step 3950/370000 G=2.457 Dp=0.070 Dm=0.093 cyc_w=5.00 id_w=0.00 10.50 it/s
step 4000/370000 G=2.245 Dp=0.040 Dm=0.097 cyc_w=5.00 id_w=0.00 10.52 it/s
step 4050/370000 G=1.771 Dp=0.282 Dm=0.284 cyc_w=5.00 id_w=0.00 10.53 it/s
step 4100/370000 G=1.515 Dp=0.267 Dm=0.311 cyc_w=5.00 id_w=0.00 10.55 it/s
step 4150/370000 G=2.571 Dp=0.105 Dm=0.053 cyc_w=5.00 id_w=0.00 10.57 it/s
step 4200/370000 G=2.023 Dp=0.180 Dm=0.040 cyc_w=5.00 id_w=0.00 10.58 it/s
step 4250/370000 G=2.427 Dp=0.165 Dm=0.116 cyc_w=5.00 id_w=0.00 10.60 it/s
step 4300/370000 G=1.961 Dp=0.179 Dm=0.179 cyc_w=5.00 id_w=0.00 10.62 it/s
step 4350/370000 G=1.855 Dp=0.057 Dm=0.094 cyc_w=5.00 id_w=0.00 10.63 it/s
step 4400/370000 G=1.570 Dp=0.213 Dm=0.117 cyc_w=5.00 id_w=0.00 10.65 it/s
step 4450/370000 G=1.860 Dp=0.185 Dm=0.159 cyc_w=5.00 id_w=0.00 10.67 it/s
step 4500/370000 G=2.071 Dp=0.165 Dm=0.078 cyc_w=5.00 id_w=0.00 10.68 it/s
step 4550/370000 G=2.235 Dp=0.155 Dm=0.145 cyc_w=5.00 id_w=0.00 10.70 it/s
step 4600/370000 G=2.257 Dp=0.150 Dm=0.129 cyc_w=5.00 id_w=0.00 10.71 it/s
step 4650/370000 G=1.634 Dp=0.286 Dm=0.052 cyc_w=5.00 id_w=0.00 10.73 it/s
step 4700/370000 G=1.292 Dp=0.056 Dm=0.187 cyc_w=5.00 id_w=0.00 10.74 it/s
step 4750/370000 G=1.546 Dp=0.190 Dm=0.095 cyc_w=5.00 id_w=0.00 10.75 it/s
step 4800/370000 G=2.482 Dp=0.080 Dm=0.081 cyc_w=5.00 id_w=0.00 10.77 it/s
step 4850/370000 G=1.933 Dp=0.076 Dm=0.112 cyc_w=5.00 id_w=0.00 10.78 it/s
step 4900/370000 G=2.114 Dp=0.249 Dm=0.144 cyc_w=5.00 id_w=0.00 10.80 it/s
step 4950/370000 G=2.565 Dp=0.069 Dm=0.200 cyc_w=5.00 id_w=0.00 10.81 it/s
step 5000/370000 G=2.889 Dp=0.062 Dm=0.157 cyc_w=5.00 id_w=0.00 10.82 it/s
step 5050/370000 G=2.203 Dp=0.330 Dm=0.150 cyc_w=5.00 id_w=0.00 10.83 it/s
step 5100/370000 G=1.955 Dp=0.041 Dm=0.107 cyc_w=5.00 id_w=0.00 10.84 it/s
step 5150/370000 G=1.791 Dp=0.460 Dm=0.167 cyc_w=5.00 id_w=0.00 10.85 it/s
step 5200/370000 G=2.124 Dp=0.066 Dm=0.133 cyc_w=5.00 id_w=0.00 10.86 it/s
step 5250/370000 G=1.753 Dp=0.234 Dm=0.207 cyc_w=5.00 id_w=0.00 10.87 it/s
step 5300/370000 G=2.388 Dp=0.314 Dm=0.156 cyc_w=5.00 id_w=0.00 10.88 it/s
step 5350/370000 G=1.687 Dp=0.212 Dm=0.192 cyc_w=5.00 id_w=0.00 10.89 it/s
step 5400/370000 G=1.709 Dp=0.080 Dm=0.082 cyc_w=5.00 id_w=0.00 10.91 it/s
step 5450/370000 G=2.050 Dp=0.057 Dm=0.074 cyc_w=5.00 id_w=0.00 10.92 it/s
step 5500/370000 G=1.953 Dp=0.122 Dm=0.153 cyc_w=5.00 id_w=0.00 10.93 it/s
step 5550/370000 G=2.206 Dp=0.103 Dm=0.107 cyc_w=5.00 id_w=0.00 10.94 it/s
step 5600/370000 G=2.138 Dp=0.060 Dm=0.038 cyc_w=5.00 id_w=0.00 10.95 it/s
step 5650/370000 G=1.432 Dp=0.097 Dm=0.154 cyc_w=5.00 id_w=0.00 10.96 it/s
step 5700/370000 G=1.761 Dp=0.278 Dm=0.125 cyc_w=5.00 id_w=0.00 10.97 it/s
step 5750/370000 G=1.923 Dp=0.178 Dm=0.033 cyc_w=5.00 id_w=0.00 10.98 it/s
step 5800/370000 G=1.074 Dp=0.232 Dm=0.296 cyc_w=5.00 id_w=0.00 10.99 it/s
step 5850/370000 G=1.465 Dp=0.216 Dm=0.154 cyc_w=5.00 id_w=0.00 11.00 it/s
step 5900/370000 G=1.538 Dp=0.192 Dm=0.074 cyc_w=5.00 id_w=0.00 11.00 it/s
step 5950/370000 G=1.959 Dp=0.211 Dm=0.055 cyc_w=5.00 id_w=0.00 11.01 it/s
step 6000/370000 G=2.110 Dp=0.047 Dm=0.154 cyc_w=5.00 id_w=0.00 11.02 it/s
step 6050/370000 G=2.128 Dp=0.181 Dm=0.057 cyc_w=5.00 id_w=0.00 11.03 it/s
step 6100/370000 G=1.888 Dp=0.237 Dm=0.084 cyc_w=5.00 id_w=0.00 11.03 it/s
step 6150/370000 G=2.418 Dp=0.061 Dm=0.094 cyc_w=5.00 id_w=0.00 11.04 it/s
step 6200/370000 G=2.141 Dp=0.264 Dm=0.146 cyc_w=5.00 id_w=0.00 11.05 it/s
step 6250/370000 G=2.034 Dp=0.277 Dm=0.060 cyc_w=5.00 id_w=0.00 11.06 it/s
step 6300/370000 G=2.199 Dp=0.205 Dm=0.086 cyc_w=5.00 id_w=0.00 11.07 it/s
step 6350/370000 G=1.316 Dp=0.124 Dm=0.224 cyc_w=5.00 id_w=0.00 11.08 it/s
step 6400/370000 G=1.909 Dp=0.111 Dm=0.107 cyc_w=5.00 id_w=0.00 11.08 it/s
step 6450/370000 G=2.230 Dp=0.185 Dm=0.249 cyc_w=5.00 id_w=0.00 11.09 it/s
step 6500/370000 G=1.688 Dp=0.179 Dm=0.157 cyc_w=5.00 id_w=0.00 11.10 it/s
step 6550/370000 G=2.069 Dp=0.230 Dm=0.310 cyc_w=5.00 id_w=0.00 11.11 it/s
step 6600/370000 G=1.780 Dp=0.242 Dm=0.053 cyc_w=5.00 id_w=0.00 11.12 it/s
step 6650/370000 G=2.729 Dp=0.232 Dm=0.137 cyc_w=5.00 id_w=0.00 11.12 it/s
step 6700/370000 G=1.674 Dp=0.095 Dm=0.068 cyc_w=5.00 id_w=0.00 11.13 it/s
step 6750/370000 G=1.894 Dp=0.107 Dm=0.118 cyc_w=5.00 id_w=0.00 11.14 it/s
step 6800/370000 G=1.384 Dp=0.086 Dm=0.108 cyc_w=5.00 id_w=0.00 11.14 it/s
step 6850/370000 G=1.715 Dp=0.112 Dm=0.053 cyc_w=5.00 id_w=0.00 11.15 it/s
step 6900/370000 G=1.779 Dp=0.191 Dm=0.134 cyc_w=5.00 id_w=0.00 11.16 it/s
step 6950/370000 G=2.091 Dp=0.181 Dm=0.331 cyc_w=5.00 id_w=0.00 11.17 it/s
step 7000/370000 G=1.401 Dp=0.056 Dm=0.275 cyc_w=5.00 id_w=0.00 11.17 it/s
step 7050/370000 G=1.567 Dp=0.078 Dm=0.097 cyc_w=5.00 id_w=0.00 11.17 it/s
step 7100/370000 G=2.498 Dp=0.172 Dm=0.081 cyc_w=5.00 id_w=0.00 11.18 it/s
step 7150/370000 G=1.969 Dp=0.155 Dm=0.208 cyc_w=5.00 id_w=0.00 11.19 it/s
step 7200/370000 G=1.691 Dp=0.228 Dm=0.141 cyc_w=5.00 id_w=0.00 11.19 it/s
step 7250/370000 G=2.040 Dp=0.114 Dm=0.233 cyc_w=5.00 id_w=0.00 11.20 it/s
step 7300/370000 G=1.844 Dp=0.097 Dm=0.107 cyc_w=5.00 id_w=0.00 11.21 it/s
step 7350/370000 G=2.502 Dp=0.062 Dm=0.087 cyc_w=5.00 id_w=0.00 11.21 it/s
step 7400/370000 G=1.279 Dp=0.255 Dm=0.274 cyc_w=5.00 id_w=0.00 11.22 it/s
step 7450/370000 G=1.815 Dp=0.207 Dm=0.155 cyc_w=5.00 id_w=0.00 11.22 it/s
step 7500/370000 G=2.454 Dp=0.170 Dm=0.094 cyc_w=5.00 id_w=0.00 11.23 it/s
step 7550/370000 G=2.172 Dp=0.185 Dm=0.066 cyc_w=5.00 id_w=0.00 11.24 it/s
step 7600/370000 G=1.958 Dp=0.264 Dm=0.137 cyc_w=5.00 id_w=0.00 11.24 it/s
step 7650/370000 G=1.749 Dp=0.074 Dm=0.065 cyc_w=5.00 id_w=0.00 11.25 it/s
step 7700/370000 G=1.958 Dp=0.352 Dm=0.079 cyc_w=5.00 id_w=0.00 11.25 it/s
step 7750/370000 G=1.786 Dp=0.096 Dm=0.419 cyc_w=5.00 id_w=0.00 11.26 it/s
step 7800/370000 G=1.843 Dp=0.185 Dm=0.105 cyc_w=5.00 id_w=0.00 11.27 it/s
step 7850/370000 G=2.754 Dp=0.196 Dm=0.168 cyc_w=5.00 id_w=0.00 11.27 it/s
step 7900/370000 G=1.402 Dp=0.250 Dm=0.237 cyc_w=5.00 id_w=0.00 11.28 it/s
step 7950/370000 G=1.929 Dp=0.047 Dm=0.095 cyc_w=5.00 id_w=0.00 11.28 it/s
step 8000/370000 G=2.151 Dp=0.223 Dm=0.234 cyc_w=5.00 id_w=0.00 11.29 it/s
step 8050/370000 G=1.829 Dp=0.215 Dm=0.128 cyc_w=5.00 id_w=0.00 11.29 it/s
step 8100/370000 G=1.435 Dp=0.051 Dm=0.054 cyc_w=5.00 id_w=0.00 11.29 it/s
step 8150/370000 G=2.635 Dp=0.086 Dm=0.041 cyc_w=5.00 id_w=0.00 11.30 it/s
step 8200/370000 G=2.501 Dp=0.183 Dm=0.030 cyc_w=5.00 id_w=0.00 11.30 it/s
step 8250/370000 G=1.951 Dp=0.177 Dm=0.132 cyc_w=5.00 id_w=0.00 11.31 it/s
step 8300/370000 G=1.846 Dp=0.348 Dm=0.216 cyc_w=5.00 id_w=0.00 11.31 it/s
step 8350/370000 G=1.903 Dp=0.198 Dm=0.117 cyc_w=5.00 id_w=0.00 11.32 it/s
step 8400/370000 G=1.680 Dp=0.087 Dm=0.060 cyc_w=5.00 id_w=0.00 11.32 it/s
step 8450/370000 G=2.005 Dp=0.144 Dm=0.111 cyc_w=5.00 id_w=0.00 11.33 it/s
step 8500/370000 G=2.020 Dp=0.205 Dm=0.073 cyc_w=5.00 id_w=0.00 11.33 it/s
step 8550/370000 G=1.617 Dp=0.164 Dm=0.064 cyc_w=5.00 id_w=0.00 11.34 it/s
step 8600/370000 G=1.490 Dp=0.297 Dm=0.240 cyc_w=5.00 id_w=0.00 11.34 it/s
step 8650/370000 G=2.047 Dp=0.210 Dm=0.179 cyc_w=5.00 id_w=0.00 11.35 it/s
step 8700/370000 G=2.136 Dp=0.158 Dm=0.175 cyc_w=5.00 id_w=0.00 11.35 it/s
step 8750/370000 G=1.928 Dp=0.122 Dm=0.092 cyc_w=5.00 id_w=0.00 11.36 it/s
step 8800/370000 G=1.689 Dp=0.161 Dm=0.136 cyc_w=5.00 id_w=0.00 11.36 it/s
step 8850/370000 G=1.647 Dp=0.214 Dm=0.178 cyc_w=5.00 id_w=0.00 11.37 it/s
step 8900/370000 G=2.011 Dp=0.271 Dm=0.071 cyc_w=5.00 id_w=0.00 11.37 it/s
step 8950/370000 G=2.668 Dp=0.273 Dm=0.207 cyc_w=5.00 id_w=0.00 11.38 it/s
step 9000/370000 G=1.845 Dp=0.214 Dm=0.175 cyc_w=5.00 id_w=0.00 11.38 it/s
step 9050/370000 G=2.171 Dp=0.076 Dm=0.100 cyc_w=5.00 id_w=0.00 11.38 it/s
step 9100/370000 G=1.987 Dp=0.159 Dm=0.106 cyc_w=5.00 id_w=0.00 11.39 it/s
step 9150/370000 G=1.983 Dp=0.122 Dm=0.085 cyc_w=5.00 id_w=0.00 11.39 it/s
step 9200/370000 G=1.898 Dp=0.031 Dm=0.110 cyc_w=5.00 id_w=0.00 11.39 it/s
step 9250/370000 G=1.906 Dp=0.151 Dm=0.058 cyc_w=5.00 id_w=0.00 11.40 it/s
step 9300/370000 G=1.352 Dp=0.119 Dm=0.095 cyc_w=5.00 id_w=0.00 11.40 it/s
step 9350/370000 G=1.925 Dp=0.250 Dm=0.168 cyc_w=5.00 id_w=0.00 11.41 it/s
step 9400/370000 G=1.552 Dp=0.160 Dm=0.207 cyc_w=5.00 id_w=0.00 11.41 it/s
step 9450/370000 G=1.859 Dp=0.173 Dm=0.091 cyc_w=5.00 id_w=0.00 11.42 it/s
step 9500/370000 G=2.629 Dp=0.089 Dm=0.258 cyc_w=5.00 id_w=0.00 11.42 it/s
step 9550/370000 G=2.213 Dp=0.046 Dm=0.045 cyc_w=5.00 id_w=0.00 11.42 it/s
step 9600/370000 G=1.981 Dp=0.090 Dm=0.048 cyc_w=5.00 id_w=0.00 11.43 it/s
step 9650/370000 G=1.948 Dp=0.073 Dm=0.101 cyc_w=5.00 id_w=0.00 11.43 it/s
step 9700/370000 G=1.937 Dp=0.232 Dm=0.204 cyc_w=5.00 id_w=0.00 11.43 it/s
step 9750/370000 G=1.995 Dp=0.199 Dm=0.080 cyc_w=5.00 id_w=0.00 11.44 it/s
step 9800/370000 G=1.991 Dp=0.132 Dm=0.154 cyc_w=5.00 id_w=0.00 11.44 it/s
step 9850/370000 G=1.464 Dp=0.140 Dm=0.068 cyc_w=5.00 id_w=0.00 11.45 it/s
step 9900/370000 G=1.817 Dp=0.078 Dm=0.059 cyc_w=5.00 id_w=0.00 11.45 it/s
step 9950/370000 G=1.972 Dp=0.152 Dm=0.120 cyc_w=5.00 id_w=0.00 11.45 it/s
step 10000/370000 G=2.236 Dp=0.052 Dm=0.120 cyc_w=5.00 id_w=0.00 11.46 it/s
step 10050/370000 G=2.080 Dp=0.154 Dm=0.104 cyc_w=5.00 id_w=0.00 11.46 it/s
step 10100/370000 G=1.579 Dp=0.214 Dm=0.046 cyc_w=5.00 id_w=0.00 11.46 it/s
step 10150/370000 G=1.501 Dp=0.174 Dm=0.109 cyc_w=5.00 id_w=0.00 11.46 it/s
step 10200/370000 G=2.360 Dp=0.135 Dm=0.057 cyc_w=5.00 id_w=0.00 11.47 it/s
step 10250/370000 G=2.664 Dp=0.082 Dm=0.044 cyc_w=5.00 id_w=0.00 11.47 it/s
step 10300/370000 G=2.636 Dp=0.069 Dm=0.050 cyc_w=5.00 id_w=0.00 11.47 it/s
step 10350/370000 G=2.119 Dp=0.250 Dm=0.076 cyc_w=5.00 id_w=0.00 11.48 it/s
step 10400/370000 G=1.613 Dp=0.225 Dm=0.089 cyc_w=5.00 id_w=0.00 11.48 it/s
step 10450/370000 G=1.494 Dp=0.286 Dm=0.103 cyc_w=5.00 id_w=0.00 11.48 it/s
step 10500/370000 G=1.869 Dp=0.033 Dm=0.115 cyc_w=5.00 id_w=0.00 11.49 it/s
step 10550/370000 G=2.517 Dp=0.339 Dm=0.209 cyc_w=5.00 id_w=0.00 11.49 it/s
step 10600/370000 G=2.039 Dp=0.107 Dm=0.137 cyc_w=5.00 id_w=0.00 11.49 it/s
step 10650/370000 G=2.198 Dp=0.235 Dm=0.060 cyc_w=5.00 id_w=0.00 11.50 it/s
step 10700/370000 G=1.740 Dp=0.299 Dm=0.053 cyc_w=5.00 id_w=0.00 11.50 it/s
step 10750/370000 G=2.336 Dp=0.115 Dm=0.083 cyc_w=5.00 id_w=0.00 11.50 it/s
step 10800/370000 G=1.342 Dp=0.303 Dm=0.226 cyc_w=5.00 id_w=0.00 11.51 it/s
step 10850/370000 G=2.090 Dp=0.111 Dm=0.143 cyc_w=5.00 id_w=0.00 11.51 it/s
step 10900/370000 G=2.584 Dp=0.058 Dm=0.244 cyc_w=5.00 id_w=0.00 11.51 it/s
step 10950/370000 G=2.255 Dp=0.061 Dm=0.197 cyc_w=5.00 id_w=0.00 11.51 it/s
step 11000/370000 G=2.335 Dp=0.115 Dm=0.176 cyc_w=5.00 id_w=0.00 11.52 it/s
step 11050/370000 G=1.660 Dp=0.126 Dm=0.040 cyc_w=5.00 id_w=0.00 11.52 it/s
step 11100/370000 G=1.972 Dp=0.180 Dm=0.051 cyc_w=5.00 id_w=0.00 11.52 it/s
step 11150/370000 G=2.458 Dp=0.098 Dm=0.124 cyc_w=5.00 id_w=0.00 11.52 it/s
step 11200/370000 G=2.258 Dp=0.171 Dm=0.172 cyc_w=5.00 id_w=0.00 11.53 it/s
step 11250/370000 G=1.475 Dp=0.197 Dm=0.035 cyc_w=5.00 id_w=0.00 11.53 it/s
step 11300/370000 G=2.154 Dp=0.220 Dm=0.116 cyc_w=5.00 id_w=0.00 11.53 it/s
step 11350/370000 G=1.820 Dp=0.263 Dm=0.065 cyc_w=5.00 id_w=0.00 11.53 it/s
step 11400/370000 G=2.721 Dp=0.076 Dm=0.085 cyc_w=5.00 id_w=0.00 11.54 it/s
step 11450/370000 G=1.710 Dp=0.058 Dm=0.150 cyc_w=5.00 id_w=0.00 11.54 it/s
step 11500/370000 G=1.785 Dp=0.091 Dm=0.190 cyc_w=5.00 id_w=0.00 11.54 it/s
step 11550/370000 G=2.814 Dp=0.253 Dm=0.115 cyc_w=5.00 id_w=0.00 11.55 it/s
step 11600/370000 G=1.900 Dp=0.132 Dm=0.117 cyc_w=5.00 id_w=0.00 11.55 it/s
step 11650/370000 G=1.749 Dp=0.153 Dm=0.132 cyc_w=5.00 id_w=0.00 11.55 it/s
step 11700/370000 G=2.000 Dp=0.263 Dm=0.245 cyc_w=5.00 id_w=0.00 11.55 it/s
step 11750/370000 G=2.163 Dp=0.238 Dm=0.120 cyc_w=5.00 id_w=0.00 11.56 it/s
step 11800/370000 G=2.260 Dp=0.279 Dm=0.088 cyc_w=5.00 id_w=0.00 11.56 it/s
step 11850/370000 G=1.906 Dp=0.243 Dm=0.214 cyc_w=5.00 id_w=0.00 11.56 it/s
step 11900/370000 G=1.880 Dp=0.203 Dm=0.241 cyc_w=5.00 id_w=0.00 11.56 it/s
step 11950/370000 G=1.789 Dp=0.124 Dm=0.115 cyc_w=5.00 id_w=0.00 11.57 it/s
step 12000/370000 G=1.471 Dp=0.057 Dm=0.152 cyc_w=5.00 id_w=0.00 11.57 it/s
step 12050/370000 G=2.197 Dp=0.218 Dm=0.112 cyc_w=5.00 id_w=0.00 11.57 it/s
step 12100/370000 G=2.129 Dp=0.105 Dm=0.335 cyc_w=5.00 id_w=0.00 11.57 it/s
step 12150/370000 G=2.752 Dp=0.243 Dm=0.112 cyc_w=5.00 id_w=0.00 11.57 it/s
step 12200/370000 G=1.445 Dp=0.197 Dm=0.122 cyc_w=5.00 id_w=0.00 11.58 it/s
step 12250/370000 G=1.549 Dp=0.081 Dm=0.204 cyc_w=5.00 id_w=0.00 11.58 it/s
step 12300/370000 G=2.166 Dp=0.144 Dm=0.066 cyc_w=5.00 id_w=0.00 11.58 it/s
step 12350/370000 G=2.627 Dp=0.085 Dm=0.091 cyc_w=5.00 id_w=0.00 11.58 it/s
step 12400/370000 G=2.234 Dp=0.118 Dm=0.139 cyc_w=5.00 id_w=0.00 11.59 it/s
step 12450/370000 G=1.974 Dp=0.135 Dm=0.072 cyc_w=5.00 id_w=0.00 11.59 it/s
step 12500/370000 G=1.798 Dp=0.129 Dm=0.093 cyc_w=5.00 id_w=0.00 11.59 it/s
step 12550/370000 G=1.319 Dp=0.178 Dm=0.318 cyc_w=5.00 id_w=0.00 11.59 it/s
step 12600/370000 G=2.147 Dp=0.088 Dm=0.139 cyc_w=5.00 id_w=0.00 11.60 it/s
step 12650/370000 G=1.834 Dp=0.277 Dm=0.151 cyc_w=5.00 id_w=0.00 11.60 it/s
step 12700/370000 G=1.056 Dp=0.266 Dm=0.132 cyc_w=5.00 id_w=0.00 11.60 it/s
step 12750/370000 G=1.685 Dp=0.185 Dm=0.306 cyc_w=5.00 id_w=0.00 11.60 it/s
step 12800/370000 G=1.478 Dp=0.100 Dm=0.195 cyc_w=5.00 id_w=0.00 11.60 it/s
step 12850/370000 G=1.830 Dp=0.270 Dm=0.190 cyc_w=5.00 id_w=0.00 11.61 it/s
step 12900/370000 G=1.868 Dp=0.111 Dm=0.049 cyc_w=5.00 id_w=0.00 11.61 it/s
step 12950/370000 G=1.787 Dp=0.178 Dm=0.068 cyc_w=5.00 id_w=0.00 11.61 it/s
step 13000/370000 G=1.919 Dp=0.113 Dm=0.097 cyc_w=5.00 id_w=0.00 11.62 it/s
step 13050/370000 G=1.719 Dp=0.136 Dm=0.104 cyc_w=5.00 id_w=0.00 11.61 it/s
step 13100/370000 G=2.572 Dp=0.121 Dm=0.125 cyc_w=5.00 id_w=0.00 11.62 it/s
step 13150/370000 G=1.913 Dp=0.231 Dm=0.068 cyc_w=5.00 id_w=0.00 11.62 it/s
step 13200/370000 G=1.585 Dp=0.338 Dm=0.347 cyc_w=5.00 id_w=0.00 11.62 it/s
step 13250/370000 G=1.760 Dp=0.182 Dm=0.130 cyc_w=5.00 id_w=0.00 11.62 it/s
step 13300/370000 G=1.964 Dp=0.210 Dm=0.066 cyc_w=5.00 id_w=0.00 11.62 it/s
step 13350/370000 G=1.567 Dp=0.122 Dm=0.168 cyc_w=5.00 id_w=0.00 11.63 it/s
step 13400/370000 G=2.003 Dp=0.188 Dm=0.118 cyc_w=5.00 id_w=0.00 11.63 it/s
step 13450/370000 G=1.802 Dp=0.055 Dm=0.059 cyc_w=5.00 id_w=0.00 11.63 it/s
step 13500/370000 G=1.597 Dp=0.138 Dm=0.110 cyc_w=5.00 id_w=0.00 11.63 it/s
step 13550/370000 G=1.882 Dp=0.339 Dm=0.249 cyc_w=5.00 id_w=0.00 11.63 it/s
step 13600/370000 G=1.614 Dp=0.082 Dm=0.257 cyc_w=5.00 id_w=0.00 11.64 it/s
step 13650/370000 G=1.641 Dp=0.175 Dm=0.169 cyc_w=5.00 id_w=0.00 11.64 it/s
step 13700/370000 G=2.305 Dp=0.041 Dm=0.130 cyc_w=5.00 id_w=0.00 11.64 it/s
step 13750/370000 G=2.136 Dp=0.145 Dm=0.151 cyc_w=5.00 id_w=0.00 11.64 it/s
step 13800/370000 G=2.508 Dp=0.173 Dm=0.098 cyc_w=5.00 id_w=0.00 11.64 it/s
step 13850/370000 G=1.448 Dp=0.317 Dm=0.120 cyc_w=5.00 id_w=0.00 11.65 it/s
step 13900/370000 G=2.803 Dp=0.152 Dm=0.120 cyc_w=5.00 id_w=0.00 11.66 it/s
step 13950/370000 G=2.068 Dp=0.171 Dm=0.163 cyc_w=5.00 id_w=0.00 11.68 it/s
step 14000/370000 G=1.674 Dp=0.386 Dm=0.179 cyc_w=5.00 id_w=0.00 11.69 it/s
step 14050/370000 G=2.057 Dp=0.215 Dm=0.043 cyc_w=5.00 id_w=0.00 11.71 it/s
step 14100/370000 G=2.627 Dp=0.123 Dm=0.146 cyc_w=5.00 id_w=0.00 11.73 it/s
step 14150/370000 G=1.333 Dp=0.174 Dm=0.095 cyc_w=5.00 id_w=0.00 11.76 it/s
step 14200/370000 G=1.318 Dp=0.130 Dm=0.138 cyc_w=5.00 id_w=0.00 11.79 it/s
step 14250/370000 G=1.614 Dp=0.132 Dm=0.082 cyc_w=5.00 id_w=0.00 11.81 it/s
step 14300/370000 G=1.613 Dp=0.287 Dm=0.234 cyc_w=5.00 id_w=0.00 11.83 it/s
step 14350/370000 G=2.183 Dp=0.268 Dm=0.365 cyc_w=5.00 id_w=0.00 11.86 it/s
step 14400/370000 G=1.793 Dp=0.136 Dm=0.108 cyc_w=5.00 id_w=0.00 11.88 it/s
step 14450/370000 G=2.134 Dp=0.018 Dm=0.073 cyc_w=5.00 id_w=0.00 11.91 it/s
step 14500/370000 G=1.988 Dp=0.027 Dm=0.063 cyc_w=5.00 id_w=0.00 11.94 it/s
step 14550/370000 G=1.795 Dp=0.233 Dm=0.168 cyc_w=5.00 id_w=0.00 11.96 it/s
step 14600/370000 G=1.528 Dp=0.331 Dm=0.148 cyc_w=5.00 id_w=0.00 11.98 it/s
step 14650/370000 G=1.381 Dp=0.143 Dm=0.305 cyc_w=5.00 id_w=0.00 12.01 it/s
step 14700/370000 G=2.038 Dp=0.150 Dm=0.096 cyc_w=5.00 id_w=0.00 12.03 it/s
step 14750/370000 G=1.854 Dp=0.068 Dm=0.071 cyc_w=5.00 id_w=0.00 12.06 it/s
EVAL {"step": 14750, "variant": "ema", "fid_a2b": 98.72997008392873, "fid_b2a": 98.05640387061017, "mifid_a2b": 0.42123374659577373, "mifid_b2a": 0.40544564931277854, "fid": 98.39318697726945, "mifid": 0.41333969795427616, "composite": 49.40326333761186}
EVAL {"step": 14750, "variant": "ema_slow", "fid_a2b": 97.46306068452863, "fid_b2a": 98.27916027964339, "mifid_a2b": 0.42048313988688013, "mifid_b2a": 0.40787257497654894, "fid": 97.87111048208601, "mifid": 0.41417785743171454, "composite": 49.14264416975886}
EVAL {"step": 14750, "variant": "raw", "fid_a2b": 104.5639200874261, "fid_b2a": 102.96249504133145, "mifid_a2b": 0.4192101147862696, "mifid_b2a": 0.40627682138924126, "fid": 103.76320756437877, "mifid": 0.4127434680877554, "composite": 52.087975516233264}
step 14800/370000 G=1.847 Dp=0.058 Dm=0.143 cyc_w=5.00 id_w=0.00 11.54 it/s
step 14850/370000 G=2.525 Dp=0.179 Dm=0.095 cyc_w=5.00 id_w=0.00 11.54 it/s
step 14900/370000 G=2.351 Dp=0.120 Dm=0.125 cyc_w=5.00 id_w=0.00 11.54 it/s
step 14950/370000 G=1.579 Dp=0.180 Dm=0.210 cyc_w=5.00 id_w=0.00 11.55 it/s
step 15000/370000 G=2.159 Dp=0.162 Dm=0.267 cyc_w=5.00 id_w=0.00 11.55 it/s
step 15050/370000 G=2.090 Dp=0.043 Dm=0.053 cyc_w=5.00 id_w=0.00 11.55 it/s
step 15100/370000 G=1.847 Dp=0.202 Dm=0.192 cyc_w=5.00 id_w=0.00 11.55 it/s
step 15150/370000 G=2.344 Dp=0.139 Dm=0.141 cyc_w=5.00 id_w=0.00 11.55 it/s
step 15200/370000 G=1.498 Dp=0.085 Dm=0.132 cyc_w=5.00 id_w=0.00 11.55 it/s
step 15250/370000 G=2.829 Dp=0.069 Dm=0.271 cyc_w=5.00 id_w=0.00 11.56 it/s
step 15300/370000 G=1.508 Dp=0.098 Dm=0.117 cyc_w=5.00 id_w=0.00 11.56 it/s
step 15350/370000 G=2.200 Dp=0.086 Dm=0.082 cyc_w=5.00 id_w=0.00 11.56 it/s
step 15400/370000 G=1.911 Dp=0.145 Dm=0.066 cyc_w=5.00 id_w=0.00 11.56 it/s
step 15450/370000 G=2.507 Dp=0.059 Dm=0.047 cyc_w=5.00 id_w=0.00 11.56 it/s
step 15500/370000 G=2.088 Dp=0.135 Dm=0.087 cyc_w=5.00 id_w=0.00 11.57 it/s
step 15550/370000 G=2.309 Dp=0.173 Dm=0.170 cyc_w=5.00 id_w=0.00 11.57 it/s
step 15600/370000 G=2.193 Dp=0.173 Dm=0.161 cyc_w=5.00 id_w=0.00 11.57 it/s
step 15650/370000 G=1.993 Dp=0.297 Dm=0.106 cyc_w=5.00 id_w=0.00 11.57 it/s
step 15700/370000 G=1.772 Dp=0.079 Dm=0.273 cyc_w=5.00 id_w=0.00 11.57 it/s
step 15750/370000 G=1.535 Dp=0.090 Dm=0.062 cyc_w=5.00 id_w=0.00 11.58 it/s
step 15800/370000 G=2.343 Dp=0.184 Dm=0.189 cyc_w=5.00 id_w=0.00 11.58 it/s
step 15850/370000 G=2.572 Dp=0.035 Dm=0.056 cyc_w=5.00 id_w=0.00 11.58 it/s
step 15900/370000 G=2.078 Dp=0.183 Dm=0.139 cyc_w=5.00 id_w=0.00 11.58 it/s
step 15950/370000 G=1.694 Dp=0.216 Dm=0.184 cyc_w=5.00 id_w=0.00 11.58 it/s
step 16000/370000 G=1.594 Dp=0.255 Dm=0.091 cyc_w=5.00 id_w=0.00 11.58 it/s
step 16050/370000 G=2.136 Dp=0.281 Dm=0.081 cyc_w=5.00 id_w=0.00 11.58 it/s
step 16100/370000 G=1.808 Dp=0.133 Dm=0.111 cyc_w=5.00 id_w=0.00 11.59 it/s
step 16150/370000 G=2.042 Dp=0.164 Dm=0.111 cyc_w=5.00 id_w=0.00 11.59 it/s
step 16200/370000 G=2.377 Dp=0.108 Dm=0.206 cyc_w=5.00 id_w=0.00 11.59 it/s
step 16250/370000 G=2.244 Dp=0.384 Dm=0.106 cyc_w=5.00 id_w=0.00 11.59 it/s
step 16300/370000 G=1.785 Dp=0.282 Dm=0.228 cyc_w=5.00 id_w=0.00 11.59 it/s
step 16350/370000 G=2.193 Dp=0.190 Dm=0.139 cyc_w=5.00 id_w=0.00 11.59 it/s
step 16400/370000 G=2.603 Dp=0.162 Dm=0.151 cyc_w=5.00 id_w=0.00 11.60 it/s
step 16450/370000 G=1.822 Dp=0.146 Dm=0.050 cyc_w=5.00 id_w=0.00 11.60 it/s
step 16500/370000 G=1.824 Dp=0.134 Dm=0.114 cyc_w=5.00 id_w=0.00 11.60 it/s
step 16550/370000 G=1.616 Dp=0.182 Dm=0.063 cyc_w=5.00 id_w=0.00 11.60 it/s
step 16600/370000 G=2.141 Dp=0.177 Dm=0.095 cyc_w=5.00 id_w=0.00 11.60 it/s
step 16650/370000 G=1.842 Dp=0.093 Dm=0.062 cyc_w=5.00 id_w=0.00 11.60 it/s
step 16700/370000 G=1.940 Dp=0.284 Dm=0.118 cyc_w=5.00 id_w=0.00 11.61 it/s
step 16750/370000 G=2.863 Dp=0.103 Dm=0.142 cyc_w=5.00 id_w=0.00 11.61 it/s
step 16800/370000 G=2.165 Dp=0.122 Dm=0.300 cyc_w=5.00 id_w=0.00 11.61 it/s
step 16850/370000 G=2.468 Dp=0.245 Dm=0.060 cyc_w=5.00 id_w=0.00 11.61 it/s
step 16900/370000 G=2.433 Dp=0.133 Dm=0.249 cyc_w=5.00 id_w=0.00 11.61 it/s
step 16950/370000 G=2.044 Dp=0.044 Dm=0.130 cyc_w=5.00 id_w=0.00 11.62 it/s
step 17000/370000 G=1.638 Dp=0.047 Dm=0.116 cyc_w=5.00 id_w=0.00 11.62 it/s
step 17050/370000 G=1.964 Dp=0.072 Dm=0.200 cyc_w=5.00 id_w=0.00 11.62 it/s
step 17100/370000 G=1.405 Dp=0.157 Dm=0.346 cyc_w=5.00 id_w=0.00 11.62 it/s
step 17150/370000 G=1.864 Dp=0.108 Dm=0.156 cyc_w=5.00 id_w=0.00 11.62 it/s
step 17200/370000 G=1.615 Dp=0.111 Dm=0.103 cyc_w=5.00 id_w=0.00 11.62 it/s
step 17250/370000 G=2.481 Dp=0.150 Dm=0.035 cyc_w=5.00 id_w=0.00 11.62 it/s
step 17300/370000 G=1.431 Dp=0.257 Dm=0.315 cyc_w=5.00 id_w=0.00 11.62 it/s
step 17350/370000 G=2.237 Dp=0.127 Dm=0.181 cyc_w=5.00 id_w=0.00 11.63 it/s
step 17400/370000 G=1.803 Dp=0.174 Dm=0.271 cyc_w=5.00 id_w=0.00 11.63 it/s
step 17450/370000 G=1.274 Dp=0.248 Dm=0.063 cyc_w=5.00 id_w=0.00 11.63 it/s
step 17500/370000 G=1.042 Dp=0.324 Dm=0.117 cyc_w=5.00 id_w=0.00 11.63 it/s
step 17550/370000 G=1.426 Dp=0.325 Dm=0.167 cyc_w=5.00 id_w=0.00 11.63 it/s
step 17600/370000 G=1.865 Dp=0.061 Dm=0.033 cyc_w=5.00 id_w=0.00 11.63 it/s
step 17650/370000 G=1.967 Dp=0.260 Dm=0.147 cyc_w=5.00 id_w=0.00 11.64 it/s
step 17700/370000 G=1.649 Dp=0.110 Dm=0.057 cyc_w=5.00 id_w=0.00 11.64 it/s
step 17750/370000 G=1.746 Dp=0.234 Dm=0.247 cyc_w=5.00 id_w=0.00 11.64 it/s
step 17800/370000 G=1.837 Dp=0.210 Dm=0.242 cyc_w=5.00 id_w=0.00 11.64 it/s
step 17850/370000 G=1.711 Dp=0.204 Dm=0.059 cyc_w=5.00 id_w=0.00 11.64 it/s
step 17900/370000 G=1.589 Dp=0.256 Dm=0.093 cyc_w=5.00 id_w=0.00 11.64 it/s
step 17950/370000 G=1.742 Dp=0.125 Dm=0.090 cyc_w=5.00 id_w=0.00 11.65 it/s
step 18000/370000 G=2.293 Dp=0.313 Dm=0.150 cyc_w=5.00 id_w=0.00 11.65 it/s
step 18050/370000 G=1.777 Dp=0.241 Dm=0.128 cyc_w=5.00 id_w=0.00 11.65 it/s
step 18100/370000 G=1.634 Dp=0.085 Dm=0.183 cyc_w=5.00 id_w=0.00 11.65 it/s
step 18150/370000 G=2.016 Dp=0.110 Dm=0.355 cyc_w=5.00 id_w=0.00 11.65 it/s
step 18200/370000 G=1.998 Dp=0.143 Dm=0.061 cyc_w=5.00 id_w=0.00 11.65 it/s
step 18250/370000 G=2.187 Dp=0.077 Dm=0.102 cyc_w=5.00 id_w=0.00 11.65 it/s
step 18300/370000 G=2.098 Dp=0.245 Dm=0.142 cyc_w=5.00 id_w=0.00 11.65 it/s
step 18350/370000 G=1.814 Dp=0.255 Dm=0.085 cyc_w=5.00 id_w=0.00 11.65 it/s
step 18400/370000 G=2.790 Dp=0.144 Dm=0.093 cyc_w=5.00 id_w=0.00 11.66 it/s
step 18450/370000 G=1.902 Dp=0.071 Dm=0.092 cyc_w=5.00 id_w=0.00 11.66 it/s
step 18500/370000 G=2.897 Dp=0.169 Dm=0.106 cyc_w=5.00 id_w=0.00 11.66 it/s
step 18550/370000 G=1.890 Dp=0.037 Dm=0.181 cyc_w=5.00 id_w=0.00 11.66 it/s
step 18600/370000 G=2.410 Dp=0.201 Dm=0.088 cyc_w=5.00 id_w=0.00 11.66 it/s
step 18650/370000 G=2.214 Dp=0.102 Dm=0.039 cyc_w=5.00 id_w=0.00 11.66 it/s
step 18700/370000 G=2.221 Dp=0.263 Dm=0.105 cyc_w=5.00 id_w=0.00 11.67 it/s
step 18750/370000 G=1.524 Dp=0.188 Dm=0.141 cyc_w=5.00 id_w=0.00 11.67 it/s
step 18800/370000 G=2.492 Dp=0.052 Dm=0.096 cyc_w=5.00 id_w=0.00 11.67 it/s
step 18850/370000 G=1.630 Dp=0.184 Dm=0.239 cyc_w=5.00 id_w=0.00 11.67 it/s
step 18900/370000 G=1.534 Dp=0.039 Dm=0.100 cyc_w=5.00 id_w=0.00 11.67 it/s
step 18950/370000 G=1.885 Dp=0.146 Dm=0.126 cyc_w=5.00 id_w=0.00 11.67 it/s
step 19000/370000 G=1.927 Dp=0.166 Dm=0.067 cyc_w=5.00 id_w=0.00 11.67 it/s
step 19050/370000 G=2.113 Dp=0.095 Dm=0.072 cyc_w=5.00 id_w=0.00 11.67 it/s
step 19100/370000 G=1.544 Dp=0.313 Dm=0.089 cyc_w=5.00 id_w=0.00 11.67 it/s
step 19150/370000 G=2.281 Dp=0.090 Dm=0.059 cyc_w=5.00 id_w=0.00 11.68 it/s
step 19200/370000 G=1.724 Dp=0.195 Dm=0.305 cyc_w=5.00 id_w=0.00 11.68 it/s
step 19250/370000 G=1.805 Dp=0.245 Dm=0.179 cyc_w=5.00 id_w=0.00 11.68 it/s
step 19300/370000 G=2.008 Dp=0.176 Dm=0.026 cyc_w=5.00 id_w=0.00 11.68 it/s
step 19350/370000 G=2.330 Dp=0.337 Dm=0.174 cyc_w=5.00 id_w=0.00 11.68 it/s
step 19400/370000 G=1.878 Dp=0.160 Dm=0.143 cyc_w=5.00 id_w=0.00 11.68 it/s
step 19450/370000 G=1.972 Dp=0.118 Dm=0.129 cyc_w=5.00 id_w=0.00 11.68 it/s
step 19500/370000 G=2.593 Dp=0.105 Dm=0.143 cyc_w=5.00 id_w=0.00 11.68 it/s
step 19550/370000 G=1.749 Dp=0.133 Dm=0.149 cyc_w=5.00 id_w=0.00 11.69 it/s
step 19600/370000 G=1.748 Dp=0.080 Dm=0.082 cyc_w=5.00 id_w=0.00 11.69 it/s
step 19650/370000 G=1.670 Dp=0.231 Dm=0.143 cyc_w=5.00 id_w=0.00 11.69 it/s
step 19700/370000 G=1.739 Dp=0.199 Dm=0.216 cyc_w=5.00 id_w=0.00 11.69 it/s
step 19750/370000 G=1.627 Dp=0.137 Dm=0.206 cyc_w=5.00 id_w=0.00 11.69 it/s
step 19800/370000 G=1.376 Dp=0.298 Dm=0.196 cyc_w=5.00 id_w=0.00 11.69 it/s
step 19850/370000 G=2.944 Dp=0.306 Dm=0.117 cyc_w=5.00 id_w=0.00 11.69 it/s
step 19900/370000 G=1.488 Dp=0.206 Dm=0.233 cyc_w=5.00 id_w=0.00 11.69 it/s
step 19950/370000 G=2.249 Dp=0.184 Dm=0.113 cyc_w=5.00 id_w=0.00 11.70 it/s
step 20000/370000 G=2.265 Dp=0.170 Dm=0.211 cyc_w=5.00 id_w=0.00 11.70 it/s
step 20050/370000 G=1.619 Dp=0.131 Dm=0.154 cyc_w=5.00 id_w=0.00 11.70 it/s
step 20100/370000 G=1.673 Dp=0.316 Dm=0.109 cyc_w=5.00 id_w=0.00 11.70 it/s
step 20150/370000 G=1.936 Dp=0.193 Dm=0.094 cyc_w=5.00 id_w=0.00 11.70 it/s
step 20200/370000 G=1.787 Dp=0.265 Dm=0.175 cyc_w=5.00 id_w=0.00 11.70 it/s
step 20250/370000 G=2.760 Dp=0.144 Dm=0.169 cyc_w=5.00 id_w=0.00 11.70 it/s
step 20300/370000 G=1.599 Dp=0.199 Dm=0.080 cyc_w=5.00 id_w=0.00 11.70 it/s
step 20350/370000 G=1.388 Dp=0.161 Dm=0.177 cyc_w=5.00 id_w=0.00 11.70 it/s
step 20400/370000 G=2.361 Dp=0.171 Dm=0.113 cyc_w=5.00 id_w=0.00 11.70 it/s
step 20450/370000 G=1.716 Dp=0.329 Dm=0.204 cyc_w=5.00 id_w=0.00 11.71 it/s
step 20500/370000 G=1.884 Dp=0.219 Dm=0.078 cyc_w=5.00 id_w=0.00 11.71 it/s
step 20550/370000 G=2.007 Dp=0.214 Dm=0.127 cyc_w=5.00 id_w=0.00 11.71 it/s
step 20600/370000 G=2.011 Dp=0.251 Dm=0.148 cyc_w=5.00 id_w=0.00 11.71 it/s
step 20650/370000 G=1.616 Dp=0.200 Dm=0.126 cyc_w=5.00 id_w=0.00 11.71 it/s
step 20700/370000 G=2.891 Dp=0.106 Dm=0.119 cyc_w=5.00 id_w=0.00 11.71 it/s
step 20750/370000 G=1.943 Dp=0.081 Dm=0.182 cyc_w=5.00 id_w=0.00 11.71 it/s
step 20800/370000 G=2.382 Dp=0.105 Dm=0.024 cyc_w=5.00 id_w=0.00 11.71 it/s
step 20850/370000 G=1.637 Dp=0.105 Dm=0.122 cyc_w=5.00 id_w=0.00 11.71 it/s
step 20900/370000 G=1.909 Dp=0.121 Dm=0.040 cyc_w=5.00 id_w=0.00 11.72 it/s
step 20950/370000 G=2.193 Dp=0.287 Dm=0.111 cyc_w=5.00 id_w=0.00 11.72 it/s
step 21000/370000 G=1.539 Dp=0.208 Dm=0.252 cyc_w=5.00 id_w=0.00 11.72 it/s
step 21050/370000 G=1.785 Dp=0.055 Dm=0.140 cyc_w=5.00 id_w=0.00 11.72 it/s
step 21100/370000 G=2.190 Dp=0.263 Dm=0.235 cyc_w=5.00 id_w=0.00 11.72 it/s
step 21150/370000 G=1.861 Dp=0.224 Dm=0.084 cyc_w=5.00 id_w=0.00 11.72 it/s
step 21200/370000 G=1.752 Dp=0.182 Dm=0.095 cyc_w=5.00 id_w=0.00 11.72 it/s
step 21250/370000 G=1.959 Dp=0.089 Dm=0.154 cyc_w=5.00 id_w=0.00 11.72 it/s
step 21300/370000 G=2.536 Dp=0.290 Dm=0.090 cyc_w=5.00 id_w=0.00 11.72 it/s
step 21350/370000 G=1.538 Dp=0.138 Dm=0.100 cyc_w=5.00 id_w=0.00 11.72 it/s
step 21400/370000 G=1.840 Dp=0.239 Dm=0.114 cyc_w=5.00 id_w=0.00 11.72 it/s
step 21450/370000 G=1.748 Dp=0.196 Dm=0.087 cyc_w=5.00 id_w=0.00 11.73 it/s
step 21500/370000 G=1.633 Dp=0.112 Dm=0.141 cyc_w=5.00 id_w=0.00 11.73 it/s
step 21550/370000 G=1.783 Dp=0.185 Dm=0.176 cyc_w=5.00 id_w=0.00 11.73 it/s
step 21600/370000 G=1.447 Dp=0.237 Dm=0.070 cyc_w=5.00 id_w=0.00 11.73 it/s
step 21650/370000 G=2.337 Dp=0.104 Dm=0.236 cyc_w=5.00 id_w=0.00 11.73 it/s
step 21700/370000 G=1.716 Dp=0.132 Dm=0.114 cyc_w=5.00 id_w=0.00 11.73 it/s
step 21750/370000 G=1.828 Dp=0.069 Dm=0.119 cyc_w=5.00 id_w=0.00 11.73 it/s
step 21800/370000 G=1.603 Dp=0.077 Dm=0.121 cyc_w=5.00 id_w=0.00 11.73 it/s
step 21850/370000 G=1.778 Dp=0.035 Dm=0.319 cyc_w=5.00 id_w=0.00 11.74 it/s
step 21900/370000 G=1.835 Dp=0.052 Dm=0.134 cyc_w=5.00 id_w=0.00 11.74 it/s
step 21950/370000 G=1.755 Dp=0.209 Dm=0.243 cyc_w=5.00 id_w=0.00 11.74 it/s
step 22000/370000 G=1.846 Dp=0.092 Dm=0.043 cyc_w=5.00 id_w=0.00 11.74 it/s
step 22050/370000 G=1.922 Dp=0.210 Dm=0.089 cyc_w=5.00 id_w=0.00 11.74 it/s
step 22100/370000 G=1.398 Dp=0.234 Dm=0.214 cyc_w=5.00 id_w=0.00 11.74 it/s
step 22150/370000 G=2.757 Dp=0.115 Dm=0.106 cyc_w=5.00 id_w=0.00 11.74 it/s
step 22200/370000 G=1.970 Dp=0.059 Dm=0.137 cyc_w=5.00 id_w=0.00 11.74 it/s
step 22250/370000 G=1.471 Dp=0.251 Dm=0.315 cyc_w=5.00 id_w=0.00 11.74 it/s
step 22300/370000 G=1.571 Dp=0.092 Dm=0.126 cyc_w=5.00 id_w=0.00 11.74 it/s
step 22350/370000 G=1.579 Dp=0.279 Dm=0.073 cyc_w=5.00 id_w=0.00 11.74 it/s
step 22400/370000 G=2.573 Dp=0.151 Dm=0.108 cyc_w=5.00 id_w=0.00 11.74 it/s
step 22450/370000 G=1.838 Dp=0.375 Dm=0.145 cyc_w=5.00 id_w=0.00 11.75 it/s
step 22500/370000 G=2.067 Dp=0.074 Dm=0.119 cyc_w=5.00 id_w=0.00 11.75 it/s
step 22550/370000 G=2.234 Dp=0.080 Dm=0.077 cyc_w=5.00 id_w=0.00 11.75 it/s
step 22600/370000 G=1.845 Dp=0.110 Dm=0.177 cyc_w=5.00 id_w=0.00 11.75 it/s
step 22650/370000 G=1.837 Dp=0.045 Dm=0.113 cyc_w=5.00 id_w=0.00 11.75 it/s
step 22700/370000 G=1.845 Dp=0.228 Dm=0.123 cyc_w=5.00 id_w=0.00 11.75 it/s
step 22750/370000 G=2.096 Dp=0.110 Dm=0.184 cyc_w=5.00 id_w=0.00 11.75 it/s
step 22800/370000 G=1.712 Dp=0.124 Dm=0.055 cyc_w=5.00 id_w=0.00 11.75 it/s
step 22850/370000 G=1.897 Dp=0.028 Dm=0.385 cyc_w=5.00 id_w=0.00 11.75 it/s
step 22900/370000 G=1.926 Dp=0.063 Dm=0.147 cyc_w=5.00 id_w=0.00 11.75 it/s
step 22950/370000 G=2.035 Dp=0.144 Dm=0.226 cyc_w=5.00 id_w=0.00 11.76 it/s
step 23000/370000 G=1.435 Dp=0.226 Dm=0.275 cyc_w=5.00 id_w=0.00 11.76 it/s
step 23050/370000 G=2.095 Dp=0.240 Dm=0.110 cyc_w=5.00 id_w=0.00 11.76 it/s
step 23100/370000 G=1.718 Dp=0.056 Dm=0.101 cyc_w=5.00 id_w=0.00 11.76 it/s
step 23150/370000 G=1.704 Dp=0.217 Dm=0.076 cyc_w=5.00 id_w=0.00 11.76 it/s
step 23200/370000 G=2.349 Dp=0.077 Dm=0.175 cyc_w=5.00 id_w=0.00 11.76 it/s
step 23250/370000 G=2.010 Dp=0.602 Dm=0.124 cyc_w=5.00 id_w=0.00 11.76 it/s
step 23300/370000 G=1.261 Dp=0.167 Dm=0.156 cyc_w=5.00 id_w=0.00 11.76 it/s
step 23350/370000 G=1.427 Dp=0.203 Dm=0.069 cyc_w=5.00 id_w=0.00 11.76 it/s
step 23400/370000 G=2.252 Dp=0.101 Dm=0.071 cyc_w=5.00 id_w=0.00 11.76 it/s
step 23450/370000 G=2.059 Dp=0.443 Dm=0.175 cyc_w=5.00 id_w=0.00 11.76 it/s
step 23500/370000 G=1.572 Dp=0.243 Dm=0.345 cyc_w=5.00 id_w=0.00 11.76 it/s
step 23550/370000 G=1.149 Dp=0.086 Dm=0.138 cyc_w=5.00 id_w=0.00 11.77 it/s
step 23600/370000 G=1.774 Dp=0.185 Dm=0.270 cyc_w=5.00 id_w=0.00 11.77 it/s
step 23650/370000 G=1.563 Dp=0.153 Dm=0.125 cyc_w=5.00 id_w=0.00 11.77 it/s
step 23700/370000 G=1.547 Dp=0.208 Dm=0.207 cyc_w=5.00 id_w=0.00 11.77 it/s
step 23750/370000 G=2.084 Dp=0.065 Dm=0.127 cyc_w=5.00 id_w=0.00 11.77 it/s
step 23800/370000 G=1.204 Dp=0.580 Dm=0.102 cyc_w=5.00 id_w=0.00 11.77 it/s
step 23850/370000 G=1.830 Dp=0.054 Dm=0.076 cyc_w=5.00 id_w=0.00 11.77 it/s
step 23900/370000 G=2.025 Dp=0.177 Dm=0.073 cyc_w=5.00 id_w=0.00 11.77 it/s
step 23950/370000 G=1.029 Dp=0.376 Dm=0.213 cyc_w=5.00 id_w=0.00 11.77 it/s
step 24000/370000 G=1.575 Dp=0.346 Dm=0.084 cyc_w=5.00 id_w=0.00 11.77 it/s
step 24050/370000 G=2.208 Dp=0.172 Dm=0.140 cyc_w=5.00 id_w=0.00 11.77 it/s
step 24100/370000 G=1.695 Dp=0.138 Dm=0.112 cyc_w=5.00 id_w=0.00 11.77 it/s
step 24150/370000 G=1.687 Dp=0.123 Dm=0.232 cyc_w=5.00 id_w=0.00 11.77 it/s
step 24200/370000 G=2.246 Dp=0.128 Dm=0.179 cyc_w=5.00 id_w=0.00 11.78 it/s
step 24250/370000 G=1.798 Dp=0.183 Dm=0.264 cyc_w=5.00 id_w=0.00 11.78 it/s
step 24300/370000 G=1.752 Dp=0.243 Dm=0.130 cyc_w=5.00 id_w=0.00 11.78 it/s
step 24350/370000 G=2.200 Dp=0.162 Dm=0.092 cyc_w=5.00 id_w=0.00 11.78 it/s
step 24400/370000 G=2.654 Dp=0.104 Dm=0.327 cyc_w=5.00 id_w=0.00 11.78 it/s
step 24450/370000 G=1.451 Dp=0.141 Dm=0.339 cyc_w=5.00 id_w=0.00 11.78 it/s
step 24500/370000 G=1.849 Dp=0.202 Dm=0.134 cyc_w=5.00 id_w=0.00 11.78 it/s
step 24550/370000 G=2.260 Dp=0.111 Dm=0.133 cyc_w=5.00 id_w=0.00 11.78 it/s
step 24600/370000 G=1.688 Dp=0.282 Dm=0.123 cyc_w=5.00 id_w=0.00 11.78 it/s
step 24650/370000 G=1.903 Dp=0.186 Dm=0.184 cyc_w=5.00 id_w=0.00 11.78 it/s
step 24700/370000 G=2.361 Dp=0.302 Dm=0.071 cyc_w=5.00 id_w=0.00 11.78 it/s
step 24750/370000 G=2.307 Dp=0.129 Dm=0.174 cyc_w=5.00 id_w=0.00 11.78 it/s
step 24800/370000 G=1.654 Dp=0.199 Dm=0.158 cyc_w=5.00 id_w=0.00 11.79 it/s
step 24850/370000 G=2.229 Dp=0.136 Dm=0.095 cyc_w=5.00 id_w=0.00 11.79 it/s
step 24900/370000 G=2.425 Dp=0.170 Dm=0.088 cyc_w=5.00 id_w=0.00 11.79 it/s
step 24950/370000 G=2.261 Dp=0.147 Dm=0.085 cyc_w=5.00 id_w=0.00 11.79 it/s
step 25000/370000 G=1.776 Dp=0.164 Dm=0.077 cyc_w=5.00 id_w=0.00 11.79 it/s
step 25050/370000 G=1.900 Dp=0.247 Dm=0.026 cyc_w=5.00 id_w=0.00 11.79 it/s
step 25100/370000 G=1.878 Dp=0.228 Dm=0.055 cyc_w=5.00 id_w=0.00 11.79 it/s
step 25150/370000 G=2.141 Dp=0.144 Dm=0.066 cyc_w=5.00 id_w=0.00 11.79 it/s
step 25200/370000 G=1.747 Dp=0.212 Dm=0.331 cyc_w=5.00 id_w=0.00 11.79 it/s
step 25250/370000 G=1.781 Dp=0.204 Dm=0.144 cyc_w=5.00 id_w=0.00 11.79 it/s
step 25300/370000 G=1.616 Dp=0.252 Dm=0.087 cyc_w=5.00 id_w=0.00 11.79 it/s
step 25350/370000 G=1.477 Dp=0.175 Dm=0.074 cyc_w=5.00 id_w=0.00 11.79 it/s
step 25400/370000 G=2.109 Dp=0.227 Dm=0.062 cyc_w=5.00 id_w=0.00 11.79 it/s
step 25450/370000 G=2.655 Dp=0.289 Dm=0.121 cyc_w=5.00 id_w=0.00 11.79 it/s
step 25500/370000 G=1.661 Dp=0.236 Dm=0.139 cyc_w=5.00 id_w=0.00 11.80 it/s
step 25550/370000 G=2.436 Dp=0.064 Dm=0.238 cyc_w=5.00 id_w=0.00 11.80 it/s
step 25600/370000 G=1.489 Dp=0.145 Dm=0.266 cyc_w=5.00 id_w=0.00 11.80 it/s
step 25650/370000 G=1.754 Dp=0.133 Dm=0.123 cyc_w=5.00 id_w=0.00 11.80 it/s
step 25700/370000 G=1.958 Dp=0.184 Dm=0.175 cyc_w=5.00 id_w=0.00 11.80 it/s
step 25750/370000 G=1.995 Dp=0.202 Dm=0.209 cyc_w=5.00 id_w=0.00 11.80 it/s
step 25800/370000 G=2.617 Dp=0.210 Dm=0.076 cyc_w=5.00 id_w=0.00 11.80 it/s
step 25850/370000 G=1.546 Dp=0.203 Dm=0.151 cyc_w=5.00 id_w=0.00 11.80 it/s
step 25900/370000 G=2.494 Dp=0.307 Dm=0.118 cyc_w=5.00 id_w=0.00 11.80 it/s
step 25950/370000 G=2.494 Dp=0.099 Dm=0.051 cyc_w=5.00 id_w=0.00 11.80 it/s
step 26000/370000 G=2.081 Dp=0.164 Dm=0.202 cyc_w=5.00 id_w=0.00 11.80 it/s
step 26050/370000 G=1.886 Dp=0.196 Dm=0.219 cyc_w=5.00 id_w=0.00 11.80 it/s
step 26100/370000 G=1.928 Dp=0.154 Dm=0.198 cyc_w=5.00 id_w=0.00 11.80 it/s
step 26150/370000 G=1.834 Dp=0.041 Dm=0.057 cyc_w=5.00 id_w=0.00 11.80 it/s
step 26200/370000 G=2.193 Dp=0.331 Dm=0.072 cyc_w=5.00 id_w=0.00 11.80 it/s
step 26250/370000 G=2.127 Dp=0.242 Dm=0.152 cyc_w=5.00 id_w=0.00 11.81 it/s
step 26300/370000 G=2.348 Dp=0.216 Dm=0.091 cyc_w=5.00 id_w=0.00 11.81 it/s
step 26350/370000 G=1.389 Dp=0.094 Dm=0.065 cyc_w=5.00 id_w=0.00 11.81 it/s
step 26400/370000 G=1.862 Dp=0.064 Dm=0.065 cyc_w=5.00 id_w=0.00 11.81 it/s
step 26450/370000 G=1.393 Dp=0.223 Dm=0.126 cyc_w=5.00 id_w=0.00 11.81 it/s
step 26500/370000 G=1.644 Dp=0.203 Dm=0.327 cyc_w=5.00 id_w=0.00 11.81 it/s
step 26550/370000 G=1.556 Dp=0.267 Dm=0.197 cyc_w=5.00 id_w=0.00 11.81 it/s
step 26600/370000 G=1.596 Dp=0.170 Dm=0.051 cyc_w=5.00 id_w=0.00 11.81 it/s
step 26650/370000 G=1.749 Dp=0.266 Dm=0.205 cyc_w=5.00 id_w=0.00 11.81 it/s
step 26700/370000 G=1.797 Dp=0.239 Dm=0.154 cyc_w=5.00 id_w=0.00 11.81 it/s
step 26750/370000 G=2.002 Dp=0.262 Dm=0.057 cyc_w=5.00 id_w=0.00 11.81 it/s
step 26800/370000 G=2.067 Dp=0.143 Dm=0.042 cyc_w=5.00 id_w=0.00 11.81 it/s
step 26850/370000 G=1.130 Dp=0.065 Dm=0.276 cyc_w=5.00 id_w=0.00 11.81 it/s
step 26900/370000 G=1.740 Dp=0.203 Dm=0.100 cyc_w=5.00 id_w=0.00 11.82 it/s
step 26950/370000 G=1.751 Dp=0.225 Dm=0.208 cyc_w=5.00 id_w=0.00 11.82 it/s
step 27000/370000 G=2.032 Dp=0.061 Dm=0.050 cyc_w=5.00 id_w=0.00 11.82 it/s
step 27050/370000 G=1.586 Dp=0.069 Dm=0.123 cyc_w=5.00 id_w=0.00 11.82 it/s
step 27100/370000 G=1.417 Dp=0.191 Dm=0.105 cyc_w=5.00 id_w=0.00 11.82 it/s
step 27150/370000 G=1.894 Dp=0.220 Dm=0.100 cyc_w=5.00 id_w=0.00 11.82 it/s
step 27200/370000 G=2.253 Dp=0.082 Dm=0.055 cyc_w=5.00 id_w=0.00 11.82 it/s
step 27250/370000 G=2.100 Dp=0.153 Dm=0.103 cyc_w=5.00 id_w=0.00 11.82 it/s
step 27300/370000 G=1.715 Dp=0.182 Dm=0.130 cyc_w=5.00 id_w=0.00 11.82 it/s
step 27350/370000 G=2.024 Dp=0.165 Dm=0.261 cyc_w=5.00 id_w=0.00 11.82 it/s
step 27400/370000 G=2.182 Dp=0.171 Dm=0.117 cyc_w=5.00 id_w=0.00 11.82 it/s
step 27450/370000 G=1.817 Dp=0.187 Dm=0.079 cyc_w=5.00 id_w=0.00 11.83 it/s
step 27500/370000 G=2.337 Dp=0.176 Dm=0.087 cyc_w=5.00 id_w=0.00 11.84 it/s
step 27550/370000 G=1.935 Dp=0.255 Dm=0.140 cyc_w=5.00 id_w=0.00 11.85 it/s
step 27600/370000 G=1.814 Dp=0.089 Dm=0.055 cyc_w=5.00 id_w=0.00 11.85 it/s
step 27650/370000 G=2.532 Dp=0.172 Dm=0.104 cyc_w=5.00 id_w=0.00 11.86 it/s
step 27700/370000 G=1.282 Dp=0.248 Dm=0.156 cyc_w=5.00 id_w=0.00 11.86 it/s
step 27750/370000 G=1.539 Dp=0.285 Dm=0.124 cyc_w=5.00 id_w=0.00 11.87 it/s
step 27800/370000 G=2.032 Dp=0.247 Dm=0.146 cyc_w=5.00 id_w=0.00 11.88 it/s
step 27850/370000 G=1.861 Dp=0.142 Dm=0.061 cyc_w=5.00 id_w=0.00 11.89 it/s
step 27900/370000 G=2.557 Dp=0.149 Dm=0.054 cyc_w=5.00 id_w=0.00 11.89 it/s
step 27950/370000 G=2.278 Dp=0.114 Dm=0.076 cyc_w=5.00 id_w=0.00 11.90 it/s
step 28000/370000 G=1.707 Dp=0.051 Dm=0.117 cyc_w=5.00 id_w=0.00 11.91 it/s
step 28050/370000 G=1.903 Dp=0.254 Dm=0.162 cyc_w=5.00 id_w=0.00 11.91 it/s
step 28100/370000 G=2.026 Dp=0.046 Dm=0.123 cyc_w=5.00 id_w=0.00 11.93 it/s
step 28150/370000 G=2.180 Dp=0.149 Dm=0.067 cyc_w=5.00 id_w=0.00 11.94 it/s
step 28200/370000 G=1.211 Dp=0.203 Dm=0.281 cyc_w=5.00 id_w=0.00 11.96 it/s
step 28250/370000 G=1.581 Dp=0.147 Dm=0.103 cyc_w=5.00 id_w=0.00 11.97 it/s
step 28300/370000 G=1.239 Dp=0.057 Dm=0.196 cyc_w=5.00 id_w=0.00 11.98 it/s
step 28350/370000 G=2.194 Dp=0.080 Dm=0.111 cyc_w=5.00 id_w=0.00 12.00 it/s
step 28400/370000 G=1.791 Dp=0.220 Dm=0.065 cyc_w=5.00 id_w=0.00 12.01 it/s
step 28450/370000 G=1.915 Dp=0.153 Dm=0.101 cyc_w=5.00 id_w=0.00 12.02 it/s
step 28500/370000 G=1.914 Dp=0.206 Dm=0.119 cyc_w=5.00 id_w=0.00 12.04 it/s
step 28550/370000 G=1.583 Dp=0.274 Dm=0.112 cyc_w=5.00 id_w=0.00 12.04 it/s
step 28600/370000 G=1.987 Dp=0.267 Dm=0.144 cyc_w=5.00 id_w=0.00 12.05 it/s
step 28650/370000 G=2.036 Dp=0.255 Dm=0.077 cyc_w=5.00 id_w=0.00 12.06 it/s
step 28700/370000 G=1.997 Dp=0.210 Dm=0.069 cyc_w=5.00 id_w=0.00 12.06 it/s
step 28750/370000 G=1.411 Dp=0.178 Dm=0.123 cyc_w=5.00 id_w=0.00 12.07 it/s
step 28800/370000 G=2.364 Dp=0.169 Dm=0.193 cyc_w=5.00 id_w=0.00 12.08 it/s
step 28850/370000 G=2.137 Dp=0.380 Dm=0.099 cyc_w=5.00 id_w=0.00 12.08 it/s
step 28900/370000 G=1.143 Dp=0.265 Dm=0.091 cyc_w=5.00 id_w=0.00 12.09 it/s
step 28950/370000 G=1.749 Dp=0.146 Dm=0.143 cyc_w=5.00 id_w=0.00 12.09 it/s
step 29000/370000 G=1.874 Dp=0.114 Dm=0.089 cyc_w=5.00 id_w=0.00 12.10 it/s
step 29050/370000 G=1.571 Dp=0.362 Dm=0.051 cyc_w=5.00 id_w=0.00 12.11 it/s
step 29100/370000 G=1.642 Dp=0.201 Dm=0.202 cyc_w=5.00 id_w=0.00 12.11 it/s
step 29150/370000 G=1.454 Dp=0.287 Dm=0.086 cyc_w=5.00 id_w=0.00 12.12 it/s
step 29200/370000 G=1.598 Dp=0.184 Dm=0.118 cyc_w=5.00 id_w=0.00 12.12 it/s
step 29250/370000 G=2.115 Dp=0.128 Dm=0.122 cyc_w=5.00 id_w=0.00 12.12 it/s
step 29300/370000 G=2.015 Dp=0.132 Dm=0.126 cyc_w=5.00 id_w=0.00 12.12 it/s
step 29350/370000 G=1.442 Dp=0.178 Dm=0.150 cyc_w=5.00 id_w=0.00 12.12 it/s
step 29400/370000 G=2.159 Dp=0.216 Dm=0.171 cyc_w=5.00 id_w=0.00 12.12 it/s
step 29450/370000 G=1.769 Dp=0.171 Dm=0.088 cyc_w=5.00 id_w=0.00 12.12 it/s
step 29500/370000 G=1.849 Dp=0.134 Dm=0.055 cyc_w=5.00 id_w=0.00 12.12 it/s
EVAL {"step": 29500, "variant": "ema", "fid_a2b": 99.51493180769432, "fid_b2a": 96.23440146684268, "mifid_a2b": 0.4188200020547192, "mifid_b2a": 0.4066345918536572, "fid": 97.8746666372685, "mifid": 0.4127272969541882, "composite": 49.143696967111346}
EVAL {"step": 29500, "variant": "ema_slow", "fid_a2b": 98.27463535435542, "fid_b2a": 97.17719849465405, "mifid_a2b": 0.41904891287095236, "mifid_b2a": 0.40682748666368174, "fid": 97.72591692450473, "mifid": 0.41293819976731705, "composite": 49.06942756213602}
EVAL {"step": 29500, "variant": "raw", "fid_a2b": 101.50030046755079, "fid_b2a": 98.32828369395236, "mifid_a2b": 0.4155349776486081, "mifid_b2a": 0.40192286705703545, "fid": 99.91429208075158, "mifid": 0.40872892235282177, "composite": 50.1615105015522}
step 29550/370000 G=2.149 Dp=0.066 Dm=0.052 cyc_w=5.00 id_w=0.00 11.84 it/s
step 29600/370000 G=1.997 Dp=0.216 Dm=0.223 cyc_w=5.00 id_w=0.00 11.84 it/s
step 29650/370000 G=1.908 Dp=0.251 Dm=0.066 cyc_w=5.00 id_w=0.00 11.84 it/s
step 29700/370000 G=1.838 Dp=0.113 Dm=0.138 cyc_w=5.00 id_w=0.00 11.84 it/s
step 29750/370000 G=1.921 Dp=0.201 Dm=0.156 cyc_w=5.00 id_w=0.00 11.84 it/s
step 29800/370000 G=1.551 Dp=0.190 Dm=0.261 cyc_w=5.00 id_w=0.00 11.84 it/s
step 29850/370000 G=2.211 Dp=0.116 Dm=0.045 cyc_w=5.00 id_w=0.00 11.84 it/s
step 29900/370000 G=1.984 Dp=0.242 Dm=0.050 cyc_w=5.00 id_w=0.00 11.85 it/s
step 29950/370000 G=2.421 Dp=0.035 Dm=0.073 cyc_w=5.00 id_w=0.00 11.85 it/s
step 30000/370000 G=1.123 Dp=0.163 Dm=0.211 cyc_w=5.00 id_w=0.00 11.85 it/s
step 30050/370000 G=1.779 Dp=0.115 Dm=0.181 cyc_w=5.00 id_w=0.00 11.85 it/s
step 30100/370000 G=1.596 Dp=0.147 Dm=0.158 cyc_w=5.00 id_w=0.00 11.85 it/s
step 30150/370000 G=2.042 Dp=0.070 Dm=0.036 cyc_w=5.00 id_w=0.00 11.85 it/s
step 30200/370000 G=1.835 Dp=0.130 Dm=0.164 cyc_w=5.00 id_w=0.00 11.85 it/s
step 30250/370000 G=2.039 Dp=0.038 Dm=0.097 cyc_w=5.00 id_w=0.00 11.85 it/s
step 30300/370000 G=2.101 Dp=0.225 Dm=0.191 cyc_w=5.00 id_w=0.00 11.85 it/s
step 30350/370000 G=1.895 Dp=0.117 Dm=0.110 cyc_w=5.00 id_w=0.00 11.85 it/s
step 30400/370000 G=1.820 Dp=0.198 Dm=0.136 cyc_w=5.00 id_w=0.00 11.85 it/s
step 30450/370000 G=1.758 Dp=0.103 Dm=0.117 cyc_w=5.00 id_w=0.00 11.85 it/s
step 30500/370000 G=2.473 Dp=0.140 Dm=0.263 cyc_w=5.00 id_w=0.00 11.85 it/s
step 30550/370000 G=2.301 Dp=0.097 Dm=0.067 cyc_w=5.00 id_w=0.00 11.85 it/s
step 30600/370000 G=2.173 Dp=0.127 Dm=0.065 cyc_w=5.00 id_w=0.00 11.85 it/s
step 30650/370000 G=2.226 Dp=0.240 Dm=0.241 cyc_w=5.00 id_w=0.00 11.85 it/s
step 30700/370000 G=1.595 Dp=0.060 Dm=0.114 cyc_w=5.00 id_w=0.00 11.85 it/s
step 30750/370000 G=1.675 Dp=0.451 Dm=0.323 cyc_w=5.00 id_w=0.00 11.85 it/s
step 30800/370000 G=1.832 Dp=0.193 Dm=0.073 cyc_w=5.00 id_w=0.00 11.85 it/s
step 30850/370000 G=2.246 Dp=0.095 Dm=0.147 cyc_w=5.00 id_w=0.00 11.86 it/s
step 30900/370000 G=1.895 Dp=0.163 Dm=0.168 cyc_w=5.00 id_w=0.00 11.86 it/s
step 30950/370000 G=1.965 Dp=0.073 Dm=0.265 cyc_w=5.00 id_w=0.00 11.86 it/s
step 31000/370000 G=1.457 Dp=0.153 Dm=0.184 cyc_w=5.00 id_w=0.00 11.86 it/s
step 31050/370000 G=1.969 Dp=0.087 Dm=0.102 cyc_w=5.00 id_w=0.00 11.86 it/s
step 31100/370000 G=1.732 Dp=0.196 Dm=0.117 cyc_w=5.00 id_w=0.00 11.86 it/s
step 31150/370000 G=2.778 Dp=0.185 Dm=0.136 cyc_w=5.00 id_w=0.00 11.86 it/s
step 31200/370000 G=1.660 Dp=0.103 Dm=0.092 cyc_w=5.00 id_w=0.00 11.86 it/s
step 31250/370000 G=1.603 Dp=0.154 Dm=0.104 cyc_w=5.00 id_w=0.00 11.86 it/s
step 31300/370000 G=2.157 Dp=0.119 Dm=0.153 cyc_w=5.00 id_w=0.00 11.86 it/s
step 31350/370000 G=2.417 Dp=0.183 Dm=0.106 cyc_w=5.00 id_w=0.00 11.86 it/s
step 31400/370000 G=2.316 Dp=0.117 Dm=0.151 cyc_w=5.00 id_w=0.00 11.86 it/s
step 31450/370000 G=1.590 Dp=0.176 Dm=0.163 cyc_w=5.00 id_w=0.00 11.86 it/s
step 31500/370000 G=1.758 Dp=0.259 Dm=0.190 cyc_w=5.00 id_w=0.00 11.86 it/s
step 31550/370000 G=1.676 Dp=0.230 Dm=0.117 cyc_w=5.00 id_w=0.00 11.86 it/s
step 31600/370000 G=2.189 Dp=0.355 Dm=0.089 cyc_w=5.00 id_w=0.00 11.86 it/s
step 31650/370000 G=1.417 Dp=0.168 Dm=0.195 cyc_w=5.00 id_w=0.00 11.86 it/s
step 31700/370000 G=1.992 Dp=0.330 Dm=0.295 cyc_w=5.00 id_w=0.00 11.86 it/s
step 31750/370000 G=2.166 Dp=0.088 Dm=0.203 cyc_w=5.00 id_w=0.00 11.86 it/s
step 31800/370000 G=2.213 Dp=0.152 Dm=0.161 cyc_w=5.00 id_w=0.00 11.86 it/s
step 31850/370000 G=1.603 Dp=0.277 Dm=0.146 cyc_w=5.00 id_w=0.00 11.86 it/s
step 31900/370000 G=1.851 Dp=0.211 Dm=0.150 cyc_w=5.00 id_w=0.00 11.87 it/s
step 31950/370000 G=1.453 Dp=0.075 Dm=0.535 cyc_w=5.00 id_w=0.00 11.87 it/s
step 32000/370000 G=1.811 Dp=0.181 Dm=0.072 cyc_w=5.00 id_w=0.00 11.87 it/s
step 32050/370000 G=2.432 Dp=0.130 Dm=0.109 cyc_w=5.00 id_w=0.00 11.87 it/s
step 32100/370000 G=2.774 Dp=0.046 Dm=0.155 cyc_w=5.00 id_w=0.00 11.87 it/s
step 32150/370000 G=1.948 Dp=0.099 Dm=0.058 cyc_w=5.00 id_w=0.00 11.87 it/s
step 32200/370000 G=1.555 Dp=0.191 Dm=0.086 cyc_w=5.00 id_w=0.00 11.87 it/s
step 32250/370000 G=0.981 Dp=0.077 Dm=0.124 cyc_w=5.00 id_w=0.00 11.87 it/s
step 32300/370000 G=1.803 Dp=0.200 Dm=0.079 cyc_w=5.00 id_w=0.00 11.87 it/s
step 32350/370000 G=2.356 Dp=0.175 Dm=0.076 cyc_w=5.00 id_w=0.00 11.87 it/s
step 32400/370000 G=2.426 Dp=0.187 Dm=0.083 cyc_w=5.00 id_w=0.00 11.87 it/s
step 32450/370000 G=1.832 Dp=0.107 Dm=0.183 cyc_w=5.00 id_w=0.00 11.87 it/s
step 32500/370000 G=1.625 Dp=0.115 Dm=0.108 cyc_w=5.00 id_w=0.00 11.87 it/s
step 32550/370000 G=2.313 Dp=0.052 Dm=0.211 cyc_w=5.00 id_w=0.00 11.87 it/s
step 32600/370000 G=1.357 Dp=0.078 Dm=0.091 cyc_w=5.00 id_w=0.00 11.87 it/s
step 32650/370000 G=1.924 Dp=0.112 Dm=0.065 cyc_w=5.00 id_w=0.00 11.87 it/s
step 32700/370000 G=1.863 Dp=0.132 Dm=0.200 cyc_w=5.00 id_w=0.00 11.87 it/s
step 32750/370000 G=2.001 Dp=0.114 Dm=0.113 cyc_w=5.00 id_w=0.00 11.87 it/s
step 32800/370000 G=1.510 Dp=0.130 Dm=0.280 cyc_w=5.00 id_w=0.00 11.87 it/s
step 32850/370000 G=2.095 Dp=0.316 Dm=0.135 cyc_w=5.00 id_w=0.00 11.87 it/s
step 32900/370000 G=2.117 Dp=0.082 Dm=0.125 cyc_w=5.00 id_w=0.00 11.87 it/s
step 32950/370000 G=1.905 Dp=0.068 Dm=0.108 cyc_w=5.00 id_w=0.00 11.88 it/s
step 33000/370000 G=2.318 Dp=0.102 Dm=0.091 cyc_w=5.00 id_w=0.00 11.88 it/s
step 33050/370000 G=1.735 Dp=0.090 Dm=0.078 cyc_w=5.00 id_w=0.00 11.87 it/s
step 33100/370000 G=1.951 Dp=0.143 Dm=0.207 cyc_w=5.00 id_w=0.00 11.88 it/s
step 33150/370000 G=1.912 Dp=0.188 Dm=0.146 cyc_w=5.00 id_w=0.00 11.88 it/s
step 33200/370000 G=1.683 Dp=0.102 Dm=0.058 cyc_w=5.00 id_w=0.00 11.88 it/s
step 33250/370000 G=2.269 Dp=0.135 Dm=0.135 cyc_w=5.00 id_w=0.00 11.88 it/s
step 33300/370000 G=2.462 Dp=0.187 Dm=0.054 cyc_w=5.00 id_w=0.00 11.88 it/s
step 33350/370000 G=2.250 Dp=0.259 Dm=0.196 cyc_w=5.00 id_w=0.00 11.88 it/s
step 33400/370000 G=2.359 Dp=0.046 Dm=0.112 cyc_w=5.00 id_w=0.00 11.88 it/s
step 33450/370000 G=1.917 Dp=0.127 Dm=0.121 cyc_w=5.00 id_w=0.00 11.88 it/s
step 33500/370000 G=1.641 Dp=0.161 Dm=0.082 cyc_w=5.00 id_w=0.00 11.88 it/s
step 33550/370000 G=1.248 Dp=0.198 Dm=0.156 cyc_w=5.00 id_w=0.00 11.88 it/s
step 33600/370000 G=1.422 Dp=0.090 Dm=0.281 cyc_w=5.00 id_w=0.00 11.88 it/s
step 33650/370000 G=1.649 Dp=0.316 Dm=0.214 cyc_w=5.00 id_w=0.00 11.88 it/s
step 33700/370000 G=2.171 Dp=0.098 Dm=0.110 cyc_w=5.00 id_w=0.00 11.88 it/s
step 33750/370000 G=1.888 Dp=0.106 Dm=0.174 cyc_w=5.00 id_w=0.00 11.88 it/s
step 33800/370000 G=1.923 Dp=0.060 Dm=0.150 cyc_w=5.00 id_w=0.00 11.88 it/s
step 33850/370000 G=1.870 Dp=0.274 Dm=0.067 cyc_w=5.00 id_w=0.00 11.88 it/s
step 33900/370000 G=2.271 Dp=0.084 Dm=0.036 cyc_w=5.00 id_w=0.00 11.88 it/s
step 33950/370000 G=2.315 Dp=0.122 Dm=0.085 cyc_w=5.00 id_w=0.00 11.88 it/s
step 34000/370000 G=1.718 Dp=0.125 Dm=0.143 cyc_w=5.00 id_w=0.00 11.88 it/s
step 34050/370000 G=1.847 Dp=0.125 Dm=0.095 cyc_w=5.00 id_w=0.00 11.88 it/s
step 34100/370000 G=3.066 Dp=0.055 Dm=0.153 cyc_w=5.00 id_w=0.00 11.88 it/s
step 34150/370000 G=1.870 Dp=0.205 Dm=0.130 cyc_w=5.00 id_w=0.00 11.88 it/s
step 34200/370000 G=1.430 Dp=0.239 Dm=0.225 cyc_w=5.00 id_w=0.00 11.88 it/s
step 34250/370000 G=2.324 Dp=0.207 Dm=0.059 cyc_w=5.00 id_w=0.00 11.88 it/s
step 34300/370000 G=1.353 Dp=0.217 Dm=0.269 cyc_w=5.00 id_w=0.00 11.89 it/s
step 34350/370000 G=1.436 Dp=0.212 Dm=0.100 cyc_w=5.00 id_w=0.00 11.89 it/s
step 34400/370000 G=2.026 Dp=0.349 Dm=0.074 cyc_w=5.00 id_w=0.00 11.89 it/s
step 34450/370000 G=1.616 Dp=0.264 Dm=0.131 cyc_w=5.00 id_w=0.00 11.89 it/s
step 34500/370000 G=1.839 Dp=0.212 Dm=0.060 cyc_w=5.00 id_w=0.00 11.89 it/s
step 34550/370000 G=2.083 Dp=0.200 Dm=0.062 cyc_w=5.00 id_w=0.00 11.89 it/s
step 34600/370000 G=2.198 Dp=0.113 Dm=0.035 cyc_w=5.00 id_w=0.00 11.89 it/s
step 34650/370000 G=2.106 Dp=0.095 Dm=0.059 cyc_w=5.00 id_w=0.00 11.89 it/s
step 34700/370000 G=1.475 Dp=0.306 Dm=0.120 cyc_w=5.00 id_w=0.00 11.89 it/s
step 34750/370000 G=1.908 Dp=0.152 Dm=0.104 cyc_w=5.00 id_w=0.00 11.89 it/s
step 34800/370000 G=1.583 Dp=0.071 Dm=0.137 cyc_w=5.00 id_w=0.00 11.89 it/s
step 34850/370000 G=1.999 Dp=0.443 Dm=0.141 cyc_w=5.00 id_w=0.00 11.89 it/s
step 34900/370000 G=1.687 Dp=0.123 Dm=0.102 cyc_w=5.00 id_w=0.00 11.89 it/s
step 34950/370000 G=1.136 Dp=0.322 Dm=0.110 cyc_w=5.00 id_w=0.00 11.89 it/s
step 35000/370000 G=2.382 Dp=0.268 Dm=0.089 cyc_w=5.00 id_w=0.00 11.89 it/s
step 35050/370000 G=1.370 Dp=0.093 Dm=0.091 cyc_w=5.00 id_w=0.00 11.89 it/s
step 35100/370000 G=2.150 Dp=0.180 Dm=0.117 cyc_w=5.00 id_w=0.00 11.89 it/s
step 35150/370000 G=1.857 Dp=0.076 Dm=0.109 cyc_w=5.00 id_w=0.00 11.89 it/s
step 35200/370000 G=2.125 Dp=0.146 Dm=0.246 cyc_w=5.00 id_w=0.00 11.89 it/s
step 35250/370000 G=1.679 Dp=0.257 Dm=0.204 cyc_w=5.00 id_w=0.00 11.89 it/s
step 35300/370000 G=2.369 Dp=0.295 Dm=0.087 cyc_w=5.00 id_w=0.00 11.89 it/s
step 35350/370000 G=2.306 Dp=0.230 Dm=0.060 cyc_w=5.00 id_w=0.00 11.89 it/s
step 35400/370000 G=2.819 Dp=0.179 Dm=0.059 cyc_w=5.00 id_w=0.00 11.89 it/s
step 35450/370000 G=1.876 Dp=0.237 Dm=0.083 cyc_w=5.00 id_w=0.00 11.89 it/s
step 35500/370000 G=1.532 Dp=0.067 Dm=0.175 cyc_w=5.00 id_w=0.00 11.90 it/s
step 35550/370000 G=2.322 Dp=0.147 Dm=0.090 cyc_w=5.00 id_w=0.00 11.90 it/s
step 35600/370000 G=2.743 Dp=0.021 Dm=0.057 cyc_w=5.00 id_w=0.00 11.90 it/s
step 35650/370000 G=1.834 Dp=0.252 Dm=0.081 cyc_w=5.00 id_w=0.00 11.90 it/s
step 35700/370000 G=1.712 Dp=0.065 Dm=0.093 cyc_w=5.00 id_w=0.00 11.90 it/s
step 35750/370000 G=1.929 Dp=0.199 Dm=0.160 cyc_w=5.00 id_w=0.00 11.90 it/s
step 35800/370000 G=1.448 Dp=0.213 Dm=0.097 cyc_w=5.00 id_w=0.00 11.90 it/s
step 35850/370000 G=2.428 Dp=0.321 Dm=0.081 cyc_w=5.00 id_w=0.00 11.90 it/s
step 35900/370000 G=2.302 Dp=0.195 Dm=0.101 cyc_w=5.00 id_w=0.00 11.90 it/s
step 35950/370000 G=3.009 Dp=0.168 Dm=0.110 cyc_w=5.00 id_w=0.00 11.90 it/s
step 36000/370000 G=2.059 Dp=0.179 Dm=0.060 cyc_w=5.00 id_w=0.00 11.90 it/s
step 36050/370000 G=1.563 Dp=0.226 Dm=0.149 cyc_w=5.00 id_w=0.00 11.90 it/s
step 36100/370000 G=1.720 Dp=0.086 Dm=0.126 cyc_w=5.00 id_w=0.00 11.90 it/s
step 36150/370000 G=2.262 Dp=0.174 Dm=0.144 cyc_w=5.00 id_w=0.00 11.90 it/s
step 36200/370000 G=2.407 Dp=0.321 Dm=0.053 cyc_w=5.00 id_w=0.00 11.90 it/s
step 36250/370000 G=1.315 Dp=0.187 Dm=0.082 cyc_w=5.00 id_w=0.00 11.90 it/s
step 36300/370000 G=1.787 Dp=0.173 Dm=0.102 cyc_w=5.00 id_w=0.00 11.90 it/s
step 36350/370000 G=1.830 Dp=0.268 Dm=0.141 cyc_w=5.00 id_w=0.00 11.90 it/s
step 36400/370000 G=2.445 Dp=0.183 Dm=0.263 cyc_w=5.00 id_w=0.00 11.90 it/s
step 36450/370000 G=2.049 Dp=0.143 Dm=0.141 cyc_w=5.00 id_w=0.00 11.90 it/s
step 36500/370000 G=1.837 Dp=0.113 Dm=0.182 cyc_w=5.00 id_w=0.00 11.90 it/s
step 36550/370000 G=2.409 Dp=0.053 Dm=0.138 cyc_w=5.00 id_w=0.00 11.90 it/s
step 36600/370000 G=1.739 Dp=0.079 Dm=0.085 cyc_w=5.00 id_w=0.00 11.90 it/s
step 36650/370000 G=1.766 Dp=0.112 Dm=0.158 cyc_w=5.00 id_w=0.00 11.90 it/s
step 36700/370000 G=2.625 Dp=0.112 Dm=0.225 cyc_w=5.00 id_w=0.00 11.90 it/s
step 36750/370000 G=2.363 Dp=0.104 Dm=0.167 cyc_w=5.00 id_w=0.00 11.91 it/s
step 36800/370000 G=1.967 Dp=0.064 Dm=0.177 cyc_w=5.00 id_w=0.00 11.91 it/s
step 36850/370000 G=1.302 Dp=0.334 Dm=0.135 cyc_w=5.00 id_w=0.00 11.91 it/s
step 36900/370000 G=1.858 Dp=0.176 Dm=0.042 cyc_w=5.00 id_w=0.00 11.91 it/s
step 36950/370000 G=2.341 Dp=0.199 Dm=0.067 cyc_w=5.00 id_w=0.00 11.91 it/s
step 37000/370000 G=1.867 Dp=0.109 Dm=0.033 cyc_w=5.00 id_w=0.00 11.91 it/s
step 37050/370000 G=1.775 Dp=0.173 Dm=0.106 cyc_w=5.00 id_w=0.00 11.91 it/s
step 37100/370000 G=2.046 Dp=0.120 Dm=0.100 cyc_w=5.00 id_w=0.00 11.91 it/s
step 37150/370000 G=2.769 Dp=0.171 Dm=0.119 cyc_w=5.00 id_w=0.00 11.91 it/s
step 37200/370000 G=1.594 Dp=0.117 Dm=0.104 cyc_w=5.00 id_w=0.00 11.91 it/s
step 37250/370000 G=1.694 Dp=0.180 Dm=0.073 cyc_w=5.00 id_w=0.00 11.91 it/s
step 37300/370000 G=2.440 Dp=0.144 Dm=0.152 cyc_w=5.00 id_w=0.00 11.91 it/s
step 37350/370000 G=1.633 Dp=0.241 Dm=0.104 cyc_w=5.00 id_w=0.00 11.91 it/s
step 37400/370000 G=1.960 Dp=0.222 Dm=0.146 cyc_w=5.00 id_w=0.00 11.91 it/s
step 37450/370000 G=1.763 Dp=0.101 Dm=0.124 cyc_w=5.00 id_w=0.00 11.91 it/s
step 37500/370000 G=1.433 Dp=0.292 Dm=0.072 cyc_w=5.00 id_w=0.00 11.91 it/s
step 37550/370000 G=2.054 Dp=0.212 Dm=0.056 cyc_w=5.00 id_w=0.00 11.91 it/s
step 37600/370000 G=1.911 Dp=0.185 Dm=0.051 cyc_w=5.00 id_w=0.00 11.91 it/s
step 37650/370000 G=1.603 Dp=0.151 Dm=0.053 cyc_w=5.00 id_w=0.00 11.91 it/s
step 37700/370000 G=2.204 Dp=0.168 Dm=0.060 cyc_w=5.00 id_w=0.00 11.91 it/s
step 37750/370000 G=2.669 Dp=0.174 Dm=0.048 cyc_w=5.00 id_w=0.00 11.91 it/s
step 37800/370000 G=1.488 Dp=0.167 Dm=0.138 cyc_w=5.00 id_w=0.00 11.91 it/s
step 37850/370000 G=1.784 Dp=0.150 Dm=0.062 cyc_w=5.00 id_w=0.00 11.91 it/s
step 37900/370000 G=1.679 Dp=0.210 Dm=0.228 cyc_w=5.00 id_w=0.00 11.91 it/s
step 37950/370000 G=2.327 Dp=0.173 Dm=0.071 cyc_w=5.00 id_w=0.00 11.91 it/s
step 38000/370000 G=2.180 Dp=0.205 Dm=0.080 cyc_w=5.00 id_w=0.00 11.91 it/s
step 38050/370000 G=2.343 Dp=0.081 Dm=0.093 cyc_w=5.00 id_w=0.00 11.91 it/s
step 38100/370000 G=2.777 Dp=0.108 Dm=0.163 cyc_w=5.00 id_w=0.00 11.91 it/s
step 38150/370000 G=1.712 Dp=0.059 Dm=0.038 cyc_w=5.00 id_w=0.00 11.91 it/s
step 38200/370000 G=1.923 Dp=0.210 Dm=0.212 cyc_w=5.00 id_w=0.00 11.91 it/s
step 38250/370000 G=1.528 Dp=0.135 Dm=0.207 cyc_w=5.00 id_w=0.00 11.91 it/s
step 38300/370000 G=1.814 Dp=0.195 Dm=0.186 cyc_w=5.00 id_w=0.00 11.91 it/s
step 38350/370000 G=2.086 Dp=0.086 Dm=0.104 cyc_w=5.00 id_w=0.00 11.91 it/s
step 38400/370000 G=1.631 Dp=0.032 Dm=0.094 cyc_w=5.00 id_w=0.00 11.92 it/s
step 38450/370000 G=1.964 Dp=0.166 Dm=0.073 cyc_w=5.00 id_w=0.00 11.92 it/s
step 38500/370000 G=2.450 Dp=0.150 Dm=0.088 cyc_w=5.00 id_w=0.00 11.92 it/s
step 38550/370000 G=3.101 Dp=0.150 Dm=0.222 cyc_w=5.00 id_w=0.00 11.92 it/s
step 38600/370000 G=2.180 Dp=0.171 Dm=0.081 cyc_w=5.00 id_w=0.00 11.92 it/s
step 38650/370000 G=1.292 Dp=0.087 Dm=0.168 cyc_w=5.00 id_w=0.00 11.92 it/s
step 38700/370000 G=1.994 Dp=0.202 Dm=0.239 cyc_w=5.00 id_w=0.00 11.92 it/s
step 38750/370000 G=2.417 Dp=0.215 Dm=0.081 cyc_w=5.00 id_w=0.00 11.92 it/s
step 38800/370000 G=2.268 Dp=0.318 Dm=0.033 cyc_w=5.00 id_w=0.00 11.92 it/s
step 38850/370000 G=2.285 Dp=0.446 Dm=0.119 cyc_w=5.00 id_w=0.00 11.92 it/s
step 38900/370000 G=1.813 Dp=0.119 Dm=0.081 cyc_w=5.00 id_w=0.00 11.92 it/s
step 38950/370000 G=1.571 Dp=0.175 Dm=0.130 cyc_w=5.00 id_w=0.00 11.92 it/s
step 39000/370000 G=1.983 Dp=0.239 Dm=0.093 cyc_w=5.00 id_w=0.00 11.92 it/s
step 39050/370000 G=1.236 Dp=0.168 Dm=0.122 cyc_w=5.00 id_w=0.00 11.92 it/s
step 39100/370000 G=2.187 Dp=0.049 Dm=0.104 cyc_w=5.00 id_w=0.00 11.92 it/s
step 39150/370000 G=2.102 Dp=0.074 Dm=0.293 cyc_w=5.00 id_w=0.00 11.92 it/s
step 39200/370000 G=1.964 Dp=0.098 Dm=0.078 cyc_w=5.00 id_w=0.00 11.92 it/s
step 39250/370000 G=1.903 Dp=0.126 Dm=0.081 cyc_w=5.00 id_w=0.00 11.92 it/s
step 39300/370000 G=1.652 Dp=0.166 Dm=0.280 cyc_w=5.00 id_w=0.00 11.92 it/s
step 39350/370000 G=1.795 Dp=0.176 Dm=0.127 cyc_w=5.00 id_w=0.00 11.92 it/s
step 39400/370000 G=1.516 Dp=0.110 Dm=0.126 cyc_w=5.00 id_w=0.00 11.92 it/s
step 39450/370000 G=1.564 Dp=0.240 Dm=0.063 cyc_w=5.00 id_w=0.00 11.92 it/s
step 39500/370000 G=1.863 Dp=0.115 Dm=0.036 cyc_w=5.00 id_w=0.00 11.92 it/s
step 39550/370000 G=1.709 Dp=0.128 Dm=0.039 cyc_w=5.00 id_w=0.00 11.92 it/s
step 39600/370000 G=2.213 Dp=0.148 Dm=0.032 cyc_w=5.00 id_w=0.00 11.92 it/s
step 39650/370000 G=1.501 Dp=0.298 Dm=0.071 cyc_w=5.00 id_w=0.00 11.92 it/s
step 39700/370000 G=2.260 Dp=0.127 Dm=0.120 cyc_w=5.00 id_w=0.00 11.92 it/s
step 39750/370000 G=2.052 Dp=0.231 Dm=0.070 cyc_w=5.00 id_w=0.00 11.92 it/s
step 39800/370000 G=1.580 Dp=0.158 Dm=0.210 cyc_w=5.00 id_w=0.00 11.93 it/s
step 39850/370000 G=2.233 Dp=0.054 Dm=0.063 cyc_w=5.00 id_w=0.00 11.93 it/s
step 39900/370000 G=1.636 Dp=0.165 Dm=0.314 cyc_w=5.00 id_w=0.00 11.93 it/s
step 39950/370000 G=1.552 Dp=0.219 Dm=0.054 cyc_w=5.00 id_w=0.00 11.93 it/s
step 40000/370000 G=2.320 Dp=0.150 Dm=0.062 cyc_w=5.00 id_w=0.00 11.93 it/s
step 40050/370000 G=2.104 Dp=0.162 Dm=0.062 cyc_w=5.00 id_w=0.00 11.93 it/s
step 40100/370000 G=2.094 Dp=0.030 Dm=0.071 cyc_w=5.00 id_w=0.00 11.93 it/s
step 40150/370000 G=1.267 Dp=0.304 Dm=0.076 cyc_w=5.00 id_w=0.00 11.93 it/s
step 40200/370000 G=1.769 Dp=0.154 Dm=0.169 cyc_w=5.00 id_w=0.00 11.93 it/s
step 40250/370000 G=1.773 Dp=0.235 Dm=0.085 cyc_w=5.00 id_w=0.00 11.93 it/s
step 40300/370000 G=1.269 Dp=0.255 Dm=0.148 cyc_w=5.00 id_w=0.00 11.93 it/s
step 40350/370000 G=1.945 Dp=0.175 Dm=0.045 cyc_w=5.00 id_w=0.00 11.93 it/s
step 40400/370000 G=1.896 Dp=0.387 Dm=0.086 cyc_w=5.00 id_w=0.00 11.93 it/s
step 40450/370000 G=1.394 Dp=0.168 Dm=0.077 cyc_w=5.00 id_w=0.00 11.93 it/s
step 40500/370000 G=1.728 Dp=0.209 Dm=0.055 cyc_w=5.00 id_w=0.00 11.93 it/s
step 40550/370000 G=1.747 Dp=0.127 Dm=0.073 cyc_w=5.00 id_w=0.00 11.93 it/s
step 40600/370000 G=1.552 Dp=0.218 Dm=0.107 cyc_w=5.00 id_w=0.00 11.93 it/s
step 40650/370000 G=1.945 Dp=0.233 Dm=0.189 cyc_w=5.00 id_w=0.00 11.93 it/s
step 40700/370000 G=1.636 Dp=0.135 Dm=0.118 cyc_w=5.00 id_w=0.00 11.93 it/s
step 40750/370000 G=2.173 Dp=0.133 Dm=0.060 cyc_w=5.00 id_w=0.00 11.93 it/s
step 40800/370000 G=1.564 Dp=0.181 Dm=0.067 cyc_w=5.00 id_w=0.00 11.93 it/s
step 40850/370000 G=2.248 Dp=0.285 Dm=0.048 cyc_w=5.00 id_w=0.00 11.93 it/s
step 40900/370000 G=1.950 Dp=0.165 Dm=0.158 cyc_w=5.00 id_w=0.00 11.94 it/s
step 40950/370000 G=1.658 Dp=0.102 Dm=0.131 cyc_w=5.00 id_w=0.00 11.94 it/s
step 41000/370000 G=1.630 Dp=0.266 Dm=0.070 cyc_w=5.00 id_w=0.00 11.95 it/s
step 41050/370000 G=1.483 Dp=0.219 Dm=0.185 cyc_w=5.00 id_w=0.00 11.95 it/s
step 41100/370000 G=2.393 Dp=0.194 Dm=0.096 cyc_w=5.00 id_w=0.00 11.96 it/s
step 41150/370000 G=1.836 Dp=0.070 Dm=0.119 cyc_w=5.00 id_w=0.00 11.96 it/s
step 41200/370000 G=1.946 Dp=0.062 Dm=0.101 cyc_w=5.00 id_w=0.00 11.96 it/s
step 41250/370000 G=1.439 Dp=0.161 Dm=0.156 cyc_w=5.00 id_w=0.00 11.97 it/s
step 41300/370000 G=1.529 Dp=0.304 Dm=0.207 cyc_w=5.00 id_w=0.00 11.97 it/s
step 41350/370000 G=1.783 Dp=0.124 Dm=0.160 cyc_w=5.00 id_w=0.00 11.98 it/s
step 41400/370000 G=1.823 Dp=0.365 Dm=0.081 cyc_w=5.00 id_w=0.00 11.98 it/s
step 41450/370000 G=1.611 Dp=0.123 Dm=0.142 cyc_w=5.00 id_w=0.00 11.99 it/s
step 41500/370000 G=2.003 Dp=0.347 Dm=0.143 cyc_w=5.00 id_w=0.00 11.99 it/s
step 41550/370000 G=2.085 Dp=0.072 Dm=0.281 cyc_w=5.00 id_w=0.00 11.99 it/s
step 41600/370000 G=1.671 Dp=0.170 Dm=0.329 cyc_w=5.00 id_w=0.00 12.00 it/s
step 41650/370000 G=1.851 Dp=0.145 Dm=0.163 cyc_w=5.00 id_w=0.00 12.00 it/s
step 41700/370000 G=1.483 Dp=0.198 Dm=0.130 cyc_w=5.00 id_w=0.00 12.01 it/s
step 41750/370000 G=2.490 Dp=0.049 Dm=0.082 cyc_w=5.00 id_w=0.00 12.01 it/s
step 41800/370000 G=1.660 Dp=0.220 Dm=0.216 cyc_w=5.00 id_w=0.00 12.01 it/s
step 41850/370000 G=1.890 Dp=0.316 Dm=0.101 cyc_w=5.00 id_w=0.00 12.01 it/s
step 41900/370000 G=1.787 Dp=0.130 Dm=0.145 cyc_w=5.00 id_w=0.00 12.01 it/s
step 41950/370000 G=2.422 Dp=0.169 Dm=0.094 cyc_w=5.00 id_w=0.00 12.01 it/s
step 42000/370000 G=2.035 Dp=0.102 Dm=0.182 cyc_w=5.00 id_w=0.00 12.01 it/s
step 42050/370000 G=2.416 Dp=0.132 Dm=0.064 cyc_w=5.00 id_w=0.00 12.01 it/s
step 42100/370000 G=2.522 Dp=0.061 Dm=0.074 cyc_w=5.00 id_w=0.00 12.02 it/s
step 42150/370000 G=2.473 Dp=0.137 Dm=0.068 cyc_w=5.00 id_w=0.00 12.02 it/s
step 42200/370000 G=1.280 Dp=0.261 Dm=0.088 cyc_w=5.00 id_w=0.00 12.02 it/s
step 42250/370000 G=2.750 Dp=0.050 Dm=0.141 cyc_w=5.00 id_w=0.00 12.03 it/s
step 42300/370000 G=1.159 Dp=0.280 Dm=0.086 cyc_w=5.00 id_w=0.00 12.03 it/s
step 42350/370000 G=1.525 Dp=0.258 Dm=0.093 cyc_w=5.00 id_w=0.00 12.04 it/s
step 42400/370000 G=1.885 Dp=0.233 Dm=0.284 cyc_w=5.00 id_w=0.00 12.04 it/s
step 42450/370000 G=1.644 Dp=0.067 Dm=0.109 cyc_w=5.00 id_w=0.00 12.04 it/s
step 42500/370000 G=1.504 Dp=0.177 Dm=0.131 cyc_w=5.00 id_w=0.00 12.05 it/s
step 42550/370000 G=2.057 Dp=0.131 Dm=0.161 cyc_w=5.00 id_w=0.00 12.05 it/s
step 42600/370000 G=2.048 Dp=0.325 Dm=0.149 cyc_w=5.00 id_w=0.00 12.06 it/s
step 42650/370000 G=1.559 Dp=0.129 Dm=0.167 cyc_w=5.00 id_w=0.00 12.06 it/s
step 42700/370000 G=1.853 Dp=0.090 Dm=0.150 cyc_w=5.00 id_w=0.00 12.07 it/s
step 42750/370000 G=2.442 Dp=0.368 Dm=0.129 cyc_w=5.00 id_w=0.00 12.07 it/s
step 42800/370000 G=2.534 Dp=0.171 Dm=0.049 cyc_w=5.00 id_w=0.00 12.07 it/s
step 42850/370000 G=1.954 Dp=0.123 Dm=0.100 cyc_w=5.00 id_w=0.00 12.08 it/s
step 42900/370000 G=2.122 Dp=0.350 Dm=0.071 cyc_w=5.00 id_w=0.00 12.08 it/s
step 42950/370000 G=2.641 Dp=0.389 Dm=0.174 cyc_w=5.00 id_w=0.00 12.09 it/s
step 43000/370000 G=2.034 Dp=0.065 Dm=0.122 cyc_w=5.00 id_w=0.00 12.09 it/s
step 43050/370000 G=1.434 Dp=0.195 Dm=0.215 cyc_w=5.00 id_w=0.00 12.09 it/s
step 43100/370000 G=1.942 Dp=0.152 Dm=0.049 cyc_w=5.00 id_w=0.00 12.09 it/s
step 43150/370000 G=1.933 Dp=0.167 Dm=0.052 cyc_w=5.00 id_w=0.00 12.09 it/s
step 43200/370000 G=1.456 Dp=0.123 Dm=0.160 cyc_w=5.00 id_w=0.00 12.09 it/s
step 43250/370000 G=1.615 Dp=0.159 Dm=0.116 cyc_w=5.00 id_w=0.00 12.10 it/s
step 43300/370000 G=1.635 Dp=0.176 Dm=0.130 cyc_w=5.00 id_w=0.00 12.10 it/s
step 43350/370000 G=2.129 Dp=0.059 Dm=0.114 cyc_w=5.00 id_w=0.00 12.10 it/s
step 43400/370000 G=1.693 Dp=0.135 Dm=0.133 cyc_w=5.00 id_w=0.00 12.10 it/s
step 43450/370000 G=1.783 Dp=0.111 Dm=0.075 cyc_w=5.00 id_w=0.00 12.10 it/s
step 43500/370000 G=1.509 Dp=0.354 Dm=0.082 cyc_w=5.00 id_w=0.00 12.10 it/s
step 43550/370000 G=2.060 Dp=0.138 Dm=0.060 cyc_w=5.00 id_w=0.00 12.10 it/s
step 43600/370000 G=2.101 Dp=0.117 Dm=0.068 cyc_w=5.00 id_w=0.00 12.10 it/s
step 43650/370000 G=1.412 Dp=0.093 Dm=0.184 cyc_w=5.00 id_w=0.00 12.10 it/s
step 43700/370000 G=1.823 Dp=0.178 Dm=0.041 cyc_w=5.00 id_w=0.00 12.10 it/s
step 43750/370000 G=1.604 Dp=0.171 Dm=0.243 cyc_w=5.00 id_w=0.00 12.10 it/s
step 43800/370000 G=2.208 Dp=0.214 Dm=0.117 cyc_w=5.00 id_w=0.00 12.10 it/s
step 43850/370000 G=1.719 Dp=0.066 Dm=0.077 cyc_w=5.00 id_w=0.00 12.10 it/s
step 43900/370000 G=2.347 Dp=0.171 Dm=0.080 cyc_w=5.00 id_w=0.00 12.10 it/s
step 43950/370000 G=1.905 Dp=0.200 Dm=0.041 cyc_w=5.00 id_w=0.00 12.10 it/s
step 44000/370000 G=1.489 Dp=0.061 Dm=0.182 cyc_w=5.00 id_w=0.00 12.10 it/s
step 44050/370000 G=1.870 Dp=0.100 Dm=0.169 cyc_w=5.00 id_w=0.00 12.10 it/s
step 44100/370000 G=1.721 Dp=0.136 Dm=0.122 cyc_w=5.00 id_w=0.00 12.10 it/s
step 44150/370000 G=2.519 Dp=0.151 Dm=0.290 cyc_w=5.00 id_w=0.00 12.10 it/s
step 44200/370000 G=2.217 Dp=0.175 Dm=0.203 cyc_w=5.00 id_w=0.00 12.10 it/s
step 44250/370000 G=2.251 Dp=0.137 Dm=0.085 cyc_w=5.00 id_w=0.00 12.10 it/s
EVAL {"step": 44250, "variant": "ema", "fid_a2b": 98.49276163029315, "fid_b2a": 96.94445553361922, "mifid_a2b": 0.4179960661940639, "mifid_b2a": 0.40458150407753785, "fid": 97.71860858195618, "mifid": 0.41128878513580086, "composite": 49.064948683545985}
EVAL {"step": 44250, "variant": "ema_slow", "fid_a2b": 98.23490500248857, "fid_b2a": 97.2544946043298, "mifid_a2b": 0.41821034555815034, "mifid_b2a": 0.40672179380651563, "fid": 97.74469980340919, "mifid": 0.412466069682333, "composite": 49.078582936545764}
EVAL {"step": 44250, "variant": "raw", "fid_a2b": 107.49850345758732, "fid_b2a": 105.29937145120138, "mifid_a2b": 0.42067904559642555, "mifid_b2a": 0.4058242925148986, "fid": 106.39893745439434, "mifid": 0.4132516690556621, "composite": 53.406094561725006}
step 44300/370000 G=1.663 Dp=0.068 Dm=0.323 cyc_w=5.00 id_w=0.00 11.91 it/s
step 44350/370000 G=2.092 Dp=0.234 Dm=0.053 cyc_w=5.00 id_w=0.00 11.91 it/s
step 44400/370000 G=2.128 Dp=0.113 Dm=0.082 cyc_w=5.00 id_w=0.00 11.91 it/s
step 44450/370000 G=1.218 Dp=0.098 Dm=0.259 cyc_w=5.00 id_w=0.00 11.91 it/s
step 44500/370000 G=1.264 Dp=0.132 Dm=0.137 cyc_w=5.00 id_w=0.00 11.91 it/s
step 44550/370000 G=2.099 Dp=0.291 Dm=0.228 cyc_w=5.00 id_w=0.00 11.91 it/s
step 44600/370000 G=2.501 Dp=0.151 Dm=0.072 cyc_w=5.00 id_w=0.00 11.91 it/s
step 44650/370000 G=2.048 Dp=0.132 Dm=0.076 cyc_w=5.00 id_w=0.00 11.91 it/s
step 44700/370000 G=1.854 Dp=0.143 Dm=0.150 cyc_w=5.00 id_w=0.00 11.91 it/s
step 44750/370000 G=1.713 Dp=0.278 Dm=0.164 cyc_w=5.00 id_w=0.00 11.91 it/s
step 44800/370000 G=1.910 Dp=0.107 Dm=0.114 cyc_w=5.00 id_w=0.00 11.91 it/s
step 44850/370000 G=1.860 Dp=0.185 Dm=0.070 cyc_w=5.00 id_w=0.00 11.91 it/s
step 44900/370000 G=1.477 Dp=0.229 Dm=0.211 cyc_w=5.00 id_w=0.00 11.91 it/s
step 44950/370000 G=1.880 Dp=0.262 Dm=0.061 cyc_w=5.00 id_w=0.00 11.91 it/s
step 45000/370000 G=1.593 Dp=0.164 Dm=0.172 cyc_w=5.00 id_w=0.00 11.91 it/s
step 45050/370000 G=1.741 Dp=0.309 Dm=0.114 cyc_w=5.00 id_w=0.00 11.91 it/s
step 45100/370000 G=2.013 Dp=0.142 Dm=0.069 cyc_w=5.00 id_w=0.00 11.91 it/s
step 45150/370000 G=1.882 Dp=0.380 Dm=0.099 cyc_w=5.00 id_w=0.00 11.91 it/s
step 45200/370000 G=1.947 Dp=0.211 Dm=0.276 cyc_w=5.00 id_w=0.00 11.91 it/s
step 45250/370000 G=1.184 Dp=0.094 Dm=0.082 cyc_w=5.00 id_w=0.00 11.92 it/s
step 45300/370000 G=1.686 Dp=0.182 Dm=0.094 cyc_w=5.00 id_w=0.00 11.92 it/s
step 45350/370000 G=2.072 Dp=0.135 Dm=0.076 cyc_w=5.00 id_w=0.00 11.92 it/s
step 45400/370000 G=1.878 Dp=0.124 Dm=0.083 cyc_w=5.00 id_w=0.00 11.92 it/s
step 45450/370000 G=1.529 Dp=0.181 Dm=0.046 cyc_w=5.00 id_w=0.00 11.92 it/s
step 45500/370000 G=1.814 Dp=0.170 Dm=0.131 cyc_w=5.00 id_w=0.00 11.92 it/s
step 45550/370000 G=1.645 Dp=0.172 Dm=0.129 cyc_w=5.00 id_w=0.00 11.92 it/s
step 45600/370000 G=1.845 Dp=0.048 Dm=0.223 cyc_w=5.00 id_w=0.00 11.92 it/s
step 45650/370000 G=1.246 Dp=0.083 Dm=0.150 cyc_w=5.00 id_w=0.00 11.92 it/s
step 45700/370000 G=1.692 Dp=0.156 Dm=0.084 cyc_w=5.00 id_w=0.00 11.92 it/s
step 45750/370000 G=2.728 Dp=0.159 Dm=0.094 cyc_w=5.00 id_w=0.00 11.92 it/s
step 45800/370000 G=1.714 Dp=0.162 Dm=0.108 cyc_w=5.00 id_w=0.00 11.92 it/s
step 45850/370000 G=2.453 Dp=0.374 Dm=0.054 cyc_w=5.00 id_w=0.00 11.92 it/s
step 45900/370000 G=2.429 Dp=0.167 Dm=0.062 cyc_w=5.00 id_w=0.00 11.92 it/s
step 45950/370000 G=1.862 Dp=0.124 Dm=0.125 cyc_w=5.00 id_w=0.00 11.92 it/s
step 46000/370000 G=2.185 Dp=0.219 Dm=0.087 cyc_w=5.00 id_w=0.00 11.92 it/s
step 46050/370000 G=1.992 Dp=0.184 Dm=0.118 cyc_w=5.00 id_w=0.00 11.92 it/s
step 46100/370000 G=2.221 Dp=0.305 Dm=0.053 cyc_w=5.00 id_w=0.00 11.92 it/s
step 46150/370000 G=1.919 Dp=0.262 Dm=0.126 cyc_w=5.00 id_w=0.00 11.92 it/s
step 46200/370000 G=1.728 Dp=0.293 Dm=0.148 cyc_w=5.00 id_w=0.00 11.92 it/s
step 46250/370000 G=1.711 Dp=0.117 Dm=0.122 cyc_w=5.00 id_w=0.00 11.92 it/s
step 46300/370000 G=1.681 Dp=0.230 Dm=0.100 cyc_w=5.00 id_w=0.00 11.92 it/s
step 46350/370000 G=1.772 Dp=0.162 Dm=0.160 cyc_w=5.00 id_w=0.00 11.92 it/s
step 46400/370000 G=1.704 Dp=0.234 Dm=0.050 cyc_w=5.00 id_w=0.00 11.92 it/s
step 46450/370000 G=1.751 Dp=0.333 Dm=0.127 cyc_w=5.00 id_w=0.00 11.92 it/s
step 46500/370000 G=2.005 Dp=0.156 Dm=0.145 cyc_w=5.00 id_w=0.00 11.92 it/s
step 46550/370000 G=1.344 Dp=0.209 Dm=0.081 cyc_w=5.00 id_w=0.00 11.92 it/s
step 46600/370000 G=1.443 Dp=0.199 Dm=0.121 cyc_w=5.00 id_w=0.00 11.92 it/s
step 46650/370000 G=1.693 Dp=0.227 Dm=0.075 cyc_w=5.00 id_w=0.00 11.92 it/s
step 46700/370000 G=1.683 Dp=0.072 Dm=0.103 cyc_w=5.00 id_w=0.00 11.92 it/s
step 46750/370000 G=2.034 Dp=0.236 Dm=0.077 cyc_w=5.00 id_w=0.00 11.92 it/s
step 46800/370000 G=1.999 Dp=0.144 Dm=0.081 cyc_w=5.00 id_w=0.00 11.92 it/s
step 46850/370000 G=2.155 Dp=0.095 Dm=0.094 cyc_w=5.00 id_w=0.00 11.92 it/s
step 46900/370000 G=1.884 Dp=0.155 Dm=0.058 cyc_w=5.00 id_w=0.00 11.92 it/s
step 46950/370000 G=1.902 Dp=0.075 Dm=0.044 cyc_w=5.00 id_w=0.00 11.92 it/s
step 47000/370000 G=1.583 Dp=0.171 Dm=0.172 cyc_w=5.00 id_w=0.00 11.93 it/s
step 47050/370000 G=1.502 Dp=0.200 Dm=0.212 cyc_w=5.00 id_w=0.00 11.92 it/s
step 47100/370000 G=2.093 Dp=0.186 Dm=0.111 cyc_w=5.00 id_w=0.00 11.92 it/s
step 47150/370000 G=1.879 Dp=0.223 Dm=0.033 cyc_w=5.00 id_w=0.00 11.92 it/s
step 47200/370000 G=1.767 Dp=0.106 Dm=0.149 cyc_w=5.00 id_w=0.00 11.93 it/s
step 47250/370000 G=1.651 Dp=0.192 Dm=0.149 cyc_w=5.00 id_w=0.00 11.93 it/s
step 47300/370000 G=1.848 Dp=0.154 Dm=0.177 cyc_w=5.00 id_w=0.00 11.93 it/s
step 47350/370000 G=1.774 Dp=0.134 Dm=0.071 cyc_w=5.00 id_w=0.00 11.93 it/s
step 47400/370000 G=2.145 Dp=0.101 Dm=0.250 cyc_w=5.00 id_w=0.00 11.93 it/s
step 47450/370000 G=2.592 Dp=0.185 Dm=0.092 cyc_w=5.00 id_w=0.00 11.93 it/s
step 47500/370000 G=2.249 Dp=0.036 Dm=0.034 cyc_w=5.00 id_w=0.00 11.93 it/s
step 47550/370000 G=2.188 Dp=0.208 Dm=0.101 cyc_w=5.00 id_w=0.00 11.93 it/s
step 47600/370000 G=2.325 Dp=0.144 Dm=0.049 cyc_w=5.00 id_w=0.00 11.93 it/s
step 47650/370000 G=2.462 Dp=0.083 Dm=0.104 cyc_w=5.00 id_w=0.00 11.93 it/s
step 47700/370000 G=2.170 Dp=0.135 Dm=0.102 cyc_w=5.00 id_w=0.00 11.93 it/s
step 47750/370000 G=1.462 Dp=0.228 Dm=0.074 cyc_w=5.00 id_w=0.00 11.93 it/s
step 47800/370000 G=1.998 Dp=0.311 Dm=0.079 cyc_w=5.00 id_w=0.00 11.93 it/s
step 47850/370000 G=2.271 Dp=0.081 Dm=0.118 cyc_w=5.00 id_w=0.00 11.93 it/s
step 47900/370000 G=1.693 Dp=0.063 Dm=0.241 cyc_w=5.00 id_w=0.00 11.93 it/s
step 47950/370000 G=1.873 Dp=0.281 Dm=0.155 cyc_w=5.00 id_w=0.00 11.93 it/s
step 48000/370000 G=2.231 Dp=0.129 Dm=0.155 cyc_w=5.00 id_w=0.00 11.93 it/s
step 48050/370000 G=1.616 Dp=0.293 Dm=0.142 cyc_w=5.00 id_w=0.00 11.93 it/s
step 48100/370000 G=1.747 Dp=0.213 Dm=0.141 cyc_w=5.00 id_w=0.00 11.93 it/s
step 48150/370000 G=1.718 Dp=0.159 Dm=0.172 cyc_w=5.00 id_w=0.00 11.93 it/s
step 48200/370000 G=1.686 Dp=0.278 Dm=0.117 cyc_w=5.00 id_w=0.00 11.93 it/s
step 48250/370000 G=2.509 Dp=0.173 Dm=0.179 cyc_w=5.00 id_w=0.00 11.93 it/s
step 48300/370000 G=1.489 Dp=0.292 Dm=0.168 cyc_w=5.00 id_w=0.00 11.93 it/s
step 48350/370000 G=1.855 Dp=0.157 Dm=0.094 cyc_w=5.00 id_w=0.00 11.93 it/s
step 48400/370000 G=1.171 Dp=0.114 Dm=0.203 cyc_w=5.00 id_w=0.00 11.93 it/s
step 48450/370000 G=1.793 Dp=0.214 Dm=0.092 cyc_w=5.00 id_w=0.00 11.93 it/s
step 48500/370000 G=1.859 Dp=0.221 Dm=0.106 cyc_w=5.00 id_w=0.00 11.93 it/s
step 48550/370000 G=1.639 Dp=0.239 Dm=0.045 cyc_w=5.00 id_w=0.00 11.93 it/s
step 48600/370000 G=2.259 Dp=0.099 Dm=0.091 cyc_w=5.00 id_w=0.00 11.93 it/s
step 48650/370000 G=1.875 Dp=0.116 Dm=0.158 cyc_w=5.00 id_w=0.00 11.93 it/s
step 48700/370000 G=1.302 Dp=0.089 Dm=0.143 cyc_w=5.00 id_w=0.00 11.93 it/s
step 48750/370000 G=1.493 Dp=0.198 Dm=0.190 cyc_w=5.00 id_w=0.00 11.93 it/s
step 48800/370000 G=1.747 Dp=0.356 Dm=0.117 cyc_w=5.00 id_w=0.00 11.93 it/s
step 48850/370000 G=1.265 Dp=0.237 Dm=0.111 cyc_w=5.00 id_w=0.00 11.93 it/s
step 48900/370000 G=1.456 Dp=0.093 Dm=0.134 cyc_w=5.00 id_w=0.00 11.93 it/s
step 48950/370000 G=1.755 Dp=0.295 Dm=0.196 cyc_w=5.00 id_w=0.00 11.93 it/s
step 49000/370000 G=1.556 Dp=0.247 Dm=0.176 cyc_w=5.00 id_w=0.00 11.93 it/s
step 49050/370000 G=2.508 Dp=0.128 Dm=0.054 cyc_w=5.00 id_w=0.00 11.93 it/s
step 49100/370000 G=2.417 Dp=0.132 Dm=0.053 cyc_w=5.00 id_w=0.00 11.93 it/s
step 49150/370000 G=2.062 Dp=0.215 Dm=0.219 cyc_w=5.00 id_w=0.00 11.93 it/s
step 49200/370000 G=2.419 Dp=0.185 Dm=0.062 cyc_w=5.00 id_w=0.00 11.94 it/s
step 49250/370000 G=1.869 Dp=0.087 Dm=0.055 cyc_w=5.00 id_w=0.00 11.94 it/s
step 49300/370000 G=1.884 Dp=0.183 Dm=0.039 cyc_w=5.00 id_w=0.00 11.94 it/s
step 49350/370000 G=1.622 Dp=0.123 Dm=0.130 cyc_w=5.00 id_w=0.00 11.94 it/s
step 49400/370000 G=2.092 Dp=0.177 Dm=0.073 cyc_w=5.00 id_w=0.00 11.94 it/s
step 49450/370000 G=2.170 Dp=0.192 Dm=0.081 cyc_w=5.00 id_w=0.00 11.94 it/s
step 49500/370000 G=1.502 Dp=0.129 Dm=0.142 cyc_w=5.00 id_w=0.00 11.94 it/s
step 49550/370000 G=2.339 Dp=0.048 Dm=0.191 cyc_w=5.00 id_w=0.00 11.94 it/s
step 49600/370000 G=1.649 Dp=0.117 Dm=0.114 cyc_w=5.00 id_w=0.00 11.94 it/s
step 49650/370000 G=1.795 Dp=0.147 Dm=0.139 cyc_w=5.00 id_w=0.00 11.94 it/s
step 49700/370000 G=1.924 Dp=0.102 Dm=0.067 cyc_w=5.00 id_w=0.00 11.94 it/s
step 49750/370000 G=1.730 Dp=0.096 Dm=0.139 cyc_w=5.00 id_w=0.00 11.94 it/s
step 49800/370000 G=2.122 Dp=0.094 Dm=0.238 cyc_w=5.00 id_w=0.00 11.94 it/s
step 49850/370000 G=2.005 Dp=0.258 Dm=0.072 cyc_w=5.00 id_w=0.00 11.94 it/s
step 49900/370000 G=2.781 Dp=0.103 Dm=0.099 cyc_w=5.00 id_w=0.00 11.94 it/s
step 49950/370000 G=1.702 Dp=0.154 Dm=0.143 cyc_w=5.00 id_w=0.00 11.94 it/s
step 50000/370000 G=1.760 Dp=0.169 Dm=0.221 cyc_w=5.00 id_w=0.00 11.94 it/s
step 50050/370000 G=1.859 Dp=0.124 Dm=0.080 cyc_w=5.00 id_w=0.00 11.94 it/s
step 50100/370000 G=1.805 Dp=0.327 Dm=0.072 cyc_w=5.00 id_w=0.00 11.94 it/s
step 50150/370000 G=1.680 Dp=0.154 Dm=0.075 cyc_w=5.00 id_w=0.00 11.94 it/s
step 50200/370000 G=2.143 Dp=0.074 Dm=0.211 cyc_w=5.00 id_w=0.00 11.94 it/s
step 50250/370000 G=1.669 Dp=0.187 Dm=0.168 cyc_w=5.00 id_w=0.00 11.94 it/s
step 50300/370000 G=1.487 Dp=0.230 Dm=0.191 cyc_w=5.00 id_w=0.00 11.94 it/s
step 50350/370000 G=1.926 Dp=0.141 Dm=0.107 cyc_w=5.00 id_w=0.00 11.94 it/s
step 50400/370000 G=1.272 Dp=0.028 Dm=0.145 cyc_w=5.00 id_w=0.00 11.94 it/s
step 50450/370000 G=1.509 Dp=0.066 Dm=0.210 cyc_w=5.00 id_w=0.00 11.94 it/s
step 50500/370000 G=2.215 Dp=0.167 Dm=0.042 cyc_w=5.00 id_w=0.00 11.94 it/s
step 50550/370000 G=1.332 Dp=0.050 Dm=0.156 cyc_w=5.00 id_w=0.00 11.94 it/s
step 50600/370000 G=1.600 Dp=0.312 Dm=0.105 cyc_w=5.00 id_w=0.00 11.94 it/s
step 50650/370000 G=2.279 Dp=0.064 Dm=0.268 cyc_w=5.00 id_w=0.00 11.94 it/s
step 50700/370000 G=1.940 Dp=0.223 Dm=0.141 cyc_w=5.00 id_w=0.00 11.94 it/s
step 50750/370000 G=2.256 Dp=0.070 Dm=0.267 cyc_w=5.00 id_w=0.00 11.94 it/s
step 50800/370000 G=1.703 Dp=0.143 Dm=0.171 cyc_w=5.00 id_w=0.00 11.94 it/s
step 50850/370000 G=1.729 Dp=0.301 Dm=0.142 cyc_w=5.00 id_w=0.00 11.94 it/s
step 50900/370000 G=1.816 Dp=0.163 Dm=0.167 cyc_w=5.00 id_w=0.00 11.94 it/s
step 50950/370000 G=1.839 Dp=0.278 Dm=0.138 cyc_w=5.00 id_w=0.00 11.94 it/s
step 51000/370000 G=2.159 Dp=0.149 Dm=0.069 cyc_w=5.00 id_w=0.00 11.94 it/s
step 51050/370000 G=1.845 Dp=0.200 Dm=0.178 cyc_w=5.00 id_w=0.00 11.94 it/s
step 51100/370000 G=2.184 Dp=0.027 Dm=0.095 cyc_w=5.00 id_w=0.00 11.94 it/s
step 51150/370000 G=1.732 Dp=0.146 Dm=0.059 cyc_w=5.00 id_w=0.00 11.94 it/s
step 51200/370000 G=1.537 Dp=0.089 Dm=0.122 cyc_w=5.00 id_w=0.00 11.94 it/s
step 51250/370000 G=2.711 Dp=0.246 Dm=0.175 cyc_w=5.00 id_w=0.00 11.94 it/s
step 51300/370000 G=2.224 Dp=0.331 Dm=0.167 cyc_w=5.00 id_w=0.00 11.94 it/s
step 51350/370000 G=1.690 Dp=0.291 Dm=0.095 cyc_w=5.00 id_w=0.00 11.95 it/s
step 51400/370000 G=1.468 Dp=0.174 Dm=0.136 cyc_w=5.00 id_w=0.00 11.95 it/s
step 51450/370000 G=1.945 Dp=0.194 Dm=0.115 cyc_w=5.00 id_w=0.00 11.95 it/s
step 51500/370000 G=1.703 Dp=0.234 Dm=0.157 cyc_w=5.00 id_w=0.00 11.95 it/s
step 51550/370000 G=1.974 Dp=0.190 Dm=0.101 cyc_w=5.00 id_w=0.00 11.95 it/s
step 51600/370000 G=1.900 Dp=0.160 Dm=0.121 cyc_w=5.00 id_w=0.00 11.95 it/s
step 51650/370000 G=1.670 Dp=0.233 Dm=0.168 cyc_w=5.00 id_w=0.00 11.95 it/s
step 51700/370000 G=1.870 Dp=0.096 Dm=0.230 cyc_w=5.00 id_w=0.00 11.95 it/s
step 51750/370000 G=2.218 Dp=0.181 Dm=0.243 cyc_w=5.00 id_w=0.00 11.95 it/s
step 51800/370000 G=1.881 Dp=0.264 Dm=0.213 cyc_w=5.00 id_w=0.00 11.95 it/s
step 51850/370000 G=1.795 Dp=0.059 Dm=0.096 cyc_w=5.00 id_w=0.00 11.95 it/s
step 51900/370000 G=2.469 Dp=0.277 Dm=0.072 cyc_w=5.00 id_w=0.00 11.95 it/s
step 51950/370000 G=1.745 Dp=0.105 Dm=0.122 cyc_w=5.00 id_w=0.00 11.95 it/s
step 52000/370000 G=3.523 Dp=0.188 Dm=0.094 cyc_w=5.00 id_w=0.00 11.95 it/s
step 52050/370000 G=1.482 Dp=0.293 Dm=0.106 cyc_w=5.00 id_w=0.00 11.95 it/s
step 52100/370000 G=1.454 Dp=0.076 Dm=0.082 cyc_w=5.00 id_w=0.00 11.95 it/s
step 52150/370000 G=1.797 Dp=0.232 Dm=0.103 cyc_w=5.00 id_w=0.00 11.95 it/s
step 52200/370000 G=1.665 Dp=0.135 Dm=0.150 cyc_w=5.00 id_w=0.00 11.95 it/s
step 52250/370000 G=2.111 Dp=0.182 Dm=0.089 cyc_w=5.00 id_w=0.00 11.95 it/s
step 52300/370000 G=2.666 Dp=0.093 Dm=0.030 cyc_w=5.00 id_w=0.00 11.95 it/s
step 52350/370000 G=2.678 Dp=0.153 Dm=0.086 cyc_w=5.00 id_w=0.00 11.95 it/s
step 52400/370000 G=1.586 Dp=0.154 Dm=0.085 cyc_w=5.00 id_w=0.00 11.95 it/s
step 52450/370000 G=3.098 Dp=0.090 Dm=0.128 cyc_w=5.00 id_w=0.00 11.95 it/s
step 52500/370000 G=2.888 Dp=0.091 Dm=0.036 cyc_w=5.00 id_w=0.00 11.95 it/s
step 52550/370000 G=2.675 Dp=0.246 Dm=0.137 cyc_w=5.00 id_w=0.00 11.95 it/s
step 52600/370000 G=2.297 Dp=0.091 Dm=0.061 cyc_w=5.00 id_w=0.00 11.95 it/s
step 52650/370000 G=1.513 Dp=0.161 Dm=0.064 cyc_w=5.00 id_w=0.00 11.95 it/s
step 52700/370000 G=2.021 Dp=0.085 Dm=0.173 cyc_w=5.00 id_w=0.00 11.95 it/s
step 52750/370000 G=1.781 Dp=0.173 Dm=0.116 cyc_w=5.00 id_w=0.00 11.95 it/s
step 52800/370000 G=2.194 Dp=0.109 Dm=0.064 cyc_w=5.00 id_w=0.00 11.95 it/s
step 52850/370000 G=1.660 Dp=0.152 Dm=0.138 cyc_w=5.00 id_w=0.00 11.95 it/s
step 52900/370000 G=1.902 Dp=0.103 Dm=0.336 cyc_w=5.00 id_w=0.00 11.95 it/s
step 52950/370000 G=2.119 Dp=0.214 Dm=0.196 cyc_w=5.00 id_w=0.00 11.95 it/s
step 53000/370000 G=1.718 Dp=0.079 Dm=0.096 cyc_w=5.00 id_w=0.00 11.95 it/s
step 53050/370000 G=1.941 Dp=0.113 Dm=0.049 cyc_w=5.00 id_w=0.00 11.95 it/s
step 53100/370000 G=1.403 Dp=0.176 Dm=0.199 cyc_w=5.00 id_w=0.00 11.95 it/s
step 53150/370000 G=1.887 Dp=0.332 Dm=0.189 cyc_w=5.00 id_w=0.00 11.95 it/s
step 53200/370000 G=1.590 Dp=0.226 Dm=0.114 cyc_w=5.00 id_w=0.00 11.95 it/s
step 53250/370000 G=2.406 Dp=0.210 Dm=0.127 cyc_w=5.00 id_w=0.00 11.95 it/s
step 53300/370000 G=1.835 Dp=0.072 Dm=0.061 cyc_w=5.00 id_w=0.00 11.95 it/s
step 53350/370000 G=1.579 Dp=0.261 Dm=0.053 cyc_w=5.00 id_w=0.00 11.95 it/s
step 53400/370000 G=1.945 Dp=0.115 Dm=0.141 cyc_w=5.00 id_w=0.00 11.95 it/s
step 53450/370000 G=2.165 Dp=0.180 Dm=0.055 cyc_w=5.00 id_w=0.00 11.95 it/s
step 53500/370000 G=1.952 Dp=0.086 Dm=0.045 cyc_w=5.00 id_w=0.00 11.95 it/s
step 53550/370000 G=2.252 Dp=0.100 Dm=0.051 cyc_w=5.00 id_w=0.00 11.95 it/s
step 53600/370000 G=1.913 Dp=0.152 Dm=0.071 cyc_w=5.00 id_w=0.00 11.95 it/s
step 53650/370000 G=2.615 Dp=0.218 Dm=0.130 cyc_w=5.00 id_w=0.00 11.95 it/s
step 53700/370000 G=2.036 Dp=0.140 Dm=0.060 cyc_w=5.00 id_w=0.00 11.96 it/s
step 53750/370000 G=2.278 Dp=0.288 Dm=0.040 cyc_w=5.00 id_w=0.00 11.96 it/s
step 53800/370000 G=1.410 Dp=0.194 Dm=0.158 cyc_w=5.00 id_w=0.00 11.96 it/s
step 53850/370000 G=2.018 Dp=0.057 Dm=0.145 cyc_w=5.00 id_w=0.00 11.96 it/s
step 53900/370000 G=1.928 Dp=0.170 Dm=0.166 cyc_w=5.00 id_w=0.00 11.96 it/s
step 53950/370000 G=3.011 Dp=0.081 Dm=0.084 cyc_w=5.00 id_w=0.00 11.96 it/s
step 54000/370000 G=2.041 Dp=0.092 Dm=0.098 cyc_w=5.00 id_w=0.00 11.96 it/s
step 54050/370000 G=1.782 Dp=0.287 Dm=0.073 cyc_w=5.00 id_w=0.00 11.96 it/s
step 54100/370000 G=1.685 Dp=0.192 Dm=0.207 cyc_w=5.00 id_w=0.00 11.96 it/s
step 54150/370000 G=1.880 Dp=0.171 Dm=0.102 cyc_w=5.00 id_w=0.00 11.96 it/s
step 54200/370000 G=1.609 Dp=0.142 Dm=0.078 cyc_w=5.00 id_w=0.00 11.97 it/s
step 54250/370000 G=1.579 Dp=0.109 Dm=0.085 cyc_w=5.00 id_w=0.00 11.97 it/s
step 54300/370000 G=1.707 Dp=0.110 Dm=0.057 cyc_w=5.00 id_w=0.00 11.98 it/s
step 54350/370000 G=1.854 Dp=0.128 Dm=0.121 cyc_w=5.00 id_w=0.00 11.98 it/s
step 54400/370000 G=2.782 Dp=0.196 Dm=0.075 cyc_w=5.00 id_w=0.00 11.98 it/s
step 54450/370000 G=1.942 Dp=0.162 Dm=0.164 cyc_w=5.00 id_w=0.00 11.98 it/s
step 54500/370000 G=1.852 Dp=0.035 Dm=0.126 cyc_w=5.00 id_w=0.00 11.99 it/s
step 54550/370000 G=1.552 Dp=0.360 Dm=0.087 cyc_w=5.00 id_w=0.00 11.99 it/s
step 54600/370000 G=1.704 Dp=0.163 Dm=0.157 cyc_w=5.00 id_w=0.00 11.99 it/s
step 54650/370000 G=1.546 Dp=0.403 Dm=0.134 cyc_w=5.00 id_w=0.00 12.00 it/s
step 54700/370000 G=1.561 Dp=0.082 Dm=0.155 cyc_w=5.00 id_w=0.00 12.00 it/s
step 54750/370000 G=1.304 Dp=0.119 Dm=0.107 cyc_w=5.00 id_w=0.00 12.00 it/s
step 54800/370000 G=1.923 Dp=0.130 Dm=0.065 cyc_w=5.00 id_w=0.00 12.01 it/s
step 54850/370000 G=1.733 Dp=0.101 Dm=0.079 cyc_w=5.00 id_w=0.00 12.01 it/s
step 54900/370000 G=2.190 Dp=0.109 Dm=0.269 cyc_w=5.00 id_w=0.00 12.01 it/s
step 54950/370000 G=2.046 Dp=0.308 Dm=0.104 cyc_w=5.00 id_w=0.00 12.02 it/s
step 55000/370000 G=1.873 Dp=0.066 Dm=0.102 cyc_w=5.00 id_w=0.00 12.02 it/s
step 55050/370000 G=2.229 Dp=0.173 Dm=0.041 cyc_w=5.00 id_w=0.00 12.02 it/s
step 55100/370000 G=1.420 Dp=0.113 Dm=0.061 cyc_w=5.00 id_w=0.00 12.02 it/s
step 55150/370000 G=1.559 Dp=0.104 Dm=0.135 cyc_w=5.00 id_w=0.00 12.02 it/s
step 55200/370000 G=1.813 Dp=0.145 Dm=0.098 cyc_w=5.00 id_w=0.00 12.02 it/s
step 55250/370000 G=2.043 Dp=0.047 Dm=0.118 cyc_w=5.00 id_w=0.00 12.02 it/s
step 55300/370000 G=2.240 Dp=0.043 Dm=0.085 cyc_w=5.00 id_w=0.00 12.02 it/s
step 55350/370000 G=1.818 Dp=0.106 Dm=0.131 cyc_w=5.00 id_w=0.00 12.02 it/s
step 55400/370000 G=1.666 Dp=0.276 Dm=0.107 cyc_w=5.00 id_w=0.00 12.02 it/s
step 55450/370000 G=2.103 Dp=0.281 Dm=0.092 cyc_w=5.00 id_w=0.00 12.02 it/s
step 55500/370000 G=1.780 Dp=0.129 Dm=0.174 cyc_w=5.00 id_w=0.00 12.02 it/s
step 55550/370000 G=1.740 Dp=0.153 Dm=0.090 cyc_w=5.00 id_w=0.00 12.02 it/s
step 55600/370000 G=2.411 Dp=0.276 Dm=0.192 cyc_w=5.00 id_w=0.00 12.02 it/s
step 55650/370000 G=1.488 Dp=0.280 Dm=0.075 cyc_w=5.00 id_w=0.00 12.02 it/s
step 55700/370000 G=1.460 Dp=0.256 Dm=0.088 cyc_w=5.00 id_w=0.00 12.02 it/s
step 55750/370000 G=2.143 Dp=0.219 Dm=0.214 cyc_w=5.00 id_w=0.00 12.02 it/s
step 55800/370000 G=2.101 Dp=0.114 Dm=0.044 cyc_w=5.00 id_w=0.00 12.02 it/s
step 55850/370000 G=2.330 Dp=0.104 Dm=0.149 cyc_w=5.00 id_w=0.00 12.02 it/s
step 55900/370000 G=1.867 Dp=0.039 Dm=0.039 cyc_w=5.00 id_w=0.00 12.02 it/s
step 55950/370000 G=1.802 Dp=0.237 Dm=0.028 cyc_w=5.00 id_w=0.00 12.02 it/s
step 56000/370000 G=1.937 Dp=0.340 Dm=0.198 cyc_w=5.00 id_w=0.00 12.02 it/s
step 56050/370000 G=1.636 Dp=0.096 Dm=0.100 cyc_w=5.00 id_w=0.00 12.02 it/s
step 56100/370000 G=1.822 Dp=0.059 Dm=0.121 cyc_w=5.00 id_w=0.00 12.02 it/s
step 56150/370000 G=1.580 Dp=0.178 Dm=0.086 cyc_w=5.00 id_w=0.00 12.03 it/s
step 56200/370000 G=1.353 Dp=0.117 Dm=0.110 cyc_w=5.00 id_w=0.00 12.03 it/s
step 56250/370000 G=1.819 Dp=0.159 Dm=0.109 cyc_w=5.00 id_w=0.00 12.04 it/s
step 56300/370000 G=1.488 Dp=0.183 Dm=0.173 cyc_w=5.00 id_w=0.00 12.04 it/s
step 56350/370000 G=2.407 Dp=0.211 Dm=0.078 cyc_w=5.00 id_w=0.00 12.04 it/s
step 56400/370000 G=1.756 Dp=0.051 Dm=0.127 cyc_w=5.00 id_w=0.00 12.04 it/s
step 56450/370000 G=1.511 Dp=0.369 Dm=0.209 cyc_w=5.00 id_w=0.00 12.05 it/s
step 56500/370000 G=2.109 Dp=0.053 Dm=0.188 cyc_w=5.00 id_w=0.00 12.05 it/s
step 56550/370000 G=1.442 Dp=0.254 Dm=0.130 cyc_w=5.00 id_w=0.00 12.05 it/s
step 56600/370000 G=2.101 Dp=0.135 Dm=0.198 cyc_w=5.00 id_w=0.00 12.06 it/s
step 56650/370000 G=2.376 Dp=0.275 Dm=0.087 cyc_w=5.00 id_w=0.00 12.06 it/s
step 56700/370000 G=1.753 Dp=0.103 Dm=0.056 cyc_w=5.00 id_w=0.00 12.06 it/s
step 56750/370000 G=2.487 Dp=0.170 Dm=0.087 cyc_w=5.00 id_w=0.00 12.07 it/s
step 56800/370000 G=1.689 Dp=0.322 Dm=0.174 cyc_w=5.00 id_w=0.00 12.07 it/s
step 56850/370000 G=2.321 Dp=0.255 Dm=0.080 cyc_w=5.00 id_w=0.00 12.07 it/s
step 56900/370000 G=2.268 Dp=0.108 Dm=0.164 cyc_w=5.00 id_w=0.00 12.08 it/s
step 56950/370000 G=2.242 Dp=0.051 Dm=0.081 cyc_w=5.00 id_w=0.00 12.08 it/s
step 57000/370000 G=1.915 Dp=0.217 Dm=0.244 cyc_w=5.00 id_w=0.00 12.08 it/s
step 57050/370000 G=1.609 Dp=0.197 Dm=0.067 cyc_w=5.00 id_w=0.00 12.08 it/s
step 57100/370000 G=1.612 Dp=0.104 Dm=0.068 cyc_w=5.00 id_w=0.00 12.08 it/s
step 57150/370000 G=2.265 Dp=0.147 Dm=0.221 cyc_w=5.00 id_w=0.00 12.08 it/s
step 57200/370000 G=2.227 Dp=0.334 Dm=0.277 cyc_w=5.00 id_w=0.00 12.08 it/s
step 57250/370000 G=1.372 Dp=0.227 Dm=0.203 cyc_w=5.00 id_w=0.00 12.08 it/s
step 57300/370000 G=2.000 Dp=0.061 Dm=0.058 cyc_w=5.00 id_w=0.00 12.08 it/s
step 57350/370000 G=1.641 Dp=0.274 Dm=0.053 cyc_w=5.00 id_w=0.00 12.08 it/s
step 57400/370000 G=1.549 Dp=0.340 Dm=0.213 cyc_w=5.00 id_w=0.00 12.08 it/s
step 57450/370000 G=1.765 Dp=0.197 Dm=0.129 cyc_w=5.00 id_w=0.00 12.08 it/s
step 57500/370000 G=2.353 Dp=0.211 Dm=0.127 cyc_w=5.00 id_w=0.00 12.08 it/s
step 57550/370000 G=0.922 Dp=0.228 Dm=0.295 cyc_w=5.00 id_w=0.00 12.08 it/s
step 57600/370000 G=2.280 Dp=0.075 Dm=0.067 cyc_w=5.00 id_w=0.00 12.08 it/s
step 57650/370000 G=1.641 Dp=0.211 Dm=0.053 cyc_w=5.00 id_w=0.00 12.08 it/s
step 57700/370000 G=1.669 Dp=0.127 Dm=0.116 cyc_w=5.00 id_w=0.00 12.08 it/s
step 57750/370000 G=1.348 Dp=0.111 Dm=0.077 cyc_w=5.00 id_w=0.00 12.08 it/s
step 57800/370000 G=2.121 Dp=0.205 Dm=0.099 cyc_w=5.00 id_w=0.00 12.08 it/s
step 57850/370000 G=1.989 Dp=0.303 Dm=0.137 cyc_w=5.00 id_w=0.00 12.08 it/s
step 57900/370000 G=2.300 Dp=0.038 Dm=0.161 cyc_w=5.00 id_w=0.00 12.08 it/s
step 57950/370000 G=1.827 Dp=0.181 Dm=0.228 cyc_w=5.00 id_w=0.00 12.08 it/s
step 58000/370000 G=1.665 Dp=0.123 Dm=0.168 cyc_w=5.00 id_w=0.00 12.08 it/s
step 58050/370000 G=2.790 Dp=0.267 Dm=0.046 cyc_w=5.00 id_w=0.00 12.08 it/s
step 58100/370000 G=2.374 Dp=0.171 Dm=0.038 cyc_w=5.00 id_w=0.00 12.08 it/s
step 58150/370000 G=2.576 Dp=0.157 Dm=0.072 cyc_w=5.00 id_w=0.00 12.08 it/s
step 58200/370000 G=1.441 Dp=0.139 Dm=0.184 cyc_w=5.00 id_w=0.00 12.08 it/s
step 58250/370000 G=1.918 Dp=0.075 Dm=0.114 cyc_w=5.00 id_w=0.00 12.08 it/s
step 58300/370000 G=1.195 Dp=0.346 Dm=0.059 cyc_w=5.00 id_w=0.00 12.08 it/s
step 58350/370000 G=2.258 Dp=0.264 Dm=0.179 cyc_w=5.00 id_w=0.00 12.08 it/s
step 58400/370000 G=2.413 Dp=0.135 Dm=0.159 cyc_w=5.00 id_w=0.00 12.08 it/s
step 58450/370000 G=1.615 Dp=0.352 Dm=0.351 cyc_w=5.00 id_w=0.00 12.08 it/s
step 58500/370000 G=1.443 Dp=0.139 Dm=0.167 cyc_w=5.00 id_w=0.00 12.09 it/s
step 58550/370000 G=1.674 Dp=0.152 Dm=0.082 cyc_w=5.00 id_w=0.00 12.09 it/s
step 58600/370000 G=1.409 Dp=0.359 Dm=0.131 cyc_w=5.00 id_w=0.00 12.09 it/s
step 58650/370000 G=1.576 Dp=0.152 Dm=0.209 cyc_w=5.00 id_w=0.00 12.09 it/s
step 58700/370000 G=1.749 Dp=0.197 Dm=0.122 cyc_w=5.00 id_w=0.00 12.09 it/s
step 58750/370000 G=1.836 Dp=0.227 Dm=0.198 cyc_w=5.00 id_w=0.00 12.09 it/s
step 58800/370000 G=2.131 Dp=0.041 Dm=0.033 cyc_w=5.00 id_w=0.00 12.09 it/s
step 58850/370000 G=1.624 Dp=0.322 Dm=0.174 cyc_w=5.00 id_w=0.00 12.09 it/s
step 58900/370000 G=1.918 Dp=0.140 Dm=0.162 cyc_w=5.00 id_w=0.00 12.09 it/s
step 58950/370000 G=1.825 Dp=0.149 Dm=0.226 cyc_w=5.00 id_w=0.00 12.09 it/s
step 59000/370000 G=2.042 Dp=0.045 Dm=0.099 cyc_w=5.00 id_w=0.00 12.09 it/s
EVAL {"step": 59000, "variant": "ema", "fid_a2b": 98.04191149093639, "fid_b2a": 97.12794570985461, "mifid_a2b": 0.4180285260355518, "mifid_b2a": 0.4027356527168336, "fid": 97.5849286003955, "mifid": 0.4103820893761927, "composite": 48.99765534488585}
EVAL {"step": 59000, "variant": "ema_slow", "fid_a2b": 98.68385723210942, "fid_b2a": 96.50537713623932, "mifid_a2b": 0.4170098102714283, "mifid_b2a": 0.4048864114175031, "fid": 97.59461718417437, "mifid": 0.4109481108444657, "composite": 49.00278264750942}
EVAL {"step": 59000, "variant": "raw", "fid_a2b": 101.26816944744606, "fid_b2a": 100.77886764484529, "mifid_a2b": 0.41760385602783257, "mifid_b2a": 0.4011003056843825, "fid": 101.02351854614568, "mifid": 0.4093520808561075, "composite": 50.716435313500895}
step 59050/370000 G=1.476 Dp=0.088 Dm=0.104 cyc_w=5.00 id_w=0.00 11.95 it/s
step 59100/370000 G=2.157 Dp=0.120 Dm=0.052 cyc_w=5.00 id_w=0.00 11.95 it/s
step 59150/370000 G=2.437 Dp=0.086 Dm=0.122 cyc_w=5.00 id_w=0.00 11.95 it/s
step 59200/370000 G=2.006 Dp=0.173 Dm=0.068 cyc_w=5.00 id_w=0.00 11.95 it/s
step 59250/370000 G=1.752 Dp=0.125 Dm=0.151 cyc_w=5.00 id_w=0.00 11.95 it/s
step 59300/370000 G=1.777 Dp=0.109 Dm=0.161 cyc_w=5.00 id_w=0.00 11.95 it/s
step 59350/370000 G=2.411 Dp=0.282 Dm=0.144 cyc_w=5.00 id_w=0.00 11.95 it/s
step 59400/370000 G=1.534 Dp=0.133 Dm=0.183 cyc_w=5.00 id_w=0.00 11.95 it/s
step 59450/370000 G=1.514 Dp=0.238 Dm=0.223 cyc_w=5.00 id_w=0.00 11.95 it/s
step 59500/370000 G=1.759 Dp=0.208 Dm=0.265 cyc_w=5.00 id_w=0.00 11.95 it/s
step 59550/370000 G=1.734 Dp=0.089 Dm=0.038 cyc_w=5.00 id_w=0.00 11.95 it/s
step 59600/370000 G=2.275 Dp=0.209 Dm=0.203 cyc_w=5.00 id_w=0.00 11.95 it/s
step 59650/370000 G=2.250 Dp=0.094 Dm=0.195 cyc_w=5.00 id_w=0.00 11.95 it/s
step 59700/370000 G=1.571 Dp=0.200 Dm=0.149 cyc_w=5.00 id_w=0.00 11.95 it/s
step 59750/370000 G=1.720 Dp=0.058 Dm=0.039 cyc_w=5.00 id_w=0.00 11.95 it/s
step 59800/370000 G=2.158 Dp=0.094 Dm=0.153 cyc_w=5.00 id_w=0.00 11.95 it/s
step 59850/370000 G=1.351 Dp=0.212 Dm=0.101 cyc_w=5.00 id_w=0.00 11.95 it/s
step 59900/370000 G=2.288 Dp=0.129 Dm=0.067 cyc_w=5.00 id_w=0.00 11.95 it/s
step 59950/370000 G=2.434 Dp=0.196 Dm=0.195 cyc_w=5.00 id_w=0.00 11.95 it/s
step 60000/370000 G=1.784 Dp=0.212 Dm=0.141 cyc_w=5.00 id_w=0.00 11.95 it/s
step 60050/370000 G=1.931 Dp=0.229 Dm=0.106 cyc_w=5.00 id_w=0.00 11.95 it/s
step 60100/370000 G=1.799 Dp=0.292 Dm=0.117 cyc_w=5.00 id_w=0.00 11.95 it/s
step 60150/370000 G=2.082 Dp=0.099 Dm=0.129 cyc_w=5.00 id_w=0.00 11.95 it/s
step 60200/370000 G=2.271 Dp=0.250 Dm=0.162 cyc_w=5.00 id_w=0.00 11.95 it/s
step 60250/370000 G=1.693 Dp=0.086 Dm=0.169 cyc_w=5.00 id_w=0.00 11.95 it/s
step 60300/370000 G=1.691 Dp=0.105 Dm=0.094 cyc_w=5.00 id_w=0.00 11.95 it/s
step 60350/370000 G=1.877 Dp=0.111 Dm=0.107 cyc_w=5.00 id_w=0.00 11.95 it/s
step 60400/370000 G=1.958 Dp=0.202 Dm=0.053 cyc_w=5.00 id_w=0.00 11.95 it/s
step 60450/370000 G=2.086 Dp=0.183 Dm=0.048 cyc_w=5.00 id_w=0.00 11.95 it/s
step 60500/370000 G=1.242 Dp=0.216 Dm=0.121 cyc_w=5.00 id_w=0.00 11.95 it/s
step 60550/370000 G=2.258 Dp=0.082 Dm=0.184 cyc_w=5.00 id_w=0.00 11.95 it/s
step 60600/370000 G=1.812 Dp=0.186 Dm=0.171 cyc_w=5.00 id_w=0.00 11.95 it/s
step 60650/370000 G=1.591 Dp=0.113 Dm=0.064 cyc_w=5.00 id_w=0.00 11.95 it/s
step 60700/370000 G=2.526 Dp=0.137 Dm=0.215 cyc_w=5.00 id_w=0.00 11.95 it/s
step 60750/370000 G=1.987 Dp=0.063 Dm=0.031 cyc_w=5.00 id_w=0.00 11.95 it/s
step 60800/370000 G=2.203 Dp=0.063 Dm=0.121 cyc_w=5.00 id_w=0.00 11.95 it/s
step 60850/370000 G=1.652 Dp=0.219 Dm=0.139 cyc_w=5.00 id_w=0.00 11.95 it/s
step 60900/370000 G=1.638 Dp=0.165 Dm=0.178 cyc_w=5.00 id_w=0.00 11.95 it/s
step 60950/370000 G=1.692 Dp=0.248 Dm=0.119 cyc_w=5.00 id_w=0.00 11.95 it/s
step 61000/370000 G=1.458 Dp=0.165 Dm=0.293 cyc_w=5.00 id_w=0.00 11.95 it/s
step 61050/370000 G=1.747 Dp=0.260 Dm=0.108 cyc_w=5.00 id_w=0.00 11.95 it/s
step 61100/370000 G=2.112 Dp=0.259 Dm=0.068 cyc_w=5.00 id_w=0.00 11.95 it/s
step 61150/370000 G=2.323 Dp=0.195 Dm=0.149 cyc_w=5.00 id_w=0.00 11.95 it/s
step 61200/370000 G=1.435 Dp=0.064 Dm=0.127 cyc_w=5.00 id_w=0.00 11.95 it/s
step 61250/370000 G=2.107 Dp=0.269 Dm=0.209 cyc_w=5.00 id_w=0.00 11.95 it/s
step 61300/370000 G=1.902 Dp=0.054 Dm=0.067 cyc_w=5.00 id_w=0.00 11.95 it/s
step 61350/370000 G=1.638 Dp=0.196 Dm=0.067 cyc_w=5.00 id_w=0.00 11.95 it/s
step 61400/370000 G=2.149 Dp=0.071 Dm=0.044 cyc_w=5.00 id_w=0.00 11.95 it/s
step 61450/370000 G=1.914 Dp=0.216 Dm=0.179 cyc_w=5.00 id_w=0.00 11.95 it/s
step 61500/370000 G=1.880 Dp=0.204 Dm=0.105 cyc_w=5.00 id_w=0.00 11.95 it/s
step 61550/370000 G=1.431 Dp=0.049 Dm=0.123 cyc_w=5.00 id_w=0.00 11.96 it/s
step 61600/370000 G=1.949 Dp=0.283 Dm=0.179 cyc_w=5.00 id_w=0.00 11.96 it/s
step 61650/370000 G=2.359 Dp=0.122 Dm=0.078 cyc_w=5.00 id_w=0.00 11.96 it/s
step 61700/370000 G=1.609 Dp=0.250 Dm=0.068 cyc_w=5.00 id_w=0.00 11.96 it/s
step 61750/370000 G=1.382 Dp=0.213 Dm=0.045 cyc_w=5.00 id_w=0.00 11.96 it/s
step 61800/370000 G=1.406 Dp=0.223 Dm=0.108 cyc_w=5.00 id_w=0.00 11.96 it/s
step 61850/370000 G=2.066 Dp=0.090 Dm=0.118 cyc_w=5.00 id_w=0.00 11.96 it/s
step 61900/370000 G=2.361 Dp=0.243 Dm=0.140 cyc_w=5.00 id_w=0.00 11.96 it/s
step 61950/370000 G=2.040 Dp=0.299 Dm=0.180 cyc_w=5.00 id_w=0.00 11.96 it/s
step 62000/370000 G=2.263 Dp=0.070 Dm=0.078 cyc_w=5.00 id_w=0.00 11.96 it/s
step 62050/370000 G=1.352 Dp=0.366 Dm=0.118 cyc_w=5.00 id_w=0.00 11.96 it/s
step 62100/370000 G=1.706 Dp=0.191 Dm=0.112 cyc_w=5.00 id_w=0.00 11.96 it/s
step 62150/370000 G=1.813 Dp=0.140 Dm=0.046 cyc_w=5.00 id_w=0.00 11.96 it/s
step 62200/370000 G=2.000 Dp=0.104 Dm=0.071 cyc_w=5.00 id_w=0.00 11.96 it/s
step 62250/370000 G=1.597 Dp=0.167 Dm=0.136 cyc_w=5.00 id_w=0.00 11.96 it/s
step 62300/370000 G=2.210 Dp=0.241 Dm=0.090 cyc_w=5.00 id_w=0.00 11.96 it/s
step 62350/370000 G=2.216 Dp=0.195 Dm=0.134 cyc_w=5.00 id_w=0.00 11.96 it/s
step 62400/370000 G=2.494 Dp=0.168 Dm=0.062 cyc_w=5.00 id_w=0.00 11.96 it/s
step 62450/370000 G=1.959 Dp=0.198 Dm=0.106 cyc_w=5.00 id_w=0.00 11.96 it/s
step 62500/370000 G=1.743 Dp=0.121 Dm=0.179 cyc_w=5.00 id_w=0.00 11.96 it/s
step 62550/370000 G=1.652 Dp=0.201 Dm=0.184 cyc_w=5.00 id_w=0.00 11.96 it/s
step 62600/370000 G=1.763 Dp=0.165 Dm=0.069 cyc_w=5.00 id_w=0.00 11.96 it/s
step 62650/370000 G=1.505 Dp=0.152 Dm=0.087 cyc_w=5.00 id_w=0.00 11.96 it/s
step 62700/370000 G=1.624 Dp=0.350 Dm=0.134 cyc_w=5.00 id_w=0.00 11.96 it/s
step 62750/370000 G=1.633 Dp=0.219 Dm=0.091 cyc_w=5.00 id_w=0.00 11.96 it/s
step 62800/370000 G=1.913 Dp=0.094 Dm=0.112 cyc_w=5.00 id_w=0.00 11.96 it/s
step 62850/370000 G=2.093 Dp=0.123 Dm=0.074 cyc_w=5.00 id_w=0.00 11.96 it/s
step 62900/370000 G=2.050 Dp=0.061 Dm=0.098 cyc_w=5.00 id_w=0.00 11.96 it/s
step 62950/370000 G=1.970 Dp=0.099 Dm=0.226 cyc_w=5.00 id_w=0.00 11.96 it/s
step 63000/370000 G=1.302 Dp=0.264 Dm=0.066 cyc_w=5.00 id_w=0.00 11.96 it/s
step 63050/370000 G=2.317 Dp=0.204 Dm=0.080 cyc_w=5.00 id_w=0.00 11.96 it/s
step 63100/370000 G=1.514 Dp=0.194 Dm=0.051 cyc_w=5.00 id_w=0.00 11.96 it/s
step 63150/370000 G=1.904 Dp=0.153 Dm=0.120 cyc_w=5.00 id_w=0.00 11.96 it/s
step 63200/370000 G=2.366 Dp=0.207 Dm=0.029 cyc_w=5.00 id_w=0.00 11.96 it/s
step 63250/370000 G=1.913 Dp=0.161 Dm=0.148 cyc_w=5.00 id_w=0.00 11.96 it/s
step 63300/370000 G=2.089 Dp=0.144 Dm=0.203 cyc_w=5.00 id_w=0.00 11.96 it/s
step 63350/370000 G=2.022 Dp=0.231 Dm=0.028 cyc_w=5.00 id_w=0.00 11.96 it/s
step 63400/370000 G=2.065 Dp=0.074 Dm=0.209 cyc_w=5.00 id_w=0.00 11.96 it/s
step 63450/370000 G=1.987 Dp=0.219 Dm=0.171 cyc_w=5.00 id_w=0.00 11.96 it/s
step 63500/370000 G=1.614 Dp=0.228 Dm=0.075 cyc_w=5.00 id_w=0.00 11.96 it/s
step 63550/370000 G=1.610 Dp=0.104 Dm=0.138 cyc_w=5.00 id_w=0.00 11.96 it/s
step 63600/370000 G=2.405 Dp=0.092 Dm=0.101 cyc_w=5.00 id_w=0.00 11.96 it/s
step 63650/370000 G=2.037 Dp=0.166 Dm=0.067 cyc_w=5.00 id_w=0.00 11.96 it/s
step 63700/370000 G=2.001 Dp=0.176 Dm=0.067 cyc_w=5.00 id_w=0.00 11.96 it/s
step 63750/370000 G=2.203 Dp=0.326 Dm=0.157 cyc_w=5.00 id_w=0.00 11.96 it/s
step 63800/370000 G=1.305 Dp=0.101 Dm=0.234 cyc_w=5.00 id_w=0.00 11.96 it/s
step 63850/370000 G=1.562 Dp=0.262 Dm=0.072 cyc_w=5.00 id_w=0.00 11.96 it/s
step 63900/370000 G=1.664 Dp=0.154 Dm=0.047 cyc_w=5.00 id_w=0.00 11.96 it/s
step 63950/370000 G=2.236 Dp=0.187 Dm=0.110 cyc_w=5.00 id_w=0.00 11.96 it/s
step 64000/370000 G=2.055 Dp=0.059 Dm=0.098 cyc_w=5.00 id_w=0.00 11.96 it/s
step 64050/370000 G=1.501 Dp=0.110 Dm=0.243 cyc_w=5.00 id_w=0.00 11.96 it/s
step 64100/370000 G=2.156 Dp=0.150 Dm=0.214 cyc_w=5.00 id_w=0.00 11.96 it/s
step 64150/370000 G=1.498 Dp=0.174 Dm=0.054 cyc_w=5.00 id_w=0.00 11.96 it/s
step 64200/370000 G=1.688 Dp=0.204 Dm=0.141 cyc_w=5.00 id_w=0.00 11.96 it/s
step 64250/370000 G=1.500 Dp=0.092 Dm=0.128 cyc_w=5.00 id_w=0.00 11.96 it/s
step 64300/370000 G=2.510 Dp=0.110 Dm=0.058 cyc_w=5.00 id_w=0.00 11.96 it/s
step 64350/370000 G=2.048 Dp=0.096 Dm=0.123 cyc_w=5.00 id_w=0.00 11.96 it/s
step 64400/370000 G=2.461 Dp=0.077 Dm=0.130 cyc_w=5.00 id_w=0.00 11.96 it/s
step 64450/370000 G=1.874 Dp=0.145 Dm=0.089 cyc_w=5.00 id_w=0.00 11.96 it/s
step 64500/370000 G=1.977 Dp=0.163 Dm=0.025 cyc_w=5.00 id_w=0.00 11.96 it/s
step 64550/370000 G=1.993 Dp=0.221 Dm=0.048 cyc_w=5.00 id_w=0.00 11.96 it/s
step 64600/370000 G=1.710 Dp=0.121 Dm=0.069 cyc_w=5.00 id_w=0.00 11.97 it/s
step 64650/370000 G=1.384 Dp=0.029 Dm=0.123 cyc_w=5.00 id_w=0.00 11.97 it/s
step 64700/370000 G=2.428 Dp=0.375 Dm=0.187 cyc_w=5.00 id_w=0.00 11.97 it/s
step 64750/370000 G=2.537 Dp=0.153 Dm=0.044 cyc_w=5.00 id_w=0.00 11.97 it/s
step 64800/370000 G=2.478 Dp=0.127 Dm=0.092 cyc_w=5.00 id_w=0.00 11.97 it/s
step 64850/370000 G=1.631 Dp=0.187 Dm=0.065 cyc_w=5.00 id_w=0.00 11.97 it/s
step 64900/370000 G=1.648 Dp=0.283 Dm=0.126 cyc_w=5.00 id_w=0.00 11.97 it/s
step 64950/370000 G=1.668 Dp=0.103 Dm=0.079 cyc_w=5.00 id_w=0.00 11.97 it/s
step 65000/370000 G=1.851 Dp=0.282 Dm=0.294 cyc_w=5.00 id_w=0.00 11.97 it/s
step 65050/370000 G=2.224 Dp=0.211 Dm=0.039 cyc_w=5.00 id_w=0.00 11.97 it/s
step 65100/370000 G=1.579 Dp=0.072 Dm=0.065 cyc_w=5.00 id_w=0.00 11.97 it/s
step 65150/370000 G=1.997 Dp=0.068 Dm=0.047 cyc_w=5.00 id_w=0.00 11.97 it/s
step 65200/370000 G=2.185 Dp=0.079 Dm=0.123 cyc_w=5.00 id_w=0.00 11.97 it/s
step 65250/370000 G=2.353 Dp=0.185 Dm=0.065 cyc_w=5.00 id_w=0.00 11.97 it/s
step 65300/370000 G=1.489 Dp=0.223 Dm=0.114 cyc_w=5.00 id_w=0.00 11.97 it/s
step 65350/370000 G=1.937 Dp=0.134 Dm=0.108 cyc_w=5.00 id_w=0.00 11.97 it/s
step 65400/370000 G=1.597 Dp=0.201 Dm=0.068 cyc_w=5.00 id_w=0.00 11.97 it/s
step 65450/370000 G=1.933 Dp=0.264 Dm=0.141 cyc_w=5.00 id_w=0.00 11.97 it/s
step 65500/370000 G=1.637 Dp=0.171 Dm=0.069 cyc_w=5.00 id_w=0.00 11.97 it/s
step 65550/370000 G=1.800 Dp=0.253 Dm=0.034 cyc_w=5.00 id_w=0.00 11.97 it/s
step 65600/370000 G=1.817 Dp=0.117 Dm=0.088 cyc_w=5.00 id_w=0.00 11.97 it/s
step 65650/370000 G=2.136 Dp=0.102 Dm=0.085 cyc_w=5.00 id_w=0.00 11.97 it/s
step 65700/370000 G=2.182 Dp=0.138 Dm=0.128 cyc_w=5.00 id_w=0.00 11.97 it/s
step 65750/370000 G=1.605 Dp=0.137 Dm=0.126 cyc_w=5.00 id_w=0.00 11.97 it/s
step 65800/370000 G=1.330 Dp=0.208 Dm=0.053 cyc_w=5.00 id_w=0.00 11.97 it/s
step 65850/370000 G=1.638 Dp=0.205 Dm=0.138 cyc_w=5.00 id_w=0.00 11.97 it/s
step 65900/370000 G=1.762 Dp=0.197 Dm=0.063 cyc_w=5.00 id_w=0.00 11.97 it/s
step 65950/370000 G=1.339 Dp=0.092 Dm=0.106 cyc_w=5.00 id_w=0.00 11.97 it/s
step 66000/370000 G=1.868 Dp=0.205 Dm=0.120 cyc_w=5.00 id_w=0.00 11.97 it/s
step 66050/370000 G=1.683 Dp=0.158 Dm=0.186 cyc_w=5.00 id_w=0.00 11.97 it/s
step 66100/370000 G=1.600 Dp=0.174 Dm=0.371 cyc_w=5.00 id_w=0.00 11.97 it/s
step 66150/370000 G=2.012 Dp=0.125 Dm=0.155 cyc_w=5.00 id_w=0.00 11.97 it/s
step 66200/370000 G=2.347 Dp=0.227 Dm=0.064 cyc_w=5.00 id_w=0.00 11.97 it/s
step 66250/370000 G=1.684 Dp=0.251 Dm=0.138 cyc_w=5.00 id_w=0.00 11.97 it/s
step 66300/370000 G=1.469 Dp=0.175 Dm=0.121 cyc_w=5.00 id_w=0.00 11.97 it/s
step 66350/370000 G=1.910 Dp=0.121 Dm=0.060 cyc_w=5.00 id_w=0.00 11.97 it/s
step 66400/370000 G=2.291 Dp=0.097 Dm=0.382 cyc_w=5.00 id_w=0.00 11.97 it/s
step 66450/370000 G=2.170 Dp=0.147 Dm=0.150 cyc_w=5.00 id_w=0.00 11.97 it/s
step 66500/370000 G=1.905 Dp=0.286 Dm=0.103 cyc_w=5.00 id_w=0.00 11.97 it/s
step 66550/370000 G=1.535 Dp=0.040 Dm=0.092 cyc_w=5.00 id_w=0.00 11.97 it/s
step 66600/370000 G=1.359 Dp=0.151 Dm=0.225 cyc_w=5.00 id_w=0.00 11.97 it/s
step 66650/370000 G=1.472 Dp=0.342 Dm=0.095 cyc_w=5.00 id_w=0.00 11.97 it/s
step 66700/370000 G=2.737 Dp=0.100 Dm=0.052 cyc_w=5.00 id_w=0.00 11.97 it/s
step 66750/370000 G=1.918 Dp=0.108 Dm=0.151 cyc_w=5.00 id_w=0.00 11.97 it/s
step 66800/370000 G=2.395 Dp=0.250 Dm=0.206 cyc_w=5.00 id_w=0.00 11.97 it/s
step 66850/370000 G=1.415 Dp=0.101 Dm=0.248 cyc_w=5.00 id_w=0.00 11.97 it/s
step 66900/370000 G=1.362 Dp=0.286 Dm=0.129 cyc_w=5.00 id_w=0.00 11.97 it/s
step 66950/370000 G=1.612 Dp=0.126 Dm=0.043 cyc_w=5.00 id_w=0.00 11.97 it/s
step 67000/370000 G=1.784 Dp=0.389 Dm=0.102 cyc_w=5.00 id_w=0.00 11.97 it/s
step 67050/370000 G=1.717 Dp=0.305 Dm=0.149 cyc_w=5.00 id_w=0.00 11.97 it/s
step 67100/370000 G=2.182 Dp=0.230 Dm=0.124 cyc_w=5.00 id_w=0.00 11.97 it/s
step 67150/370000 G=1.900 Dp=0.147 Dm=0.160 cyc_w=5.00 id_w=0.00 11.97 it/s
step 67200/370000 G=2.199 Dp=0.293 Dm=0.083 cyc_w=5.00 id_w=0.00 11.97 it/s
step 67250/370000 G=2.667 Dp=0.071 Dm=0.102 cyc_w=5.00 id_w=0.00 11.97 it/s
step 67300/370000 G=1.911 Dp=0.188 Dm=0.126 cyc_w=5.00 id_w=0.00 11.97 it/s
step 67350/370000 G=2.125 Dp=0.081 Dm=0.029 cyc_w=5.00 id_w=0.00 11.98 it/s
step 67400/370000 G=1.681 Dp=0.073 Dm=0.093 cyc_w=5.00 id_w=0.00 11.98 it/s
step 67450/370000 G=2.225 Dp=0.183 Dm=0.070 cyc_w=5.00 id_w=0.00 11.98 it/s
step 67500/370000 G=1.519 Dp=0.228 Dm=0.203 cyc_w=5.00 id_w=0.00 11.99 it/s
step 67550/370000 G=1.343 Dp=0.266 Dm=0.170 cyc_w=5.00 id_w=0.00 11.99 it/s
step 67600/370000 G=1.729 Dp=0.164 Dm=0.078 cyc_w=5.00 id_w=0.00 11.99 it/s
step 67650/370000 G=1.971 Dp=0.123 Dm=0.088 cyc_w=5.00 id_w=0.00 11.99 it/s
step 67700/370000 G=1.585 Dp=0.264 Dm=0.111 cyc_w=5.00 id_w=0.00 12.00 it/s
step 67750/370000 G=2.109 Dp=0.100 Dm=0.158 cyc_w=5.00 id_w=0.00 12.00 it/s
step 67800/370000 G=1.566 Dp=0.133 Dm=0.059 cyc_w=5.00 id_w=0.00 12.00 it/s
step 67850/370000 G=2.086 Dp=0.068 Dm=0.128 cyc_w=5.00 id_w=0.00 12.01 it/s
step 67900/370000 G=1.859 Dp=0.253 Dm=0.125 cyc_w=5.00 id_w=0.00 12.01 it/s
step 67950/370000 G=1.622 Dp=0.072 Dm=0.135 cyc_w=5.00 id_w=0.00 12.01 it/s
step 68000/370000 G=1.891 Dp=0.164 Dm=0.092 cyc_w=5.00 id_w=0.00 12.01 it/s
step 68050/370000 G=2.268 Dp=0.127 Dm=0.058 cyc_w=5.00 id_w=0.00 12.01 it/s
step 68100/370000 G=1.578 Dp=0.101 Dm=0.055 cyc_w=5.00 id_w=0.00 12.02 it/s
step 68150/370000 G=2.580 Dp=0.076 Dm=0.195 cyc_w=5.00 id_w=0.00 12.02 it/s
step 68200/370000 G=2.048 Dp=0.295 Dm=0.071 cyc_w=5.00 id_w=0.00 12.02 it/s
step 68250/370000 G=1.448 Dp=0.087 Dm=0.065 cyc_w=5.00 id_w=0.00 12.02 it/s
step 68300/370000 G=1.743 Dp=0.162 Dm=0.049 cyc_w=5.00 id_w=0.00 12.02 it/s
step 68350/370000 G=3.084 Dp=0.352 Dm=0.168 cyc_w=5.00 id_w=0.00 12.02 it/s
step 68400/370000 G=2.012 Dp=0.216 Dm=0.108 cyc_w=5.00 id_w=0.00 12.02 it/s
step 68450/370000 G=1.507 Dp=0.064 Dm=0.109 cyc_w=5.00 id_w=0.00 12.02 it/s
step 68500/370000 G=2.263 Dp=0.108 Dm=0.125 cyc_w=5.00 id_w=0.00 12.02 it/s
step 68550/370000 G=2.125 Dp=0.131 Dm=0.106 cyc_w=5.00 id_w=0.00 12.02 it/s
step 68600/370000 G=1.707 Dp=0.166 Dm=0.112 cyc_w=5.00 id_w=0.00 12.02 it/s
step 68650/370000 G=1.733 Dp=0.160 Dm=0.063 cyc_w=5.00 id_w=0.00 12.02 it/s
step 68700/370000 G=2.169 Dp=0.150 Dm=0.054 cyc_w=5.00 id_w=0.00 12.02 it/s
step 68750/370000 G=1.515 Dp=0.050 Dm=0.151 cyc_w=5.00 id_w=0.00 12.02 it/s
step 68800/370000 G=1.727 Dp=0.316 Dm=0.058 cyc_w=5.00 id_w=0.00 12.02 it/s
step 68850/370000 G=1.727 Dp=0.092 Dm=0.127 cyc_w=5.00 id_w=0.00 12.02 it/s
step 68900/370000 G=2.680 Dp=0.145 Dm=0.176 cyc_w=5.00 id_w=0.00 12.02 it/s
step 68950/370000 G=1.429 Dp=0.285 Dm=0.251 cyc_w=5.00 id_w=0.00 12.02 it/s
step 69000/370000 G=1.613 Dp=0.142 Dm=0.114 cyc_w=5.00 id_w=0.00 12.02 it/s
step 69050/370000 G=2.262 Dp=0.209 Dm=0.167 cyc_w=5.00 id_w=0.00 12.02 it/s
step 69100/370000 G=1.846 Dp=0.108 Dm=0.048 cyc_w=5.00 id_w=0.00 12.02 it/s
step 69150/370000 G=2.005 Dp=0.300 Dm=0.062 cyc_w=5.00 id_w=0.00 12.02 it/s
step 69200/370000 G=1.876 Dp=0.186 Dm=0.037 cyc_w=5.00 id_w=0.00 12.02 it/s
step 69250/370000 G=2.179 Dp=0.281 Dm=0.162 cyc_w=5.00 id_w=0.00 12.02 it/s
step 69300/370000 G=2.526 Dp=0.163 Dm=0.131 cyc_w=5.00 id_w=0.00 12.02 it/s
step 69350/370000 G=1.851 Dp=0.350 Dm=0.083 cyc_w=5.00 id_w=0.00 12.02 it/s
step 69400/370000 G=2.003 Dp=0.107 Dm=0.182 cyc_w=5.00 id_w=0.00 12.03 it/s
step 69450/370000 G=2.008 Dp=0.226 Dm=0.156 cyc_w=5.00 id_w=0.00 12.03 it/s
step 69500/370000 G=1.347 Dp=0.141 Dm=0.115 cyc_w=5.00 id_w=0.00 12.03 it/s
step 69550/370000 G=2.092 Dp=0.160 Dm=0.061 cyc_w=5.00 id_w=0.00 12.03 it/s
step 69600/370000 G=1.638 Dp=0.184 Dm=0.109 cyc_w=5.00 id_w=0.00 12.03 it/s
step 69650/370000 G=2.016 Dp=0.153 Dm=0.203 cyc_w=5.00 id_w=0.00 12.03 it/s
step 69700/370000 G=1.688 Dp=0.049 Dm=0.109 cyc_w=5.00 id_w=0.00 12.03 it/s
step 69750/370000 G=2.546 Dp=0.117 Dm=0.221 cyc_w=5.00 id_w=0.00 12.03 it/s
step 69800/370000 G=1.566 Dp=0.115 Dm=0.073 cyc_w=5.00 id_w=0.00 12.03 it/s
step 69850/370000 G=2.029 Dp=0.419 Dm=0.060 cyc_w=5.00 id_w=0.00 12.03 it/s
step 69900/370000 G=1.572 Dp=0.320 Dm=0.104 cyc_w=5.00 id_w=0.00 12.03 it/s
step 69950/370000 G=1.266 Dp=0.147 Dm=0.096 cyc_w=5.00 id_w=0.00 12.03 it/s
step 70000/370000 G=1.792 Dp=0.152 Dm=0.141 cyc_w=5.00 id_w=0.00 12.03 it/s
step 70050/370000 G=2.168 Dp=0.255 Dm=0.100 cyc_w=5.00 id_w=0.00 12.03 it/s
step 70100/370000 G=2.109 Dp=0.071 Dm=0.132 cyc_w=5.00 id_w=0.00 12.03 it/s
step 70150/370000 G=2.830 Dp=0.115 Dm=0.162 cyc_w=5.00 id_w=0.00 12.03 it/s
step 70200/370000 G=1.864 Dp=0.121 Dm=0.059 cyc_w=5.00 id_w=0.00 12.04 it/s
step 70250/370000 G=1.710 Dp=0.099 Dm=0.103 cyc_w=5.00 id_w=0.00 12.04 it/s
step 70300/370000 G=1.681 Dp=0.262 Dm=0.166 cyc_w=5.00 id_w=0.00 12.04 it/s
step 70350/370000 G=1.511 Dp=0.094 Dm=0.238 cyc_w=5.00 id_w=0.00 12.04 it/s
step 70400/370000 G=2.035 Dp=0.160 Dm=0.089 cyc_w=5.00 id_w=0.00 12.05 it/s
step 70450/370000 G=1.415 Dp=0.375 Dm=0.252 cyc_w=5.00 id_w=0.00 12.05 it/s
step 70500/370000 G=1.641 Dp=0.239 Dm=0.228 cyc_w=5.00 id_w=0.00 12.05 it/s
step 70550/370000 G=1.433 Dp=0.156 Dm=0.119 cyc_w=5.00 id_w=0.00 12.06 it/s
step 70600/370000 G=2.026 Dp=0.241 Dm=0.168 cyc_w=5.00 id_w=0.00 12.06 it/s
step 70650/370000 G=1.972 Dp=0.148 Dm=0.320 cyc_w=5.00 id_w=0.00 12.06 it/s
step 70700/370000 G=2.275 Dp=0.186 Dm=0.181 cyc_w=5.00 id_w=0.00 12.06 it/s
step 70750/370000 G=2.209 Dp=0.082 Dm=0.079 cyc_w=5.00 id_w=0.00 12.06 it/s
step 70800/370000 G=2.042 Dp=0.300 Dm=0.161 cyc_w=5.00 id_w=0.00 12.07 it/s
step 70850/370000 G=1.332 Dp=0.200 Dm=0.067 cyc_w=5.00 id_w=0.00 12.07 it/s
step 70900/370000 G=1.722 Dp=0.181 Dm=0.061 cyc_w=5.00 id_w=0.00 12.07 it/s
step 70950/370000 G=1.556 Dp=0.305 Dm=0.266 cyc_w=5.00 id_w=0.00 12.08 it/s
step 71000/370000 G=2.312 Dp=0.105 Dm=0.062 cyc_w=5.00 id_w=0.00 12.08 it/s
step 71050/370000 G=1.887 Dp=0.205 Dm=0.107 cyc_w=5.00 id_w=0.00 12.07 it/s
step 71100/370000 G=1.677 Dp=0.263 Dm=0.062 cyc_w=5.00 id_w=0.00 12.07 it/s
step 71150/370000 G=1.926 Dp=0.279 Dm=0.203 cyc_w=5.00 id_w=0.00 12.07 it/s
step 71200/370000 G=1.969 Dp=0.093 Dm=0.062 cyc_w=5.00 id_w=0.00 12.07 it/s
step 71250/370000 G=1.171 Dp=0.261 Dm=0.144 cyc_w=5.00 id_w=0.00 12.08 it/s
step 71300/370000 G=1.396 Dp=0.208 Dm=0.057 cyc_w=5.00 id_w=0.00 12.08 it/s
step 71350/370000 G=2.041 Dp=0.183 Dm=0.043 cyc_w=5.00 id_w=0.00 12.08 it/s
step 71400/370000 G=2.243 Dp=0.149 Dm=0.173 cyc_w=5.00 id_w=0.00 12.08 it/s
step 71450/370000 G=1.952 Dp=0.183 Dm=0.088 cyc_w=5.00 id_w=0.00 12.08 it/s
step 71500/370000 G=1.871 Dp=0.182 Dm=0.065 cyc_w=5.00 id_w=0.00 12.08 it/s
step 71550/370000 G=1.890 Dp=0.070 Dm=0.076 cyc_w=5.00 id_w=0.00 12.08 it/s
step 71600/370000 G=1.865 Dp=0.152 Dm=0.102 cyc_w=5.00 id_w=0.00 12.08 it/s
step 71650/370000 G=1.613 Dp=0.055 Dm=0.108 cyc_w=5.00 id_w=0.00 12.08 it/s
step 71700/370000 G=2.670 Dp=0.211 Dm=0.257 cyc_w=5.00 id_w=0.00 12.08 it/s
step 71750/370000 G=1.609 Dp=0.181 Dm=0.125 cyc_w=5.00 id_w=0.00 12.08 it/s
step 71800/370000 G=1.319 Dp=0.131 Dm=0.209 cyc_w=5.00 id_w=0.00 12.08 it/s
step 71850/370000 G=1.517 Dp=0.189 Dm=0.114 cyc_w=5.00 id_w=0.00 12.08 it/s
step 71900/370000 G=1.736 Dp=0.096 Dm=0.187 cyc_w=5.00 id_w=0.00 12.08 it/s
step 71950/370000 G=1.755 Dp=0.124 Dm=0.115 cyc_w=5.00 id_w=0.00 12.08 it/s
step 72000/370000 G=1.539 Dp=0.439 Dm=0.243 cyc_w=5.00 id_w=0.00 12.08 it/s
step 72050/370000 G=2.435 Dp=0.254 Dm=0.103 cyc_w=5.00 id_w=0.00 12.08 it/s
step 72100/370000 G=1.996 Dp=0.210 Dm=0.188 cyc_w=5.00 id_w=0.00 12.08 it/s
step 72150/370000 G=2.592 Dp=0.132 Dm=0.032 cyc_w=5.00 id_w=0.00 12.08 it/s
step 72200/370000 G=1.636 Dp=0.394 Dm=0.072 cyc_w=5.00 id_w=0.00 12.08 it/s
step 72250/370000 G=2.056 Dp=0.098 Dm=0.050 cyc_w=5.00 id_w=0.00 12.08 it/s
step 72300/370000 G=1.789 Dp=0.171 Dm=0.060 cyc_w=5.00 id_w=0.00 12.08 it/s
step 72350/370000 G=2.048 Dp=0.210 Dm=0.229 cyc_w=5.00 id_w=0.00 12.08 it/s
step 72400/370000 G=2.097 Dp=0.136 Dm=0.232 cyc_w=5.00 id_w=0.00 12.08 it/s
step 72450/370000 G=2.291 Dp=0.099 Dm=0.193 cyc_w=5.00 id_w=0.00 12.08 it/s
step 72500/370000 G=2.117 Dp=0.200 Dm=0.161 cyc_w=5.00 id_w=0.00 12.08 it/s
step 72550/370000 G=2.129 Dp=0.091 Dm=0.046 cyc_w=5.00 id_w=0.00 12.08 it/s
step 72600/370000 G=1.688 Dp=0.164 Dm=0.165 cyc_w=5.00 id_w=0.00 12.08 it/s
step 72650/370000 G=1.350 Dp=0.064 Dm=0.077 cyc_w=5.00 id_w=0.00 12.08 it/s
step 72700/370000 G=1.987 Dp=0.145 Dm=0.059 cyc_w=5.00 id_w=0.00 12.08 it/s
step 72750/370000 G=1.984 Dp=0.139 Dm=0.168 cyc_w=5.00 id_w=0.00 12.08 it/s
step 72800/370000 G=1.463 Dp=0.289 Dm=0.100 cyc_w=5.00 id_w=0.00 12.08 it/s
step 72850/370000 G=2.568 Dp=0.108 Dm=0.076 cyc_w=5.00 id_w=0.00 12.08 it/s
step 72900/370000 G=2.259 Dp=0.143 Dm=0.127 cyc_w=5.00 id_w=0.00 12.08 it/s
step 72950/370000 G=1.650 Dp=0.124 Dm=0.325 cyc_w=5.00 id_w=0.00 12.08 it/s
step 73000/370000 G=2.207 Dp=0.143 Dm=0.074 cyc_w=5.00 id_w=0.00 12.08 it/s
step 73050/370000 G=1.404 Dp=0.202 Dm=0.093 cyc_w=5.00 id_w=0.00 12.08 it/s
step 73100/370000 G=2.392 Dp=0.038 Dm=0.076 cyc_w=5.00 id_w=0.00 12.08 it/s
step 73150/370000 G=1.813 Dp=0.073 Dm=0.132 cyc_w=5.00 id_w=0.00 12.08 it/s
step 73200/370000 G=1.637 Dp=0.103 Dm=0.111 cyc_w=5.00 id_w=0.00 12.08 it/s
step 73250/370000 G=2.036 Dp=0.061 Dm=0.176 cyc_w=5.00 id_w=0.00 12.08 it/s
step 73300/370000 G=2.184 Dp=0.160 Dm=0.044 cyc_w=5.00 id_w=0.00 12.08 it/s
step 73350/370000 G=2.200 Dp=0.221 Dm=0.156 cyc_w=5.00 id_w=0.00 12.08 it/s
step 73400/370000 G=1.648 Dp=0.207 Dm=0.149 cyc_w=5.00 id_w=0.00 12.08 it/s
step 73450/370000 G=2.205 Dp=0.106 Dm=0.103 cyc_w=5.00 id_w=0.00 12.08 it/s
step 73500/370000 G=2.096 Dp=0.095 Dm=0.183 cyc_w=5.00 id_w=0.00 12.08 it/s
step 73550/370000 G=2.001 Dp=0.196 Dm=0.093 cyc_w=5.00 id_w=0.00 12.08 it/s
step 73600/370000 G=2.176 Dp=0.095 Dm=0.091 cyc_w=5.00 id_w=0.00 12.08 it/s
step 73650/370000 G=2.291 Dp=0.113 Dm=0.185 cyc_w=5.00 id_w=0.00 12.08 it/s
step 73700/370000 G=1.684 Dp=0.210 Dm=0.263 cyc_w=5.00 id_w=0.00 12.08 it/s
step 73750/370000 G=1.628 Dp=0.146 Dm=0.105 cyc_w=5.00 id_w=0.00 12.08 it/s
EVAL {"step": 73750, "variant": "ema", "fid_a2b": 97.7129253628574, "fid_b2a": 96.69694404916162, "mifid_a2b": 0.4177524124032678, "mifid_b2a": 0.4023080584947049, "fid": 97.20493470600951, "mifid": 0.41003023544898637, "composite": 48.80748247072925}
EVAL {"step": 73750, "variant": "ema_slow", "fid_a2b": 97.45423686851582, "fid_b2a": 96.24549383022696, "mifid_a2b": 0.41795163995878515, "mifid_b2a": 0.4047781982087662, "fid": 96.84986534937138, "mifid": 0.4113649190837757, "composite": 48.63061513422758}
EVAL {"step": 73750, "variant": "raw", "fid_a2b": 100.28901307259214, "fid_b2a": 99.20886080125037, "mifid_a2b": 0.4194233336950832, "mifid_b2a": 0.400722111410581, "fid": 99.74893693692125, "mifid": 0.4100727225528321, "composite": 50.07950482973704}
step 73800/370000 G=1.564 Dp=0.232 Dm=0.036 cyc_w=5.00 id_w=0.00 11.97 it/s
step 73850/370000 G=1.476 Dp=0.120 Dm=0.094 cyc_w=5.00 id_w=0.00 11.97 it/s
step 73900/370000 G=1.839 Dp=0.032 Dm=0.113 cyc_w=5.00 id_w=0.00 11.97 it/s
step 73950/370000 G=1.884 Dp=0.163 Dm=0.081 cyc_w=5.00 id_w=0.00 11.97 it/s
step 74000/370000 G=1.735 Dp=0.151 Dm=0.091 cyc_w=5.00 id_w=0.00 11.97 it/s
step 74050/370000 G=1.847 Dp=0.169 Dm=0.082 cyc_w=5.00 id_w=0.00 11.97 it/s
step 74100/370000 G=1.506 Dp=0.201 Dm=0.091 cyc_w=5.00 id_w=0.00 11.97 it/s
step 74150/370000 G=2.596 Dp=0.153 Dm=0.085 cyc_w=5.00 id_w=0.00 11.97 it/s
step 74200/370000 G=2.164 Dp=0.135 Dm=0.058 cyc_w=5.00 id_w=0.00 11.97 it/s
step 74250/370000 G=1.208 Dp=0.218 Dm=0.089 cyc_w=5.00 id_w=0.00 11.97 it/s
step 74300/370000 G=2.107 Dp=0.228 Dm=0.104 cyc_w=5.00 id_w=0.00 11.97 it/s
step 74350/370000 G=1.719 Dp=0.340 Dm=0.069 cyc_w=5.00 id_w=0.00 11.97 it/s
step 74400/370000 G=1.490 Dp=0.033 Dm=0.065 cyc_w=5.00 id_w=0.00 11.97 it/s
step 74450/370000 G=1.406 Dp=0.218 Dm=0.087 cyc_w=5.00 id_w=0.00 11.97 it/s
step 74500/370000 G=1.450 Dp=0.153 Dm=0.095 cyc_w=5.00 id_w=0.00 11.97 it/s
step 74550/370000 G=1.609 Dp=0.404 Dm=0.142 cyc_w=5.00 id_w=0.00 11.97 it/s
step 74600/370000 G=1.691 Dp=0.121 Dm=0.099 cyc_w=5.00 id_w=0.00 11.97 it/s
step 74650/370000 G=2.748 Dp=0.225 Dm=0.112 cyc_w=5.00 id_w=0.00 11.97 it/s
step 74700/370000 G=1.962 Dp=0.149 Dm=0.040 cyc_w=5.00 id_w=0.00 11.97 it/s
step 74750/370000 G=1.565 Dp=0.165 Dm=0.173 cyc_w=5.00 id_w=0.00 11.97 it/s
step 74800/370000 G=1.490 Dp=0.094 Dm=0.101 cyc_w=5.00 id_w=0.00 11.97 it/s
step 74850/370000 G=1.638 Dp=0.185 Dm=0.110 cyc_w=5.00 id_w=0.00 11.97 it/s
step 74900/370000 G=2.520 Dp=0.052 Dm=0.108 cyc_w=5.00 id_w=0.00 11.97 it/s
step 74950/370000 G=2.092 Dp=0.092 Dm=0.110 cyc_w=5.00 id_w=0.00 11.97 it/s
step 75000/370000 G=2.059 Dp=0.107 Dm=0.154 cyc_w=5.00 id_w=0.00 11.97 it/s
step 75050/370000 G=1.580 Dp=0.152 Dm=0.065 cyc_w=5.00 id_w=0.00 11.97 it/s
step 75100/370000 G=1.637 Dp=0.169 Dm=0.068 cyc_w=5.00 id_w=0.00 11.97 it/s
step 75150/370000 G=2.114 Dp=0.133 Dm=0.097 cyc_w=5.00 id_w=0.00 11.97 it/s
step 75200/370000 G=1.373 Dp=0.078 Dm=0.109 cyc_w=5.00 id_w=0.00 11.97 it/s
step 75250/370000 G=1.741 Dp=0.247 Dm=0.050 cyc_w=5.00 id_w=0.00 11.97 it/s
step 75300/370000 G=1.701 Dp=0.076 Dm=0.149 cyc_w=5.00 id_w=0.00 11.97 it/s
step 75350/370000 G=2.127 Dp=0.100 Dm=0.072 cyc_w=5.00 id_w=0.00 11.97 it/s
step 75400/370000 G=1.655 Dp=0.308 Dm=0.234 cyc_w=5.00 id_w=0.00 11.97 it/s
step 75450/370000 G=1.354 Dp=0.303 Dm=0.144 cyc_w=5.00 id_w=0.00 11.97 it/s
step 75500/370000 G=1.939 Dp=0.152 Dm=0.089 cyc_w=5.00 id_w=0.00 11.97 it/s
step 75550/370000 G=1.393 Dp=0.108 Dm=0.150 cyc_w=5.00 id_w=0.00 11.97 it/s
step 75600/370000 G=1.943 Dp=0.284 Dm=0.069 cyc_w=5.00 id_w=0.00 11.97 it/s
step 75650/370000 G=1.572 Dp=0.190 Dm=0.070 cyc_w=5.00 id_w=0.00 11.97 it/s
step 75700/370000 G=1.537 Dp=0.247 Dm=0.178 cyc_w=5.00 id_w=0.00 11.97 it/s
step 75750/370000 G=1.899 Dp=0.073 Dm=0.048 cyc_w=5.00 id_w=0.00 11.97 it/s
step 75800/370000 G=2.015 Dp=0.160 Dm=0.074 cyc_w=5.00 id_w=0.00 11.97 it/s
step 75850/370000 G=2.550 Dp=0.128 Dm=0.061 cyc_w=5.00 id_w=0.00 11.97 it/s
step 75900/370000 G=1.428 Dp=0.255 Dm=0.112 cyc_w=5.00 id_w=0.00 11.97 it/s
step 75950/370000 G=1.478 Dp=0.109 Dm=0.127 cyc_w=5.00 id_w=0.00 11.97 it/s
step 76000/370000 G=1.821 Dp=0.185 Dm=0.170 cyc_w=5.00 id_w=0.00 11.97 it/s
step 76050/370000 G=2.335 Dp=0.099 Dm=0.040 cyc_w=5.00 id_w=0.00 11.97 it/s
step 76100/370000 G=1.846 Dp=0.080 Dm=0.060 cyc_w=5.00 id_w=0.00 11.97 it/s
step 76150/370000 G=1.618 Dp=0.189 Dm=0.107 cyc_w=5.00 id_w=0.00 11.97 it/s
step 76200/370000 G=2.293 Dp=0.212 Dm=0.227 cyc_w=5.00 id_w=0.00 11.97 it/s
step 76250/370000 G=1.675 Dp=0.165 Dm=0.124 cyc_w=5.00 id_w=0.00 11.97 it/s
step 76300/370000 G=1.602 Dp=0.177 Dm=0.068 cyc_w=5.00 id_w=0.00 11.97 it/s
step 76350/370000 G=2.091 Dp=0.085 Dm=0.222 cyc_w=5.00 id_w=0.00 11.97 it/s
step 76400/370000 G=1.848 Dp=0.257 Dm=0.162 cyc_w=5.00 id_w=0.00 11.97 it/s
step 76450/370000 G=2.080 Dp=0.169 Dm=0.120 cyc_w=5.00 id_w=0.00 11.97 it/s
step 76500/370000 G=2.452 Dp=0.107 Dm=0.132 cyc_w=5.00 id_w=0.00 11.97 it/s
step 76550/370000 G=1.967 Dp=0.212 Dm=0.058 cyc_w=5.00 id_w=0.00 11.97 it/s
step 76600/370000 G=1.284 Dp=0.221 Dm=0.069 cyc_w=5.00 id_w=0.00 11.97 it/s
step 76650/370000 G=1.632 Dp=0.055 Dm=0.166 cyc_w=5.00 id_w=0.00 11.97 it/s
step 76700/370000 G=2.546 Dp=0.070 Dm=0.102 cyc_w=5.00 id_w=0.00 11.97 it/s
step 76750/370000 G=1.920 Dp=0.076 Dm=0.078 cyc_w=5.00 id_w=0.00 11.97 it/s
step 76800/370000 G=1.950 Dp=0.153 Dm=0.098 cyc_w=5.00 id_w=0.00 11.97 it/s
step 76850/370000 G=1.813 Dp=0.266 Dm=0.108 cyc_w=5.00 id_w=0.00 11.97 it/s
step 76900/370000 G=1.844 Dp=0.160 Dm=0.138 cyc_w=5.00 id_w=0.00 11.97 it/s
step 76950/370000 G=2.240 Dp=0.058 Dm=0.176 cyc_w=5.00 id_w=0.00 11.97 it/s
step 77000/370000 G=3.043 Dp=0.131 Dm=0.086 cyc_w=5.00 id_w=0.00 11.97 it/s
step 77050/370000 G=1.705 Dp=0.235 Dm=0.109 cyc_w=5.00 id_w=0.00 11.97 it/s
step 77100/370000 G=1.721 Dp=0.296 Dm=0.029 cyc_w=5.00 id_w=0.00 11.97 it/s
step 77150/370000 G=3.238 Dp=0.134 Dm=0.051 cyc_w=5.00 id_w=0.00 11.97 it/s
step 77200/370000 G=1.433 Dp=0.156 Dm=0.059 cyc_w=5.00 id_w=0.00 11.97 it/s
step 77250/370000 G=1.888 Dp=0.115 Dm=0.126 cyc_w=5.00 id_w=0.00 11.97 it/s
step 77300/370000 G=2.140 Dp=0.096 Dm=0.085 cyc_w=5.00 id_w=0.00 11.97 it/s
step 77350/370000 G=2.433 Dp=0.172 Dm=0.236 cyc_w=5.00 id_w=0.00 11.98 it/s
step 77400/370000 G=1.305 Dp=0.185 Dm=0.161 cyc_w=5.00 id_w=0.00 11.98 it/s
step 77450/370000 G=2.067 Dp=0.184 Dm=0.048 cyc_w=5.00 id_w=0.00 11.98 it/s
step 77500/370000 G=3.092 Dp=0.084 Dm=0.161 cyc_w=5.00 id_w=0.00 11.98 it/s
step 77550/370000 G=1.685 Dp=0.150 Dm=0.101 cyc_w=5.00 id_w=0.00 11.98 it/s
step 77600/370000 G=1.491 Dp=0.112 Dm=0.154 cyc_w=5.00 id_w=0.00 11.98 it/s
step 77650/370000 G=1.551 Dp=0.289 Dm=0.153 cyc_w=5.00 id_w=0.00 11.98 it/s
step 77700/370000 G=1.796 Dp=0.174 Dm=0.087 cyc_w=5.00 id_w=0.00 11.98 it/s
step 77750/370000 G=1.832 Dp=0.055 Dm=0.060 cyc_w=5.00 id_w=0.00 11.98 it/s
step 77800/370000 G=2.444 Dp=0.150 Dm=0.178 cyc_w=5.00 id_w=0.00 11.98 it/s
step 77850/370000 G=1.525 Dp=0.187 Dm=0.159 cyc_w=5.00 id_w=0.00 11.98 it/s
step 77900/370000 G=2.133 Dp=0.156 Dm=0.106 cyc_w=5.00 id_w=0.00 11.98 it/s
step 77950/370000 G=1.812 Dp=0.057 Dm=0.151 cyc_w=5.00 id_w=0.00 11.98 it/s
step 78000/370000 G=2.825 Dp=0.278 Dm=0.110 cyc_w=5.00 id_w=0.00 11.98 it/s
step 78050/370000 G=1.879 Dp=0.186 Dm=0.115 cyc_w=5.00 id_w=0.00 11.98 it/s
step 78100/370000 G=1.581 Dp=0.212 Dm=0.151 cyc_w=5.00 id_w=0.00 11.98 it/s
step 78150/370000 G=1.670 Dp=0.227 Dm=0.142 cyc_w=5.00 id_w=0.00 11.98 it/s
step 78200/370000 G=1.639 Dp=0.194 Dm=0.116 cyc_w=5.00 id_w=0.00 11.98 it/s
step 78250/370000 G=2.562 Dp=0.160 Dm=0.085 cyc_w=5.00 id_w=0.00 11.98 it/s
step 78300/370000 G=1.606 Dp=0.366 Dm=0.259 cyc_w=5.00 id_w=0.00 11.98 it/s
step 78350/370000 G=1.975 Dp=0.079 Dm=0.065 cyc_w=5.00 id_w=0.00 11.98 it/s
step 78400/370000 G=2.002 Dp=0.188 Dm=0.098 cyc_w=5.00 id_w=0.00 11.98 it/s
step 78450/370000 G=2.026 Dp=0.080 Dm=0.183 cyc_w=5.00 id_w=0.00 11.98 it/s
step 78500/370000 G=2.428 Dp=0.159 Dm=0.042 cyc_w=5.00 id_w=0.00 11.98 it/s
step 78550/370000 G=1.753 Dp=0.143 Dm=0.052 cyc_w=5.00 id_w=0.00 11.98 it/s
step 78600/370000 G=1.498 Dp=0.105 Dm=0.087 cyc_w=5.00 id_w=0.00 11.98 it/s
step 78650/370000 G=2.245 Dp=0.117 Dm=0.161 cyc_w=5.00 id_w=0.00 11.98 it/s
step 78700/370000 G=1.916 Dp=0.083 Dm=0.038 cyc_w=5.00 id_w=0.00 11.98 it/s
step 78750/370000 G=2.140 Dp=0.164 Dm=0.116 cyc_w=5.00 id_w=0.00 11.98 it/s
step 78800/370000 G=1.651 Dp=0.149 Dm=0.188 cyc_w=5.00 id_w=0.00 11.98 it/s
step 78850/370000 G=1.598 Dp=0.162 Dm=0.117 cyc_w=5.00 id_w=0.00 11.98 it/s
step 78900/370000 G=1.886 Dp=0.130 Dm=0.108 cyc_w=5.00 id_w=0.00 11.98 it/s
step 78950/370000 G=0.971 Dp=0.307 Dm=0.184 cyc_w=5.00 id_w=0.00 11.98 it/s
step 79000/370000 G=1.810 Dp=0.101 Dm=0.295 cyc_w=5.00 id_w=0.00 11.98 it/s
step 79050/370000 G=2.247 Dp=0.130 Dm=0.095 cyc_w=5.00 id_w=0.00 11.98 it/s
step 79100/370000 G=2.059 Dp=0.144 Dm=0.136 cyc_w=5.00 id_w=0.00 11.98 it/s
step 79150/370000 G=2.142 Dp=0.105 Dm=0.044 cyc_w=5.00 id_w=0.00 11.98 it/s
step 79200/370000 G=1.431 Dp=0.184 Dm=0.060 cyc_w=5.00 id_w=0.00 11.98 it/s
step 79250/370000 G=1.514 Dp=0.185 Dm=0.112 cyc_w=5.00 id_w=0.00 11.98 it/s
step 79300/370000 G=2.189 Dp=0.124 Dm=0.159 cyc_w=5.00 id_w=0.00 11.98 it/s
step 79350/370000 G=2.087 Dp=0.156 Dm=0.129 cyc_w=5.00 id_w=0.00 11.98 it/s
step 79400/370000 G=1.655 Dp=0.080 Dm=0.137 cyc_w=5.00 id_w=0.00 11.98 it/s
step 79450/370000 G=1.676 Dp=0.075 Dm=0.117 cyc_w=5.00 id_w=0.00 11.98 it/s
step 79500/370000 G=1.657 Dp=0.119 Dm=0.049 cyc_w=5.00 id_w=0.00 11.98 it/s
step 79550/370000 G=1.742 Dp=0.259 Dm=0.178 cyc_w=5.00 id_w=0.00 11.98 it/s
step 79600/370000 G=1.803 Dp=0.113 Dm=0.099 cyc_w=5.00 id_w=0.00 11.98 it/s
step 79650/370000 G=2.136 Dp=0.177 Dm=0.124 cyc_w=5.00 id_w=0.00 11.98 it/s
step 79700/370000 G=2.328 Dp=0.197 Dm=0.083 cyc_w=5.00 id_w=0.00 11.98 it/s
step 79750/370000 G=1.469 Dp=0.217 Dm=0.050 cyc_w=5.00 id_w=0.00 11.98 it/s
step 79800/370000 G=2.392 Dp=0.126 Dm=0.134 cyc_w=5.00 id_w=0.00 11.98 it/s
step 79850/370000 G=2.366 Dp=0.308 Dm=0.216 cyc_w=5.00 id_w=0.00 11.98 it/s
step 79900/370000 G=1.886 Dp=0.363 Dm=0.028 cyc_w=5.00 id_w=0.00 11.98 it/s
step 79950/370000 G=1.948 Dp=0.135 Dm=0.164 cyc_w=5.00 id_w=0.00 11.98 it/s
step 80000/370000 G=1.804 Dp=0.092 Dm=0.100 cyc_w=5.00 id_w=0.00 11.98 it/s
step 80050/370000 G=1.689 Dp=0.161 Dm=0.103 cyc_w=5.00 id_w=0.00 11.98 it/s
step 80100/370000 G=1.871 Dp=0.123 Dm=0.247 cyc_w=5.00 id_w=0.00 11.98 it/s
step 80150/370000 G=1.924 Dp=0.206 Dm=0.078 cyc_w=5.00 id_w=0.00 11.98 it/s
step 80200/370000 G=1.184 Dp=0.118 Dm=0.137 cyc_w=5.00 id_w=0.00 11.98 it/s
step 80250/370000 G=1.973 Dp=0.204 Dm=0.096 cyc_w=5.00 id_w=0.00 11.98 it/s
step 80300/370000 G=1.390 Dp=0.233 Dm=0.058 cyc_w=5.00 id_w=0.00 11.98 it/s
step 80350/370000 G=1.866 Dp=0.047 Dm=0.152 cyc_w=5.00 id_w=0.00 11.98 it/s
step 80400/370000 G=2.083 Dp=0.147 Dm=0.143 cyc_w=5.00 id_w=0.00 11.98 it/s
step 80450/370000 G=1.590 Dp=0.046 Dm=0.298 cyc_w=5.00 id_w=0.00 11.98 it/s
step 80500/370000 G=1.458 Dp=0.086 Dm=0.104 cyc_w=5.00 id_w=0.00 11.98 it/s
step 80550/370000 G=1.436 Dp=0.224 Dm=0.075 cyc_w=5.00 id_w=0.00 11.99 it/s
step 80600/370000 G=1.551 Dp=0.133 Dm=0.124 cyc_w=5.00 id_w=0.00 11.99 it/s
step 80650/370000 G=1.572 Dp=0.172 Dm=0.112 cyc_w=5.00 id_w=0.00 11.99 it/s
step 80700/370000 G=1.829 Dp=0.208 Dm=0.046 cyc_w=5.00 id_w=0.00 11.99 it/s
step 80750/370000 G=1.741 Dp=0.154 Dm=0.100 cyc_w=5.00 id_w=0.00 12.00 it/s
step 80800/370000 G=1.956 Dp=0.096 Dm=0.139 cyc_w=5.00 id_w=0.00 12.00 it/s
step 80850/370000 G=1.816 Dp=0.386 Dm=0.111 cyc_w=5.00 id_w=0.00 12.00 it/s
step 80900/370000 G=1.741 Dp=0.118 Dm=0.222 cyc_w=5.00 id_w=0.00 12.00 it/s
step 80950/370000 G=2.307 Dp=0.115 Dm=0.117 cyc_w=5.00 id_w=0.00 12.00 it/s
step 81000/370000 G=1.758 Dp=0.164 Dm=0.128 cyc_w=5.00 id_w=0.00 12.01 it/s
step 81050/370000 G=1.760 Dp=0.056 Dm=0.085 cyc_w=5.00 id_w=0.00 12.01 it/s
step 81100/370000 G=2.087 Dp=0.111 Dm=0.137 cyc_w=5.00 id_w=0.00 12.01 it/s
step 81150/370000 G=2.455 Dp=0.051 Dm=0.165 cyc_w=5.00 id_w=0.00 12.01 it/s
step 81200/370000 G=1.935 Dp=0.130 Dm=0.086 cyc_w=5.00 id_w=0.00 12.01 it/s
step 81250/370000 G=1.720 Dp=0.327 Dm=0.097 cyc_w=5.00 id_w=0.00 12.02 it/s
step 81300/370000 G=1.918 Dp=0.210 Dm=0.062 cyc_w=5.00 id_w=0.00 12.02 it/s
step 81350/370000 G=2.084 Dp=0.186 Dm=0.070 cyc_w=5.00 id_w=0.00 12.02 it/s
step 81400/370000 G=1.947 Dp=0.141 Dm=0.076 cyc_w=5.00 id_w=0.00 12.02 it/s
step 81450/370000 G=1.626 Dp=0.104 Dm=0.074 cyc_w=5.00 id_w=0.00 12.02 it/s
step 81500/370000 G=1.727 Dp=0.103 Dm=0.073 cyc_w=5.00 id_w=0.00 12.02 it/s
step 81550/370000 G=1.550 Dp=0.122 Dm=0.238 cyc_w=5.00 id_w=0.00 12.02 it/s
step 81600/370000 G=1.540 Dp=0.112 Dm=0.050 cyc_w=5.00 id_w=0.00 12.02 it/s
step 81650/370000 G=2.104 Dp=0.538 Dm=0.119 cyc_w=5.00 id_w=0.00 12.02 it/s
step 81700/370000 G=1.840 Dp=0.189 Dm=0.104 cyc_w=5.00 id_w=0.00 12.02 it/s
step 81750/370000 G=2.099 Dp=0.096 Dm=0.217 cyc_w=5.00 id_w=0.00 12.02 it/s
step 81800/370000 G=2.118 Dp=0.134 Dm=0.129 cyc_w=5.00 id_w=0.00 12.03 it/s
step 81850/370000 G=2.147 Dp=0.274 Dm=0.049 cyc_w=5.00 id_w=0.00 12.03 it/s
step 81900/370000 G=1.833 Dp=0.253 Dm=0.034 cyc_w=5.00 id_w=0.00 12.03 it/s
step 81950/370000 G=1.587 Dp=0.129 Dm=0.245 cyc_w=5.00 id_w=0.00 12.03 it/s
step 82000/370000 G=1.764 Dp=0.134 Dm=0.106 cyc_w=5.00 id_w=0.00 12.03 it/s
step 82050/370000 G=2.670 Dp=0.094 Dm=0.114 cyc_w=5.00 id_w=0.00 12.03 it/s
step 82100/370000 G=1.475 Dp=0.241 Dm=0.097 cyc_w=5.00 id_w=0.00 12.03 it/s
step 82150/370000 G=1.716 Dp=0.210 Dm=0.177 cyc_w=5.00 id_w=0.00 12.03 it/s
step 82200/370000 G=1.756 Dp=0.207 Dm=0.051 cyc_w=5.00 id_w=0.00 12.03 it/s
step 82250/370000 G=2.442 Dp=0.097 Dm=0.109 cyc_w=5.00 id_w=0.00 12.03 it/s
step 82300/370000 G=2.113 Dp=0.101 Dm=0.087 cyc_w=5.00 id_w=0.00 12.03 it/s
step 82350/370000 G=1.663 Dp=0.136 Dm=0.101 cyc_w=5.00 id_w=0.00 12.03 it/s
step 82400/370000 G=2.094 Dp=0.070 Dm=0.127 cyc_w=5.00 id_w=0.00 12.03 it/s
step 82450/370000 G=1.945 Dp=0.172 Dm=0.037 cyc_w=5.00 id_w=0.00 12.03 it/s
step 82500/370000 G=1.920 Dp=0.249 Dm=0.100 cyc_w=5.00 id_w=0.00 12.03 it/s
step 82550/370000 G=1.621 Dp=0.210 Dm=0.080 cyc_w=5.00 id_w=0.00 12.03 it/s
step 82600/370000 G=2.423 Dp=0.218 Dm=0.073 cyc_w=5.00 id_w=0.00 12.03 it/s
step 82650/370000 G=2.487 Dp=0.107 Dm=0.090 cyc_w=5.00 id_w=0.00 12.03 it/s
step 82700/370000 G=1.974 Dp=0.136 Dm=0.050 cyc_w=5.00 id_w=0.00 12.03 it/s
step 82750/370000 G=1.823 Dp=0.169 Dm=0.147 cyc_w=5.00 id_w=0.00 12.03 it/s
step 82800/370000 G=1.759 Dp=0.085 Dm=0.071 cyc_w=5.00 id_w=0.00 12.03 it/s
step 82850/370000 G=1.879 Dp=0.107 Dm=0.154 cyc_w=5.00 id_w=0.00 12.03 it/s
step 82900/370000 G=2.482 Dp=0.176 Dm=0.044 cyc_w=5.00 id_w=0.00 12.03 it/s
step 82950/370000 G=1.959 Dp=0.198 Dm=0.165 cyc_w=5.00 id_w=0.00 12.03 it/s
step 83000/370000 G=1.894 Dp=0.093 Dm=0.114 cyc_w=5.00 id_w=0.00 12.03 it/s
step 83050/370000 G=2.203 Dp=0.220 Dm=0.157 cyc_w=5.00 id_w=0.00 12.03 it/s
step 83100/370000 G=2.437 Dp=0.063 Dm=0.159 cyc_w=5.00 id_w=0.00 12.03 it/s
step 83150/370000 G=1.875 Dp=0.078 Dm=0.118 cyc_w=5.00 id_w=0.00 12.03 it/s
step 83200/370000 G=1.815 Dp=0.067 Dm=0.153 cyc_w=5.00 id_w=0.00 12.03 it/s
step 83250/370000 G=1.815 Dp=0.233 Dm=0.123 cyc_w=5.00 id_w=0.00 12.03 it/s
step 83300/370000 G=1.667 Dp=0.172 Dm=0.063 cyc_w=5.00 id_w=0.00 12.03 it/s
step 83350/370000 G=3.652 Dp=0.090 Dm=0.162 cyc_w=5.00 id_w=0.00 12.03 it/s
step 83400/370000 G=1.458 Dp=0.067 Dm=0.094 cyc_w=5.00 id_w=0.00 12.03 it/s
step 83450/370000 G=2.667 Dp=0.202 Dm=0.036 cyc_w=5.00 id_w=0.00 12.03 it/s
step 83500/370000 G=1.695 Dp=0.118 Dm=0.215 cyc_w=5.00 id_w=0.00 12.03 it/s
step 83550/370000 G=1.629 Dp=0.065 Dm=0.098 cyc_w=5.00 id_w=0.00 12.03 it/s
step 83600/370000 G=1.728 Dp=0.291 Dm=0.136 cyc_w=5.00 id_w=0.00 12.03 it/s
step 83650/370000 G=1.639 Dp=0.213 Dm=0.114 cyc_w=5.00 id_w=0.00 12.03 it/s
step 83700/370000 G=2.088 Dp=0.136 Dm=0.123 cyc_w=5.00 id_w=0.00 12.03 it/s
step 83750/370000 G=1.366 Dp=0.105 Dm=0.092 cyc_w=5.00 id_w=0.00 12.03 it/s
step 83800/370000 G=1.455 Dp=0.141 Dm=0.078 cyc_w=5.00 id_w=0.00 12.03 it/s
step 83850/370000 G=1.949 Dp=0.207 Dm=0.207 cyc_w=5.00 id_w=0.00 12.03 it/s
step 83900/370000 G=1.735 Dp=0.095 Dm=0.045 cyc_w=5.00 id_w=0.00 12.03 it/s
step 83950/370000 G=1.523 Dp=0.305 Dm=0.139 cyc_w=5.00 id_w=0.00 12.03 it/s
step 84000/370000 G=1.681 Dp=0.259 Dm=0.095 cyc_w=5.00 id_w=0.00 12.03 it/s
step 84050/370000 G=1.496 Dp=0.226 Dm=0.205 cyc_w=5.00 id_w=0.00 12.03 it/s
step 84100/370000 G=2.103 Dp=0.130 Dm=0.050 cyc_w=5.00 id_w=0.00 12.03 it/s
step 84150/370000 G=2.303 Dp=0.109 Dm=0.044 cyc_w=5.00 id_w=0.00 12.04 it/s
step 84200/370000 G=1.344 Dp=0.383 Dm=0.225 cyc_w=5.00 id_w=0.00 12.04 it/s
step 84250/370000 G=1.907 Dp=0.160 Dm=0.086 cyc_w=5.00 id_w=0.00 12.04 it/s
step 84300/370000 G=2.202 Dp=0.157 Dm=0.142 cyc_w=5.00 id_w=0.00 12.04 it/s
step 84350/370000 G=1.729 Dp=0.235 Dm=0.174 cyc_w=5.00 id_w=0.00 12.04 it/s
step 84400/370000 G=1.705 Dp=0.371 Dm=0.078 cyc_w=5.00 id_w=0.00 12.05 it/s
step 84450/370000 G=1.803 Dp=0.195 Dm=0.098 cyc_w=5.00 id_w=0.00 12.05 it/s
step 84500/370000 G=2.575 Dp=0.530 Dm=0.039 cyc_w=5.00 id_w=0.00 12.05 it/s
step 84550/370000 G=1.543 Dp=0.118 Dm=0.099 cyc_w=5.00 id_w=0.00 12.05 it/s
step 84600/370000 G=1.372 Dp=0.237 Dm=0.127 cyc_w=5.00 id_w=0.00 12.06 it/s
step 84650/370000 G=2.276 Dp=0.232 Dm=0.213 cyc_w=5.00 id_w=0.00 12.06 it/s
step 84700/370000 G=2.147 Dp=0.057 Dm=0.232 cyc_w=5.00 id_w=0.00 12.06 it/s
step 84750/370000 G=1.272 Dp=0.315 Dm=0.079 cyc_w=5.00 id_w=0.00 12.06 it/s
step 84800/370000 G=1.726 Dp=0.149 Dm=0.145 cyc_w=5.00 id_w=0.00 12.06 it/s
step 84850/370000 G=1.846 Dp=0.124 Dm=0.033 cyc_w=5.00 id_w=0.00 12.07 it/s
step 84900/370000 G=1.567 Dp=0.245 Dm=0.250 cyc_w=5.00 id_w=0.00 12.07 it/s
step 84950/370000 G=2.375 Dp=0.161 Dm=0.070 cyc_w=5.00 id_w=0.00 12.07 it/s
step 85000/370000 G=2.091 Dp=0.303 Dm=0.145 cyc_w=5.00 id_w=0.00 12.07 it/s
step 85050/370000 G=2.552 Dp=0.078 Dm=0.110 cyc_w=5.00 id_w=0.00 12.07 it/s
step 85100/370000 G=1.398 Dp=0.268 Dm=0.152 cyc_w=5.00 id_w=0.00 12.07 it/s
step 85150/370000 G=1.616 Dp=0.142 Dm=0.128 cyc_w=5.00 id_w=0.00 12.07 it/s
step 85200/370000 G=1.337 Dp=0.114 Dm=0.209 cyc_w=5.00 id_w=0.00 12.07 it/s
step 85250/370000 G=1.502 Dp=0.210 Dm=0.162 cyc_w=5.00 id_w=0.00 12.07 it/s
step 85300/370000 G=1.686 Dp=0.101 Dm=0.129 cyc_w=5.00 id_w=0.00 12.07 it/s
step 85350/370000 G=1.627 Dp=0.258 Dm=0.161 cyc_w=5.00 id_w=0.00 12.07 it/s
step 85400/370000 G=1.607 Dp=0.052 Dm=0.170 cyc_w=5.00 id_w=0.00 12.07 it/s
step 85450/370000 G=2.000 Dp=0.313 Dm=0.134 cyc_w=5.00 id_w=0.00 12.07 it/s
step 85500/370000 G=1.844 Dp=0.181 Dm=0.137 cyc_w=5.00 id_w=0.00 12.07 it/s
step 85550/370000 G=1.462 Dp=0.180 Dm=0.040 cyc_w=5.00 id_w=0.00 12.07 it/s
step 85600/370000 G=2.961 Dp=0.146 Dm=0.103 cyc_w=5.00 id_w=0.00 12.07 it/s
step 85650/370000 G=2.285 Dp=0.126 Dm=0.107 cyc_w=5.00 id_w=0.00 12.07 it/s
step 85700/370000 G=2.660 Dp=0.144 Dm=0.118 cyc_w=5.00 id_w=0.00 12.07 it/s
step 85750/370000 G=2.316 Dp=0.127 Dm=0.072 cyc_w=5.00 id_w=0.00 12.07 it/s
step 85800/370000 G=2.454 Dp=0.087 Dm=0.176 cyc_w=5.00 id_w=0.00 12.07 it/s
step 85850/370000 G=1.686 Dp=0.165 Dm=0.112 cyc_w=5.00 id_w=0.00 12.07 it/s
step 85900/370000 G=2.015 Dp=0.177 Dm=0.149 cyc_w=5.00 id_w=0.00 12.07 it/s
step 85950/370000 G=1.683 Dp=0.106 Dm=0.064 cyc_w=5.00 id_w=0.00 12.07 it/s
step 86000/370000 G=2.187 Dp=0.107 Dm=0.089 cyc_w=5.00 id_w=0.00 12.07 it/s
step 86050/370000 G=1.555 Dp=0.138 Dm=0.054 cyc_w=5.00 id_w=0.00 12.07 it/s
step 86100/370000 G=2.123 Dp=0.331 Dm=0.090 cyc_w=5.00 id_w=0.00 12.07 it/s
step 86150/370000 G=2.044 Dp=0.151 Dm=0.071 cyc_w=5.00 id_w=0.00 12.07 it/s
step 86200/370000 G=2.027 Dp=0.143 Dm=0.053 cyc_w=5.00 id_w=0.00 12.07 it/s
step 86250/370000 G=1.467 Dp=0.183 Dm=0.129 cyc_w=5.00 id_w=0.00 12.07 it/s
step 86300/370000 G=2.440 Dp=0.188 Dm=0.114 cyc_w=5.00 id_w=0.00 12.07 it/s
step 86350/370000 G=2.224 Dp=0.066 Dm=0.070 cyc_w=5.00 id_w=0.00 12.07 it/s
step 86400/370000 G=1.566 Dp=0.273 Dm=0.055 cyc_w=5.00 id_w=0.00 12.07 it/s
step 86450/370000 G=1.583 Dp=0.201 Dm=0.211 cyc_w=5.00 id_w=0.00 12.07 it/s
step 86500/370000 G=2.466 Dp=0.122 Dm=0.111 cyc_w=5.00 id_w=0.00 12.07 it/s
step 86550/370000 G=1.472 Dp=0.185 Dm=0.142 cyc_w=5.00 id_w=0.00 12.07 it/s
step 86600/370000 G=1.827 Dp=0.122 Dm=0.078 cyc_w=5.00 id_w=0.00 12.07 it/s
step 86650/370000 G=1.710 Dp=0.287 Dm=0.185 cyc_w=5.00 id_w=0.00 12.07 it/s
step 86700/370000 G=2.135 Dp=0.117 Dm=0.202 cyc_w=5.00 id_w=0.00 12.07 it/s
step 86750/370000 G=1.982 Dp=0.090 Dm=0.043 cyc_w=5.00 id_w=0.00 12.07 it/s
step 86800/370000 G=1.808 Dp=0.172 Dm=0.120 cyc_w=5.00 id_w=0.00 12.07 it/s
step 86850/370000 G=2.003 Dp=0.151 Dm=0.074 cyc_w=5.00 id_w=0.00 12.07 it/s
step 86900/370000 G=2.200 Dp=0.171 Dm=0.129 cyc_w=5.00 id_w=0.00 12.07 it/s
step 86950/370000 G=1.956 Dp=0.122 Dm=0.049 cyc_w=5.00 id_w=0.00 12.07 it/s
step 87000/370000 G=1.933 Dp=0.198 Dm=0.028 cyc_w=5.00 id_w=0.00 12.07 it/s
step 87050/370000 G=1.821 Dp=0.171 Dm=0.140 cyc_w=5.00 id_w=0.00 12.07 it/s
step 87100/370000 G=1.461 Dp=0.155 Dm=0.076 cyc_w=5.00 id_w=0.00 12.07 it/s
step 87150/370000 G=1.986 Dp=0.172 Dm=0.131 cyc_w=5.00 id_w=0.00 12.07 it/s
step 87200/370000 G=2.852 Dp=0.059 Dm=0.196 cyc_w=5.00 id_w=0.00 12.07 it/s
step 87250/370000 G=1.776 Dp=0.334 Dm=0.078 cyc_w=5.00 id_w=0.00 12.07 it/s
step 87300/370000 G=2.770 Dp=0.056 Dm=0.081 cyc_w=5.00 id_w=0.00 12.07 it/s
step 87350/370000 G=2.336 Dp=0.172 Dm=0.042 cyc_w=5.00 id_w=0.00 12.07 it/s
step 87400/370000 G=1.297 Dp=0.227 Dm=0.130 cyc_w=5.00 id_w=0.00 12.07 it/s
step 87450/370000 G=2.047 Dp=0.209 Dm=0.157 cyc_w=5.00 id_w=0.00 12.07 it/s
step 87500/370000 G=2.269 Dp=0.197 Dm=0.086 cyc_w=5.00 id_w=0.00 12.07 it/s
step 87550/370000 G=1.580 Dp=0.157 Dm=0.047 cyc_w=5.00 id_w=0.00 12.07 it/s
step 87600/370000 G=1.501 Dp=0.179 Dm=0.123 cyc_w=5.00 id_w=0.00 12.07 it/s
step 87650/370000 G=1.445 Dp=0.166 Dm=0.054 cyc_w=5.00 id_w=0.00 12.07 it/s
step 87700/370000 G=0.975 Dp=0.288 Dm=0.179 cyc_w=5.00 id_w=0.00 12.07 it/s
step 87750/370000 G=2.130 Dp=0.160 Dm=0.122 cyc_w=5.00 id_w=0.00 12.07 it/s
step 87800/370000 G=1.578 Dp=0.111 Dm=0.068 cyc_w=5.00 id_w=0.00 12.07 it/s
step 87850/370000 G=1.527 Dp=0.288 Dm=0.134 cyc_w=5.00 id_w=0.00 12.07 it/s
step 87900/370000 G=1.728 Dp=0.087 Dm=0.183 cyc_w=5.00 id_w=0.00 12.07 it/s
step 87950/370000 G=2.115 Dp=0.042 Dm=0.047 cyc_w=5.00 id_w=0.00 12.07 it/s
step 88000/370000 G=1.628 Dp=0.177 Dm=0.063 cyc_w=5.00 id_w=0.00 12.07 it/s
step 88050/370000 G=1.874 Dp=0.204 Dm=0.150 cyc_w=5.00 id_w=0.00 12.07 it/s
step 88100/370000 G=1.855 Dp=0.186 Dm=0.208 cyc_w=5.00 id_w=0.00 12.07 it/s
step 88150/370000 G=2.642 Dp=0.205 Dm=0.119 cyc_w=5.00 id_w=0.00 12.07 it/s
step 88200/370000 G=1.857 Dp=0.269 Dm=0.075 cyc_w=5.00 id_w=0.00 12.07 it/s
step 88250/370000 G=2.105 Dp=0.067 Dm=0.094 cyc_w=5.00 id_w=0.00 12.07 it/s
step 88300/370000 G=1.905 Dp=0.166 Dm=0.082 cyc_w=5.00 id_w=0.00 12.07 it/s
step 88350/370000 G=2.112 Dp=0.307 Dm=0.078 cyc_w=5.00 id_w=0.00 12.07 it/s
step 88400/370000 G=1.955 Dp=0.134 Dm=0.095 cyc_w=5.00 id_w=0.00 12.07 it/s
step 88450/370000 G=2.211 Dp=0.235 Dm=0.129 cyc_w=5.00 id_w=0.00 12.07 it/s
step 88500/370000 G=1.921 Dp=0.240 Dm=0.112 cyc_w=5.00 id_w=0.00 12.07 it/s
EVAL {"step": 88500, "variant": "ema", "fid_a2b": 99.39379549680497, "fid_b2a": 96.09049912365447, "mifid_a2b": 0.41750287236205197, "mifid_b2a": 0.4024595334107587, "fid": 97.74214731022971, "mifid": 0.4099812028864053, "composite": 49.076064256558055}
EVAL {"step": 88500, "variant": "ema_slow", "fid_a2b": 97.47995527767566, "fid_b2a": 95.78617526161192, "mifid_a2b": 0.4167622234073093, "mifid_b2a": 0.4033474205108316, "fid": 96.6330652696438, "mifid": 0.41005482195907045, "composite": 48.52156004580143}
EVAL {"step": 88500, "variant": "raw", "fid_a2b": 102.95929950187934, "fid_b2a": 100.009686014754, "mifid_a2b": 0.4148677503336813, "mifid_b2a": 0.4034639424187996, "fid": 101.48449275831666, "mifid": 0.4091658463762404, "composite": 50.94682930234645}
step 88550/370000 G=1.803 Dp=0.144 Dm=0.110 cyc_w=5.00 id_w=0.00 11.98 it/s
step 88600/370000 G=1.908 Dp=0.159 Dm=0.111 cyc_w=5.00 id_w=0.00 11.98 it/s
step 88650/370000 G=2.081 Dp=0.125 Dm=0.083 cyc_w=5.00 id_w=0.00 11.98 it/s
step 88700/370000 G=1.768 Dp=0.105 Dm=0.130 cyc_w=5.00 id_w=0.00 11.98 it/s
step 88750/370000 G=2.156 Dp=0.193 Dm=0.112 cyc_w=5.00 id_w=0.00 11.98 it/s
step 88800/370000 G=1.633 Dp=0.247 Dm=0.180 cyc_w=5.00 id_w=0.00 11.98 it/s
step 88850/370000 G=2.272 Dp=0.146 Dm=0.129 cyc_w=5.00 id_w=0.00 11.98 it/s
step 88900/370000 G=1.881 Dp=0.266 Dm=0.182 cyc_w=5.00 id_w=0.00 11.98 it/s
step 88950/370000 G=1.825 Dp=0.160 Dm=0.061 cyc_w=5.00 id_w=0.00 11.98 it/s
step 89000/370000 G=1.449 Dp=0.192 Dm=0.191 cyc_w=5.00 id_w=0.00 11.98 it/s
step 89050/370000 G=1.532 Dp=0.168 Dm=0.242 cyc_w=5.00 id_w=0.00 11.98 it/s
step 89100/370000 G=2.005 Dp=0.258 Dm=0.145 cyc_w=5.00 id_w=0.00 11.98 it/s
step 89150/370000 G=1.807 Dp=0.118 Dm=0.103 cyc_w=5.00 id_w=0.00 11.98 it/s
step 89200/370000 G=1.450 Dp=0.147 Dm=0.069 cyc_w=5.00 id_w=0.00 11.98 it/s
step 89250/370000 G=1.724 Dp=0.185 Dm=0.113 cyc_w=5.00 id_w=0.00 11.98 it/s
step 89300/370000 G=1.602 Dp=0.200 Dm=0.306 cyc_w=5.00 id_w=0.00 11.98 it/s
step 89350/370000 G=2.371 Dp=0.163 Dm=0.179 cyc_w=5.00 id_w=0.00 11.98 it/s
step 89400/370000 G=2.182 Dp=0.044 Dm=0.078 cyc_w=5.00 id_w=0.00 11.98 it/s
step 89450/370000 G=1.273 Dp=0.320 Dm=0.086 cyc_w=5.00 id_w=0.00 11.98 it/s
step 89500/370000 G=2.027 Dp=0.365 Dm=0.118 cyc_w=5.00 id_w=0.00 11.98 it/s
step 89550/370000 G=2.178 Dp=0.081 Dm=0.071 cyc_w=5.00 id_w=0.00 11.98 it/s
step 89600/370000 G=1.514 Dp=0.100 Dm=0.214 cyc_w=5.00 id_w=0.00 11.98 it/s
step 89650/370000 G=2.735 Dp=0.169 Dm=0.142 cyc_w=5.00 id_w=0.00 11.98 it/s
step 89700/370000 G=1.329 Dp=0.113 Dm=0.133 cyc_w=5.00 id_w=0.00 11.98 it/s
step 89750/370000 G=1.418 Dp=0.226 Dm=0.162 cyc_w=5.00 id_w=0.00 11.98 it/s
step 89800/370000 G=2.226 Dp=0.070 Dm=0.189 cyc_w=5.00 id_w=0.00 11.98 it/s
step 89850/370000 G=2.564 Dp=0.102 Dm=0.118 cyc_w=5.00 id_w=0.00 11.98 it/s
step 89900/370000 G=2.136 Dp=0.231 Dm=0.231 cyc_w=5.00 id_w=0.00 11.98 it/s
step 89950/370000 G=1.442 Dp=0.345 Dm=0.065 cyc_w=5.00 id_w=0.00 11.98 it/s
step 90000/370000 G=2.343 Dp=0.139 Dm=0.147 cyc_w=5.00 id_w=0.00 11.98 it/s
step 90050/370000 G=1.859 Dp=0.072 Dm=0.106 cyc_w=5.00 id_w=0.00 11.98 it/s
step 90100/370000 G=1.820 Dp=0.082 Dm=0.202 cyc_w=5.00 id_w=0.00 11.98 it/s
step 90150/370000 G=1.904 Dp=0.079 Dm=0.053 cyc_w=5.00 id_w=0.00 11.98 it/s
step 90200/370000 G=1.528 Dp=0.034 Dm=0.269 cyc_w=5.00 id_w=0.00 11.98 it/s
step 90250/370000 G=1.648 Dp=0.194 Dm=0.127 cyc_w=5.00 id_w=0.00 11.98 it/s
step 90300/370000 G=2.030 Dp=0.245 Dm=0.033 cyc_w=5.00 id_w=0.00 11.98 it/s
step 90350/370000 G=1.865 Dp=0.077 Dm=0.069 cyc_w=5.00 id_w=0.00 11.98 it/s
step 90400/370000 G=1.636 Dp=0.137 Dm=0.298 cyc_w=5.00 id_w=0.00 11.98 it/s
step 90450/370000 G=2.318 Dp=0.090 Dm=0.089 cyc_w=5.00 id_w=0.00 11.98 it/s
step 90500/370000 G=3.831 Dp=0.109 Dm=0.098 cyc_w=5.00 id_w=0.00 11.98 it/s
step 90550/370000 G=1.747 Dp=0.327 Dm=0.161 cyc_w=5.00 id_w=0.00 11.98 it/s
step 90600/370000 G=1.456 Dp=0.078 Dm=0.183 cyc_w=5.00 id_w=0.00 11.98 it/s
step 90650/370000 G=1.961 Dp=0.135 Dm=0.033 cyc_w=5.00 id_w=0.00 11.98 it/s
step 90700/370000 G=2.040 Dp=0.059 Dm=0.083 cyc_w=5.00 id_w=0.00 11.98 it/s
step 90750/370000 G=1.520 Dp=0.249 Dm=0.103 cyc_w=5.00 id_w=0.00 11.98 it/s
step 90800/370000 G=2.225 Dp=0.225 Dm=0.044 cyc_w=5.00 id_w=0.00 11.98 it/s
step 90850/370000 G=1.810 Dp=0.170 Dm=0.157 cyc_w=5.00 id_w=0.00 11.98 it/s
step 90900/370000 G=1.238 Dp=0.101 Dm=0.266 cyc_w=5.00 id_w=0.00 11.98 it/s
step 90950/370000 G=2.062 Dp=0.357 Dm=0.048 cyc_w=5.00 id_w=0.00 11.99 it/s
step 91000/370000 G=1.784 Dp=0.129 Dm=0.055 cyc_w=5.00 id_w=0.00 11.99 it/s
step 91050/370000 G=2.175 Dp=0.097 Dm=0.168 cyc_w=5.00 id_w=0.00 11.98 it/s
step 91100/370000 G=1.401 Dp=0.221 Dm=0.105 cyc_w=5.00 id_w=0.00 11.98 it/s
step 91150/370000 G=2.052 Dp=0.148 Dm=0.224 cyc_w=5.00 id_w=0.00 11.98 it/s
step 91200/370000 G=2.117 Dp=0.136 Dm=0.040 cyc_w=5.00 id_w=0.00 11.99 it/s
step 91250/370000 G=1.517 Dp=0.155 Dm=0.048 cyc_w=5.00 id_w=0.00 11.99 it/s
step 91300/370000 G=1.465 Dp=0.095 Dm=0.106 cyc_w=5.00 id_w=0.00 11.99 it/s
step 91350/370000 G=2.414 Dp=0.208 Dm=0.130 cyc_w=5.00 id_w=0.00 11.99 it/s
step 91400/370000 G=1.960 Dp=0.151 Dm=0.033 cyc_w=5.00 id_w=0.00 11.99 it/s
step 91450/370000 G=1.316 Dp=0.204 Dm=0.115 cyc_w=5.00 id_w=0.00 11.99 it/s
step 91500/370000 G=1.284 Dp=0.153 Dm=0.140 cyc_w=5.00 id_w=0.00 11.99 it/s
step 91550/370000 G=1.978 Dp=0.227 Dm=0.076 cyc_w=5.00 id_w=0.00 11.99 it/s
step 91600/370000 G=1.751 Dp=0.188 Dm=0.215 cyc_w=5.00 id_w=0.00 11.99 it/s
step 91650/370000 G=1.613 Dp=0.230 Dm=0.127 cyc_w=5.00 id_w=0.00 11.99 it/s
step 91700/370000 G=2.261 Dp=0.219 Dm=0.209 cyc_w=5.00 id_w=0.00 11.99 it/s
step 91750/370000 G=2.183 Dp=0.119 Dm=0.093 cyc_w=5.00 id_w=0.00 11.99 it/s
step 91800/370000 G=1.802 Dp=0.272 Dm=0.252 cyc_w=5.00 id_w=0.00 11.99 it/s
step 91850/370000 G=1.709 Dp=0.146 Dm=0.069 cyc_w=5.00 id_w=0.00 11.99 it/s
step 91900/370000 G=1.420 Dp=0.199 Dm=0.043 cyc_w=5.00 id_w=0.00 11.99 it/s
step 91950/370000 G=1.048 Dp=0.180 Dm=0.177 cyc_w=5.00 id_w=0.00 11.99 it/s
step 92000/370000 G=1.532 Dp=0.170 Dm=0.173 cyc_w=5.00 id_w=0.00 11.99 it/s
step 92050/370000 G=2.207 Dp=0.111 Dm=0.041 cyc_w=5.00 id_w=0.00 11.99 it/s
step 92100/370000 G=1.875 Dp=0.268 Dm=0.094 cyc_w=5.00 id_w=0.00 11.99 it/s
step 92150/370000 G=1.683 Dp=0.193 Dm=0.057 cyc_w=5.00 id_w=0.00 11.99 it/s
step 92200/370000 G=1.227 Dp=0.070 Dm=0.183 cyc_w=5.00 id_w=0.00 11.99 it/s
step 92250/370000 G=2.765 Dp=0.117 Dm=0.044 cyc_w=5.00 id_w=0.00 11.99 it/s
step 92300/370000 G=2.478 Dp=0.119 Dm=0.042 cyc_w=5.00 id_w=0.00 11.99 it/s
step 92350/370000 G=2.061 Dp=0.177 Dm=0.155 cyc_w=5.00 id_w=0.00 11.99 it/s
step 92400/370000 G=2.203 Dp=0.274 Dm=0.054 cyc_w=5.00 id_w=0.00 11.99 it/s
step 92450/370000 G=2.443 Dp=0.447 Dm=0.136 cyc_w=5.00 id_w=0.00 11.99 it/s
step 92500/370000 G=1.522 Dp=0.182 Dm=0.080 cyc_w=5.00 id_w=0.00 11.99 it/s
step 92550/370000 G=1.938 Dp=0.178 Dm=0.063 cyc_w=5.00 id_w=0.00 11.99 it/s
step 92600/370000 G=1.524 Dp=0.135 Dm=0.096 cyc_w=5.00 id_w=0.00 11.99 it/s
step 92650/370000 G=2.098 Dp=0.210 Dm=0.147 cyc_w=5.00 id_w=0.00 11.99 it/s
step 92700/370000 G=1.915 Dp=0.184 Dm=0.061 cyc_w=5.00 id_w=0.00 11.99 it/s
step 92750/370000 G=2.060 Dp=0.219 Dm=0.272 cyc_w=5.00 id_w=0.00 11.99 it/s
step 92800/370000 G=1.545 Dp=0.124 Dm=0.154 cyc_w=5.00 id_w=0.00 11.99 it/s
step 92850/370000 G=1.890 Dp=0.121 Dm=0.235 cyc_w=5.00 id_w=0.00 11.99 it/s
step 92900/370000 G=2.356 Dp=0.118 Dm=0.103 cyc_w=5.00 id_w=0.00 11.99 it/s
step 92950/370000 G=2.136 Dp=0.233 Dm=0.050 cyc_w=5.00 id_w=0.00 11.99 it/s
step 93000/370000 G=1.697 Dp=0.161 Dm=0.049 cyc_w=5.00 id_w=0.00 11.99 it/s
step 93050/370000 G=1.683 Dp=0.353 Dm=0.092 cyc_w=5.00 id_w=0.00 11.99 it/s
step 93100/370000 G=1.519 Dp=0.255 Dm=0.081 cyc_w=5.00 id_w=0.00 11.99 it/s
step 93150/370000 G=2.136 Dp=0.240 Dm=0.079 cyc_w=5.00 id_w=0.00 11.99 it/s
step 93200/370000 G=2.093 Dp=0.086 Dm=0.096 cyc_w=5.00 id_w=0.00 11.99 it/s
step 93250/370000 G=1.946 Dp=0.124 Dm=0.114 cyc_w=5.00 id_w=0.00 11.99 it/s
step 93300/370000 G=1.646 Dp=0.085 Dm=0.121 cyc_w=5.00 id_w=0.00 11.99 it/s
step 93350/370000 G=2.039 Dp=0.060 Dm=0.072 cyc_w=5.00 id_w=0.00 11.99 it/s
step 93400/370000 G=1.929 Dp=0.232 Dm=0.110 cyc_w=5.00 id_w=0.00 11.99 it/s
step 93450/370000 G=2.020 Dp=0.214 Dm=0.069 cyc_w=5.00 id_w=0.00 11.99 it/s
step 93500/370000 G=2.645 Dp=0.153 Dm=0.066 cyc_w=5.00 id_w=0.00 11.99 it/s
step 93550/370000 G=1.863 Dp=0.198 Dm=0.143 cyc_w=5.00 id_w=0.00 11.99 it/s
step 93600/370000 G=2.086 Dp=0.091 Dm=0.058 cyc_w=5.00 id_w=0.00 11.99 it/s
step 93650/370000 G=1.505 Dp=0.216 Dm=0.087 cyc_w=5.00 id_w=0.00 11.99 it/s
step 93700/370000 G=1.069 Dp=0.424 Dm=0.289 cyc_w=5.00 id_w=0.00 11.99 it/s
step 93750/370000 G=1.441 Dp=0.188 Dm=0.105 cyc_w=5.00 id_w=0.00 11.99 it/s
step 93800/370000 G=2.277 Dp=0.084 Dm=0.114 cyc_w=5.00 id_w=0.00 11.99 it/s
step 93850/370000 G=1.343 Dp=0.365 Dm=0.080 cyc_w=5.00 id_w=0.00 12.00 it/s
step 93900/370000 G=2.040 Dp=0.180 Dm=0.053 cyc_w=5.00 id_w=0.00 12.00 it/s
step 93950/370000 G=2.636 Dp=0.143 Dm=0.057 cyc_w=5.00 id_w=0.00 12.00 it/s
step 94000/370000 G=1.342 Dp=0.211 Dm=0.068 cyc_w=5.00 id_w=0.00 12.00 it/s
step 94050/370000 G=1.797 Dp=0.332 Dm=0.206 cyc_w=5.00 id_w=0.00 12.00 it/s
step 94100/370000 G=1.419 Dp=0.206 Dm=0.066 cyc_w=5.00 id_w=0.00 12.01 it/s
step 94150/370000 G=1.812 Dp=0.179 Dm=0.144 cyc_w=5.00 id_w=0.00 12.01 it/s
step 94200/370000 G=1.649 Dp=0.093 Dm=0.104 cyc_w=5.00 id_w=0.00 12.01 it/s
step 94250/370000 G=1.564 Dp=0.208 Dm=0.240 cyc_w=5.00 id_w=0.00 12.01 it/s
step 94300/370000 G=1.429 Dp=0.297 Dm=0.059 cyc_w=5.00 id_w=0.00 12.01 it/s
step 94350/370000 G=2.298 Dp=0.061 Dm=0.146 cyc_w=5.00 id_w=0.00 12.01 it/s
step 94400/370000 G=1.686 Dp=0.162 Dm=0.035 cyc_w=5.00 id_w=0.00 12.02 it/s
step 94450/370000 G=2.334 Dp=0.207 Dm=0.091 cyc_w=5.00 id_w=0.00 12.02 it/s
step 94500/370000 G=1.888 Dp=0.166 Dm=0.110 cyc_w=5.00 id_w=0.00 12.02 it/s
step 94550/370000 G=1.771 Dp=0.297 Dm=0.083 cyc_w=5.00 id_w=0.00 12.02 it/s
step 94600/370000 G=2.516 Dp=0.066 Dm=0.146 cyc_w=5.00 id_w=0.00 12.03 it/s
step 94650/370000 G=2.058 Dp=0.119 Dm=0.134 cyc_w=5.00 id_w=0.00 12.03 it/s
step 94700/370000 G=1.788 Dp=0.122 Dm=0.045 cyc_w=5.00 id_w=0.00 12.03 it/s
step 94750/370000 G=1.552 Dp=0.134 Dm=0.157 cyc_w=5.00 id_w=0.00 12.03 it/s
step 94800/370000 G=1.791 Dp=0.258 Dm=0.062 cyc_w=5.00 id_w=0.00 12.03 it/s
step 94850/370000 G=1.922 Dp=0.251 Dm=0.253 cyc_w=5.00 id_w=0.00 12.03 it/s
step 94900/370000 G=1.755 Dp=0.068 Dm=0.066 cyc_w=5.00 id_w=0.00 12.03 it/s
step 94950/370000 G=2.060 Dp=0.121 Dm=0.132 cyc_w=5.00 id_w=0.00 12.03 it/s
step 95000/370000 G=2.642 Dp=0.042 Dm=0.143 cyc_w=5.00 id_w=0.00 12.03 it/s
step 95050/370000 G=2.214 Dp=0.068 Dm=0.069 cyc_w=5.00 id_w=0.00 12.03 it/s
step 95100/370000 G=1.782 Dp=0.228 Dm=0.181 cyc_w=5.00 id_w=0.00 12.03 it/s
step 95150/370000 G=2.254 Dp=0.143 Dm=0.098 cyc_w=5.00 id_w=0.00 12.03 it/s
step 95200/370000 G=1.145 Dp=0.140 Dm=0.150 cyc_w=5.00 id_w=0.00 12.03 it/s
step 95250/370000 G=1.880 Dp=0.183 Dm=0.100 cyc_w=5.00 id_w=0.00 12.03 it/s
step 95300/370000 G=1.793 Dp=0.146 Dm=0.093 cyc_w=5.00 id_w=0.00 12.03 it/s
step 95350/370000 G=1.627 Dp=0.192 Dm=0.227 cyc_w=5.00 id_w=0.00 12.03 it/s
step 95400/370000 G=1.784 Dp=0.242 Dm=0.111 cyc_w=5.00 id_w=0.00 12.03 it/s
step 95450/370000 G=1.519 Dp=0.186 Dm=0.150 cyc_w=5.00 id_w=0.00 12.03 it/s
step 95500/370000 G=2.487 Dp=0.046 Dm=0.150 cyc_w=5.00 id_w=0.00 12.03 it/s
step 95550/370000 G=1.652 Dp=0.096 Dm=0.129 cyc_w=5.00 id_w=0.00 12.03 it/s
step 95600/370000 G=1.872 Dp=0.183 Dm=0.101 cyc_w=5.00 id_w=0.00 12.03 it/s
step 95650/370000 G=1.633 Dp=0.077 Dm=0.133 cyc_w=5.00 id_w=0.00 12.03 it/s
step 95700/370000 G=1.837 Dp=0.166 Dm=0.091 cyc_w=5.00 id_w=0.00 12.03 it/s
step 95750/370000 G=2.192 Dp=0.210 Dm=0.259 cyc_w=5.00 id_w=0.00 12.03 it/s
step 95800/370000 G=1.983 Dp=0.136 Dm=0.117 cyc_w=5.00 id_w=0.00 12.03 it/s
step 95850/370000 G=2.494 Dp=0.106 Dm=0.123 cyc_w=5.00 id_w=0.00 12.03 it/s
step 95900/370000 G=1.775 Dp=0.083 Dm=0.167 cyc_w=5.00 id_w=0.00 12.03 it/s
step 95950/370000 G=2.224 Dp=0.147 Dm=0.153 cyc_w=5.00 id_w=0.00 12.03 it/s
step 96000/370000 G=2.568 Dp=0.237 Dm=0.073 cyc_w=5.00 id_w=0.00 12.03 it/s
step 96050/370000 G=2.579 Dp=0.079 Dm=0.140 cyc_w=5.00 id_w=0.00 12.03 it/s
step 96100/370000 G=2.026 Dp=0.140 Dm=0.180 cyc_w=5.00 id_w=0.00 12.03 it/s
step 96150/370000 G=1.116 Dp=0.106 Dm=0.135 cyc_w=5.00 id_w=0.00 12.03 it/s
step 96200/370000 G=1.606 Dp=0.076 Dm=0.071 cyc_w=5.00 id_w=0.00 12.03 it/s
step 96250/370000 G=2.315 Dp=0.101 Dm=0.054 cyc_w=5.00 id_w=0.00 12.03 it/s
step 96300/370000 G=1.567 Dp=0.212 Dm=0.137 cyc_w=5.00 id_w=0.00 12.03 it/s
step 96350/370000 G=2.734 Dp=0.089 Dm=0.108 cyc_w=5.00 id_w=0.00 12.03 it/s
step 96400/370000 G=1.769 Dp=0.285 Dm=0.137 cyc_w=5.00 id_w=0.00 12.03 it/s
step 96450/370000 G=1.616 Dp=0.275 Dm=0.044 cyc_w=5.00 id_w=0.00 12.03 it/s
step 96500/370000 G=1.602 Dp=0.166 Dm=0.050 cyc_w=5.00 id_w=0.00 12.03 it/s
step 96550/370000 G=1.448 Dp=0.173 Dm=0.133 cyc_w=5.00 id_w=0.00 12.03 it/s
step 96600/370000 G=1.685 Dp=0.186 Dm=0.158 cyc_w=5.00 id_w=0.00 12.03 it/s
step 96650/370000 G=2.444 Dp=0.186 Dm=0.054 cyc_w=5.00 id_w=0.00 12.03 it/s
step 96700/370000 G=1.333 Dp=0.255 Dm=0.149 cyc_w=5.00 id_w=0.00 12.03 it/s
step 96750/370000 G=1.884 Dp=0.210 Dm=0.066 cyc_w=5.00 id_w=0.00 12.03 it/s
step 96800/370000 G=2.192 Dp=0.142 Dm=0.139 cyc_w=5.00 id_w=0.00 12.03 it/s
step 96850/370000 G=1.348 Dp=0.197 Dm=0.074 cyc_w=5.00 id_w=0.00 12.03 it/s
step 96900/370000 G=2.309 Dp=0.039 Dm=0.066 cyc_w=5.00 id_w=0.00 12.03 it/s
step 96950/370000 G=1.800 Dp=0.248 Dm=0.070 cyc_w=5.00 id_w=0.00 12.03 it/s
step 97000/370000 G=1.766 Dp=0.107 Dm=0.037 cyc_w=5.00 id_w=0.00 12.03 it/s
step 97050/370000 G=1.481 Dp=0.276 Dm=0.079 cyc_w=5.00 id_w=0.00 12.03 it/s
step 97100/370000 G=1.880 Dp=0.161 Dm=0.089 cyc_w=5.00 id_w=0.00 12.03 it/s
step 97150/370000 G=1.875 Dp=0.202 Dm=0.065 cyc_w=5.00 id_w=0.00 12.03 it/s
step 97200/370000 G=1.596 Dp=0.337 Dm=0.148 cyc_w=5.00 id_w=0.00 12.03 it/s
step 97250/370000 G=1.913 Dp=0.063 Dm=0.176 cyc_w=5.00 id_w=0.00 12.03 it/s
step 97300/370000 G=1.187 Dp=0.100 Dm=0.073 cyc_w=5.00 id_w=0.00 12.03 it/s
step 97350/370000 G=1.688 Dp=0.124 Dm=0.086 cyc_w=5.00 id_w=0.00 12.03 it/s
step 97400/370000 G=1.864 Dp=0.223 Dm=0.100 cyc_w=5.00 id_w=0.00 12.03 it/s
step 97450/370000 G=1.724 Dp=0.059 Dm=0.106 cyc_w=5.00 id_w=0.00 12.03 it/s
step 97500/370000 G=2.212 Dp=0.163 Dm=0.089 cyc_w=5.00 id_w=0.00 12.03 it/s
step 97550/370000 G=1.858 Dp=0.159 Dm=0.042 cyc_w=5.00 id_w=0.00 12.03 it/s
step 97600/370000 G=2.567 Dp=0.186 Dm=0.025 cyc_w=5.00 id_w=0.00 12.03 it/s
step 97650/370000 G=1.807 Dp=0.398 Dm=0.131 cyc_w=5.00 id_w=0.00 12.03 it/s
step 97700/370000 G=1.732 Dp=0.259 Dm=0.075 cyc_w=5.00 id_w=0.00 12.03 it/s
step 97750/370000 G=1.753 Dp=0.295 Dm=0.143 cyc_w=5.00 id_w=0.00 12.03 it/s
step 97800/370000 G=2.384 Dp=0.156 Dm=0.059 cyc_w=5.00 id_w=0.00 12.03 it/s
step 97850/370000 G=2.241 Dp=0.062 Dm=0.142 cyc_w=5.00 id_w=0.00 12.03 it/s
step 97900/370000 G=1.788 Dp=0.113 Dm=0.070 cyc_w=5.00 id_w=0.00 12.03 it/s
step 97950/370000 G=1.965 Dp=0.072 Dm=0.147 cyc_w=5.00 id_w=0.00 12.03 it/s
step 98000/370000 G=2.046 Dp=0.126 Dm=0.109 cyc_w=5.00 id_w=0.00 12.03 it/s
step 98050/370000 G=1.833 Dp=0.143 Dm=0.121 cyc_w=5.00 id_w=0.00 12.03 it/s
step 98100/370000 G=3.743 Dp=0.098 Dm=0.043 cyc_w=5.00 id_w=0.00 12.04 it/s
step 98150/370000 G=2.296 Dp=0.091 Dm=0.188 cyc_w=5.00 id_w=0.00 12.04 it/s
step 98200/370000 G=2.444 Dp=0.106 Dm=0.057 cyc_w=5.00 id_w=0.00 12.04 it/s
step 98250/370000 G=1.797 Dp=0.255 Dm=0.058 cyc_w=5.00 id_w=0.00 12.04 it/s
step 98300/370000 G=1.750 Dp=0.139 Dm=0.101 cyc_w=5.00 id_w=0.00 12.04 it/s
step 98350/370000 G=1.645 Dp=0.158 Dm=0.128 cyc_w=5.00 id_w=0.00 12.05 it/s
step 98400/370000 G=2.049 Dp=0.060 Dm=0.117 cyc_w=5.00 id_w=0.00 12.05 it/s
step 98450/370000 G=2.110 Dp=0.050 Dm=0.053 cyc_w=5.00 id_w=0.00 12.05 it/s
step 98500/370000 G=1.676 Dp=0.220 Dm=0.080 cyc_w=5.00 id_w=0.00 12.05 it/s
step 98550/370000 G=1.841 Dp=0.166 Dm=0.139 cyc_w=5.00 id_w=0.00 12.05 it/s
step 98600/370000 G=2.696 Dp=0.058 Dm=0.068 cyc_w=5.00 id_w=0.00 12.05 it/s
step 98650/370000 G=2.182 Dp=0.131 Dm=0.087 cyc_w=5.00 id_w=0.00 12.06 it/s
step 98700/370000 G=2.177 Dp=0.245 Dm=0.107 cyc_w=5.00 id_w=0.00 12.06 it/s
step 98750/370000 G=1.737 Dp=0.147 Dm=0.049 cyc_w=5.00 id_w=0.00 12.06 it/s
step 98800/370000 G=1.611 Dp=0.127 Dm=0.074 cyc_w=5.00 id_w=0.00 12.06 it/s
step 98850/370000 G=1.864 Dp=0.129 Dm=0.082 cyc_w=5.00 id_w=0.00 12.06 it/s
step 98900/370000 G=2.326 Dp=0.121 Dm=0.100 cyc_w=5.00 id_w=0.00 12.07 it/s
step 98950/370000 G=1.963 Dp=0.193 Dm=0.185 cyc_w=5.00 id_w=0.00 12.07 it/s
step 99000/370000 G=2.574 Dp=0.100 Dm=0.057 cyc_w=5.00 id_w=0.00 12.07 it/s
step 99050/370000 G=2.017 Dp=0.182 Dm=0.187 cyc_w=5.00 id_w=0.00 12.07 it/s
step 99100/370000 G=1.739 Dp=0.117 Dm=0.158 cyc_w=5.00 id_w=0.00 12.07 it/s
step 99150/370000 G=1.514 Dp=0.097 Dm=0.124 cyc_w=5.00 id_w=0.00 12.07 it/s
step 99200/370000 G=2.099 Dp=0.124 Dm=0.120 cyc_w=5.00 id_w=0.00 12.07 it/s
step 99250/370000 G=1.834 Dp=0.112 Dm=0.037 cyc_w=5.00 id_w=0.00 12.07 it/s
step 99300/370000 G=1.032 Dp=0.080 Dm=0.075 cyc_w=5.00 id_w=0.00 12.07 it/s
step 99350/370000 G=1.996 Dp=0.112 Dm=0.047 cyc_w=5.00 id_w=0.00 12.07 it/s
step 99400/370000 G=1.898 Dp=0.262 Dm=0.188 cyc_w=5.00 id_w=0.00 12.07 it/s
step 99450/370000 G=2.053 Dp=0.318 Dm=0.141 cyc_w=5.00 id_w=0.00 12.07 it/s
step 99500/370000 G=1.611 Dp=0.143 Dm=0.069 cyc_w=5.00 id_w=0.00 12.07 it/s
step 99550/370000 G=2.236 Dp=0.172 Dm=0.071 cyc_w=5.00 id_w=0.00 12.07 it/s
step 99600/370000 G=2.128 Dp=0.044 Dm=0.100 cyc_w=5.00 id_w=0.00 12.07 it/s
step 99650/370000 G=1.886 Dp=0.066 Dm=0.107 cyc_w=5.00 id_w=0.00 12.07 it/s
step 99700/370000 G=1.524 Dp=0.083 Dm=0.081 cyc_w=5.00 id_w=0.00 12.07 it/s
step 99750/370000 G=2.485 Dp=0.171 Dm=0.044 cyc_w=5.00 id_w=0.00 12.07 it/s
step 99800/370000 G=1.903 Dp=0.266 Dm=0.082 cyc_w=5.00 id_w=0.00 12.07 it/s
step 99850/370000 G=1.921 Dp=0.072 Dm=0.159 cyc_w=5.00 id_w=0.00 12.07 it/s
step 99900/370000 G=2.023 Dp=0.082 Dm=0.146 cyc_w=5.00 id_w=0.00 12.07 it/s
step 99950/370000 G=1.946 Dp=0.280 Dm=0.132 cyc_w=5.00 id_w=0.00 12.07 it/s
step 100000/370000 G=1.533 Dp=0.110 Dm=0.194 cyc_w=5.00 id_w=0.00 12.07 it/s
step 100050/370000 G=1.906 Dp=0.227 Dm=0.061 cyc_w=5.00 id_w=0.00 12.07 it/s
step 100100/370000 G=1.325 Dp=0.296 Dm=0.151 cyc_w=5.00 id_w=0.00 12.07 it/s
step 100150/370000 G=1.850 Dp=0.192 Dm=0.071 cyc_w=5.00 id_w=0.00 12.07 it/s
step 100200/370000 G=2.061 Dp=0.132 Dm=0.090 cyc_w=5.00 id_w=0.00 12.07 it/s
step 100250/370000 G=1.714 Dp=0.197 Dm=0.128 cyc_w=5.00 id_w=0.00 12.07 it/s
step 100300/370000 G=1.550 Dp=0.152 Dm=0.038 cyc_w=5.00 id_w=0.00 12.07 it/s
step 100350/370000 G=2.109 Dp=0.169 Dm=0.069 cyc_w=5.00 id_w=0.00 12.07 it/s
step 100400/370000 G=2.077 Dp=0.111 Dm=0.149 cyc_w=5.00 id_w=0.00 12.07 it/s
step 100450/370000 G=1.703 Dp=0.298 Dm=0.031 cyc_w=5.00 id_w=0.00 12.07 it/s
step 100500/370000 G=1.048 Dp=0.066 Dm=0.082 cyc_w=5.00 id_w=0.00 12.07 it/s
step 100550/370000 G=2.144 Dp=0.251 Dm=0.104 cyc_w=5.00 id_w=0.00 12.07 it/s
step 100600/370000 G=1.686 Dp=0.144 Dm=0.087 cyc_w=5.00 id_w=0.00 12.07 it/s
step 100650/370000 G=2.406 Dp=0.212 Dm=0.131 cyc_w=5.00 id_w=0.00 12.07 it/s
step 100700/370000 G=1.868 Dp=0.106 Dm=0.079 cyc_w=5.00 id_w=0.00 12.07 it/s
step 100750/370000 G=2.419 Dp=0.114 Dm=0.192 cyc_w=5.00 id_w=0.00 12.07 it/s
step 100800/370000 G=2.411 Dp=0.068 Dm=0.073 cyc_w=5.00 id_w=0.00 12.07 it/s
step 100850/370000 G=1.991 Dp=0.107 Dm=0.075 cyc_w=5.00 id_w=0.00 12.07 it/s
step 100900/370000 G=1.964 Dp=0.221 Dm=0.163 cyc_w=5.00 id_w=0.00 12.07 it/s
step 100950/370000 G=1.624 Dp=0.172 Dm=0.108 cyc_w=5.00 id_w=0.00 12.07 it/s
step 101000/370000 G=2.164 Dp=0.052 Dm=0.040 cyc_w=5.00 id_w=0.00 12.07 it/s
step 101050/370000 G=2.151 Dp=0.200 Dm=0.220 cyc_w=5.00 id_w=0.00 12.07 it/s
step 101100/370000 G=2.314 Dp=0.037 Dm=0.119 cyc_w=5.00 id_w=0.00 12.07 it/s
step 101150/370000 G=1.460 Dp=0.134 Dm=0.141 cyc_w=5.00 id_w=0.00 12.07 it/s
step 101200/370000 G=1.579 Dp=0.295 Dm=0.123 cyc_w=5.00 id_w=0.00 12.07 it/s
step 101250/370000 G=1.664 Dp=0.139 Dm=0.121 cyc_w=5.00 id_w=0.00 12.07 it/s
step 101300/370000 G=1.353 Dp=0.389 Dm=0.182 cyc_w=5.00 id_w=0.00 12.07 it/s
step 101350/370000 G=1.876 Dp=0.056 Dm=0.520 cyc_w=5.00 id_w=0.00 12.07 it/s
step 101400/370000 G=2.352 Dp=0.154 Dm=0.076 cyc_w=5.00 id_w=0.00 12.07 it/s
step 101450/370000 G=1.496 Dp=0.167 Dm=0.085 cyc_w=5.00 id_w=0.00 12.07 it/s
step 101500/370000 G=1.742 Dp=0.142 Dm=0.084 cyc_w=5.00 id_w=0.00 12.07 it/s
step 101550/370000 G=1.438 Dp=0.157 Dm=0.049 cyc_w=5.00 id_w=0.00 12.07 it/s
step 101600/370000 G=1.783 Dp=0.371 Dm=0.234 cyc_w=5.00 id_w=0.00 12.07 it/s
step 101650/370000 G=2.271 Dp=0.120 Dm=0.067 cyc_w=5.00 id_w=0.00 12.07 it/s
step 101700/370000 G=3.362 Dp=0.104 Dm=0.039 cyc_w=5.00 id_w=0.00 12.07 it/s
step 101750/370000 G=1.599 Dp=0.153 Dm=0.098 cyc_w=5.00 id_w=0.00 12.07 it/s
step 101800/370000 G=2.234 Dp=0.127 Dm=0.055 cyc_w=5.00 id_w=0.00 12.07 it/s
step 101850/370000 G=1.593 Dp=0.190 Dm=0.210 cyc_w=5.00 id_w=0.00 12.07 it/s
step 101900/370000 G=1.545 Dp=0.065 Dm=0.099 cyc_w=5.00 id_w=0.00 12.07 it/s
step 101950/370000 G=2.078 Dp=0.054 Dm=0.081 cyc_w=5.00 id_w=0.00 12.07 it/s
step 102000/370000 G=2.070 Dp=0.164 Dm=0.074 cyc_w=5.00 id_w=0.00 12.07 it/s
step 102050/370000 G=1.506 Dp=0.372 Dm=0.121 cyc_w=5.00 id_w=0.00 12.07 it/s
step 102100/370000 G=2.096 Dp=0.129 Dm=0.060 cyc_w=5.00 id_w=0.00 12.07 it/s
step 102150/370000 G=2.176 Dp=0.067 Dm=0.059 cyc_w=5.00 id_w=0.00 12.07 it/s
step 102200/370000 G=1.787 Dp=0.373 Dm=0.072 cyc_w=5.00 id_w=0.00 12.07 it/s
step 102250/370000 G=1.761 Dp=0.123 Dm=0.108 cyc_w=5.00 id_w=0.00 12.07 it/s
step 102300/370000 G=2.227 Dp=0.109 Dm=0.126 cyc_w=5.00 id_w=0.00 12.07 it/s
step 102350/370000 G=1.881 Dp=0.085 Dm=0.049 cyc_w=5.00 id_w=0.00 12.07 it/s
step 102400/370000 G=1.720 Dp=0.114 Dm=0.130 cyc_w=5.00 id_w=0.00 12.07 it/s
step 102450/370000 G=1.785 Dp=0.160 Dm=0.081 cyc_w=5.00 id_w=0.00 12.07 it/s
step 102500/370000 G=1.660 Dp=0.169 Dm=0.136 cyc_w=5.00 id_w=0.00 12.07 it/s
step 102550/370000 G=1.641 Dp=0.103 Dm=0.096 cyc_w=5.00 id_w=0.00 12.07 it/s
step 102600/370000 G=1.956 Dp=0.133 Dm=0.102 cyc_w=5.00 id_w=0.00 12.07 it/s
step 102650/370000 G=1.704 Dp=0.142 Dm=0.072 cyc_w=5.00 id_w=0.00 12.07 it/s
step 102700/370000 G=1.319 Dp=0.192 Dm=0.089 cyc_w=5.00 id_w=0.00 12.07 it/s
step 102750/370000 G=1.376 Dp=0.271 Dm=0.162 cyc_w=5.00 id_w=0.00 12.07 it/s
step 102800/370000 G=1.645 Dp=0.276 Dm=0.127 cyc_w=5.00 id_w=0.00 12.07 it/s
step 102850/370000 G=1.248 Dp=0.171 Dm=0.044 cyc_w=5.00 id_w=0.00 12.07 it/s
step 102900/370000 G=1.392 Dp=0.132 Dm=0.140 cyc_w=5.00 id_w=0.00 12.07 it/s
step 102950/370000 G=1.722 Dp=0.218 Dm=0.056 cyc_w=5.00 id_w=0.00 12.07 it/s
step 103000/370000 G=2.017 Dp=0.116 Dm=0.072 cyc_w=5.00 id_w=0.00 12.07 it/s
step 103050/370000 G=2.202 Dp=0.165 Dm=0.032 cyc_w=5.00 id_w=0.00 12.07 it/s
step 103100/370000 G=1.941 Dp=0.085 Dm=0.144 cyc_w=5.00 id_w=0.00 12.07 it/s
step 103150/370000 G=2.149 Dp=0.164 Dm=0.179 cyc_w=5.00 id_w=0.00 12.07 it/s
step 103200/370000 G=2.181 Dp=0.156 Dm=0.069 cyc_w=5.00 id_w=0.00 12.07 it/s
step 103250/370000 G=1.879 Dp=0.123 Dm=0.046 cyc_w=5.00 id_w=0.00 12.07 it/s
EVAL {"step": 103250, "variant": "ema", "fid_a2b": 97.71463122485295, "fid_b2a": 95.50144025587092, "mifid_a2b": 0.4185632320285976, "mifid_b2a": 0.40025251628630965, "fid": 96.60803574036194, "mifid": 0.4094078741574536, "composite": 48.5087218072597}
EVAL {"step": 103250, "variant": "ema_slow", "fid_a2b": 97.24288847061598, "fid_b2a": 95.63652827655807, "mifid_a2b": 0.4171961310862224, "mifid_b2a": 0.4020198076731913, "fid": 96.43970837358702, "mifid": 0.40960796937970684, "composite": 48.424658171483365}
EVAL {"step": 103250, "variant": "raw", "fid_a2b": 104.39257193936162, "fid_b2a": 95.57064288924327, "mifid_a2b": 0.42154022466107366, "mifid_b2a": 0.4015763338189905, "fid": 99.98160741430245, "mifid": 0.4115582792400321, "composite": 50.196582846771236}
step 103300/370000 G=1.664 Dp=0.068 Dm=0.117 cyc_w=5.00 id_w=0.00 11.99 it/s
step 103350/370000 G=1.612 Dp=0.216 Dm=0.141 cyc_w=5.00 id_w=0.00 11.99 it/s
step 103400/370000 G=2.016 Dp=0.048 Dm=0.102 cyc_w=5.00 id_w=0.00 11.99 it/s
step 103450/370000 G=1.605 Dp=0.205 Dm=0.180 cyc_w=5.00 id_w=0.00 11.99 it/s
step 103500/370000 G=2.264 Dp=0.266 Dm=0.078 cyc_w=5.00 id_w=0.00 11.99 it/s
step 103550/370000 G=2.014 Dp=0.149 Dm=0.151 cyc_w=5.00 id_w=0.00 11.99 it/s
step 103600/370000 G=1.959 Dp=0.253 Dm=0.063 cyc_w=5.00 id_w=0.00 11.99 it/s
step 103650/370000 G=1.602 Dp=0.167 Dm=0.070 cyc_w=5.00 id_w=0.00 11.99 it/s
step 103700/370000 G=1.270 Dp=0.212 Dm=0.093 cyc_w=5.00 id_w=0.00 11.99 it/s
step 103750/370000 G=1.610 Dp=0.195 Dm=0.093 cyc_w=5.00 id_w=0.00 11.99 it/s
step 103800/370000 G=1.736 Dp=0.239 Dm=0.028 cyc_w=5.00 id_w=0.00 11.99 it/s
step 103850/370000 G=2.026 Dp=0.321 Dm=0.130 cyc_w=5.00 id_w=0.00 11.99 it/s
step 103900/370000 G=2.094 Dp=0.140 Dm=0.047 cyc_w=5.00 id_w=0.00 11.99 it/s
step 103950/370000 G=1.750 Dp=0.244 Dm=0.204 cyc_w=5.00 id_w=0.00 11.99 it/s
step 104000/370000 G=1.488 Dp=0.185 Dm=0.139 cyc_w=5.00 id_w=0.00 11.99 it/s
step 104050/370000 G=1.789 Dp=0.301 Dm=0.045 cyc_w=5.00 id_w=0.00 11.99 it/s
step 104100/370000 G=1.547 Dp=0.218 Dm=0.203 cyc_w=5.00 id_w=0.00 11.99 it/s
step 104150/370000 G=1.573 Dp=0.173 Dm=0.090 cyc_w=5.00 id_w=0.00 11.99 it/s
step 104200/370000 G=1.814 Dp=0.154 Dm=0.085 cyc_w=5.00 id_w=0.00 11.99 it/s
step 104250/370000 G=2.015 Dp=0.131 Dm=0.057 cyc_w=5.00 id_w=0.00 11.99 it/s
step 104300/370000 G=1.333 Dp=0.136 Dm=0.165 cyc_w=5.00 id_w=0.00 11.99 it/s
step 104350/370000 G=2.105 Dp=0.151 Dm=0.111 cyc_w=5.00 id_w=0.00 11.99 it/s
step 104400/370000 G=2.362 Dp=0.076 Dm=0.164 cyc_w=5.00 id_w=0.00 11.99 it/s
step 104450/370000 G=2.275 Dp=0.202 Dm=0.068 cyc_w=5.00 id_w=0.00 11.99 it/s
step 104500/370000 G=1.594 Dp=0.133 Dm=0.076 cyc_w=5.00 id_w=0.00 11.99 it/s
step 104550/370000 G=2.234 Dp=0.174 Dm=0.114 cyc_w=5.00 id_w=0.00 11.99 it/s
step 104600/370000 G=1.524 Dp=0.192 Dm=0.155 cyc_w=5.00 id_w=0.00 11.99 it/s
step 104650/370000 G=2.079 Dp=0.050 Dm=0.054 cyc_w=5.00 id_w=0.00 11.99 it/s
step 104700/370000 G=1.445 Dp=0.189 Dm=0.187 cyc_w=5.00 id_w=0.00 11.99 it/s
step 104750/370000 G=1.993 Dp=0.119 Dm=0.043 cyc_w=5.00 id_w=0.00 11.99 it/s
step 104800/370000 G=1.609 Dp=0.323 Dm=0.135 cyc_w=5.00 id_w=0.00 11.99 it/s
step 104850/370000 G=1.658 Dp=0.158 Dm=0.085 cyc_w=5.00 id_w=0.00 11.99 it/s
step 104900/370000 G=1.410 Dp=0.272 Dm=0.102 cyc_w=5.00 id_w=0.00 11.99 it/s
step 104950/370000 G=2.182 Dp=0.129 Dm=0.089 cyc_w=5.00 id_w=0.00 11.99 it/s
step 105000/370000 G=2.274 Dp=0.113 Dm=0.107 cyc_w=5.00 id_w=0.00 11.99 it/s
step 105050/370000 G=1.959 Dp=0.214 Dm=0.098 cyc_w=5.00 id_w=0.00 11.99 it/s
step 105100/370000 G=1.437 Dp=0.254 Dm=0.401 cyc_w=5.00 id_w=0.00 11.99 it/s
step 105150/370000 G=1.842 Dp=0.227 Dm=0.042 cyc_w=5.00 id_w=0.00 11.99 it/s
step 105200/370000 G=1.879 Dp=0.131 Dm=0.054 cyc_w=5.00 id_w=0.00 11.99 it/s
step 105250/370000 G=2.261 Dp=0.081 Dm=0.181 cyc_w=5.00 id_w=0.00 11.99 it/s
step 105300/370000 G=2.356 Dp=0.147 Dm=0.081 cyc_w=5.00 id_w=0.00 11.99 it/s
step 105350/370000 G=1.815 Dp=0.174 Dm=0.168 cyc_w=5.00 id_w=0.00 11.99 it/s
step 105400/370000 G=1.477 Dp=0.256 Dm=0.096 cyc_w=5.00 id_w=0.00 11.99 it/s
step 105450/370000 G=2.311 Dp=0.150 Dm=0.116 cyc_w=5.00 id_w=0.00 11.99 it/s
step 105500/370000 G=1.700 Dp=0.157 Dm=0.107 cyc_w=5.00 id_w=0.00 11.99 it/s
step 105550/370000 G=1.499 Dp=0.100 Dm=0.085 cyc_w=5.00 id_w=0.00 11.99 it/s
step 105600/370000 G=2.782 Dp=0.080 Dm=0.046 cyc_w=5.00 id_w=0.00 11.99 it/s
step 105650/370000 G=2.668 Dp=0.249 Dm=0.217 cyc_w=5.00 id_w=0.00 11.99 it/s
step 105700/370000 G=2.463 Dp=0.171 Dm=0.104 cyc_w=5.00 id_w=0.00 11.99 it/s
step 105750/370000 G=2.186 Dp=0.089 Dm=0.148 cyc_w=5.00 id_w=0.00 11.99 it/s
step 105800/370000 G=1.824 Dp=0.093 Dm=0.161 cyc_w=5.00 id_w=0.00 11.99 it/s
step 105850/370000 G=2.385 Dp=0.190 Dm=0.102 cyc_w=5.00 id_w=0.00 11.99 it/s
step 105900/370000 G=1.769 Dp=0.156 Dm=0.091 cyc_w=5.00 id_w=0.00 11.99 it/s
step 105950/370000 G=2.181 Dp=0.223 Dm=0.072 cyc_w=5.00 id_w=0.00 11.99 it/s
step 106000/370000 G=1.728 Dp=0.225 Dm=0.174 cyc_w=5.00 id_w=0.00 11.99 it/s
step 106050/370000 G=1.947 Dp=0.224 Dm=0.090 cyc_w=5.00 id_w=0.00 11.99 it/s
step 106100/370000 G=2.127 Dp=0.176 Dm=0.061 cyc_w=5.00 id_w=0.00 11.99 it/s
step 106150/370000 G=2.273 Dp=0.067 Dm=0.103 cyc_w=5.00 id_w=0.00 11.99 it/s
step 106200/370000 G=1.926 Dp=0.077 Dm=0.084 cyc_w=5.00 id_w=0.00 11.99 it/s
step 106250/370000 G=1.613 Dp=0.164 Dm=0.170 cyc_w=5.00 id_w=0.00 11.99 it/s
step 106300/370000 G=1.861 Dp=0.168 Dm=0.145 cyc_w=5.00 id_w=0.00 11.99 it/s
step 106350/370000 G=2.544 Dp=0.313 Dm=0.084 cyc_w=5.00 id_w=0.00 11.99 it/s
step 106400/370000 G=1.606 Dp=0.270 Dm=0.100 cyc_w=5.00 id_w=0.00 11.99 it/s
step 106450/370000 G=1.584 Dp=0.131 Dm=0.049 cyc_w=5.00 id_w=0.00 11.99 it/s
step 106500/370000 G=1.206 Dp=0.162 Dm=0.367 cyc_w=5.00 id_w=0.00 11.99 it/s
step 106550/370000 G=1.974 Dp=0.212 Dm=0.133 cyc_w=5.00 id_w=0.00 11.99 it/s
step 106600/370000 G=1.982 Dp=0.154 Dm=0.231 cyc_w=5.00 id_w=0.00 11.99 it/s
step 106650/370000 G=2.330 Dp=0.118 Dm=0.079 cyc_w=5.00 id_w=0.00 11.99 it/s
step 106700/370000 G=1.970 Dp=0.062 Dm=0.141 cyc_w=5.00 id_w=0.00 11.99 it/s
step 106750/370000 G=1.660 Dp=0.059 Dm=0.141 cyc_w=5.00 id_w=0.00 11.99 it/s
step 106800/370000 G=2.455 Dp=0.090 Dm=0.098 cyc_w=5.00 id_w=0.00 11.99 it/s
step 106850/370000 G=2.005 Dp=0.089 Dm=0.229 cyc_w=5.00 id_w=0.00 11.99 it/s
step 106900/370000 G=2.302 Dp=0.162 Dm=0.092 cyc_w=5.00 id_w=0.00 11.99 it/s
step 106950/370000 G=2.204 Dp=0.177 Dm=0.071 cyc_w=5.00 id_w=0.00 12.00 it/s
step 107000/370000 G=1.861 Dp=0.081 Dm=0.229 cyc_w=5.00 id_w=0.00 12.00 it/s
step 107050/370000 G=1.759 Dp=0.250 Dm=0.083 cyc_w=5.00 id_w=0.00 12.00 it/s
step 107100/370000 G=1.630 Dp=0.193 Dm=0.058 cyc_w=5.00 id_w=0.00 12.00 it/s
step 107150/370000 G=2.146 Dp=0.149 Dm=0.091 cyc_w=5.00 id_w=0.00 12.00 it/s
step 107200/370000 G=2.023 Dp=0.076 Dm=0.137 cyc_w=5.00 id_w=0.00 12.00 it/s
step 107250/370000 G=2.024 Dp=0.192 Dm=0.086 cyc_w=5.00 id_w=0.00 12.01 it/s
step 107300/370000 G=2.103 Dp=0.246 Dm=0.035 cyc_w=5.00 id_w=0.00 12.01 it/s
step 107350/370000 G=2.251 Dp=0.140 Dm=0.082 cyc_w=5.00 id_w=0.00 12.01 it/s
step 107400/370000 G=1.439 Dp=0.353 Dm=0.081 cyc_w=5.00 id_w=0.00 12.01 it/s
step 107450/370000 G=2.202 Dp=0.185 Dm=0.177 cyc_w=5.00 id_w=0.00 12.01 it/s
step 107500/370000 G=2.784 Dp=0.385 Dm=0.090 cyc_w=5.00 id_w=0.00 12.02 it/s
step 107550/370000 G=1.525 Dp=0.239 Dm=0.118 cyc_w=5.00 id_w=0.00 12.02 it/s
step 107600/370000 G=1.655 Dp=0.253 Dm=0.154 cyc_w=5.00 id_w=0.00 12.02 it/s
step 107650/370000 G=1.702 Dp=0.131 Dm=0.138 cyc_w=5.00 id_w=0.00 12.02 it/s
step 107700/370000 G=1.859 Dp=0.129 Dm=0.129 cyc_w=5.00 id_w=0.00 12.02 it/s
step 107750/370000 G=1.688 Dp=0.111 Dm=0.032 cyc_w=5.00 id_w=0.00 12.02 it/s
step 107800/370000 G=2.584 Dp=0.204 Dm=0.080 cyc_w=5.00 id_w=0.00 12.03 it/s
step 107850/370000 G=2.218 Dp=0.153 Dm=0.110 cyc_w=5.00 id_w=0.00 12.03 it/s
step 107900/370000 G=2.249 Dp=0.153 Dm=0.045 cyc_w=5.00 id_w=0.00 12.03 it/s
step 107950/370000 G=1.412 Dp=0.268 Dm=0.176 cyc_w=5.00 id_w=0.00 12.03 it/s
step 108000/370000 G=1.737 Dp=0.098 Dm=0.109 cyc_w=5.00 id_w=0.00 12.03 it/s
step 108050/370000 G=2.153 Dp=0.129 Dm=0.069 cyc_w=5.00 id_w=0.00 12.03 it/s
step 108100/370000 G=2.299 Dp=0.145 Dm=0.142 cyc_w=5.00 id_w=0.00 12.03 it/s
step 108150/370000 G=1.489 Dp=0.133 Dm=0.102 cyc_w=5.00 id_w=0.00 12.03 it/s
step 108200/370000 G=1.484 Dp=0.076 Dm=0.156 cyc_w=5.00 id_w=0.00 12.03 it/s
step 108250/370000 G=2.608 Dp=0.113 Dm=0.062 cyc_w=5.00 id_w=0.00 12.03 it/s
step 108300/370000 G=2.389 Dp=0.255 Dm=0.040 cyc_w=5.00 id_w=0.00 12.03 it/s
step 108350/370000 G=1.722 Dp=0.298 Dm=0.102 cyc_w=5.00 id_w=0.00 12.03 it/s
step 108400/370000 G=1.687 Dp=0.231 Dm=0.083 cyc_w=5.00 id_w=0.00 12.03 it/s
step 108450/370000 G=1.606 Dp=0.218 Dm=0.031 cyc_w=5.00 id_w=0.00 12.03 it/s
step 108500/370000 G=1.596 Dp=0.148 Dm=0.208 cyc_w=5.00 id_w=0.00 12.03 it/s
step 108550/370000 G=2.068 Dp=0.249 Dm=0.197 cyc_w=5.00 id_w=0.00 12.03 it/s
step 108600/370000 G=2.077 Dp=0.118 Dm=0.066 cyc_w=5.00 id_w=0.00 12.03 it/s
step 108650/370000 G=1.726 Dp=0.089 Dm=0.035 cyc_w=5.00 id_w=0.00 12.03 it/s
step 108700/370000 G=1.975 Dp=0.144 Dm=0.119 cyc_w=5.00 id_w=0.00 12.03 it/s
step 108750/370000 G=2.106 Dp=0.068 Dm=0.174 cyc_w=5.00 id_w=0.00 12.03 it/s
step 108800/370000 G=1.530 Dp=0.052 Dm=0.249 cyc_w=5.00 id_w=0.00 12.03 it/s
step 108850/370000 G=1.376 Dp=0.209 Dm=0.058 cyc_w=5.00 id_w=0.00 12.03 it/s
step 108900/370000 G=2.371 Dp=0.150 Dm=0.061 cyc_w=5.00 id_w=0.00 12.03 it/s
step 108950/370000 G=1.990 Dp=0.195 Dm=0.071 cyc_w=5.00 id_w=0.00 12.03 it/s
step 109000/370000 G=1.898 Dp=0.297 Dm=0.115 cyc_w=5.00 id_w=0.00 12.03 it/s
step 109050/370000 G=1.483 Dp=0.191 Dm=0.061 cyc_w=5.00 id_w=0.00 12.03 it/s
step 109100/370000 G=1.694 Dp=0.214 Dm=0.087 cyc_w=5.00 id_w=0.00 12.03 it/s
step 109150/370000 G=1.847 Dp=0.134 Dm=0.099 cyc_w=5.00 id_w=0.00 12.03 it/s
step 109200/370000 G=2.338 Dp=0.143 Dm=0.156 cyc_w=5.00 id_w=0.00 12.03 it/s
step 109250/370000 G=1.405 Dp=0.132 Dm=0.303 cyc_w=5.00 id_w=0.00 12.03 it/s
step 109300/370000 G=2.524 Dp=0.164 Dm=0.119 cyc_w=5.00 id_w=0.00 12.03 it/s
step 109350/370000 G=2.037 Dp=0.219 Dm=0.152 cyc_w=5.00 id_w=0.00 12.03 it/s
step 109400/370000 G=1.745 Dp=0.310 Dm=0.126 cyc_w=5.00 id_w=0.00 12.03 it/s
step 109450/370000 G=1.812 Dp=0.073 Dm=0.124 cyc_w=5.00 id_w=0.00 12.03 it/s
step 109500/370000 G=1.875 Dp=0.096 Dm=0.119 cyc_w=5.00 id_w=0.00 12.03 it/s
step 109550/370000 G=1.900 Dp=0.185 Dm=0.093 cyc_w=5.00 id_w=0.00 12.03 it/s
step 109600/370000 G=1.329 Dp=0.099 Dm=0.157 cyc_w=5.00 id_w=0.00 12.03 it/s
step 109650/370000 G=2.936 Dp=0.142 Dm=0.041 cyc_w=5.00 id_w=0.00 12.03 it/s
step 109700/370000 G=2.409 Dp=0.147 Dm=0.067 cyc_w=5.00 id_w=0.00 12.03 it/s
step 109750/370000 G=1.763 Dp=0.147 Dm=0.066 cyc_w=5.00 id_w=0.00 12.03 it/s
step 109800/370000 G=1.319 Dp=0.100 Dm=0.041 cyc_w=5.00 id_w=0.00 12.03 it/s
step 109850/370000 G=1.834 Dp=0.065 Dm=0.089 cyc_w=5.00 id_w=0.00 12.03 it/s
step 109900/370000 G=1.753 Dp=0.153 Dm=0.059 cyc_w=5.00 id_w=0.00 12.03 it/s
step 109950/370000 G=1.872 Dp=0.215 Dm=0.093 cyc_w=5.00 id_w=0.00 12.03 it/s
step 110000/370000 G=2.137 Dp=0.071 Dm=0.047 cyc_w=5.00 id_w=0.00 12.03 it/s
step 110050/370000 G=1.647 Dp=0.083 Dm=0.072 cyc_w=5.00 id_w=0.00 12.03 it/s
step 110100/370000 G=1.167 Dp=0.367 Dm=0.170 cyc_w=5.00 id_w=0.00 12.03 it/s
step 110150/370000 G=1.669 Dp=0.279 Dm=0.122 cyc_w=5.00 id_w=0.00 12.03 it/s
step 110200/370000 G=1.796 Dp=0.215 Dm=0.124 cyc_w=5.00 id_w=0.00 12.03 it/s
step 110250/370000 G=1.554 Dp=0.146 Dm=0.113 cyc_w=5.00 id_w=0.00 12.03 it/s
step 110300/370000 G=1.420 Dp=0.263 Dm=0.204 cyc_w=5.00 id_w=0.00 12.03 it/s
step 110350/370000 G=2.306 Dp=0.250 Dm=0.116 cyc_w=5.00 id_w=0.00 12.03 it/s
step 110400/370000 G=2.470 Dp=0.105 Dm=0.168 cyc_w=5.00 id_w=0.00 12.03 it/s
step 110450/370000 G=1.258 Dp=0.186 Dm=0.159 cyc_w=5.00 id_w=0.00 12.03 it/s
step 110500/370000 G=2.083 Dp=0.241 Dm=0.096 cyc_w=5.00 id_w=0.00 12.03 it/s
step 110550/370000 G=1.417 Dp=0.089 Dm=0.096 cyc_w=5.00 id_w=0.00 12.03 it/s
step 110600/370000 G=2.061 Dp=0.169 Dm=0.091 cyc_w=5.00 id_w=0.00 12.03 it/s
step 110650/370000 G=1.950 Dp=0.232 Dm=0.095 cyc_w=5.00 id_w=0.00 12.03 it/s
step 110700/370000 G=2.147 Dp=0.123 Dm=0.038 cyc_w=5.00 id_w=0.00 12.03 it/s
step 110750/370000 G=1.994 Dp=0.135 Dm=0.179 cyc_w=5.00 id_w=0.00 12.03 it/s
step 110800/370000 G=1.994 Dp=0.060 Dm=0.068 cyc_w=5.00 id_w=0.00 12.03 it/s
step 110850/370000 G=2.090 Dp=0.176 Dm=0.113 cyc_w=5.00 id_w=0.00 12.03 it/s
step 110900/370000 G=1.223 Dp=0.314 Dm=0.102 cyc_w=5.00 id_w=0.00 12.03 it/s
step 110950/370000 G=2.172 Dp=0.305 Dm=0.123 cyc_w=5.00 id_w=0.00 12.03 it/s
step 111000/370000 G=1.778 Dp=0.208 Dm=0.099 cyc_w=5.00 id_w=0.00 12.03 it/s
step 111050/370000 G=2.467 Dp=0.097 Dm=0.050 cyc_w=5.00 id_w=0.00 12.03 it/s
step 111100/370000 G=1.894 Dp=0.209 Dm=0.133 cyc_w=5.00 id_w=0.00 12.03 it/s
step 111150/370000 G=1.480 Dp=0.133 Dm=0.053 cyc_w=5.00 id_w=0.00 12.03 it/s
step 111200/370000 G=1.178 Dp=0.190 Dm=0.058 cyc_w=5.00 id_w=0.00 12.03 it/s
step 111250/370000 G=1.391 Dp=0.171 Dm=0.132 cyc_w=5.00 id_w=0.00 12.03 it/s
step 111300/370000 G=1.749 Dp=0.062 Dm=0.079 cyc_w=5.00 id_w=0.00 12.03 it/s
step 111350/370000 G=1.644 Dp=0.093 Dm=0.081 cyc_w=5.00 id_w=0.00 12.03 it/s
step 111400/370000 G=1.818 Dp=0.139 Dm=0.050 cyc_w=5.00 id_w=0.00 12.03 it/s
step 111450/370000 G=2.101 Dp=0.117 Dm=0.126 cyc_w=5.00 id_w=0.00 12.03 it/s
step 111500/370000 G=1.906 Dp=0.168 Dm=0.067 cyc_w=5.00 id_w=0.00 12.03 it/s
step 111550/370000 G=1.836 Dp=0.220 Dm=0.126 cyc_w=5.00 id_w=0.00 12.03 it/s
step 111600/370000 G=2.370 Dp=0.154 Dm=0.095 cyc_w=5.00 id_w=0.00 12.03 it/s
step 111650/370000 G=1.544 Dp=0.068 Dm=0.233 cyc_w=5.00 id_w=0.00 12.03 it/s
step 111700/370000 G=1.519 Dp=0.142 Dm=0.090 cyc_w=5.00 id_w=0.00 12.03 it/s
step 111750/370000 G=1.876 Dp=0.311 Dm=0.131 cyc_w=5.00 id_w=0.00 12.03 it/s
step 111800/370000 G=1.628 Dp=0.177 Dm=0.072 cyc_w=5.00 id_w=0.00 12.03 it/s
step 111850/370000 G=1.911 Dp=0.111 Dm=0.227 cyc_w=5.00 id_w=0.00 12.03 it/s
step 111900/370000 G=1.849 Dp=0.134 Dm=0.055 cyc_w=5.00 id_w=0.00 12.03 it/s
step 111950/370000 G=1.412 Dp=0.196 Dm=0.192 cyc_w=5.00 id_w=0.00 12.03 it/s
step 112000/370000 G=2.337 Dp=0.269 Dm=0.131 cyc_w=5.00 id_w=0.00 12.04 it/s
step 112050/370000 G=2.726 Dp=0.255 Dm=0.124 cyc_w=5.00 id_w=0.00 12.04 it/s
step 112100/370000 G=1.777 Dp=0.251 Dm=0.120 cyc_w=5.00 id_w=0.00 12.04 it/s
step 112150/370000 G=1.348 Dp=0.293 Dm=0.132 cyc_w=5.00 id_w=0.00 12.04 it/s
step 112200/370000 G=2.091 Dp=0.175 Dm=0.050 cyc_w=5.00 id_w=0.00 12.04 it/s
step 112250/370000 G=1.805 Dp=0.297 Dm=0.054 cyc_w=5.00 id_w=0.00 12.04 it/s
step 112300/370000 G=1.917 Dp=0.203 Dm=0.148 cyc_w=5.00 id_w=0.00 12.04 it/s
step 112350/370000 G=1.721 Dp=0.282 Dm=0.112 cyc_w=5.00 id_w=0.00 12.05 it/s
step 112400/370000 G=1.784 Dp=0.215 Dm=0.354 cyc_w=5.00 id_w=0.00 12.05 it/s
step 112450/370000 G=2.462 Dp=0.095 Dm=0.128 cyc_w=5.00 id_w=0.00 12.05 it/s
step 112500/370000 G=1.720 Dp=0.177 Dm=0.077 cyc_w=5.00 id_w=0.00 12.05 it/s
step 112550/370000 G=1.879 Dp=0.181 Dm=0.076 cyc_w=5.00 id_w=0.00 12.05 it/s
step 112600/370000 G=1.318 Dp=0.150 Dm=0.035 cyc_w=5.00 id_w=0.00 12.05 it/s
step 112650/370000 G=1.731 Dp=0.238 Dm=0.102 cyc_w=5.00 id_w=0.00 12.06 it/s
step 112700/370000 G=2.200 Dp=0.092 Dm=0.216 cyc_w=5.00 id_w=0.00 12.06 it/s
step 112750/370000 G=2.171 Dp=0.226 Dm=0.093 cyc_w=5.00 id_w=0.00 12.06 it/s
step 112800/370000 G=1.704 Dp=0.166 Dm=0.084 cyc_w=5.00 id_w=0.00 12.06 it/s
step 112850/370000 G=1.679 Dp=0.123 Dm=0.067 cyc_w=5.00 id_w=0.00 12.06 it/s
step 112900/370000 G=2.153 Dp=0.195 Dm=0.094 cyc_w=5.00 id_w=0.00 12.06 it/s
step 112950/370000 G=1.684 Dp=0.159 Dm=0.123 cyc_w=5.00 id_w=0.00 12.06 it/s
step 113000/370000 G=2.285 Dp=0.096 Dm=0.082 cyc_w=5.00 id_w=0.00 12.06 it/s
step 113050/370000 G=1.865 Dp=0.154 Dm=0.196 cyc_w=5.00 id_w=0.00 12.06 it/s
step 113100/370000 G=2.259 Dp=0.068 Dm=0.114 cyc_w=5.00 id_w=0.00 12.06 it/s
step 113150/370000 G=2.060 Dp=0.112 Dm=0.070 cyc_w=5.00 id_w=0.00 12.06 it/s
step 113200/370000 G=1.530 Dp=0.513 Dm=0.097 cyc_w=5.00 id_w=0.00 12.06 it/s
step 113250/370000 G=1.796 Dp=0.213 Dm=0.082 cyc_w=5.00 id_w=0.00 12.06 it/s
step 113300/370000 G=2.077 Dp=0.262 Dm=0.060 cyc_w=5.00 id_w=0.00 12.06 it/s
step 113350/370000 G=1.576 Dp=0.140 Dm=0.101 cyc_w=5.00 id_w=0.00 12.06 it/s
step 113400/370000 G=1.844 Dp=0.229 Dm=0.089 cyc_w=5.00 id_w=0.00 12.06 it/s
step 113450/370000 G=2.533 Dp=0.168 Dm=0.061 cyc_w=5.00 id_w=0.00 12.06 it/s
step 113500/370000 G=1.836 Dp=0.206 Dm=0.107 cyc_w=5.00 id_w=0.00 12.06 it/s
step 113550/370000 G=1.930 Dp=0.309 Dm=0.071 cyc_w=5.00 id_w=0.00 12.06 it/s
step 113600/370000 G=2.353 Dp=0.203 Dm=0.115 cyc_w=5.00 id_w=0.00 12.06 it/s
step 113650/370000 G=1.984 Dp=0.138 Dm=0.069 cyc_w=5.00 id_w=0.00 12.06 it/s
step 113700/370000 G=1.735 Dp=0.332 Dm=0.057 cyc_w=5.00 id_w=0.00 12.06 it/s
step 113750/370000 G=1.556 Dp=0.180 Dm=0.177 cyc_w=5.00 id_w=0.00 12.06 it/s
step 113800/370000 G=2.259 Dp=0.185 Dm=0.145 cyc_w=5.00 id_w=0.00 12.06 it/s
step 113850/370000 G=1.318 Dp=0.208 Dm=0.184 cyc_w=5.00 id_w=0.00 12.06 it/s
step 113900/370000 G=1.580 Dp=0.209 Dm=0.118 cyc_w=5.00 id_w=0.00 12.06 it/s
step 113950/370000 G=2.571 Dp=0.103 Dm=0.081 cyc_w=5.00 id_w=0.00 12.06 it/s
step 114000/370000 G=1.397 Dp=0.099 Dm=0.105 cyc_w=5.00 id_w=0.00 12.06 it/s
step 114050/370000 G=2.568 Dp=0.037 Dm=0.043 cyc_w=5.00 id_w=0.00 12.06 it/s
step 114100/370000 G=2.605 Dp=0.101 Dm=0.042 cyc_w=5.00 id_w=0.00 12.06 it/s
step 114150/370000 G=2.105 Dp=0.177 Dm=0.041 cyc_w=5.00 id_w=0.00 12.06 it/s
step 114200/370000 G=2.114 Dp=0.146 Dm=0.126 cyc_w=5.00 id_w=0.00 12.06 it/s
step 114250/370000 G=1.996 Dp=0.261 Dm=0.024 cyc_w=5.00 id_w=0.00 12.06 it/s
step 114300/370000 G=1.616 Dp=0.107 Dm=0.037 cyc_w=5.00 id_w=0.00 12.06 it/s
step 114350/370000 G=1.414 Dp=0.119 Dm=0.068 cyc_w=5.00 id_w=0.00 12.06 it/s
step 114400/370000 G=1.715 Dp=0.175 Dm=0.108 cyc_w=5.00 id_w=0.00 12.06 it/s
step 114450/370000 G=1.925 Dp=0.142 Dm=0.152 cyc_w=5.00 id_w=0.00 12.06 it/s
step 114500/370000 G=1.467 Dp=0.140 Dm=0.239 cyc_w=5.00 id_w=0.00 12.06 it/s
step 114550/370000 G=1.384 Dp=0.236 Dm=0.067 cyc_w=5.00 id_w=0.00 12.06 it/s
step 114600/370000 G=1.357 Dp=0.212 Dm=0.025 cyc_w=5.00 id_w=0.00 12.06 it/s
step 114650/370000 G=1.979 Dp=0.240 Dm=0.104 cyc_w=5.00 id_w=0.00 12.06 it/s
step 114700/370000 G=1.916 Dp=0.518 Dm=0.069 cyc_w=5.00 id_w=0.00 12.06 it/s
step 114750/370000 G=1.398 Dp=0.185 Dm=0.072 cyc_w=5.00 id_w=0.00 12.06 it/s
step 114800/370000 G=1.475 Dp=0.176 Dm=0.082 cyc_w=5.00 id_w=0.00 12.06 it/s
step 114850/370000 G=1.840 Dp=0.230 Dm=0.176 cyc_w=5.00 id_w=0.00 12.06 it/s
step 114900/370000 G=2.307 Dp=0.254 Dm=0.062 cyc_w=5.00 id_w=0.00 12.06 it/s
step 114950/370000 G=1.788 Dp=0.310 Dm=0.124 cyc_w=5.00 id_w=0.00 12.06 it/s
step 115000/370000 G=1.924 Dp=0.055 Dm=0.181 cyc_w=5.00 id_w=0.00 12.06 it/s
step 115050/370000 G=1.840 Dp=0.194 Dm=0.175 cyc_w=5.00 id_w=0.00 12.06 it/s
step 115100/370000 G=1.540 Dp=0.136 Dm=0.138 cyc_w=5.00 id_w=0.00 12.06 it/s
step 115150/370000 G=1.682 Dp=0.135 Dm=0.098 cyc_w=5.00 id_w=0.00 12.06 it/s
step 115200/370000 G=1.349 Dp=0.036 Dm=0.114 cyc_w=5.00 id_w=0.00 12.06 it/s
step 115250/370000 G=2.213 Dp=0.136 Dm=0.093 cyc_w=5.00 id_w=0.00 12.06 it/s
step 115300/370000 G=1.510 Dp=0.087 Dm=0.101 cyc_w=5.00 id_w=0.00 12.06 it/s
step 115350/370000 G=2.144 Dp=0.063 Dm=0.131 cyc_w=5.00 id_w=0.00 12.06 it/s
step 115400/370000 G=1.500 Dp=0.169 Dm=0.085 cyc_w=5.00 id_w=0.00 12.06 it/s
step 115450/370000 G=1.875 Dp=0.301 Dm=0.183 cyc_w=5.00 id_w=0.00 12.06 it/s
step 115500/370000 G=1.852 Dp=0.244 Dm=0.038 cyc_w=5.00 id_w=0.00 12.06 it/s
step 115550/370000 G=1.958 Dp=0.191 Dm=0.170 cyc_w=5.00 id_w=0.00 12.06 it/s
step 115600/370000 G=1.596 Dp=0.282 Dm=0.293 cyc_w=5.00 id_w=0.00 12.06 it/s
step 115650/370000 G=1.673 Dp=0.202 Dm=0.114 cyc_w=5.00 id_w=0.00 12.06 it/s
step 115700/370000 G=1.778 Dp=0.233 Dm=0.130 cyc_w=5.00 id_w=0.00 12.06 it/s
step 115750/370000 G=2.058 Dp=0.177 Dm=0.043 cyc_w=5.00 id_w=0.00 12.06 it/s
step 115800/370000 G=3.194 Dp=0.183 Dm=0.182 cyc_w=5.00 id_w=0.00 12.06 it/s
step 115850/370000 G=1.866 Dp=0.130 Dm=0.057 cyc_w=5.00 id_w=0.00 12.06 it/s
step 115900/370000 G=1.371 Dp=0.059 Dm=0.260 cyc_w=5.00 id_w=0.00 12.06 it/s
step 115950/370000 G=1.266 Dp=0.114 Dm=0.112 cyc_w=5.00 id_w=0.00 12.06 it/s
step 116000/370000 G=2.039 Dp=0.211 Dm=0.098 cyc_w=5.00 id_w=0.00 12.06 it/s
step 116050/370000 G=1.932 Dp=0.348 Dm=0.049 cyc_w=5.00 id_w=0.00 12.06 it/s
step 116100/370000 G=1.664 Dp=0.131 Dm=0.100 cyc_w=5.00 id_w=0.00 12.06 it/s
step 116150/370000 G=1.794 Dp=0.230 Dm=0.088 cyc_w=5.00 id_w=0.00 12.06 it/s
step 116200/370000 G=1.827 Dp=0.177 Dm=0.097 cyc_w=5.00 id_w=0.00 12.06 it/s
step 116250/370000 G=2.182 Dp=0.322 Dm=0.086 cyc_w=5.00 id_w=0.00 12.06 it/s
step 116300/370000 G=2.155 Dp=0.340 Dm=0.052 cyc_w=5.00 id_w=0.00 12.06 it/s
step 116350/370000 G=1.628 Dp=0.163 Dm=0.063 cyc_w=5.00 id_w=0.00 12.06 it/s
step 116400/370000 G=2.441 Dp=0.200 Dm=0.082 cyc_w=5.00 id_w=0.00 12.07 it/s
step 116450/370000 G=1.837 Dp=0.103 Dm=0.040 cyc_w=5.00 id_w=0.00 12.07 it/s
step 116500/370000 G=1.719 Dp=0.211 Dm=0.065 cyc_w=5.00 id_w=0.00 12.07 it/s
step 116550/370000 G=1.781 Dp=0.073 Dm=0.103 cyc_w=5.00 id_w=0.00 12.07 it/s
step 116600/370000 G=1.872 Dp=0.193 Dm=0.055 cyc_w=5.00 id_w=0.00 12.07 it/s
step 116650/370000 G=2.624 Dp=0.188 Dm=0.101 cyc_w=5.00 id_w=0.00 12.07 it/s
step 116700/370000 G=1.917 Dp=0.257 Dm=0.090 cyc_w=5.00 id_w=0.00 12.07 it/s
step 116750/370000 G=1.671 Dp=0.175 Dm=0.152 cyc_w=5.00 id_w=0.00 12.07 it/s
step 116800/370000 G=1.778 Dp=0.202 Dm=0.111 cyc_w=5.00 id_w=0.00 12.07 it/s
step 116850/370000 G=1.791 Dp=0.156 Dm=0.092 cyc_w=5.00 id_w=0.00 12.07 it/s
step 116900/370000 G=1.639 Dp=0.178 Dm=0.072 cyc_w=5.00 id_w=0.00 12.07 it/s
step 116950/370000 G=1.799 Dp=0.063 Dm=0.126 cyc_w=5.00 id_w=0.00 12.07 it/s
step 117000/370000 G=1.880 Dp=0.091 Dm=0.062 cyc_w=5.00 id_w=0.00 12.07 it/s
step 117050/370000 G=2.006 Dp=0.344 Dm=0.069 cyc_w=5.00 id_w=0.00 12.07 it/s
step 117100/370000 G=2.118 Dp=0.116 Dm=0.048 cyc_w=5.00 id_w=0.00 12.07 it/s
step 117150/370000 G=1.297 Dp=0.219 Dm=0.055 cyc_w=5.00 id_w=0.00 12.07 it/s
step 117200/370000 G=2.336 Dp=0.212 Dm=0.058 cyc_w=5.00 id_w=0.00 12.07 it/s
step 117250/370000 G=1.454 Dp=0.173 Dm=0.091 cyc_w=5.00 id_w=0.00 12.07 it/s
step 117300/370000 G=1.108 Dp=0.235 Dm=0.044 cyc_w=5.00 id_w=0.00 12.07 it/s
step 117350/370000 G=2.060 Dp=0.138 Dm=0.128 cyc_w=5.00 id_w=0.00 12.07 it/s
step 117400/370000 G=1.654 Dp=0.295 Dm=0.109 cyc_w=5.00 id_w=0.00 12.07 it/s
step 117450/370000 G=1.807 Dp=0.126 Dm=0.050 cyc_w=5.00 id_w=0.00 12.07 it/s
step 117500/370000 G=1.949 Dp=0.134 Dm=0.063 cyc_w=5.00 id_w=0.00 12.07 it/s
step 117550/370000 G=1.411 Dp=0.171 Dm=0.077 cyc_w=5.00 id_w=0.00 12.07 it/s
step 117600/370000 G=1.407 Dp=0.328 Dm=0.029 cyc_w=5.00 id_w=0.00 12.07 it/s
step 117650/370000 G=1.847 Dp=0.165 Dm=0.040 cyc_w=5.00 id_w=0.00 12.07 it/s
step 117700/370000 G=2.012 Dp=0.212 Dm=0.112 cyc_w=5.00 id_w=0.00 12.07 it/s
step 117750/370000 G=2.157 Dp=0.092 Dm=0.107 cyc_w=5.00 id_w=0.00 12.07 it/s
step 117800/370000 G=2.022 Dp=0.153 Dm=0.102 cyc_w=5.00 id_w=0.00 12.07 it/s
step 117850/370000 G=1.765 Dp=0.166 Dm=0.080 cyc_w=5.00 id_w=0.00 12.07 it/s
step 117900/370000 G=1.854 Dp=0.218 Dm=0.215 cyc_w=5.00 id_w=0.00 12.07 it/s
step 117950/370000 G=1.424 Dp=0.059 Dm=0.085 cyc_w=5.00 id_w=0.00 12.07 it/s
step 118000/370000 G=1.525 Dp=0.073 Dm=0.185 cyc_w=5.00 id_w=0.00 12.07 it/s
EVAL {"step": 118000, "variant": "ema", "fid_a2b": 97.3118875182708, "fid_b2a": 97.17781131962751, "mifid_a2b": 0.41743487981305955, "mifid_b2a": 0.4005858902486835, "fid": 97.24484941894914, "mifid": 0.4090103850308715, "composite": 48.826929901990006}
EVAL {"step": 118000, "variant": "ema_slow", "fid_a2b": 96.95891868262665, "fid_b2a": 95.39651478932664, "mifid_a2b": 0.41697089928987335, "mifid_b2a": 0.40125522530151064, "fid": 96.17771673597665, "mifid": 0.409113062295692, "composite": 48.29341489913617}
EVAL {"step": 118000, "variant": "raw", "fid_a2b": 100.77148683722044, "fid_b2a": 98.96725001673043, "mifid_a2b": 0.41642719746236007, "mifid_b2a": 0.39967525876077264, "fid": 99.86936842697543, "mifid": 0.40805122811156636, "composite": 50.138709827543494}
step 118050/370000 G=2.244 Dp=0.120 Dm=0.120 cyc_w=5.00 id_w=0.00 12.00 it/s
step 118100/370000 G=1.680 Dp=0.162 Dm=0.108 cyc_w=5.00 id_w=0.00 12.00 it/s
step 118150/370000 G=1.657 Dp=0.123 Dm=0.113 cyc_w=5.00 id_w=0.00 12.00 it/s
step 118200/370000 G=1.966 Dp=0.057 Dm=0.135 cyc_w=5.00 id_w=0.00 12.00 it/s
step 118250/370000 G=2.123 Dp=0.103 Dm=0.084 cyc_w=5.00 id_w=0.00 12.00 it/s
step 118300/370000 G=2.284 Dp=0.108 Dm=0.060 cyc_w=5.00 id_w=0.00 12.00 it/s
step 118350/370000 G=2.542 Dp=0.110 Dm=0.124 cyc_w=5.00 id_w=0.00 12.00 it/s
step 118400/370000 G=2.684 Dp=0.024 Dm=0.078 cyc_w=5.00 id_w=0.00 12.00 it/s
step 118450/370000 G=1.802 Dp=0.146 Dm=0.099 cyc_w=5.00 id_w=0.00 12.00 it/s
step 118500/370000 G=1.773 Dp=0.193 Dm=0.069 cyc_w=5.00 id_w=0.00 12.00 it/s
step 118550/370000 G=1.757 Dp=0.056 Dm=0.081 cyc_w=5.00 id_w=0.00 12.00 it/s
step 118600/370000 G=1.586 Dp=0.203 Dm=0.063 cyc_w=5.00 id_w=0.00 12.00 it/s
step 118650/370000 G=1.909 Dp=0.207 Dm=0.093 cyc_w=5.00 id_w=0.00 12.00 it/s
step 118700/370000 G=1.561 Dp=0.152 Dm=0.117 cyc_w=5.00 id_w=0.00 12.00 it/s
step 118750/370000 G=1.960 Dp=0.157 Dm=0.132 cyc_w=5.00 id_w=0.00 12.00 it/s
step 118800/370000 G=1.371 Dp=0.113 Dm=0.293 cyc_w=5.00 id_w=0.00 12.00 it/s
step 118850/370000 G=1.521 Dp=0.187 Dm=0.095 cyc_w=5.00 id_w=0.00 12.00 it/s
step 118900/370000 G=1.590 Dp=0.164 Dm=0.147 cyc_w=5.00 id_w=0.00 12.00 it/s
step 118950/370000 G=1.359 Dp=0.157 Dm=0.073 cyc_w=5.00 id_w=0.00 12.00 it/s
step 119000/370000 G=1.878 Dp=0.200 Dm=0.169 cyc_w=5.00 id_w=0.00 12.00 it/s
step 119050/370000 G=2.385 Dp=0.054 Dm=0.112 cyc_w=5.00 id_w=0.00 12.00 it/s
step 119100/370000 G=1.965 Dp=0.092 Dm=0.102 cyc_w=5.00 id_w=0.00 12.00 it/s
step 119150/370000 G=1.601 Dp=0.280 Dm=0.111 cyc_w=5.00 id_w=0.00 12.00 it/s
step 119200/370000 G=1.549 Dp=0.262 Dm=0.158 cyc_w=5.00 id_w=0.00 12.00 it/s
step 119250/370000 G=1.473 Dp=0.255 Dm=0.038 cyc_w=5.00 id_w=0.00 12.00 it/s
step 119300/370000 G=2.187 Dp=0.109 Dm=0.085 cyc_w=5.00 id_w=0.00 12.00 it/s
step 119350/370000 G=1.349 Dp=0.127 Dm=0.085 cyc_w=5.00 id_w=0.00 12.00 it/s
step 119400/370000 G=2.204 Dp=0.218 Dm=0.047 cyc_w=5.00 id_w=0.00 12.00 it/s
step 119450/370000 G=1.722 Dp=0.104 Dm=0.077 cyc_w=5.00 id_w=0.00 12.00 it/s
step 119500/370000 G=1.451 Dp=0.144 Dm=0.061 cyc_w=5.00 id_w=0.00 12.00 it/s
step 119550/370000 G=1.560 Dp=0.244 Dm=0.122 cyc_w=5.00 id_w=0.00 12.00 it/s
step 119600/370000 G=2.031 Dp=0.201 Dm=0.047 cyc_w=5.00 id_w=0.00 12.00 it/s
step 119650/370000 G=1.914 Dp=0.059 Dm=0.105 cyc_w=5.00 id_w=0.00 12.00 it/s
step 119700/370000 G=1.410 Dp=0.111 Dm=0.064 cyc_w=5.00 id_w=0.00 12.00 it/s
step 119750/370000 G=1.652 Dp=0.242 Dm=0.075 cyc_w=5.00 id_w=0.00 12.00 it/s
step 119800/370000 G=1.670 Dp=0.178 Dm=0.058 cyc_w=5.00 id_w=0.00 12.00 it/s
step 119850/370000 G=2.073 Dp=0.071 Dm=0.204 cyc_w=5.00 id_w=0.00 12.00 it/s
step 119900/370000 G=2.313 Dp=0.178 Dm=0.184 cyc_w=5.00 id_w=0.00 12.00 it/s
step 119950/370000 G=2.070 Dp=0.222 Dm=0.205 cyc_w=5.00 id_w=0.00 12.00 it/s
step 120000/370000 G=1.607 Dp=0.102 Dm=0.468 cyc_w=5.00 id_w=0.00 12.00 it/s
step 120050/370000 G=1.724 Dp=0.178 Dm=0.099 cyc_w=5.00 id_w=0.00 12.00 it/s
step 120100/370000 G=1.613 Dp=0.227 Dm=0.048 cyc_w=5.00 id_w=0.00 12.00 it/s
step 120150/370000 G=1.944 Dp=0.222 Dm=0.077 cyc_w=5.00 id_w=0.00 12.00 it/s
step 120200/370000 G=1.561 Dp=0.145 Dm=0.186 cyc_w=5.00 id_w=0.00 12.00 it/s
step 120250/370000 G=1.214 Dp=0.156 Dm=0.143 cyc_w=5.00 id_w=0.00 12.00 it/s
step 120300/370000 G=1.797 Dp=0.091 Dm=0.075 cyc_w=5.00 id_w=0.00 12.00 it/s
step 120350/370000 G=1.499 Dp=0.091 Dm=0.090 cyc_w=5.00 id_w=0.00 12.01 it/s
step 120400/370000 G=1.535 Dp=0.059 Dm=0.073 cyc_w=5.00 id_w=0.00 12.01 it/s
step 120450/370000 G=1.424 Dp=0.290 Dm=0.110 cyc_w=5.00 id_w=0.00 12.01 it/s
step 120500/370000 G=1.690 Dp=0.092 Dm=0.193 cyc_w=5.00 id_w=0.00 12.01 it/s
step 120550/370000 G=1.612 Dp=0.227 Dm=0.180 cyc_w=5.00 id_w=0.00 12.01 it/s
step 120600/370000 G=1.857 Dp=0.198 Dm=0.056 cyc_w=5.00 id_w=0.00 12.01 it/s
step 120650/370000 G=2.654 Dp=0.203 Dm=0.096 cyc_w=5.00 id_w=0.00 12.02 it/s
step 120700/370000 G=1.977 Dp=0.096 Dm=0.207 cyc_w=5.00 id_w=0.00 12.02 it/s
step 120750/370000 G=1.852 Dp=0.175 Dm=0.119 cyc_w=5.00 id_w=0.00 12.02 it/s
step 120800/370000 G=2.068 Dp=0.131 Dm=0.144 cyc_w=5.00 id_w=0.00 12.02 it/s
step 120850/370000 G=2.158 Dp=0.230 Dm=0.099 cyc_w=5.00 id_w=0.00 12.02 it/s
step 120900/370000 G=2.079 Dp=0.072 Dm=0.040 cyc_w=5.00 id_w=0.00 12.02 it/s
step 120950/370000 G=2.131 Dp=0.179 Dm=0.101 cyc_w=5.00 id_w=0.00 12.02 it/s
step 121000/370000 G=1.937 Dp=0.110 Dm=0.060 cyc_w=5.00 id_w=0.00 12.03 it/s
step 121050/370000 G=1.934 Dp=0.168 Dm=0.092 cyc_w=5.00 id_w=0.00 12.03 it/s
step 121100/370000 G=1.991 Dp=0.154 Dm=0.032 cyc_w=5.00 id_w=0.00 12.03 it/s
step 121150/370000 G=1.084 Dp=0.212 Dm=0.095 cyc_w=5.00 id_w=0.00 12.03 it/s
step 121200/370000 G=1.413 Dp=0.099 Dm=0.094 cyc_w=5.00 id_w=0.00 12.03 it/s
step 121250/370000 G=1.859 Dp=0.116 Dm=0.142 cyc_w=5.00 id_w=0.00 12.03 it/s
step 121300/370000 G=1.432 Dp=0.090 Dm=0.320 cyc_w=5.00 id_w=0.00 12.03 it/s
step 121350/370000 G=2.739 Dp=0.124 Dm=0.079 cyc_w=5.00 id_w=0.00 12.03 it/s
step 121400/370000 G=1.788 Dp=0.177 Dm=0.038 cyc_w=5.00 id_w=0.00 12.03 it/s
step 121450/370000 G=1.592 Dp=0.167 Dm=0.070 cyc_w=5.00 id_w=0.00 12.03 it/s
step 121500/370000 G=1.933 Dp=0.188 Dm=0.061 cyc_w=5.00 id_w=0.00 12.03 it/s
step 121550/370000 G=2.619 Dp=0.220 Dm=0.056 cyc_w=5.00 id_w=0.00 12.03 it/s
step 121600/370000 G=1.871 Dp=0.275 Dm=0.047 cyc_w=5.00 id_w=0.00 12.03 it/s
step 121650/370000 G=1.559 Dp=0.294 Dm=0.072 cyc_w=5.00 id_w=0.00 12.03 it/s
step 121700/370000 G=1.586 Dp=0.159 Dm=0.166 cyc_w=5.00 id_w=0.00 12.03 it/s
step 121750/370000 G=1.239 Dp=0.411 Dm=0.268 cyc_w=5.00 id_w=0.00 12.03 it/s
step 121800/370000 G=1.394 Dp=0.181 Dm=0.174 cyc_w=5.00 id_w=0.00 12.03 it/s
step 121850/370000 G=2.518 Dp=0.117 Dm=0.106 cyc_w=5.00 id_w=0.00 12.03 it/s
step 121900/370000 G=2.415 Dp=0.286 Dm=0.056 cyc_w=5.00 id_w=0.00 12.03 it/s
step 121950/370000 G=1.680 Dp=0.307 Dm=0.119 cyc_w=5.00 id_w=0.00 12.03 it/s
step 122000/370000 G=1.616 Dp=0.234 Dm=0.092 cyc_w=5.00 id_w=0.00 12.03 it/s
step 122050/370000 G=1.864 Dp=0.157 Dm=0.106 cyc_w=5.00 id_w=0.00 12.03 it/s
step 122100/370000 G=2.026 Dp=0.134 Dm=0.040 cyc_w=5.00 id_w=0.00 12.03 it/s
step 122150/370000 G=3.216 Dp=0.294 Dm=0.101 cyc_w=5.00 id_w=0.00 12.03 it/s
step 122200/370000 G=1.984 Dp=0.171 Dm=0.106 cyc_w=5.00 id_w=0.00 12.03 it/s
step 122250/370000 G=2.808 Dp=0.083 Dm=0.217 cyc_w=5.00 id_w=0.00 12.03 it/s
step 122300/370000 G=1.932 Dp=0.214 Dm=0.131 cyc_w=5.00 id_w=0.00 12.03 it/s
step 122350/370000 G=1.680 Dp=0.181 Dm=0.085 cyc_w=5.00 id_w=0.00 12.03 it/s
step 122400/370000 G=2.115 Dp=0.143 Dm=0.247 cyc_w=5.00 id_w=0.00 12.03 it/s
step 122450/370000 G=2.082 Dp=0.344 Dm=0.038 cyc_w=5.00 id_w=0.00 12.03 it/s
step 122500/370000 G=1.873 Dp=0.120 Dm=0.238 cyc_w=5.00 id_w=0.00 12.03 it/s
step 122550/370000 G=1.429 Dp=0.203 Dm=0.092 cyc_w=5.00 id_w=0.00 12.03 it/s
step 122600/370000 G=1.565 Dp=0.169 Dm=0.054 cyc_w=5.00 id_w=0.00 12.03 it/s
step 122650/370000 G=2.131 Dp=0.062 Dm=0.095 cyc_w=5.00 id_w=0.00 12.03 it/s
step 122700/370000 G=2.042 Dp=0.084 Dm=0.089 cyc_w=5.00 id_w=0.00 12.03 it/s
step 122750/370000 G=1.702 Dp=0.226 Dm=0.074 cyc_w=5.00 id_w=0.00 12.03 it/s
step 122800/370000 G=1.835 Dp=0.205 Dm=0.189 cyc_w=5.00 id_w=0.00 12.03 it/s
step 122850/370000 G=1.701 Dp=0.292 Dm=0.158 cyc_w=5.00 id_w=0.00 12.03 it/s
step 122900/370000 G=1.372 Dp=0.142 Dm=0.076 cyc_w=5.00 id_w=0.00 12.03 it/s
step 122950/370000 G=2.133 Dp=0.151 Dm=0.052 cyc_w=5.00 id_w=0.00 12.03 it/s
step 123000/370000 G=2.177 Dp=0.167 Dm=0.064 cyc_w=5.00 id_w=0.00 12.03 it/s
step 123050/370000 G=1.375 Dp=0.184 Dm=0.055 cyc_w=5.00 id_w=0.00 12.03 it/s
step 123100/370000 G=1.986 Dp=0.149 Dm=0.133 cyc_w=5.00 id_w=0.00 12.03 it/s
step 123150/370000 G=1.475 Dp=0.309 Dm=0.073 cyc_w=5.00 id_w=0.00 12.03 it/s
step 123200/370000 G=1.606 Dp=0.467 Dm=0.099 cyc_w=5.00 id_w=0.00 12.03 it/s
step 123250/370000 G=1.804 Dp=0.102 Dm=0.034 cyc_w=5.00 id_w=0.00 12.03 it/s
step 123300/370000 G=1.722 Dp=0.063 Dm=0.097 cyc_w=5.00 id_w=0.00 12.03 it/s
step 123350/370000 G=1.776 Dp=0.307 Dm=0.237 cyc_w=5.00 id_w=0.00 12.03 it/s
step 123400/370000 G=1.760 Dp=0.292 Dm=0.071 cyc_w=5.00 id_w=0.00 12.03 it/s
step 123450/370000 G=1.869 Dp=0.138 Dm=0.114 cyc_w=5.00 id_w=0.00 12.03 it/s
step 123500/370000 G=2.083 Dp=0.186 Dm=0.193 cyc_w=5.00 id_w=0.00 12.03 it/s
step 123550/370000 G=1.983 Dp=0.145 Dm=0.079 cyc_w=5.00 id_w=0.00 12.03 it/s
step 123600/370000 G=1.788 Dp=0.066 Dm=0.089 cyc_w=5.00 id_w=0.00 12.03 it/s
step 123650/370000 G=1.838 Dp=0.226 Dm=0.067 cyc_w=5.00 id_w=0.00 12.03 it/s
step 123700/370000 G=2.278 Dp=0.177 Dm=0.171 cyc_w=5.00 id_w=0.00 12.03 it/s
step 123750/370000 G=1.858 Dp=0.215 Dm=0.121 cyc_w=5.00 id_w=0.00 12.03 it/s
step 123800/370000 G=2.032 Dp=0.125 Dm=0.104 cyc_w=5.00 id_w=0.00 12.03 it/s
step 123850/370000 G=1.654 Dp=0.128 Dm=0.143 cyc_w=5.00 id_w=0.00 12.03 it/s
step 123900/370000 G=1.270 Dp=0.185 Dm=0.111 cyc_w=5.00 id_w=0.00 12.03 it/s
step 123950/370000 G=2.005 Dp=0.128 Dm=0.120 cyc_w=5.00 id_w=0.00 12.03 it/s
step 124000/370000 G=1.573 Dp=0.456 Dm=0.177 cyc_w=5.00 id_w=0.00 12.03 it/s
step 124050/370000 G=1.924 Dp=0.068 Dm=0.049 cyc_w=5.00 id_w=0.00 12.03 it/s
step 124100/370000 G=1.697 Dp=0.146 Dm=0.026 cyc_w=5.00 id_w=0.00 12.03 it/s
step 124150/370000 G=1.790 Dp=0.072 Dm=0.097 cyc_w=5.00 id_w=0.00 12.03 it/s
step 124200/370000 G=1.653 Dp=0.275 Dm=0.164 cyc_w=5.00 id_w=0.00 12.03 it/s
step 124250/370000 G=2.069 Dp=0.208 Dm=0.229 cyc_w=5.00 id_w=0.00 12.03 it/s
step 124300/370000 G=1.579 Dp=0.313 Dm=0.077 cyc_w=5.00 id_w=0.00 12.03 it/s
step 124350/370000 G=1.772 Dp=0.172 Dm=0.080 cyc_w=5.00 id_w=0.00 12.03 it/s
step 124400/370000 G=1.890 Dp=0.085 Dm=0.063 cyc_w=5.00 id_w=0.00 12.03 it/s
step 124450/370000 G=1.872 Dp=0.258 Dm=0.185 cyc_w=5.00 id_w=0.00 12.03 it/s
step 124500/370000 G=2.130 Dp=0.147 Dm=0.057 cyc_w=5.00 id_w=0.00 12.03 it/s
step 124550/370000 G=1.934 Dp=0.170 Dm=0.171 cyc_w=5.00 id_w=0.00 12.03 it/s
step 124600/370000 G=2.057 Dp=0.109 Dm=0.036 cyc_w=5.00 id_w=0.00 12.03 it/s
step 124650/370000 G=1.504 Dp=0.087 Dm=0.039 cyc_w=5.00 id_w=0.00 12.03 it/s
step 124700/370000 G=1.945 Dp=0.236 Dm=0.118 cyc_w=5.00 id_w=0.00 12.03 it/s
step 124750/370000 G=2.188 Dp=0.079 Dm=0.180 cyc_w=5.00 id_w=0.00 12.03 it/s
step 124800/370000 G=1.827 Dp=0.160 Dm=0.086 cyc_w=5.00 id_w=0.00 12.03 it/s
step 124850/370000 G=2.024 Dp=0.182 Dm=0.087 cyc_w=5.00 id_w=0.00 12.03 it/s
step 124900/370000 G=2.154 Dp=0.192 Dm=0.125 cyc_w=5.00 id_w=0.00 12.03 it/s
step 124950/370000 G=1.730 Dp=0.162 Dm=0.042 cyc_w=5.00 id_w=0.00 12.03 it/s
step 125000/370000 G=1.580 Dp=0.158 Dm=0.035 cyc_w=5.00 id_w=0.00 12.03 it/s
step 125050/370000 G=1.962 Dp=0.276 Dm=0.089 cyc_w=5.00 id_w=0.00 12.03 it/s
step 125100/370000 G=1.724 Dp=0.128 Dm=0.070 cyc_w=5.00 id_w=0.00 12.03 it/s
step 125150/370000 G=1.722 Dp=0.258 Dm=0.138 cyc_w=5.00 id_w=0.00 12.03 it/s
step 125200/370000 G=2.184 Dp=0.073 Dm=0.041 cyc_w=5.00 id_w=0.00 12.03 it/s
step 125250/370000 G=1.978 Dp=0.148 Dm=0.040 cyc_w=5.00 id_w=0.00 12.03 it/s
step 125300/370000 G=1.778 Dp=0.313 Dm=0.141 cyc_w=5.00 id_w=0.00 12.03 it/s
step 125350/370000 G=2.008 Dp=0.195 Dm=0.167 cyc_w=5.00 id_w=0.00 12.03 it/s
step 125400/370000 G=2.082 Dp=0.222 Dm=0.059 cyc_w=5.00 id_w=0.00 12.03 it/s
step 125450/370000 G=1.980 Dp=0.253 Dm=0.133 cyc_w=5.00 id_w=0.00 12.03 it/s
step 125500/370000 G=1.919 Dp=0.184 Dm=0.104 cyc_w=5.00 id_w=0.00 12.03 it/s
step 125550/370000 G=1.440 Dp=0.379 Dm=0.072 cyc_w=5.00 id_w=0.00 12.03 it/s
step 125600/370000 G=1.735 Dp=0.230 Dm=0.076 cyc_w=5.00 id_w=0.00 12.03 it/s
step 125650/370000 G=2.141 Dp=0.175 Dm=0.158 cyc_w=5.00 id_w=0.00 12.03 it/s
step 125700/370000 G=1.905 Dp=0.198 Dm=0.096 cyc_w=5.00 id_w=0.00 12.03 it/s
step 125750/370000 G=1.908 Dp=0.097 Dm=0.127 cyc_w=5.00 id_w=0.00 12.03 it/s
step 125800/370000 G=1.687 Dp=0.209 Dm=0.119 cyc_w=5.00 id_w=0.00 12.03 it/s
step 125850/370000 G=1.667 Dp=0.097 Dm=0.047 cyc_w=5.00 id_w=0.00 12.03 it/s
step 125900/370000 G=2.205 Dp=0.282 Dm=0.116 cyc_w=5.00 id_w=0.00 12.03 it/s
step 125950/370000 G=2.520 Dp=0.104 Dm=0.050 cyc_w=5.00 id_w=0.00 12.04 it/s
step 126000/370000 G=2.029 Dp=0.259 Dm=0.139 cyc_w=5.00 id_w=0.00 12.04 it/s
step 126050/370000 G=2.070 Dp=0.131 Dm=0.049 cyc_w=5.00 id_w=0.00 12.04 it/s
step 126100/370000 G=1.917 Dp=0.130 Dm=0.065 cyc_w=5.00 id_w=0.00 12.04 it/s
step 126150/370000 G=1.728 Dp=0.196 Dm=0.072 cyc_w=5.00 id_w=0.00 12.04 it/s
step 126200/370000 G=1.857 Dp=0.250 Dm=0.111 cyc_w=5.00 id_w=0.00 12.04 it/s
step 126250/370000 G=1.519 Dp=0.124 Dm=0.188 cyc_w=5.00 id_w=0.00 12.04 it/s
step 126300/370000 G=1.158 Dp=0.240 Dm=0.077 cyc_w=5.00 id_w=0.00 12.05 it/s
step 126350/370000 G=1.939 Dp=0.231 Dm=0.029 cyc_w=5.00 id_w=0.00 12.05 it/s
step 126400/370000 G=1.982 Dp=0.143 Dm=0.110 cyc_w=5.00 id_w=0.00 12.05 it/s
step 126450/370000 G=2.127 Dp=0.083 Dm=0.057 cyc_w=5.00 id_w=0.00 12.05 it/s
step 126500/370000 G=1.447 Dp=0.171 Dm=0.096 cyc_w=5.00 id_w=0.00 12.05 it/s
step 126550/370000 G=2.333 Dp=0.052 Dm=0.055 cyc_w=5.00 id_w=0.00 12.05 it/s
step 126600/370000 G=1.411 Dp=0.130 Dm=0.067 cyc_w=5.00 id_w=0.00 12.05 it/s
step 126650/370000 G=2.051 Dp=0.111 Dm=0.234 cyc_w=5.00 id_w=0.00 12.06 it/s
step 126700/370000 G=2.078 Dp=0.197 Dm=0.076 cyc_w=5.00 id_w=0.00 12.06 it/s
step 126750/370000 G=1.483 Dp=0.176 Dm=0.089 cyc_w=5.00 id_w=0.00 12.06 it/s
step 126800/370000 G=1.414 Dp=0.081 Dm=0.153 cyc_w=5.00 id_w=0.00 12.06 it/s
step 126850/370000 G=1.732 Dp=0.070 Dm=0.037 cyc_w=5.00 id_w=0.00 12.06 it/s
step 126900/370000 G=2.462 Dp=0.147 Dm=0.068 cyc_w=5.00 id_w=0.00 12.06 it/s
step 126950/370000 G=1.343 Dp=0.154 Dm=0.156 cyc_w=5.00 id_w=0.00 12.06 it/s
step 127000/370000 G=2.043 Dp=0.169 Dm=0.069 cyc_w=5.00 id_w=0.00 12.06 it/s
step 127050/370000 G=2.178 Dp=0.178 Dm=0.085 cyc_w=5.00 id_w=0.00 12.06 it/s
step 127100/370000 G=1.986 Dp=0.049 Dm=0.031 cyc_w=5.00 id_w=0.00 12.06 it/s
step 127150/370000 G=1.267 Dp=0.327 Dm=0.231 cyc_w=5.00 id_w=0.00 12.06 it/s
step 127200/370000 G=1.673 Dp=0.116 Dm=0.072 cyc_w=5.00 id_w=0.00 12.06 it/s
step 127250/370000 G=2.175 Dp=0.110 Dm=0.120 cyc_w=5.00 id_w=0.00 12.06 it/s
step 127300/370000 G=1.772 Dp=0.247 Dm=0.127 cyc_w=5.00 id_w=0.00 12.06 it/s
step 127350/370000 G=2.102 Dp=0.232 Dm=0.040 cyc_w=5.00 id_w=0.00 12.06 it/s
step 127400/370000 G=1.685 Dp=0.088 Dm=0.082 cyc_w=5.00 id_w=0.00 12.06 it/s
step 127450/370000 G=1.816 Dp=0.181 Dm=0.096 cyc_w=5.00 id_w=0.00 12.06 it/s
step 127500/370000 G=1.362 Dp=0.148 Dm=0.245 cyc_w=5.00 id_w=0.00 12.06 it/s
step 127550/370000 G=2.033 Dp=0.209 Dm=0.169 cyc_w=5.00 id_w=0.00 12.06 it/s
step 127600/370000 G=2.723 Dp=0.117 Dm=0.042 cyc_w=5.00 id_w=0.00 12.06 it/s
step 127650/370000 G=1.837 Dp=0.246 Dm=0.062 cyc_w=5.00 id_w=0.00 12.06 it/s
step 127700/370000 G=1.675 Dp=0.173 Dm=0.213 cyc_w=5.00 id_w=0.00 12.06 it/s
step 127750/370000 G=1.874 Dp=0.297 Dm=0.036 cyc_w=5.00 id_w=0.00 12.06 it/s
step 127800/370000 G=1.829 Dp=0.120 Dm=0.135 cyc_w=5.00 id_w=0.00 12.06 it/s
step 127850/370000 G=2.092 Dp=0.379 Dm=0.083 cyc_w=5.00 id_w=0.00 12.06 it/s
step 127900/370000 G=1.892 Dp=0.274 Dm=0.105 cyc_w=5.00 id_w=0.00 12.06 it/s
step 127950/370000 G=1.390 Dp=0.262 Dm=0.122 cyc_w=5.00 id_w=0.00 12.06 it/s
step 128000/370000 G=1.706 Dp=0.225 Dm=0.069 cyc_w=5.00 id_w=0.00 12.06 it/s
step 128050/370000 G=1.759 Dp=0.236 Dm=0.223 cyc_w=5.00 id_w=0.00 12.06 it/s
step 128100/370000 G=1.166 Dp=0.112 Dm=0.275 cyc_w=5.00 id_w=0.00 12.06 it/s
step 128150/370000 G=1.757 Dp=0.100 Dm=0.071 cyc_w=5.00 id_w=0.00 12.06 it/s
step 128200/370000 G=2.007 Dp=0.205 Dm=0.110 cyc_w=5.00 id_w=0.00 12.06 it/s
step 128250/370000 G=2.080 Dp=0.133 Dm=0.263 cyc_w=5.00 id_w=0.00 12.06 it/s
step 128300/370000 G=1.636 Dp=0.165 Dm=0.146 cyc_w=5.00 id_w=0.00 12.06 it/s
step 128350/370000 G=1.968 Dp=0.233 Dm=0.124 cyc_w=5.00 id_w=0.00 12.06 it/s
step 128400/370000 G=2.180 Dp=0.160 Dm=0.080 cyc_w=5.00 id_w=0.00 12.06 it/s
step 128450/370000 G=2.764 Dp=0.137 Dm=0.028 cyc_w=5.00 id_w=0.00 12.06 it/s
step 128500/370000 G=1.650 Dp=0.275 Dm=0.068 cyc_w=5.00 id_w=0.00 12.06 it/s
step 128550/370000 G=2.196 Dp=0.198 Dm=0.049 cyc_w=5.00 id_w=0.00 12.06 it/s
step 128600/370000 G=2.031 Dp=0.125 Dm=0.044 cyc_w=5.00 id_w=0.00 12.06 it/s
step 128650/370000 G=2.218 Dp=0.239 Dm=0.103 cyc_w=5.00 id_w=0.00 12.06 it/s
step 128700/370000 G=1.871 Dp=0.192 Dm=0.147 cyc_w=5.00 id_w=0.00 12.06 it/s
step 128750/370000 G=1.371 Dp=0.299 Dm=0.103 cyc_w=5.00 id_w=0.00 12.06 it/s
step 128800/370000 G=1.901 Dp=0.315 Dm=0.052 cyc_w=5.00 id_w=0.00 12.06 it/s
step 128850/370000 G=1.590 Dp=0.078 Dm=0.060 cyc_w=5.00 id_w=0.00 12.06 it/s
step 128900/370000 G=1.748 Dp=0.066 Dm=0.187 cyc_w=5.00 id_w=0.00 12.06 it/s
step 128950/370000 G=2.167 Dp=0.168 Dm=0.068 cyc_w=5.00 id_w=0.00 12.06 it/s
step 129000/370000 G=1.419 Dp=0.163 Dm=0.215 cyc_w=5.00 id_w=0.00 12.06 it/s
step 129050/370000 G=1.528 Dp=0.129 Dm=0.242 cyc_w=5.00 id_w=0.00 12.06 it/s
step 129100/370000 G=1.840 Dp=0.212 Dm=0.091 cyc_w=5.00 id_w=0.00 12.06 it/s
step 129150/370000 G=1.271 Dp=0.101 Dm=0.028 cyc_w=5.00 id_w=0.00 12.06 it/s
step 129200/370000 G=1.504 Dp=0.160 Dm=0.066 cyc_w=5.00 id_w=0.00 12.06 it/s
step 129250/370000 G=2.675 Dp=0.128 Dm=0.040 cyc_w=5.00 id_w=0.00 12.06 it/s
step 129300/370000 G=1.424 Dp=0.198 Dm=0.165 cyc_w=5.00 id_w=0.00 12.06 it/s
step 129350/370000 G=2.157 Dp=0.058 Dm=0.150 cyc_w=5.00 id_w=0.00 12.06 it/s
step 129400/370000 G=1.692 Dp=0.212 Dm=0.115 cyc_w=5.00 id_w=0.00 12.06 it/s
step 129450/370000 G=1.634 Dp=0.172 Dm=0.147 cyc_w=5.00 id_w=0.00 12.06 it/s
step 129500/370000 G=1.442 Dp=0.191 Dm=0.032 cyc_w=5.00 id_w=0.00 12.06 it/s
step 129550/370000 G=2.546 Dp=0.116 Dm=0.053 cyc_w=5.00 id_w=0.00 12.06 it/s
step 129600/370000 G=1.961 Dp=0.248 Dm=0.124 cyc_w=5.00 id_w=0.00 12.06 it/s
step 129650/370000 G=1.686 Dp=0.241 Dm=0.074 cyc_w=5.00 id_w=0.00 12.06 it/s
step 129700/370000 G=1.667 Dp=0.226 Dm=0.081 cyc_w=5.00 id_w=0.00 12.06 it/s
step 129750/370000 G=2.202 Dp=0.191 Dm=0.101 cyc_w=5.00 id_w=0.00 12.06 it/s
step 129800/370000 G=1.550 Dp=0.108 Dm=0.081 cyc_w=5.00 id_w=0.00 12.06 it/s
step 129850/370000 G=2.542 Dp=0.089 Dm=0.096 cyc_w=5.00 id_w=0.00 12.06 it/s
step 129900/370000 G=1.712 Dp=0.190 Dm=0.231 cyc_w=5.00 id_w=0.00 12.06 it/s
step 129950/370000 G=1.263 Dp=0.207 Dm=0.103 cyc_w=5.00 id_w=0.00 12.06 it/s
step 130000/370000 G=2.222 Dp=0.191 Dm=0.202 cyc_w=5.00 id_w=0.00 12.06 it/s
step 130050/370000 G=1.367 Dp=0.179 Dm=0.090 cyc_w=5.00 id_w=0.00 12.06 it/s
step 130100/370000 G=1.958 Dp=0.132 Dm=0.041 cyc_w=5.00 id_w=0.00 12.06 it/s
step 130150/370000 G=1.515 Dp=0.235 Dm=0.081 cyc_w=5.00 id_w=0.00 12.06 it/s
step 130200/370000 G=1.868 Dp=0.209 Dm=0.036 cyc_w=5.00 id_w=0.00 12.06 it/s
step 130250/370000 G=1.526 Dp=0.265 Dm=0.110 cyc_w=5.00 id_w=0.00 12.06 it/s
step 130300/370000 G=1.656 Dp=0.073 Dm=0.092 cyc_w=5.00 id_w=0.00 12.06 it/s
step 130350/370000 G=1.861 Dp=0.287 Dm=0.060 cyc_w=5.00 id_w=0.00 12.06 it/s
step 130400/370000 G=1.697 Dp=0.095 Dm=0.114 cyc_w=5.00 id_w=0.00 12.06 it/s
step 130450/370000 G=1.351 Dp=0.173 Dm=0.138 cyc_w=5.00 id_w=0.00 12.06 it/s
step 130500/370000 G=2.041 Dp=0.194 Dm=0.198 cyc_w=5.00 id_w=0.00 12.06 it/s
step 130550/370000 G=2.485 Dp=0.085 Dm=0.106 cyc_w=5.00 id_w=0.00 12.06 it/s
step 130600/370000 G=2.190 Dp=0.200 Dm=0.089 cyc_w=5.00 id_w=0.00 12.06 it/s
step 130650/370000 G=1.703 Dp=0.125 Dm=0.101 cyc_w=5.00 id_w=0.00 12.06 it/s
step 130700/370000 G=2.183 Dp=0.143 Dm=0.054 cyc_w=5.00 id_w=0.00 12.06 it/s
step 130750/370000 G=2.569 Dp=0.239 Dm=0.055 cyc_w=5.00 id_w=0.00 12.06 it/s
step 130800/370000 G=1.768 Dp=0.139 Dm=0.117 cyc_w=5.00 id_w=0.00 12.06 it/s
step 130850/370000 G=2.089 Dp=0.139 Dm=0.183 cyc_w=5.00 id_w=0.00 12.06 it/s
step 130900/370000 G=1.423 Dp=0.263 Dm=0.064 cyc_w=5.00 id_w=0.00 12.06 it/s
step 130950/370000 G=2.057 Dp=0.143 Dm=0.061 cyc_w=5.00 id_w=0.00 12.06 it/s
step 131000/370000 G=1.607 Dp=0.197 Dm=0.041 cyc_w=5.00 id_w=0.00 12.06 it/s
step 131050/370000 G=1.778 Dp=0.239 Dm=0.086 cyc_w=5.00 id_w=0.00 12.06 it/s
step 131100/370000 G=1.883 Dp=0.119 Dm=0.070 cyc_w=5.00 id_w=0.00 12.06 it/s
step 131150/370000 G=2.196 Dp=0.105 Dm=0.050 cyc_w=5.00 id_w=0.00 12.06 it/s
step 131200/370000 G=1.803 Dp=0.042 Dm=0.060 cyc_w=5.00 id_w=0.00 12.06 it/s
step 131250/370000 G=1.916 Dp=0.201 Dm=0.107 cyc_w=5.00 id_w=0.00 12.06 it/s
step 131300/370000 G=1.796 Dp=0.254 Dm=0.055 cyc_w=5.00 id_w=0.00 12.06 it/s
step 131350/370000 G=1.842 Dp=0.228 Dm=0.066 cyc_w=5.00 id_w=0.00 12.06 it/s
step 131400/370000 G=1.950 Dp=0.164 Dm=0.093 cyc_w=5.00 id_w=0.00 12.06 it/s
step 131450/370000 G=1.519 Dp=0.245 Dm=0.184 cyc_w=5.00 id_w=0.00 12.06 it/s
step 131500/370000 G=2.379 Dp=0.222 Dm=0.094 cyc_w=5.00 id_w=0.00 12.06 it/s
step 131550/370000 G=1.811 Dp=0.222 Dm=0.084 cyc_w=5.00 id_w=0.00 12.06 it/s
step 131600/370000 G=1.613 Dp=0.099 Dm=0.104 cyc_w=5.00 id_w=0.00 12.06 it/s
step 131650/370000 G=1.717 Dp=0.091 Dm=0.180 cyc_w=5.00 id_w=0.00 12.06 it/s
step 131700/370000 G=1.658 Dp=0.205 Dm=0.141 cyc_w=5.00 id_w=0.00 12.06 it/s
step 131750/370000 G=1.659 Dp=0.138 Dm=0.056 cyc_w=5.00 id_w=0.00 12.06 it/s
step 131800/370000 G=1.854 Dp=0.296 Dm=0.062 cyc_w=5.00 id_w=0.00 12.06 it/s
step 131850/370000 G=1.764 Dp=0.063 Dm=0.175 cyc_w=5.00 id_w=0.00 12.06 it/s
step 131900/370000 G=2.361 Dp=0.147 Dm=0.120 cyc_w=5.00 id_w=0.00 12.06 it/s
step 131950/370000 G=1.445 Dp=0.150 Dm=0.148 cyc_w=5.00 id_w=0.00 12.06 it/s
step 132000/370000 G=2.045 Dp=0.198 Dm=0.108 cyc_w=5.00 id_w=0.00 12.06 it/s
step 132050/370000 G=2.028 Dp=0.142 Dm=0.185 cyc_w=5.00 id_w=0.00 12.06 it/s
step 132100/370000 G=1.842 Dp=0.115 Dm=0.102 cyc_w=5.00 id_w=0.00 12.06 it/s
step 132150/370000 G=1.132 Dp=0.053 Dm=0.149 cyc_w=5.00 id_w=0.00 12.06 it/s
step 132200/370000 G=2.766 Dp=0.104 Dm=0.075 cyc_w=5.00 id_w=0.00 12.06 it/s
step 132250/370000 G=1.292 Dp=0.186 Dm=0.138 cyc_w=5.00 id_w=0.00 12.06 it/s
step 132300/370000 G=1.734 Dp=0.220 Dm=0.080 cyc_w=5.00 id_w=0.00 12.06 it/s
step 132350/370000 G=2.101 Dp=0.245 Dm=0.033 cyc_w=5.00 id_w=0.00 12.06 it/s
step 132400/370000 G=1.482 Dp=0.275 Dm=0.099 cyc_w=5.00 id_w=0.00 12.06 it/s
step 132450/370000 G=1.525 Dp=0.066 Dm=0.136 cyc_w=5.00 id_w=0.00 12.06 it/s
step 132500/370000 G=2.272 Dp=0.060 Dm=0.063 cyc_w=5.00 id_w=0.00 12.06 it/s
step 132550/370000 G=1.600 Dp=0.055 Dm=0.118 cyc_w=5.00 id_w=0.00 12.06 it/s
step 132600/370000 G=2.408 Dp=0.172 Dm=0.059 cyc_w=5.00 id_w=0.00 12.06 it/s
step 132650/370000 G=2.197 Dp=0.102 Dm=0.088 cyc_w=5.00 id_w=0.00 12.06 it/s
step 132700/370000 G=1.870 Dp=0.121 Dm=0.099 cyc_w=5.00 id_w=0.00 12.06 it/s
step 132750/370000 G=2.377 Dp=0.165 Dm=0.081 cyc_w=5.00 id_w=0.00 12.06 it/s
EVAL {"step": 132750, "variant": "ema", "fid_a2b": 98.56358458154563, "fid_b2a": 96.04500936469123, "mifid_a2b": 0.41440986226974624, "mifid_b2a": 0.39924544518292343, "fid": 97.30429697311843, "mifid": 0.40682765372633484, "composite": 48.85556231342238}
EVAL {"step": 132750, "variant": "ema_slow", "fid_a2b": 96.85360997830699, "fid_b2a": 95.686175191836, "mifid_a2b": 0.41507615654988705, "mifid_b2a": 0.4005727948922198, "fid": 96.26989258507149, "mifid": 0.4078244757210534, "composite": 48.33885853039627}
EVAL {"step": 132750, "variant": "raw", "fid_a2b": 101.73719536320829, "fid_b2a": 99.21477755690823, "mifid_a2b": 0.41977183314214467, "mifid_b2a": 0.3975333042743237, "fid": 100.47598646005827, "mifid": 0.4086525687082342, "composite": 50.44231951438325}
step 132800/370000 G=2.002 Dp=0.172 Dm=0.054 cyc_w=5.00 id_w=0.00 12.00 it/s
step 132850/370000 G=2.017 Dp=0.059 Dm=0.122 cyc_w=5.00 id_w=0.00 12.00 it/s
step 132900/370000 G=1.671 Dp=0.175 Dm=0.066 cyc_w=5.00 id_w=0.00 12.00 it/s
step 132950/370000 G=1.914 Dp=0.156 Dm=0.230 cyc_w=5.00 id_w=0.00 12.00 it/s
step 133000/370000 G=1.783 Dp=0.110 Dm=0.074 cyc_w=5.00 id_w=0.00 12.00 it/s
step 133050/370000 G=2.185 Dp=0.078 Dm=0.084 cyc_w=5.00 id_w=0.00 12.00 it/s
step 133100/370000 G=2.499 Dp=0.070 Dm=0.076 cyc_w=5.00 id_w=0.00 12.00 it/s
step 133150/370000 G=2.466 Dp=0.175 Dm=0.154 cyc_w=5.00 id_w=0.00 12.00 it/s
step 133200/370000 G=1.847 Dp=0.065 Dm=0.125 cyc_w=5.00 id_w=0.00 12.00 it/s
step 133250/370000 G=1.747 Dp=0.078 Dm=0.046 cyc_w=5.00 id_w=0.00 12.00 it/s
step 133300/370000 G=2.304 Dp=0.114 Dm=0.053 cyc_w=5.00 id_w=0.00 12.00 it/s
step 133350/370000 G=1.432 Dp=0.139 Dm=0.153 cyc_w=5.00 id_w=0.00 12.00 it/s
step 133400/370000 G=1.942 Dp=0.191 Dm=0.069 cyc_w=5.00 id_w=0.00 12.00 it/s
step 133450/370000 G=2.200 Dp=0.057 Dm=0.124 cyc_w=5.00 id_w=0.00 12.01 it/s
step 133500/370000 G=1.617 Dp=0.184 Dm=0.108 cyc_w=5.00 id_w=0.00 12.01 it/s
step 133550/370000 G=2.610 Dp=0.107 Dm=0.096 cyc_w=5.00 id_w=0.00 12.01 it/s
step 133600/370000 G=1.700 Dp=0.111 Dm=0.120 cyc_w=5.00 id_w=0.00 12.01 it/s
step 133650/370000 G=2.559 Dp=0.078 Dm=0.083 cyc_w=5.00 id_w=0.00 12.01 it/s
step 133700/370000 G=1.968 Dp=0.168 Dm=0.107 cyc_w=5.00 id_w=0.00 12.01 it/s
step 133750/370000 G=2.101 Dp=0.181 Dm=0.044 cyc_w=5.00 id_w=0.00 12.01 it/s
step 133800/370000 G=2.003 Dp=0.214 Dm=0.054 cyc_w=5.00 id_w=0.00 12.02 it/s
step 133850/370000 G=1.566 Dp=0.098 Dm=0.117 cyc_w=5.00 id_w=0.00 12.02 it/s
step 133900/370000 G=1.702 Dp=0.187 Dm=0.147 cyc_w=5.00 id_w=0.00 12.02 it/s
step 133950/370000 G=1.882 Dp=0.165 Dm=0.117 cyc_w=5.00 id_w=0.00 12.02 it/s
step 134000/370000 G=1.956 Dp=0.228 Dm=0.093 cyc_w=5.00 id_w=0.00 12.02 it/s
step 134050/370000 G=2.000 Dp=0.099 Dm=0.136 cyc_w=5.00 id_w=0.00 12.02 it/s
step 134100/370000 G=1.739 Dp=0.084 Dm=0.067 cyc_w=5.00 id_w=0.00 12.02 it/s
step 134150/370000 G=1.617 Dp=0.188 Dm=0.128 cyc_w=5.00 id_w=0.00 12.02 it/s
step 134200/370000 G=1.673 Dp=0.159 Dm=0.074 cyc_w=5.00 id_w=0.00 12.03 it/s
step 134250/370000 G=1.658 Dp=0.113 Dm=0.117 cyc_w=5.00 id_w=0.00 12.03 it/s
step 134300/370000 G=1.931 Dp=0.067 Dm=0.048 cyc_w=5.00 id_w=0.00 12.03 it/s
step 134350/370000 G=1.641 Dp=0.297 Dm=0.060 cyc_w=5.00 id_w=0.00 12.03 it/s
step 134400/370000 G=1.691 Dp=0.221 Dm=0.075 cyc_w=5.00 id_w=0.00 12.03 it/s
step 134450/370000 G=2.149 Dp=0.329 Dm=0.046 cyc_w=5.00 id_w=0.00 12.03 it/s
step 134500/370000 G=1.743 Dp=0.087 Dm=0.159 cyc_w=5.00 id_w=0.00 12.03 it/s
step 134550/370000 G=2.099 Dp=0.157 Dm=0.357 cyc_w=5.00 id_w=0.00 12.03 it/s
step 134600/370000 G=1.751 Dp=0.214 Dm=0.063 cyc_w=5.00 id_w=0.00 12.03 it/s
step 134650/370000 G=2.127 Dp=0.150 Dm=0.063 cyc_w=5.00 id_w=0.00 12.03 it/s
step 134700/370000 G=2.514 Dp=0.124 Dm=0.029 cyc_w=5.00 id_w=0.00 12.03 it/s
step 134750/370000 G=1.607 Dp=0.137 Dm=0.068 cyc_w=5.00 id_w=0.00 12.03 it/s
step 134800/370000 G=2.139 Dp=0.240 Dm=0.102 cyc_w=5.00 id_w=0.00 12.03 it/s
step 134850/370000 G=2.913 Dp=0.165 Dm=0.076 cyc_w=5.00 id_w=0.00 12.03 it/s
step 134900/370000 G=1.363 Dp=0.091 Dm=0.108 cyc_w=5.00 id_w=0.00 12.03 it/s
step 134950/370000 G=2.024 Dp=0.129 Dm=0.128 cyc_w=5.00 id_w=0.00 12.03 it/s
step 135000/370000 G=1.522 Dp=0.153 Dm=0.087 cyc_w=5.00 id_w=0.00 12.03 it/s
step 135050/370000 G=1.795 Dp=0.152 Dm=0.051 cyc_w=5.00 id_w=0.00 12.03 it/s
step 135100/370000 G=1.936 Dp=0.130 Dm=0.137 cyc_w=5.00 id_w=0.00 12.03 it/s
step 135150/370000 G=2.416 Dp=0.144 Dm=0.042 cyc_w=5.00 id_w=0.00 12.03 it/s
step 135200/370000 G=1.266 Dp=0.241 Dm=0.139 cyc_w=5.00 id_w=0.00 12.03 it/s
step 135250/370000 G=1.787 Dp=0.148 Dm=0.134 cyc_w=5.00 id_w=0.00 12.03 it/s
step 135300/370000 G=1.479 Dp=0.083 Dm=0.255 cyc_w=5.00 id_w=0.00 12.03 it/s
step 135350/370000 G=1.374 Dp=0.253 Dm=0.112 cyc_w=5.00 id_w=0.00 12.03 it/s
step 135400/370000 G=1.359 Dp=0.354 Dm=0.126 cyc_w=5.00 id_w=0.00 12.03 it/s
step 135450/370000 G=1.736 Dp=0.315 Dm=0.055 cyc_w=5.00 id_w=0.00 12.03 it/s
step 135500/370000 G=1.451 Dp=0.099 Dm=0.237 cyc_w=5.00 id_w=0.00 12.03 it/s
step 135550/370000 G=2.038 Dp=0.077 Dm=0.207 cyc_w=5.00 id_w=0.00 12.03 it/s
step 135600/370000 G=2.109 Dp=0.275 Dm=0.076 cyc_w=5.00 id_w=0.00 12.03 it/s
step 135650/370000 G=1.466 Dp=0.043 Dm=0.086 cyc_w=5.00 id_w=0.00 12.03 it/s
step 135700/370000 G=1.995 Dp=0.287 Dm=0.149 cyc_w=5.00 id_w=0.00 12.03 it/s
step 135750/370000 G=1.410 Dp=0.195 Dm=0.076 cyc_w=5.00 id_w=0.00 12.03 it/s
step 135800/370000 G=2.139 Dp=0.142 Dm=0.108 cyc_w=5.00 id_w=0.00 12.03 it/s
step 135850/370000 G=1.816 Dp=0.147 Dm=0.093 cyc_w=5.00 id_w=0.00 12.03 it/s
step 135900/370000 G=1.699 Dp=0.241 Dm=0.127 cyc_w=5.00 id_w=0.00 12.03 it/s
step 135950/370000 G=3.069 Dp=0.095 Dm=0.050 cyc_w=5.00 id_w=0.00 12.03 it/s
step 136000/370000 G=1.641 Dp=0.208 Dm=0.088 cyc_w=5.00 id_w=0.00 12.03 it/s
step 136050/370000 G=1.481 Dp=0.179 Dm=0.145 cyc_w=5.00 id_w=0.00 12.03 it/s
step 136100/370000 G=1.725 Dp=0.155 Dm=0.087 cyc_w=5.00 id_w=0.00 12.03 it/s
step 136150/370000 G=1.630 Dp=0.114 Dm=0.143 cyc_w=5.00 id_w=0.00 12.03 it/s
step 136200/370000 G=2.298 Dp=0.112 Dm=0.099 cyc_w=5.00 id_w=0.00 12.03 it/s
step 136250/370000 G=1.530 Dp=0.079 Dm=0.097 cyc_w=5.00 id_w=0.00 12.03 it/s
step 136300/370000 G=2.125 Dp=0.231 Dm=0.190 cyc_w=5.00 id_w=0.00 12.03 it/s
step 136350/370000 G=1.614 Dp=0.234 Dm=0.080 cyc_w=5.00 id_w=0.00 12.03 it/s
step 136400/370000 G=1.895 Dp=0.193 Dm=0.047 cyc_w=5.00 id_w=0.00 12.03 it/s
step 136450/370000 G=1.427 Dp=0.179 Dm=0.098 cyc_w=5.00 id_w=0.00 12.03 it/s
step 136500/370000 G=1.428 Dp=0.196 Dm=0.057 cyc_w=5.00 id_w=0.00 12.03 it/s
step 136550/370000 G=1.619 Dp=0.110 Dm=0.142 cyc_w=5.00 id_w=0.00 12.03 it/s
step 136600/370000 G=1.693 Dp=0.133 Dm=0.096 cyc_w=5.00 id_w=0.00 12.03 it/s
step 136650/370000 G=2.311 Dp=0.174 Dm=0.140 cyc_w=5.00 id_w=0.00 12.03 it/s
step 136700/370000 G=2.618 Dp=0.226 Dm=0.074 cyc_w=5.00 id_w=0.00 12.03 it/s
step 136750/370000 G=1.434 Dp=0.187 Dm=0.086 cyc_w=5.00 id_w=0.00 12.03 it/s
step 136800/370000 G=1.931 Dp=0.060 Dm=0.080 cyc_w=5.00 id_w=0.00 12.03 it/s
step 136850/370000 G=1.324 Dp=0.108 Dm=0.148 cyc_w=5.00 id_w=0.00 12.03 it/s
step 136900/370000 G=1.721 Dp=0.177 Dm=0.115 cyc_w=5.00 id_w=0.00 12.03 it/s
step 136950/370000 G=1.540 Dp=0.130 Dm=0.111 cyc_w=5.00 id_w=0.00 12.03 it/s
step 137000/370000 G=2.077 Dp=0.349 Dm=0.163 cyc_w=5.00 id_w=0.00 12.03 it/s
step 137050/370000 G=1.795 Dp=0.260 Dm=0.093 cyc_w=5.00 id_w=0.00 12.03 it/s
step 137100/370000 G=1.728 Dp=0.121 Dm=0.136 cyc_w=5.00 id_w=0.00 12.03 it/s
step 137150/370000 G=2.088 Dp=0.137 Dm=0.153 cyc_w=5.00 id_w=0.00 12.03 it/s
step 137200/370000 G=2.018 Dp=0.166 Dm=0.152 cyc_w=5.00 id_w=0.00 12.03 it/s
step 137250/370000 G=1.440 Dp=0.087 Dm=0.256 cyc_w=5.00 id_w=0.00 12.03 it/s
step 137300/370000 G=1.536 Dp=0.247 Dm=0.124 cyc_w=5.00 id_w=0.00 12.03 it/s
step 137350/370000 G=1.972 Dp=0.136 Dm=0.086 cyc_w=5.00 id_w=0.00 12.03 it/s
step 137400/370000 G=1.600 Dp=0.140 Dm=0.069 cyc_w=5.00 id_w=0.00 12.03 it/s
step 137450/370000 G=1.856 Dp=0.219 Dm=0.115 cyc_w=5.00 id_w=0.00 12.03 it/s
step 137500/370000 G=1.758 Dp=0.266 Dm=0.097 cyc_w=5.00 id_w=0.00 12.03 it/s
step 137550/370000 G=1.406 Dp=0.173 Dm=0.381 cyc_w=5.00 id_w=0.00 12.03 it/s
step 137600/370000 G=1.478 Dp=0.082 Dm=0.107 cyc_w=5.00 id_w=0.00 12.03 it/s
step 137650/370000 G=1.615 Dp=0.139 Dm=0.103 cyc_w=5.00 id_w=0.00 12.03 it/s
step 137700/370000 G=2.269 Dp=0.157 Dm=0.086 cyc_w=5.00 id_w=0.00 12.03 it/s
step 137750/370000 G=1.433 Dp=0.085 Dm=0.043 cyc_w=5.00 id_w=0.00 12.03 it/s
step 137800/370000 G=2.268 Dp=0.141 Dm=0.122 cyc_w=5.00 id_w=0.00 12.03 it/s
step 137850/370000 G=2.046 Dp=0.128 Dm=0.173 cyc_w=5.00 id_w=0.00 12.03 it/s
step 137900/370000 G=1.484 Dp=0.181 Dm=0.123 cyc_w=5.00 id_w=0.00 12.03 it/s
step 137950/370000 G=1.917 Dp=0.276 Dm=0.109 cyc_w=5.00 id_w=0.00 12.03 it/s
step 138000/370000 G=2.270 Dp=0.116 Dm=0.164 cyc_w=5.00 id_w=0.00 12.03 it/s
step 138050/370000 G=1.628 Dp=0.151 Dm=0.106 cyc_w=5.00 id_w=0.00 12.03 it/s
step 138100/370000 G=1.671 Dp=0.154 Dm=0.040 cyc_w=5.00 id_w=0.00 12.03 it/s
step 138150/370000 G=1.413 Dp=0.195 Dm=0.050 cyc_w=5.00 id_w=0.00 12.03 it/s
step 138200/370000 G=1.525 Dp=0.202 Dm=0.063 cyc_w=5.00 id_w=0.00 12.03 it/s
step 138250/370000 G=2.007 Dp=0.037 Dm=0.091 cyc_w=5.00 id_w=0.00 12.03 it/s
step 138300/370000 G=1.412 Dp=0.363 Dm=0.077 cyc_w=5.00 id_w=0.00 12.03 it/s
step 138350/370000 G=1.677 Dp=0.251 Dm=0.090 cyc_w=5.00 id_w=0.00 12.03 it/s
step 138400/370000 G=1.561 Dp=0.134 Dm=0.116 cyc_w=5.00 id_w=0.00 12.03 it/s
step 138450/370000 G=3.152 Dp=0.119 Dm=0.073 cyc_w=5.00 id_w=0.00 12.03 it/s
step 138500/370000 G=1.877 Dp=0.117 Dm=0.136 cyc_w=5.00 id_w=0.00 12.03 it/s
step 138550/370000 G=1.136 Dp=0.164 Dm=0.095 cyc_w=5.00 id_w=0.00 12.03 it/s
step 138600/370000 G=0.910 Dp=0.413 Dm=0.212 cyc_w=5.00 id_w=0.00 12.03 it/s
step 138650/370000 G=1.489 Dp=0.140 Dm=0.096 cyc_w=5.00 id_w=0.00 12.03 it/s
step 138700/370000 G=2.774 Dp=0.091 Dm=0.062 cyc_w=5.00 id_w=0.00 12.03 it/s
step 138750/370000 G=1.996 Dp=0.063 Dm=0.183 cyc_w=5.00 id_w=0.00 12.03 it/s
step 138800/370000 G=2.016 Dp=0.061 Dm=0.035 cyc_w=5.00 id_w=0.00 12.03 it/s
step 138850/370000 G=1.528 Dp=0.158 Dm=0.121 cyc_w=5.00 id_w=0.00 12.03 it/s
step 138900/370000 G=2.821 Dp=0.129 Dm=0.141 cyc_w=5.00 id_w=0.00 12.03 it/s
step 138950/370000 G=1.686 Dp=0.170 Dm=0.102 cyc_w=5.00 id_w=0.00 12.03 it/s
step 139000/370000 G=1.385 Dp=0.169 Dm=0.076 cyc_w=5.00 id_w=0.00 12.03 it/s
step 139050/370000 G=1.916 Dp=0.122 Dm=0.069 cyc_w=5.00 id_w=0.00 12.03 it/s
step 139100/370000 G=1.816 Dp=0.069 Dm=0.134 cyc_w=5.00 id_w=0.00 12.03 it/s
step 139150/370000 G=1.706 Dp=0.325 Dm=0.089 cyc_w=5.00 id_w=0.00 12.03 it/s
step 139200/370000 G=1.832 Dp=0.168 Dm=0.119 cyc_w=5.00 id_w=0.00 12.03 it/s
step 139250/370000 G=1.668 Dp=0.204 Dm=0.086 cyc_w=5.00 id_w=0.00 12.03 it/s
step 139300/370000 G=2.272 Dp=0.127 Dm=0.165 cyc_w=5.00 id_w=0.00 12.03 it/s
step 139350/370000 G=2.205 Dp=0.121 Dm=0.120 cyc_w=5.00 id_w=0.00 12.03 it/s
step 139400/370000 G=2.048 Dp=0.084 Dm=0.065 cyc_w=5.00 id_w=0.00 12.03 it/s
step 139450/370000 G=2.052 Dp=0.161 Dm=0.112 cyc_w=5.00 id_w=0.00 12.03 it/s
step 139500/370000 G=1.574 Dp=0.181 Dm=0.138 cyc_w=5.00 id_w=0.00 12.03 it/s
step 139550/370000 G=1.625 Dp=0.199 Dm=0.032 cyc_w=5.00 id_w=0.00 12.03 it/s
step 139600/370000 G=1.775 Dp=0.134 Dm=0.122 cyc_w=5.00 id_w=0.00 12.03 it/s
step 139650/370000 G=2.108 Dp=0.262 Dm=0.048 cyc_w=5.00 id_w=0.00 12.03 it/s
step 139700/370000 G=1.731 Dp=0.127 Dm=0.053 cyc_w=5.00 id_w=0.00 12.03 it/s
step 139750/370000 G=1.634 Dp=0.318 Dm=0.098 cyc_w=5.00 id_w=0.00 12.03 it/s
step 139800/370000 G=1.465 Dp=0.236 Dm=0.204 cyc_w=5.00 id_w=0.00 12.03 it/s
step 139850/370000 G=1.658 Dp=0.377 Dm=0.086 cyc_w=5.00 id_w=0.00 12.03 it/s
step 139900/370000 G=1.606 Dp=0.308 Dm=0.065 cyc_w=5.00 id_w=0.00 12.04 it/s
step 139950/370000 G=2.510 Dp=0.067 Dm=0.083 cyc_w=5.00 id_w=0.00 12.04 it/s
step 140000/370000 G=1.712 Dp=0.475 Dm=0.098 cyc_w=5.00 id_w=0.00 12.04 it/s
step 140050/370000 G=1.227 Dp=0.250 Dm=0.206 cyc_w=5.00 id_w=0.00 12.04 it/s
step 140100/370000 G=2.585 Dp=0.182 Dm=0.107 cyc_w=5.00 id_w=0.00 12.04 it/s
step 140150/370000 G=1.452 Dp=0.114 Dm=0.207 cyc_w=5.00 id_w=0.00 12.04 it/s
step 140200/370000 G=2.379 Dp=0.223 Dm=0.085 cyc_w=5.00 id_w=0.00 12.04 it/s
step 140250/370000 G=2.176 Dp=0.182 Dm=0.073 cyc_w=5.00 id_w=0.00 12.04 it/s
step 140300/370000 G=1.812 Dp=0.183 Dm=0.084 cyc_w=5.00 id_w=0.00 12.05 it/s
step 140350/370000 G=1.966 Dp=0.068 Dm=0.096 cyc_w=5.00 id_w=0.00 12.05 it/s
step 140400/370000 G=1.775 Dp=0.105 Dm=0.113 cyc_w=5.00 id_w=0.00 12.05 it/s
step 140450/370000 G=1.940 Dp=0.107 Dm=0.063 cyc_w=5.00 id_w=0.00 12.05 it/s
step 140500/370000 G=1.444 Dp=0.301 Dm=0.153 cyc_w=5.00 id_w=0.00 12.05 it/s
step 140550/370000 G=1.850 Dp=0.099 Dm=0.057 cyc_w=5.00 id_w=0.00 12.05 it/s
step 140600/370000 G=1.948 Dp=0.277 Dm=0.114 cyc_w=5.00 id_w=0.00 12.05 it/s
step 140650/370000 G=1.725 Dp=0.313 Dm=0.096 cyc_w=5.00 id_w=0.00 12.06 it/s
step 140700/370000 G=2.131 Dp=0.147 Dm=0.045 cyc_w=5.00 id_w=0.00 12.06 it/s
step 140750/370000 G=1.995 Dp=0.152 Dm=0.079 cyc_w=5.00 id_w=0.00 12.06 it/s
step 140800/370000 G=1.745 Dp=0.220 Dm=0.169 cyc_w=5.00 id_w=0.00 12.06 it/s
step 140850/370000 G=2.169 Dp=0.131 Dm=0.051 cyc_w=5.00 id_w=0.00 12.06 it/s
step 140900/370000 G=1.749 Dp=0.065 Dm=0.128 cyc_w=5.00 id_w=0.00 12.06 it/s
step 140950/370000 G=1.919 Dp=0.177 Dm=0.149 cyc_w=5.00 id_w=0.00 12.06 it/s
step 141000/370000 G=1.134 Dp=0.234 Dm=0.139 cyc_w=5.00 id_w=0.00 12.06 it/s
step 141050/370000 G=2.013 Dp=0.234 Dm=0.100 cyc_w=5.00 id_w=0.00 12.06 it/s
step 141100/370000 G=1.975 Dp=0.117 Dm=0.065 cyc_w=5.00 id_w=0.00 12.06 it/s
step 141150/370000 G=1.844 Dp=0.231 Dm=0.038 cyc_w=5.00 id_w=0.00 12.06 it/s
step 141200/370000 G=1.522 Dp=0.229 Dm=0.083 cyc_w=5.00 id_w=0.00 12.06 it/s
step 141250/370000 G=1.652 Dp=0.289 Dm=0.100 cyc_w=5.00 id_w=0.00 12.06 it/s
step 141300/370000 G=1.868 Dp=0.230 Dm=0.087 cyc_w=5.00 id_w=0.00 12.06 it/s
step 141350/370000 G=1.766 Dp=0.185 Dm=0.097 cyc_w=5.00 id_w=0.00 12.06 it/s
step 141400/370000 G=2.369 Dp=0.210 Dm=0.124 cyc_w=5.00 id_w=0.00 12.06 it/s
step 141450/370000 G=2.629 Dp=0.218 Dm=0.181 cyc_w=5.00 id_w=0.00 12.06 it/s
step 141500/370000 G=2.052 Dp=0.105 Dm=0.050 cyc_w=5.00 id_w=0.00 12.06 it/s
step 141550/370000 G=2.094 Dp=0.073 Dm=0.104 cyc_w=5.00 id_w=0.00 12.06 it/s
step 141600/370000 G=2.118 Dp=0.177 Dm=0.056 cyc_w=5.00 id_w=0.00 12.06 it/s
step 141650/370000 G=1.576 Dp=0.129 Dm=0.077 cyc_w=5.00 id_w=0.00 12.06 it/s
step 141700/370000 G=1.734 Dp=0.281 Dm=0.039 cyc_w=5.00 id_w=0.00 12.06 it/s
step 141750/370000 G=1.822 Dp=0.086 Dm=0.056 cyc_w=5.00 id_w=0.00 12.06 it/s
step 141800/370000 G=1.956 Dp=0.212 Dm=0.080 cyc_w=5.00 id_w=0.00 12.06 it/s
step 141850/370000 G=1.807 Dp=0.085 Dm=0.052 cyc_w=5.00 id_w=0.00 12.06 it/s
step 141900/370000 G=1.535 Dp=0.412 Dm=0.085 cyc_w=5.00 id_w=0.00 12.06 it/s
step 141950/370000 G=1.601 Dp=0.118 Dm=0.063 cyc_w=5.00 id_w=0.00 12.06 it/s
step 142000/370000 G=2.855 Dp=0.079 Dm=0.154 cyc_w=5.00 id_w=0.00 12.06 it/s
step 142050/370000 G=2.371 Dp=0.170 Dm=0.081 cyc_w=5.00 id_w=0.00 12.06 it/s
step 142100/370000 G=1.704 Dp=0.443 Dm=0.095 cyc_w=5.00 id_w=0.00 12.06 it/s
step 142150/370000 G=2.334 Dp=0.196 Dm=0.066 cyc_w=5.00 id_w=0.00 12.06 it/s
step 142200/370000 G=1.778 Dp=0.240 Dm=0.129 cyc_w=5.00 id_w=0.00 12.06 it/s
step 142250/370000 G=1.740 Dp=0.096 Dm=0.074 cyc_w=5.00 id_w=0.00 12.06 it/s
step 142300/370000 G=1.696 Dp=0.064 Dm=0.043 cyc_w=5.00 id_w=0.00 12.06 it/s
step 142350/370000 G=1.971 Dp=0.355 Dm=0.072 cyc_w=5.00 id_w=0.00 12.06 it/s
step 142400/370000 G=1.421 Dp=0.178 Dm=0.158 cyc_w=5.00 id_w=0.00 12.06 it/s
step 142450/370000 G=1.778 Dp=0.223 Dm=0.093 cyc_w=5.00 id_w=0.00 12.06 it/s
step 142500/370000 G=1.960 Dp=0.189 Dm=0.157 cyc_w=5.00 id_w=0.00 12.06 it/s
step 142550/370000 G=1.868 Dp=0.260 Dm=0.091 cyc_w=5.00 id_w=0.00 12.06 it/s
step 142600/370000 G=1.457 Dp=0.327 Dm=0.080 cyc_w=5.00 id_w=0.00 12.06 it/s
step 142650/370000 G=2.039 Dp=0.240 Dm=0.092 cyc_w=5.00 id_w=0.00 12.06 it/s
step 142700/370000 G=1.422 Dp=0.351 Dm=0.163 cyc_w=5.00 id_w=0.00 12.06 it/s
step 142750/370000 G=1.600 Dp=0.169 Dm=0.076 cyc_w=5.00 id_w=0.00 12.06 it/s
step 142800/370000 G=2.477 Dp=0.117 Dm=0.090 cyc_w=5.00 id_w=0.00 12.06 it/s
step 142850/370000 G=3.244 Dp=0.146 Dm=0.061 cyc_w=5.00 id_w=0.00 12.06 it/s
step 142900/370000 G=2.080 Dp=0.214 Dm=0.174 cyc_w=5.00 id_w=0.00 12.06 it/s
step 142950/370000 G=1.802 Dp=0.303 Dm=0.032 cyc_w=5.00 id_w=0.00 12.06 it/s
step 143000/370000 G=2.037 Dp=0.132 Dm=0.085 cyc_w=5.00 id_w=0.00 12.06 it/s
step 143050/370000 G=1.401 Dp=0.266 Dm=0.029 cyc_w=5.00 id_w=0.00 12.06 it/s
step 143100/370000 G=1.530 Dp=0.142 Dm=0.053 cyc_w=5.00 id_w=0.00 12.06 it/s
step 143150/370000 G=1.429 Dp=0.321 Dm=0.080 cyc_w=5.00 id_w=0.00 12.06 it/s
step 143200/370000 G=1.788 Dp=0.197 Dm=0.048 cyc_w=5.00 id_w=0.00 12.06 it/s
step 143250/370000 G=1.890 Dp=0.113 Dm=0.085 cyc_w=5.00 id_w=0.00 12.06 it/s
step 143300/370000 G=2.172 Dp=0.124 Dm=0.037 cyc_w=5.00 id_w=0.00 12.06 it/s
step 143350/370000 G=1.527 Dp=0.310 Dm=0.135 cyc_w=5.00 id_w=0.00 12.06 it/s
step 143400/370000 G=2.110 Dp=0.134 Dm=0.083 cyc_w=5.00 id_w=0.00 12.06 it/s
step 143450/370000 G=2.124 Dp=0.175 Dm=0.224 cyc_w=5.00 id_w=0.00 12.06 it/s
step 143500/370000 G=1.548 Dp=0.180 Dm=0.113 cyc_w=5.00 id_w=0.00 12.06 it/s
step 143550/370000 G=1.663 Dp=0.369 Dm=0.179 cyc_w=5.00 id_w=0.00 12.06 it/s
step 143600/370000 G=1.533 Dp=0.208 Dm=0.093 cyc_w=5.00 id_w=0.00 12.06 it/s
step 143650/370000 G=1.771 Dp=0.111 Dm=0.054 cyc_w=5.00 id_w=0.00 12.06 it/s
step 143700/370000 G=2.717 Dp=0.153 Dm=0.166 cyc_w=5.00 id_w=0.00 12.06 it/s
step 143750/370000 G=1.912 Dp=0.190 Dm=0.057 cyc_w=5.00 id_w=0.00 12.06 it/s
step 143800/370000 G=1.531 Dp=0.057 Dm=0.065 cyc_w=5.00 id_w=0.00 12.06 it/s
step 143850/370000 G=1.807 Dp=0.128 Dm=0.057 cyc_w=5.00 id_w=0.00 12.06 it/s
step 143900/370000 G=1.925 Dp=0.174 Dm=0.068 cyc_w=5.00 id_w=0.00 12.06 it/s
step 143950/370000 G=1.646 Dp=0.139 Dm=0.070 cyc_w=5.00 id_w=0.00 12.06 it/s
step 144000/370000 G=1.660 Dp=0.140 Dm=0.230 cyc_w=5.00 id_w=0.00 12.06 it/s
step 144050/370000 G=1.796 Dp=0.166 Dm=0.100 cyc_w=5.00 id_w=0.00 12.06 it/s
step 144100/370000 G=1.827 Dp=0.254 Dm=0.097 cyc_w=5.00 id_w=0.00 12.06 it/s
step 144150/370000 G=2.096 Dp=0.122 Dm=0.045 cyc_w=5.00 id_w=0.00 12.06 it/s
step 144200/370000 G=2.096 Dp=0.054 Dm=0.042 cyc_w=5.00 id_w=0.00 12.06 it/s
step 144250/370000 G=1.877 Dp=0.085 Dm=0.050 cyc_w=5.00 id_w=0.00 12.06 it/s
step 144300/370000 G=1.645 Dp=0.308 Dm=0.167 cyc_w=5.00 id_w=0.00 12.06 it/s
step 144350/370000 G=1.921 Dp=0.127 Dm=0.120 cyc_w=5.00 id_w=0.00 12.06 it/s
step 144400/370000 G=2.095 Dp=0.158 Dm=0.159 cyc_w=5.00 id_w=0.00 12.06 it/s
step 144450/370000 G=1.892 Dp=0.081 Dm=0.096 cyc_w=5.00 id_w=0.00 12.06 it/s
step 144500/370000 G=1.718 Dp=0.128 Dm=0.079 cyc_w=5.00 id_w=0.00 12.06 it/s
step 144550/370000 G=1.790 Dp=0.176 Dm=0.135 cyc_w=5.00 id_w=0.00 12.06 it/s
step 144600/370000 G=1.552 Dp=0.275 Dm=0.109 cyc_w=5.00 id_w=0.00 12.06 it/s
step 144650/370000 G=2.856 Dp=0.181 Dm=0.075 cyc_w=5.00 id_w=0.00 12.06 it/s
step 144700/370000 G=2.106 Dp=0.045 Dm=0.053 cyc_w=5.00 id_w=0.00 12.06 it/s
step 144750/370000 G=1.816 Dp=0.269 Dm=0.150 cyc_w=5.00 id_w=0.00 12.06 it/s
step 144800/370000 G=2.457 Dp=0.219 Dm=0.289 cyc_w=5.00 id_w=0.00 12.06 it/s
step 144850/370000 G=1.703 Dp=0.206 Dm=0.139 cyc_w=5.00 id_w=0.00 12.06 it/s
step 144900/370000 G=2.943 Dp=0.109 Dm=0.082 cyc_w=5.00 id_w=0.00 12.06 it/s
step 144950/370000 G=2.196 Dp=0.058 Dm=0.124 cyc_w=5.00 id_w=0.00 12.06 it/s
step 145000/370000 G=2.373 Dp=0.087 Dm=0.098 cyc_w=5.00 id_w=0.00 12.06 it/s
step 145050/370000 G=1.809 Dp=0.347 Dm=0.060 cyc_w=5.00 id_w=0.00 12.06 it/s
step 145100/370000 G=1.528 Dp=0.066 Dm=0.056 cyc_w=5.00 id_w=0.00 12.06 it/s
step 145150/370000 G=3.274 Dp=0.196 Dm=0.056 cyc_w=5.00 id_w=0.00 12.06 it/s
step 145200/370000 G=2.069 Dp=0.194 Dm=0.039 cyc_w=5.00 id_w=0.00 12.06 it/s
step 145250/370000 G=1.602 Dp=0.254 Dm=0.046 cyc_w=5.00 id_w=0.00 12.06 it/s
step 145300/370000 G=2.299 Dp=0.271 Dm=0.069 cyc_w=5.00 id_w=0.00 12.06 it/s
step 145350/370000 G=2.148 Dp=0.184 Dm=0.133 cyc_w=5.00 id_w=0.00 12.06 it/s
step 145400/370000 G=1.959 Dp=0.155 Dm=0.088 cyc_w=5.00 id_w=0.00 12.06 it/s
step 145450/370000 G=2.089 Dp=0.173 Dm=0.107 cyc_w=5.00 id_w=0.00 12.06 it/s
step 145500/370000 G=2.177 Dp=0.127 Dm=0.087 cyc_w=5.00 id_w=0.00 12.06 it/s
step 145550/370000 G=2.153 Dp=0.170 Dm=0.163 cyc_w=5.00 id_w=0.00 12.06 it/s
step 145600/370000 G=2.132 Dp=0.174 Dm=0.105 cyc_w=5.00 id_w=0.00 12.06 it/s
step 145650/370000 G=1.700 Dp=0.096 Dm=0.090 cyc_w=5.00 id_w=0.00 12.06 it/s
step 145700/370000 G=1.584 Dp=0.149 Dm=0.056 cyc_w=5.00 id_w=0.00 12.06 it/s
step 145750/370000 G=1.545 Dp=0.236 Dm=0.180 cyc_w=5.00 id_w=0.00 12.06 it/s
step 145800/370000 G=1.985 Dp=0.173 Dm=0.108 cyc_w=5.00 id_w=0.00 12.06 it/s
step 145850/370000 G=1.547 Dp=0.149 Dm=0.153 cyc_w=5.00 id_w=0.00 12.06 it/s
step 145900/370000 G=2.028 Dp=0.143 Dm=0.124 cyc_w=5.00 id_w=0.00 12.06 it/s
step 145950/370000 G=2.024 Dp=0.058 Dm=0.100 cyc_w=5.00 id_w=0.00 12.06 it/s
step 146000/370000 G=1.766 Dp=0.310 Dm=0.069 cyc_w=5.00 id_w=0.00 12.06 it/s
step 146050/370000 G=1.582 Dp=0.196 Dm=0.100 cyc_w=5.00 id_w=0.00 12.06 it/s
step 146100/370000 G=1.872 Dp=0.194 Dm=0.147 cyc_w=5.00 id_w=0.00 12.06 it/s
step 146150/370000 G=1.968 Dp=0.111 Dm=0.068 cyc_w=5.00 id_w=0.00 12.06 it/s
step 146200/370000 G=2.451 Dp=0.045 Dm=0.060 cyc_w=5.00 id_w=0.00 12.06 it/s
step 146250/370000 G=1.874 Dp=0.148 Dm=0.081 cyc_w=5.00 id_w=0.00 12.06 it/s
step 146300/370000 G=1.593 Dp=0.151 Dm=0.065 cyc_w=5.00 id_w=0.00 12.06 it/s
step 146350/370000 G=1.916 Dp=0.260 Dm=0.082 cyc_w=5.00 id_w=0.00 12.06 it/s
step 146400/370000 G=2.010 Dp=0.191 Dm=0.060 cyc_w=5.00 id_w=0.00 12.06 it/s
step 146450/370000 G=1.973 Dp=0.192 Dm=0.081 cyc_w=5.00 id_w=0.00 12.06 it/s
step 146500/370000 G=2.470 Dp=0.118 Dm=0.131 cyc_w=5.00 id_w=0.00 12.06 it/s
step 146550/370000 G=2.009 Dp=0.209 Dm=0.146 cyc_w=5.00 id_w=0.00 12.06 it/s
step 146600/370000 G=1.952 Dp=0.290 Dm=0.128 cyc_w=5.00 id_w=0.00 12.06 it/s
step 146650/370000 G=1.614 Dp=0.354 Dm=0.149 cyc_w=5.00 id_w=0.00 12.06 it/s
step 146700/370000 G=1.745 Dp=0.146 Dm=0.120 cyc_w=5.00 id_w=0.00 12.06 it/s
step 146750/370000 G=1.242 Dp=0.216 Dm=0.157 cyc_w=5.00 id_w=0.00 12.06 it/s
step 146800/370000 G=2.565 Dp=0.168 Dm=0.057 cyc_w=5.00 id_w=0.00 12.06 it/s
step 146850/370000 G=1.745 Dp=0.123 Dm=0.075 cyc_w=5.00 id_w=0.00 12.06 it/s
step 146900/370000 G=2.352 Dp=0.131 Dm=0.118 cyc_w=5.00 id_w=0.00 12.06 it/s
step 146950/370000 G=1.998 Dp=0.087 Dm=0.037 cyc_w=5.00 id_w=0.00 12.06 it/s
step 147000/370000 G=2.154 Dp=0.214 Dm=0.226 cyc_w=5.00 id_w=0.00 12.06 it/s
step 147050/370000 G=2.110 Dp=0.264 Dm=0.057 cyc_w=5.00 id_w=0.00 12.06 it/s
step 147100/370000 G=1.544 Dp=0.287 Dm=0.170 cyc_w=5.00 id_w=0.00 12.06 it/s
step 147150/370000 G=2.000 Dp=0.238 Dm=0.144 cyc_w=5.00 id_w=0.00 12.06 it/s
step 147200/370000 G=2.359 Dp=0.067 Dm=0.111 cyc_w=5.00 id_w=0.00 12.06 it/s
step 147250/370000 G=1.053 Dp=0.207 Dm=0.180 cyc_w=5.00 id_w=0.00 12.06 it/s
step 147300/370000 G=1.714 Dp=0.256 Dm=0.134 cyc_w=5.00 id_w=0.00 12.06 it/s
step 147350/370000 G=2.020 Dp=0.270 Dm=0.073 cyc_w=5.00 id_w=0.00 12.06 it/s
step 147400/370000 G=1.851 Dp=0.143 Dm=0.212 cyc_w=5.00 id_w=0.00 12.06 it/s
step 147450/370000 G=2.664 Dp=0.083 Dm=0.066 cyc_w=5.00 id_w=0.00 12.06 it/s
step 147500/370000 G=2.130 Dp=0.360 Dm=0.090 cyc_w=5.00 id_w=0.00 12.06 it/s
EVAL {"step": 147500, "variant": "ema", "fid_a2b": 96.78208680283905, "fid_b2a": 94.9256897577293, "mifid_a2b": 0.41608934170648854, "mifid_b2a": 0.398724932916644, "fid": 95.85388828028417, "mifid": 0.4074071373115663, "composite": 48.130647708797866}
EVAL {"step": 147500, "variant": "ema_slow", "fid_a2b": 96.67145398338735, "fid_b2a": 95.13974033142387, "mifid_a2b": 0.415165239117388, "mifid_b2a": 0.40033021783997697, "fid": 95.90559715740561, "mifid": 0.40774772847868246, "composite": 48.156672442942146}
EVAL {"step": 147500, "variant": "raw", "fid_a2b": 107.99282765465425, "fid_b2a": 96.57849583122612, "mifid_a2b": 0.4218678189608066, "mifid_b2a": 0.3980505250682873, "fid": 102.28566174294019, "mifid": 0.40995917201454696, "composite": 51.34781045747737}
step 147550/370000 G=2.405 Dp=0.241 Dm=0.081 cyc_w=5.00 id_w=0.00 12.01 it/s
step 147600/370000 G=1.571 Dp=0.212 Dm=0.104 cyc_w=5.00 id_w=0.00 12.01 it/s
step 147650/370000 G=2.023 Dp=0.071 Dm=0.151 cyc_w=5.00 id_w=0.00 12.01 it/s
step 147700/370000 G=1.570 Dp=0.201 Dm=0.122 cyc_w=5.00 id_w=0.00 12.01 it/s
step 147750/370000 G=1.323 Dp=0.156 Dm=0.039 cyc_w=5.00 id_w=0.00 12.01 it/s
step 147800/370000 G=1.941 Dp=0.166 Dm=0.044 cyc_w=5.00 id_w=0.00 12.01 it/s
step 147850/370000 G=1.967 Dp=0.137 Dm=0.048 cyc_w=5.00 id_w=0.00 12.01 it/s
step 147900/370000 G=2.225 Dp=0.167 Dm=0.048 cyc_w=5.00 id_w=0.00 12.01 it/s
step 147950/370000 G=1.737 Dp=0.112 Dm=0.118 cyc_w=5.00 id_w=0.00 12.01 it/s
step 148000/370000 G=1.875 Dp=0.190 Dm=0.069 cyc_w=5.00 id_w=0.00 12.01 it/s
step 148050/370000 G=1.743 Dp=0.136 Dm=0.059 cyc_w=5.00 id_w=0.00 12.01 it/s
step 148100/370000 G=2.218 Dp=0.200 Dm=0.070 cyc_w=5.00 id_w=0.00 12.01 it/s
step 148150/370000 G=2.014 Dp=0.093 Dm=0.111 cyc_w=5.00 id_w=0.00 12.01 it/s
step 148200/370000 G=1.870 Dp=0.189 Dm=0.058 cyc_w=5.00 id_w=0.00 12.01 it/s
step 148250/370000 G=1.739 Dp=0.184 Dm=0.068 cyc_w=5.00 id_w=0.00 12.01 it/s
step 148300/370000 G=1.968 Dp=0.393 Dm=0.047 cyc_w=5.00 id_w=0.00 12.01 it/s
step 148350/370000 G=1.457 Dp=0.240 Dm=0.045 cyc_w=5.00 id_w=0.00 12.01 it/s
step 148400/370000 G=1.665 Dp=0.186 Dm=0.062 cyc_w=5.00 id_w=0.00 12.01 it/s
step 148450/370000 G=2.091 Dp=0.155 Dm=0.091 cyc_w=5.00 id_w=0.00 12.01 it/s
step 148500/370000 G=1.466 Dp=0.312 Dm=0.176 cyc_w=5.00 id_w=0.00 12.01 it/s
step 148550/370000 G=1.997 Dp=0.281 Dm=0.130 cyc_w=5.00 id_w=0.00 12.01 it/s
step 148600/370000 G=2.885 Dp=0.142 Dm=0.111 cyc_w=5.00 id_w=0.00 12.01 it/s
step 148650/370000 G=2.533 Dp=0.116 Dm=0.115 cyc_w=5.00 id_w=0.00 12.01 it/s
step 148700/370000 G=2.113 Dp=0.186 Dm=0.086 cyc_w=5.00 id_w=0.00 12.01 it/s
step 148750/370000 G=2.026 Dp=0.194 Dm=0.081 cyc_w=5.00 id_w=0.00 12.01 it/s
step 148800/370000 G=1.754 Dp=0.245 Dm=0.066 cyc_w=5.00 id_w=0.00 12.01 it/s
step 148850/370000 G=1.634 Dp=0.161 Dm=0.193 cyc_w=5.00 id_w=0.00 12.01 it/s
step 148900/370000 G=2.332 Dp=0.206 Dm=0.202 cyc_w=5.00 id_w=0.00 12.01 it/s
step 148950/370000 G=2.724 Dp=0.110 Dm=0.070 cyc_w=5.00 id_w=0.00 12.01 it/s
step 149000/370000 G=1.557 Dp=0.213 Dm=0.380 cyc_w=5.00 id_w=0.00 12.01 it/s
step 149050/370000 G=1.146 Dp=0.306 Dm=0.073 cyc_w=5.00 id_w=0.00 12.01 it/s
step 149100/370000 G=2.515 Dp=0.156 Dm=0.153 cyc_w=5.00 id_w=0.00 12.01 it/s
step 149150/370000 G=1.937 Dp=0.172 Dm=0.065 cyc_w=5.00 id_w=0.00 12.01 it/s
step 149200/370000 G=1.884 Dp=0.154 Dm=0.099 cyc_w=5.00 id_w=0.00 12.01 it/s
step 149250/370000 G=1.242 Dp=0.162 Dm=0.194 cyc_w=5.00 id_w=0.00 12.01 it/s
step 149300/370000 G=2.070 Dp=0.327 Dm=0.077 cyc_w=5.00 id_w=0.00 12.01 it/s
step 149350/370000 G=2.205 Dp=0.272 Dm=0.100 cyc_w=5.00 id_w=0.00 12.01 it/s
step 149400/370000 G=2.118 Dp=0.064 Dm=0.057 cyc_w=5.00 id_w=0.00 12.01 it/s
step 149450/370000 G=2.047 Dp=0.224 Dm=0.115 cyc_w=5.00 id_w=0.00 12.01 it/s
step 149500/370000 G=2.248 Dp=0.290 Dm=0.068 cyc_w=5.00 id_w=0.00 12.01 it/s
step 149550/370000 G=1.781 Dp=0.124 Dm=0.137 cyc_w=5.00 id_w=0.00 12.01 it/s
step 149600/370000 G=1.633 Dp=0.236 Dm=0.210 cyc_w=5.00 id_w=0.00 12.01 it/s
step 149650/370000 G=2.135 Dp=0.195 Dm=0.101 cyc_w=5.00 id_w=0.00 12.01 it/s
step 149700/370000 G=2.274 Dp=0.227 Dm=0.319 cyc_w=5.00 id_w=0.00 12.01 it/s
step 149750/370000 G=2.084 Dp=0.311 Dm=0.048 cyc_w=5.00 id_w=0.00 12.01 it/s
step 149800/370000 G=2.137 Dp=0.212 Dm=0.034 cyc_w=5.00 id_w=0.00 12.01 it/s
step 149850/370000 G=1.353 Dp=0.083 Dm=0.055 cyc_w=5.00 id_w=0.00 12.01 it/s
step 149900/370000 G=2.186 Dp=0.136 Dm=0.082 cyc_w=5.00 id_w=0.00 12.01 it/s
step 149950/370000 G=3.233 Dp=0.090 Dm=0.083 cyc_w=5.00 id_w=0.00 12.01 it/s
step 150000/370000 G=1.838 Dp=0.042 Dm=0.115 cyc_w=5.00 id_w=0.00 12.01 it/s
step 150050/370000 G=2.518 Dp=0.323 Dm=0.081 cyc_w=5.00 id_w=0.00 12.01 it/s
step 150100/370000 G=3.193 Dp=0.206 Dm=0.102 cyc_w=5.00 id_w=0.00 12.01 it/s
step 150150/370000 G=1.843 Dp=0.078 Dm=0.195 cyc_w=5.00 id_w=0.00 12.01 it/s
step 150200/370000 G=1.383 Dp=0.151 Dm=0.035 cyc_w=5.00 id_w=0.00 12.01 it/s
step 150250/370000 G=1.515 Dp=0.065 Dm=0.089 cyc_w=5.00 id_w=0.00 12.01 it/s
step 150300/370000 G=2.305 Dp=0.266 Dm=0.056 cyc_w=5.00 id_w=0.00 12.01 it/s
step 150350/370000 G=2.424 Dp=0.073 Dm=0.046 cyc_w=5.00 id_w=0.00 12.01 it/s
step 150400/370000 G=2.285 Dp=0.153 Dm=0.083 cyc_w=5.00 id_w=0.00 12.01 it/s
step 150450/370000 G=2.503 Dp=0.110 Dm=0.075 cyc_w=5.00 id_w=0.00 12.01 it/s
step 150500/370000 G=2.206 Dp=0.283 Dm=0.101 cyc_w=5.00 id_w=0.00 12.01 it/s
step 150550/370000 G=2.056 Dp=0.242 Dm=0.049 cyc_w=5.00 id_w=0.00 12.01 it/s
step 150600/370000 G=1.846 Dp=0.096 Dm=0.149 cyc_w=5.00 id_w=0.00 12.01 it/s
step 150650/370000 G=1.516 Dp=0.257 Dm=0.052 cyc_w=5.00 id_w=0.00 12.01 it/s
step 150700/370000 G=1.504 Dp=0.131 Dm=0.067 cyc_w=5.00 id_w=0.00 12.01 it/s
step 150750/370000 G=1.222 Dp=0.044 Dm=0.231 cyc_w=5.00 id_w=0.00 12.01 it/s
step 150800/370000 G=1.833 Dp=0.228 Dm=0.043 cyc_w=5.00 id_w=0.00 12.01 it/s
step 150850/370000 G=2.252 Dp=0.171 Dm=0.052 cyc_w=5.00 id_w=0.00 12.01 it/s
step 150900/370000 G=1.909 Dp=0.260 Dm=0.169 cyc_w=5.00 id_w=0.00 12.01 it/s
step 150950/370000 G=1.889 Dp=0.123 Dm=0.131 cyc_w=5.00 id_w=0.00 12.01 it/s
step 151000/370000 G=2.115 Dp=0.326 Dm=0.098 cyc_w=5.00 id_w=0.00 12.01 it/s
step 151050/370000 G=1.491 Dp=0.239 Dm=0.094 cyc_w=5.00 id_w=0.00 12.01 it/s
step 151100/370000 G=1.698 Dp=0.221 Dm=0.059 cyc_w=5.00 id_w=0.00 12.01 it/s
step 151150/370000 G=1.319 Dp=0.300 Dm=0.248 cyc_w=5.00 id_w=0.00 12.01 it/s
step 151200/370000 G=1.595 Dp=0.237 Dm=0.123 cyc_w=5.00 id_w=0.00 12.01 it/s
step 151250/370000 G=1.573 Dp=0.161 Dm=0.147 cyc_w=5.00 id_w=0.00 12.01 it/s
step 151300/370000 G=2.875 Dp=0.134 Dm=0.110 cyc_w=5.00 id_w=0.00 12.01 it/s
step 151350/370000 G=1.612 Dp=0.383 Dm=0.046 cyc_w=5.00 id_w=0.00 12.01 it/s
step 151400/370000 G=2.164 Dp=0.180 Dm=0.152 cyc_w=5.00 id_w=0.00 12.01 it/s
step 151450/370000 G=2.515 Dp=0.114 Dm=0.153 cyc_w=5.00 id_w=0.00 12.01 it/s
step 151500/370000 G=1.848 Dp=0.233 Dm=0.132 cyc_w=5.00 id_w=0.00 12.01 it/s
step 151550/370000 G=1.993 Dp=0.186 Dm=0.067 cyc_w=5.00 id_w=0.00 12.01 it/s
step 151600/370000 G=2.119 Dp=0.088 Dm=0.076 cyc_w=5.00 id_w=0.00 12.01 it/s
step 151650/370000 G=2.226 Dp=0.105 Dm=0.094 cyc_w=5.00 id_w=0.00 12.01 it/s
step 151700/370000 G=2.151 Dp=0.075 Dm=0.094 cyc_w=5.00 id_w=0.00 12.01 it/s
step 151750/370000 G=1.675 Dp=0.170 Dm=0.079 cyc_w=5.00 id_w=0.00 12.01 it/s
step 151800/370000 G=2.020 Dp=0.084 Dm=0.129 cyc_w=5.00 id_w=0.00 12.01 it/s
step 151850/370000 G=1.654 Dp=0.057 Dm=0.084 cyc_w=5.00 id_w=0.00 12.01 it/s
step 151900/370000 G=1.756 Dp=0.177 Dm=0.170 cyc_w=5.00 id_w=0.00 12.01 it/s
step 151950/370000 G=2.191 Dp=0.155 Dm=0.158 cyc_w=5.00 id_w=0.00 12.01 it/s
step 152000/370000 G=1.990 Dp=0.131 Dm=0.085 cyc_w=5.00 id_w=0.00 12.01 it/s
step 152050/370000 G=1.998 Dp=0.105 Dm=0.078 cyc_w=5.00 id_w=0.00 12.01 it/s
step 152100/370000 G=2.043 Dp=0.135 Dm=0.106 cyc_w=5.00 id_w=0.00 12.01 it/s
step 152150/370000 G=2.051 Dp=0.102 Dm=0.090 cyc_w=5.00 id_w=0.00 12.01 it/s
step 152200/370000 G=1.580 Dp=0.158 Dm=0.071 cyc_w=5.00 id_w=0.00 12.01 it/s
step 152250/370000 G=2.167 Dp=0.127 Dm=0.149 cyc_w=5.00 id_w=0.00 12.01 it/s
step 152300/370000 G=2.045 Dp=0.189 Dm=0.132 cyc_w=5.00 id_w=0.00 12.01 it/s
step 152350/370000 G=1.400 Dp=0.295 Dm=0.070 cyc_w=5.00 id_w=0.00 12.01 it/s
step 152400/370000 G=1.522 Dp=0.115 Dm=0.115 cyc_w=5.00 id_w=0.00 12.01 it/s
step 152450/370000 G=1.568 Dp=0.113 Dm=0.089 cyc_w=5.00 id_w=0.00 12.01 it/s
step 152500/370000 G=1.998 Dp=0.179 Dm=0.077 cyc_w=5.00 id_w=0.00 12.01 it/s
step 152550/370000 G=2.090 Dp=0.142 Dm=0.050 cyc_w=5.00 id_w=0.00 12.01 it/s
step 152600/370000 G=1.899 Dp=0.274 Dm=0.093 cyc_w=5.00 id_w=0.00 12.01 it/s
step 152650/370000 G=1.844 Dp=0.084 Dm=0.060 cyc_w=5.00 id_w=0.00 12.01 it/s
step 152700/370000 G=1.597 Dp=0.108 Dm=0.034 cyc_w=5.00 id_w=0.00 12.01 it/s
step 152750/370000 G=2.238 Dp=0.129 Dm=0.102 cyc_w=5.00 id_w=0.00 12.01 it/s
step 152800/370000 G=1.543 Dp=0.128 Dm=0.096 cyc_w=5.00 id_w=0.00 12.01 it/s
step 152850/370000 G=1.817 Dp=0.091 Dm=0.060 cyc_w=5.00 id_w=0.00 12.01 it/s
step 152900/370000 G=3.031 Dp=0.195 Dm=0.115 cyc_w=5.00 id_w=0.00 12.01 it/s
step 152950/370000 G=1.701 Dp=0.210 Dm=0.081 cyc_w=5.00 id_w=0.00 12.01 it/s
step 153000/370000 G=1.513 Dp=0.169 Dm=0.078 cyc_w=5.00 id_w=0.00 12.01 it/s
step 153050/370000 G=1.987 Dp=0.147 Dm=0.041 cyc_w=5.00 id_w=0.00 12.01 it/s
step 153100/370000 G=2.087 Dp=0.149 Dm=0.088 cyc_w=5.00 id_w=0.00 12.02 it/s
step 153150/370000 G=2.235 Dp=0.266 Dm=0.046 cyc_w=5.00 id_w=0.00 12.02 it/s
step 153200/370000 G=2.333 Dp=0.167 Dm=0.037 cyc_w=5.00 id_w=0.00 12.02 it/s
step 153250/370000 G=2.432 Dp=0.161 Dm=0.101 cyc_w=5.00 id_w=0.00 12.02 it/s
step 153300/370000 G=1.267 Dp=0.103 Dm=0.139 cyc_w=5.00 id_w=0.00 12.02 it/s
step 153350/370000 G=1.700 Dp=0.205 Dm=0.159 cyc_w=5.00 id_w=0.00 12.02 it/s
step 153400/370000 G=1.903 Dp=0.108 Dm=0.206 cyc_w=5.00 id_w=0.00 12.02 it/s
step 153450/370000 G=1.959 Dp=0.227 Dm=0.095 cyc_w=5.00 id_w=0.00 12.02 it/s
step 153500/370000 G=1.857 Dp=0.262 Dm=0.039 cyc_w=5.00 id_w=0.00 12.03 it/s
step 153550/370000 G=1.582 Dp=0.298 Dm=0.048 cyc_w=5.00 id_w=0.00 12.03 it/s
step 153600/370000 G=1.288 Dp=0.082 Dm=0.270 cyc_w=5.00 id_w=0.00 12.03 it/s
step 153650/370000 G=1.328 Dp=0.360 Dm=0.150 cyc_w=5.00 id_w=0.00 12.03 it/s
step 153700/370000 G=1.334 Dp=0.132 Dm=0.148 cyc_w=5.00 id_w=0.00 12.03 it/s
step 153750/370000 G=2.051 Dp=0.111 Dm=0.035 cyc_w=5.00 id_w=0.00 12.03 it/s
step 153800/370000 G=1.613 Dp=0.190 Dm=0.056 cyc_w=5.00 id_w=0.00 12.03 it/s
step 153850/370000 G=1.565 Dp=0.426 Dm=0.066 cyc_w=5.00 id_w=0.00 12.03 it/s
step 153900/370000 G=1.688 Dp=0.131 Dm=0.067 cyc_w=5.00 id_w=0.00 12.04 it/s
step 153950/370000 G=1.794 Dp=0.150 Dm=0.116 cyc_w=5.00 id_w=0.00 12.04 it/s
step 154000/370000 G=2.406 Dp=0.209 Dm=0.040 cyc_w=5.00 id_w=0.00 12.04 it/s
step 154050/370000 G=2.135 Dp=0.203 Dm=0.071 cyc_w=5.00 id_w=0.00 12.04 it/s
step 154100/370000 G=2.475 Dp=0.096 Dm=0.083 cyc_w=5.00 id_w=0.00 12.04 it/s
step 154150/370000 G=1.618 Dp=0.216 Dm=0.067 cyc_w=5.00 id_w=0.00 12.04 it/s
step 154200/370000 G=2.662 Dp=0.030 Dm=0.086 cyc_w=5.00 id_w=0.00 12.04 it/s
step 154250/370000 G=1.165 Dp=0.103 Dm=0.099 cyc_w=5.00 id_w=0.00 12.04 it/s
step 154300/370000 G=1.681 Dp=0.189 Dm=0.161 cyc_w=5.00 id_w=0.00 12.04 it/s
step 154350/370000 G=2.368 Dp=0.174 Dm=0.192 cyc_w=5.00 id_w=0.00 12.04 it/s
step 154400/370000 G=3.106 Dp=0.247 Dm=0.126 cyc_w=5.00 id_w=0.00 12.04 it/s
step 154450/370000 G=1.528 Dp=0.248 Dm=0.180 cyc_w=5.00 id_w=0.00 12.04 it/s
step 154500/370000 G=2.067 Dp=0.234 Dm=0.058 cyc_w=5.00 id_w=0.00 12.04 it/s
step 154550/370000 G=1.915 Dp=0.311 Dm=0.088 cyc_w=5.00 id_w=0.00 12.04 it/s
step 154600/370000 G=2.169 Dp=0.134 Dm=0.038 cyc_w=5.00 id_w=0.00 12.04 it/s
step 154650/370000 G=1.481 Dp=0.133 Dm=0.145 cyc_w=5.00 id_w=0.00 12.04 it/s
step 154700/370000 G=1.667 Dp=0.224 Dm=0.121 cyc_w=5.00 id_w=0.00 12.04 it/s
step 154750/370000 G=1.658 Dp=0.196 Dm=0.100 cyc_w=5.00 id_w=0.00 12.04 it/s
step 154800/370000 G=1.916 Dp=0.119 Dm=0.107 cyc_w=5.00 id_w=0.00 12.04 it/s
step 154850/370000 G=1.731 Dp=0.226 Dm=0.056 cyc_w=5.00 id_w=0.00 12.04 it/s
step 154900/370000 G=1.643 Dp=0.154 Dm=0.165 cyc_w=5.00 id_w=0.00 12.04 it/s
step 154950/370000 G=1.253 Dp=0.214 Dm=0.142 cyc_w=5.00 id_w=0.00 12.04 it/s
step 155000/370000 G=2.581 Dp=0.308 Dm=0.041 cyc_w=5.00 id_w=0.00 12.04 it/s
step 155050/370000 G=2.622 Dp=0.070 Dm=0.069 cyc_w=5.00 id_w=0.00 12.04 it/s
step 155100/370000 G=1.834 Dp=0.200 Dm=0.095 cyc_w=5.00 id_w=0.00 12.04 it/s
step 155150/370000 G=1.771 Dp=0.203 Dm=0.102 cyc_w=5.00 id_w=0.00 12.04 it/s
step 155200/370000 G=1.913 Dp=0.094 Dm=0.226 cyc_w=5.00 id_w=0.00 12.04 it/s
step 155250/370000 G=1.912 Dp=0.177 Dm=0.187 cyc_w=5.00 id_w=0.00 12.04 it/s
step 155300/370000 G=1.534 Dp=0.060 Dm=0.234 cyc_w=5.00 id_w=0.00 12.04 it/s
step 155350/370000 G=2.082 Dp=0.177 Dm=0.139 cyc_w=5.00 id_w=0.00 12.04 it/s
step 155400/370000 G=1.422 Dp=0.094 Dm=0.082 cyc_w=5.00 id_w=0.00 12.04 it/s
step 155450/370000 G=1.930 Dp=0.217 Dm=0.102 cyc_w=5.00 id_w=0.00 12.04 it/s
step 155500/370000 G=1.928 Dp=0.151 Dm=0.160 cyc_w=5.00 id_w=0.00 12.04 it/s
step 155550/370000 G=1.597 Dp=0.197 Dm=0.033 cyc_w=5.00 id_w=0.00 12.04 it/s
step 155600/370000 G=1.598 Dp=0.284 Dm=0.178 cyc_w=5.00 id_w=0.00 12.04 it/s
step 155650/370000 G=1.682 Dp=0.331 Dm=0.031 cyc_w=5.00 id_w=0.00 12.04 it/s
step 155700/370000 G=1.459 Dp=0.255 Dm=0.161 cyc_w=5.00 id_w=0.00 12.04 it/s
step 155750/370000 G=1.427 Dp=0.174 Dm=0.059 cyc_w=5.00 id_w=0.00 12.04 it/s
step 155800/370000 G=2.773 Dp=0.237 Dm=0.112 cyc_w=5.00 id_w=0.00 12.04 it/s
step 155850/370000 G=1.703 Dp=0.201 Dm=0.042 cyc_w=5.00 id_w=0.00 12.04 it/s
step 155900/370000 G=1.775 Dp=0.105 Dm=0.058 cyc_w=5.00 id_w=0.00 12.04 it/s
step 155950/370000 G=1.933 Dp=0.092 Dm=0.073 cyc_w=5.00 id_w=0.00 12.04 it/s
step 156000/370000 G=2.103 Dp=0.127 Dm=0.061 cyc_w=5.00 id_w=0.00 12.04 it/s
step 156050/370000 G=2.156 Dp=0.107 Dm=0.130 cyc_w=5.00 id_w=0.00 12.04 it/s
step 156100/370000 G=2.320 Dp=0.412 Dm=0.074 cyc_w=5.00 id_w=0.00 12.04 it/s
step 156150/370000 G=1.826 Dp=0.131 Dm=0.117 cyc_w=5.00 id_w=0.00 12.04 it/s
step 156200/370000 G=1.691 Dp=0.163 Dm=0.077 cyc_w=5.00 id_w=0.00 12.04 it/s
step 156250/370000 G=2.124 Dp=0.156 Dm=0.069 cyc_w=5.00 id_w=0.00 12.04 it/s
step 156300/370000 G=2.116 Dp=0.114 Dm=0.092 cyc_w=5.00 id_w=0.00 12.04 it/s
step 156350/370000 G=2.036 Dp=0.102 Dm=0.116 cyc_w=5.00 id_w=0.00 12.04 it/s
step 156400/370000 G=1.783 Dp=0.144 Dm=0.137 cyc_w=5.00 id_w=0.00 12.04 it/s
step 156450/370000 G=1.713 Dp=0.184 Dm=0.055 cyc_w=5.00 id_w=0.00 12.04 it/s
step 156500/370000 G=1.955 Dp=0.167 Dm=0.127 cyc_w=5.00 id_w=0.00 12.04 it/s
step 156550/370000 G=1.473 Dp=0.144 Dm=0.266 cyc_w=5.00 id_w=0.00 12.04 it/s
step 156600/370000 G=2.439 Dp=0.071 Dm=0.083 cyc_w=5.00 id_w=0.00 12.04 it/s
step 156650/370000 G=1.482 Dp=0.130 Dm=0.081 cyc_w=5.00 id_w=0.00 12.04 it/s
step 156700/370000 G=1.824 Dp=0.267 Dm=0.053 cyc_w=5.00 id_w=0.00 12.04 it/s
step 156750/370000 G=1.942 Dp=0.263 Dm=0.054 cyc_w=5.00 id_w=0.00 12.04 it/s
step 156800/370000 G=1.309 Dp=0.111 Dm=0.182 cyc_w=5.00 id_w=0.00 12.04 it/s
step 156850/370000 G=1.709 Dp=0.099 Dm=0.132 cyc_w=5.00 id_w=0.00 12.04 it/s
step 156900/370000 G=1.615 Dp=0.215 Dm=0.234 cyc_w=5.00 id_w=0.00 12.04 it/s
step 156950/370000 G=1.718 Dp=0.105 Dm=0.113 cyc_w=5.00 id_w=0.00 12.04 it/s
step 157000/370000 G=1.815 Dp=0.088 Dm=0.060 cyc_w=5.00 id_w=0.00 12.04 it/s
step 157050/370000 G=1.810 Dp=0.177 Dm=0.109 cyc_w=5.00 id_w=0.00 12.04 it/s
step 157100/370000 G=1.556 Dp=0.065 Dm=0.127 cyc_w=5.00 id_w=0.00 12.04 it/s
step 157150/370000 G=2.126 Dp=0.103 Dm=0.048 cyc_w=5.00 id_w=0.00 12.04 it/s
step 157200/370000 G=1.556 Dp=0.066 Dm=0.078 cyc_w=5.00 id_w=0.00 12.04 it/s
step 157250/370000 G=1.393 Dp=0.185 Dm=0.148 cyc_w=5.00 id_w=0.00 12.04 it/s
step 157300/370000 G=2.203 Dp=0.178 Dm=0.106 cyc_w=5.00 id_w=0.00 12.04 it/s
step 157350/370000 G=1.863 Dp=0.258 Dm=0.062 cyc_w=5.00 id_w=0.00 12.04 it/s
step 157400/370000 G=2.132 Dp=0.199 Dm=0.049 cyc_w=5.00 id_w=0.00 12.04 it/s
step 157450/370000 G=1.536 Dp=0.098 Dm=0.116 cyc_w=5.00 id_w=0.00 12.04 it/s
step 157500/370000 G=1.613 Dp=0.251 Dm=0.049 cyc_w=5.00 id_w=0.00 12.04 it/s
step 157550/370000 G=2.038 Dp=0.279 Dm=0.109 cyc_w=5.00 id_w=0.00 12.04 it/s
step 157600/370000 G=2.434 Dp=0.229 Dm=0.083 cyc_w=5.00 id_w=0.00 12.04 it/s
step 157650/370000 G=1.636 Dp=0.193 Dm=0.069 cyc_w=5.00 id_w=0.00 12.04 it/s
step 157700/370000 G=1.829 Dp=0.189 Dm=0.151 cyc_w=5.00 id_w=0.00 12.04 it/s
step 157750/370000 G=1.500 Dp=0.187 Dm=0.032 cyc_w=5.00 id_w=0.00 12.04 it/s
step 157800/370000 G=2.484 Dp=0.130 Dm=0.045 cyc_w=5.00 id_w=0.00 12.04 it/s
step 157850/370000 G=1.525 Dp=0.279 Dm=0.024 cyc_w=5.00 id_w=0.00 12.04 it/s
step 157900/370000 G=2.031 Dp=0.288 Dm=0.097 cyc_w=5.00 id_w=0.00 12.04 it/s
step 157950/370000 G=2.901 Dp=0.127 Dm=0.048 cyc_w=5.00 id_w=0.00 12.04 it/s
step 158000/370000 G=2.085 Dp=0.136 Dm=0.105 cyc_w=5.00 id_w=0.00 12.04 it/s
step 158050/370000 G=2.096 Dp=0.179 Dm=0.097 cyc_w=5.00 id_w=0.00 12.04 it/s
step 158100/370000 G=1.771 Dp=0.099 Dm=0.059 cyc_w=5.00 id_w=0.00 12.04 it/s
step 158150/370000 G=2.139 Dp=0.172 Dm=0.043 cyc_w=5.00 id_w=0.00 12.04 it/s
step 158200/370000 G=1.794 Dp=0.278 Dm=0.188 cyc_w=5.00 id_w=0.00 12.04 it/s
step 158250/370000 G=1.769 Dp=0.136 Dm=0.048 cyc_w=5.00 id_w=0.00 12.04 it/s
step 158300/370000 G=1.587 Dp=0.221 Dm=0.105 cyc_w=5.00 id_w=0.00 12.04 it/s
step 158350/370000 G=2.249 Dp=0.185 Dm=0.079 cyc_w=5.00 id_w=0.00 12.04 it/s
step 158400/370000 G=1.285 Dp=0.318 Dm=0.094 cyc_w=5.00 id_w=0.00 12.04 it/s
step 158450/370000 G=1.887 Dp=0.244 Dm=0.090 cyc_w=5.00 id_w=0.00 12.04 it/s
step 158500/370000 G=2.642 Dp=0.111 Dm=0.071 cyc_w=5.00 id_w=0.00 12.04 it/s
step 158550/370000 G=2.979 Dp=0.057 Dm=0.088 cyc_w=5.00 id_w=0.00 12.04 it/s
step 158600/370000 G=1.637 Dp=0.259 Dm=0.073 cyc_w=5.00 id_w=0.00 12.04 it/s
step 158650/370000 G=1.724 Dp=0.113 Dm=0.042 cyc_w=5.00 id_w=0.00 12.04 it/s
step 158700/370000 G=1.337 Dp=0.158 Dm=0.065 cyc_w=5.00 id_w=0.00 12.04 it/s
step 158750/370000 G=1.699 Dp=0.129 Dm=0.100 cyc_w=5.00 id_w=0.00 12.04 it/s
step 158800/370000 G=1.964 Dp=0.111 Dm=0.124 cyc_w=5.00 id_w=0.00 12.04 it/s
step 158850/370000 G=1.531 Dp=0.060 Dm=0.112 cyc_w=5.00 id_w=0.00 12.04 it/s
step 158900/370000 G=2.121 Dp=0.143 Dm=0.126 cyc_w=5.00 id_w=0.00 12.04 it/s
step 158950/370000 G=1.874 Dp=0.161 Dm=0.046 cyc_w=5.00 id_w=0.00 12.04 it/s
step 159000/370000 G=1.966 Dp=0.172 Dm=0.134 cyc_w=5.00 id_w=0.00 12.04 it/s
step 159050/370000 G=1.660 Dp=0.122 Dm=0.052 cyc_w=5.00 id_w=0.00 12.04 it/s
step 159100/370000 G=2.463 Dp=0.204 Dm=0.038 cyc_w=5.00 id_w=0.00 12.04 it/s
step 159150/370000 G=1.721 Dp=0.279 Dm=0.087 cyc_w=5.00 id_w=0.00 12.04 it/s
step 159200/370000 G=2.025 Dp=0.094 Dm=0.088 cyc_w=5.00 id_w=0.00 12.04 it/s
step 159250/370000 G=2.329 Dp=0.168 Dm=0.037 cyc_w=5.00 id_w=0.00 12.04 it/s
step 159300/370000 G=1.569 Dp=0.225 Dm=0.057 cyc_w=5.00 id_w=0.00 12.04 it/s
step 159350/370000 G=1.718 Dp=0.087 Dm=0.046 cyc_w=5.00 id_w=0.00 12.04 it/s
step 159400/370000 G=2.381 Dp=0.058 Dm=0.060 cyc_w=5.00 id_w=0.00 12.04 it/s
step 159450/370000 G=1.888 Dp=0.180 Dm=0.130 cyc_w=5.00 id_w=0.00 12.04 it/s
step 159500/370000 G=3.067 Dp=0.040 Dm=0.090 cyc_w=5.00 id_w=0.00 12.04 it/s
step 159550/370000 G=1.282 Dp=0.224 Dm=0.106 cyc_w=5.00 id_w=0.00 12.04 it/s
step 159600/370000 G=2.200 Dp=0.285 Dm=0.059 cyc_w=5.00 id_w=0.00 12.04 it/s
step 159650/370000 G=2.096 Dp=0.206 Dm=0.095 cyc_w=5.00 id_w=0.00 12.04 it/s
step 159700/370000 G=2.165 Dp=0.165 Dm=0.103 cyc_w=5.00 id_w=0.00 12.04 it/s
step 159750/370000 G=1.887 Dp=0.192 Dm=0.130 cyc_w=5.00 id_w=0.00 12.04 it/s
step 159800/370000 G=1.900 Dp=0.202 Dm=0.206 cyc_w=5.00 id_w=0.00 12.04 it/s
step 159850/370000 G=2.166 Dp=0.156 Dm=0.143 cyc_w=5.00 id_w=0.00 12.04 it/s
step 159900/370000 G=1.677 Dp=0.105 Dm=0.260 cyc_w=5.00 id_w=0.00 12.04 it/s
step 159950/370000 G=1.913 Dp=0.258 Dm=0.067 cyc_w=5.00 id_w=0.00 12.04 it/s
step 160000/370000 G=2.258 Dp=0.176 Dm=0.076 cyc_w=5.00 id_w=0.00 12.04 it/s
step 160050/370000 G=1.344 Dp=0.440 Dm=0.078 cyc_w=5.00 id_w=0.00 12.04 it/s
step 160100/370000 G=1.509 Dp=0.279 Dm=0.237 cyc_w=5.00 id_w=0.00 12.04 it/s
step 160150/370000 G=1.741 Dp=0.082 Dm=0.094 cyc_w=5.00 id_w=0.00 12.04 it/s
step 160200/370000 G=1.759 Dp=0.060 Dm=0.164 cyc_w=5.00 id_w=0.00 12.04 it/s
step 160250/370000 G=1.491 Dp=0.118 Dm=0.148 cyc_w=5.00 id_w=0.00 12.04 it/s
step 160300/370000 G=2.717 Dp=0.068 Dm=0.070 cyc_w=5.00 id_w=0.00 12.04 it/s
step 160350/370000 G=1.506 Dp=0.111 Dm=0.142 cyc_w=5.00 id_w=0.00 12.04 it/s
step 160400/370000 G=1.388 Dp=0.196 Dm=0.118 cyc_w=5.00 id_w=0.00 12.04 it/s
step 160450/370000 G=2.046 Dp=0.281 Dm=0.066 cyc_w=5.00 id_w=0.00 12.04 it/s
step 160500/370000 G=1.885 Dp=0.440 Dm=0.148 cyc_w=5.00 id_w=0.00 12.04 it/s
step 160550/370000 G=2.126 Dp=0.059 Dm=0.119 cyc_w=5.00 id_w=0.00 12.04 it/s
step 160600/370000 G=2.020 Dp=0.362 Dm=0.071 cyc_w=5.00 id_w=0.00 12.04 it/s
step 160650/370000 G=1.888 Dp=0.160 Dm=0.090 cyc_w=5.00 id_w=0.00 12.04 it/s
step 160700/370000 G=1.748 Dp=0.252 Dm=0.103 cyc_w=5.00 id_w=0.00 12.04 it/s
step 160750/370000 G=2.401 Dp=0.063 Dm=0.096 cyc_w=5.00 id_w=0.00 12.04 it/s
step 160800/370000 G=1.803 Dp=0.198 Dm=0.060 cyc_w=5.00 id_w=0.00 12.05 it/s
step 160850/370000 G=2.582 Dp=0.205 Dm=0.044 cyc_w=5.00 id_w=0.00 12.05 it/s
step 160900/370000 G=1.845 Dp=0.066 Dm=0.132 cyc_w=5.00 id_w=0.00 12.05 it/s
step 160950/370000 G=1.564 Dp=0.122 Dm=0.049 cyc_w=5.00 id_w=0.00 12.05 it/s
step 161000/370000 G=1.263 Dp=0.326 Dm=0.090 cyc_w=5.00 id_w=0.00 12.05 it/s
step 161050/370000 G=1.770 Dp=0.069 Dm=0.057 cyc_w=5.00 id_w=0.00 12.05 it/s
step 161100/370000 G=1.863 Dp=0.246 Dm=0.048 cyc_w=5.00 id_w=0.00 12.05 it/s
step 161150/370000 G=1.892 Dp=0.113 Dm=0.051 cyc_w=5.00 id_w=0.00 12.05 it/s
step 161200/370000 G=2.411 Dp=0.074 Dm=0.124 cyc_w=5.00 id_w=0.00 12.05 it/s
step 161250/370000 G=1.634 Dp=0.313 Dm=0.237 cyc_w=5.00 id_w=0.00 12.06 it/s
step 161300/370000 G=1.334 Dp=0.479 Dm=0.090 cyc_w=5.00 id_w=0.00 12.06 it/s
step 161350/370000 G=3.553 Dp=0.102 Dm=0.038 cyc_w=5.00 id_w=0.00 12.06 it/s
step 161400/370000 G=1.395 Dp=0.064 Dm=0.171 cyc_w=5.00 id_w=0.00 12.06 it/s
step 161450/370000 G=2.263 Dp=0.218 Dm=0.145 cyc_w=5.00 id_w=0.00 12.06 it/s
step 161500/370000 G=2.427 Dp=0.132 Dm=0.118 cyc_w=5.00 id_w=0.00 12.06 it/s
step 161550/370000 G=2.776 Dp=0.198 Dm=0.073 cyc_w=5.00 id_w=0.00 12.06 it/s
step 161600/370000 G=1.901 Dp=0.193 Dm=0.153 cyc_w=5.00 id_w=0.00 12.06 it/s
step 161650/370000 G=1.724 Dp=0.275 Dm=0.177 cyc_w=5.00 id_w=0.00 12.06 it/s
step 161700/370000 G=1.893 Dp=0.242 Dm=0.031 cyc_w=5.00 id_w=0.00 12.06 it/s
step 161750/370000 G=1.723 Dp=0.240 Dm=0.088 cyc_w=5.00 id_w=0.00 12.06 it/s
step 161800/370000 G=2.369 Dp=0.307 Dm=0.037 cyc_w=5.00 id_w=0.00 12.06 it/s
step 161850/370000 G=1.606 Dp=0.201 Dm=0.090 cyc_w=5.00 id_w=0.00 12.06 it/s
step 161900/370000 G=1.293 Dp=0.250 Dm=0.046 cyc_w=5.00 id_w=0.00 12.06 it/s
step 161950/370000 G=1.472 Dp=0.079 Dm=0.229 cyc_w=5.00 id_w=0.00 12.06 it/s
step 162000/370000 G=2.054 Dp=0.118 Dm=0.082 cyc_w=5.00 id_w=0.00 12.06 it/s
step 162050/370000 G=2.350 Dp=0.164 Dm=0.090 cyc_w=5.00 id_w=0.00 12.06 it/s
step 162100/370000 G=1.621 Dp=0.173 Dm=0.150 cyc_w=5.00 id_w=0.00 12.06 it/s
step 162150/370000 G=2.448 Dp=0.171 Dm=0.159 cyc_w=5.00 id_w=0.00 12.06 it/s
step 162200/370000 G=1.714 Dp=0.141 Dm=0.047 cyc_w=5.00 id_w=0.00 12.06 it/s
step 162250/370000 G=1.746 Dp=0.121 Dm=0.135 cyc_w=5.00 id_w=0.00 12.06 it/s
EVAL {"step": 162250, "variant": "ema", "fid_a2b": 96.9795527733949, "fid_b2a": 95.23386548872644, "mifid_a2b": 0.41739874254069415, "mifid_b2a": 0.3983181926041985, "fid": 96.10670913106067, "mifid": 0.4078584675724463, "composite": 48.25728379931656}
EVAL {"step": 162250, "variant": "ema_slow", "fid_a2b": 95.99215123351425, "fid_b2a": 95.32261738181096, "mifid_a2b": 0.4159631345363638, "mifid_b2a": 0.40019831603345457, "fid": 95.6573843076626, "mifid": 0.4080807252849092, "composite": 48.03273251647375}
EVAL {"step": 162250, "variant": "raw", "fid_a2b": 107.13607222646922, "fid_b2a": 100.93085286702458, "mifid_a2b": 0.42429204063856096, "mifid_b2a": 0.3955169993667321, "fid": 104.0334625467469, "mifid": 0.40990452000264654, "composite": 52.22168353337477}
step 162300/370000 G=1.985 Dp=0.069 Dm=0.094 cyc_w=5.00 id_w=0.00 12.01 it/s
step 162350/370000 G=1.799 Dp=0.151 Dm=0.128 cyc_w=5.00 id_w=0.00 12.01 it/s
step 162400/370000 G=1.356 Dp=0.195 Dm=0.112 cyc_w=5.00 id_w=0.00 12.01 it/s
step 162450/370000 G=1.559 Dp=0.103 Dm=0.229 cyc_w=5.00 id_w=0.00 12.01 it/s
step 162500/370000 G=1.767 Dp=0.343 Dm=0.165 cyc_w=5.00 id_w=0.00 12.01 it/s
step 162550/370000 G=1.871 Dp=0.149 Dm=0.127 cyc_w=5.00 id_w=0.00 12.01 it/s
step 162600/370000 G=1.793 Dp=0.207 Dm=0.150 cyc_w=5.00 id_w=0.00 12.01 it/s
step 162650/370000 G=2.051 Dp=0.103 Dm=0.165 cyc_w=5.00 id_w=0.00 12.01 it/s
step 162700/370000 G=1.939 Dp=0.148 Dm=0.071 cyc_w=5.00 id_w=0.00 12.01 it/s
step 162750/370000 G=1.893 Dp=0.148 Dm=0.146 cyc_w=5.00 id_w=0.00 12.01 it/s
step 162800/370000 G=2.199 Dp=0.103 Dm=0.111 cyc_w=5.00 id_w=0.00 12.01 it/s
step 162850/370000 G=2.558 Dp=0.140 Dm=0.122 cyc_w=5.00 id_w=0.00 12.01 it/s
step 162900/370000 G=1.906 Dp=0.228 Dm=0.179 cyc_w=5.00 id_w=0.00 12.01 it/s
step 162950/370000 G=1.785 Dp=0.125 Dm=0.071 cyc_w=5.00 id_w=0.00 12.01 it/s
step 163000/370000 G=1.638 Dp=0.152 Dm=0.339 cyc_w=5.00 id_w=0.00 12.01 it/s
step 163050/370000 G=1.916 Dp=0.108 Dm=0.051 cyc_w=5.00 id_w=0.00 12.01 it/s
step 163100/370000 G=1.345 Dp=0.271 Dm=0.046 cyc_w=5.00 id_w=0.00 12.01 it/s
step 163150/370000 G=2.135 Dp=0.108 Dm=0.040 cyc_w=5.00 id_w=0.00 12.01 it/s
step 163200/370000 G=2.064 Dp=0.177 Dm=0.073 cyc_w=5.00 id_w=0.00 12.01 it/s
step 163250/370000 G=1.412 Dp=0.203 Dm=0.149 cyc_w=5.00 id_w=0.00 12.01 it/s
step 163300/370000 G=2.197 Dp=0.188 Dm=0.062 cyc_w=5.00 id_w=0.00 12.01 it/s
step 163350/370000 G=1.431 Dp=0.172 Dm=0.281 cyc_w=5.00 id_w=0.00 12.01 it/s
step 163400/370000 G=2.088 Dp=0.098 Dm=0.046 cyc_w=5.00 id_w=0.00 12.01 it/s
step 163450/370000 G=1.335 Dp=0.126 Dm=0.080 cyc_w=5.00 id_w=0.00 12.01 it/s
step 163500/370000 G=1.566 Dp=0.170 Dm=0.234 cyc_w=5.00 id_w=0.00 12.01 it/s
step 163550/370000 G=1.957 Dp=0.122 Dm=0.203 cyc_w=5.00 id_w=0.00 12.01 it/s
step 163600/370000 G=1.809 Dp=0.056 Dm=0.109 cyc_w=5.00 id_w=0.00 12.01 it/s
step 163650/370000 G=1.530 Dp=0.069 Dm=0.083 cyc_w=5.00 id_w=0.00 12.01 it/s
step 163700/370000 G=1.381 Dp=0.407 Dm=0.051 cyc_w=5.00 id_w=0.00 12.01 it/s
step 163750/370000 G=1.890 Dp=0.104 Dm=0.063 cyc_w=5.00 id_w=0.00 12.01 it/s
step 163800/370000 G=1.272 Dp=0.230 Dm=0.045 cyc_w=5.00 id_w=0.00 12.01 it/s
step 163850/370000 G=1.383 Dp=0.253 Dm=0.181 cyc_w=5.00 id_w=0.00 12.01 it/s
step 163900/370000 G=1.430 Dp=0.307 Dm=0.215 cyc_w=5.00 id_w=0.00 12.01 it/s
step 163950/370000 G=1.607 Dp=0.165 Dm=0.073 cyc_w=5.00 id_w=0.00 12.01 it/s
step 164000/370000 G=1.395 Dp=0.089 Dm=0.088 cyc_w=5.00 id_w=0.00 12.01 it/s
step 164050/370000 G=1.802 Dp=0.285 Dm=0.101 cyc_w=5.00 id_w=0.00 12.01 it/s
step 164100/370000 G=1.539 Dp=0.106 Dm=0.082 cyc_w=5.00 id_w=0.00 12.01 it/s
step 164150/370000 G=1.861 Dp=0.168 Dm=0.055 cyc_w=5.00 id_w=0.00 12.01 it/s
step 164200/370000 G=1.633 Dp=0.090 Dm=0.121 cyc_w=5.00 id_w=0.00 12.01 it/s
step 164250/370000 G=2.333 Dp=0.226 Dm=0.223 cyc_w=5.00 id_w=0.00 12.01 it/s
step 164300/370000 G=1.627 Dp=0.154 Dm=0.111 cyc_w=5.00 id_w=0.00 12.01 it/s
step 164350/370000 G=1.722 Dp=0.072 Dm=0.043 cyc_w=5.00 id_w=0.00 12.01 it/s
step 164400/370000 G=1.937 Dp=0.263 Dm=0.056 cyc_w=5.00 id_w=0.00 12.01 it/s
step 164450/370000 G=1.564 Dp=0.076 Dm=0.040 cyc_w=5.00 id_w=0.00 12.01 it/s
step 164500/370000 G=2.065 Dp=0.144 Dm=0.031 cyc_w=5.00 id_w=0.00 12.01 it/s
step 164550/370000 G=1.251 Dp=0.210 Dm=0.040 cyc_w=5.00 id_w=0.00 12.01 it/s
step 164600/370000 G=1.486 Dp=0.106 Dm=0.052 cyc_w=5.00 id_w=0.00 12.01 it/s
step 164650/370000 G=2.095 Dp=0.135 Dm=0.145 cyc_w=5.00 id_w=0.00 12.01 it/s
step 164700/370000 G=1.205 Dp=0.274 Dm=0.031 cyc_w=5.00 id_w=0.00 12.01 it/s
step 164750/370000 G=1.611 Dp=0.099 Dm=0.075 cyc_w=5.00 id_w=0.00 12.01 it/s
step 164800/370000 G=1.362 Dp=0.051 Dm=0.168 cyc_w=5.00 id_w=0.00 12.01 it/s
step 164850/370000 G=1.671 Dp=0.221 Dm=0.204 cyc_w=5.00 id_w=0.00 12.01 it/s
step 164900/370000 G=2.267 Dp=0.326 Dm=0.090 cyc_w=5.00 id_w=0.00 12.01 it/s
step 164950/370000 G=1.778 Dp=0.192 Dm=0.051 cyc_w=5.00 id_w=0.00 12.01 it/s
step 165000/370000 G=1.293 Dp=0.388 Dm=0.263 cyc_w=5.00 id_w=0.00 12.01 it/s
step 165050/370000 G=2.017 Dp=0.056 Dm=0.055 cyc_w=5.00 id_w=0.00 12.01 it/s
step 165100/370000 G=1.750 Dp=0.173 Dm=0.113 cyc_w=5.00 id_w=0.00 12.01 it/s
step 165150/370000 G=1.872 Dp=0.165 Dm=0.113 cyc_w=5.00 id_w=0.00 12.01 it/s
step 165200/370000 G=1.638 Dp=0.188 Dm=0.034 cyc_w=5.00 id_w=0.00 12.01 it/s
step 165250/370000 G=2.534 Dp=0.163 Dm=0.079 cyc_w=5.00 id_w=0.00 12.01 it/s
step 165300/370000 G=1.472 Dp=0.395 Dm=0.208 cyc_w=5.00 id_w=0.00 12.01 it/s
step 165350/370000 G=1.878 Dp=0.256 Dm=0.115 cyc_w=5.00 id_w=0.00 12.01 it/s
step 165400/370000 G=1.686 Dp=0.165 Dm=0.167 cyc_w=5.00 id_w=0.00 12.01 it/s
step 165450/370000 G=2.164 Dp=0.137 Dm=0.037 cyc_w=5.00 id_w=0.00 12.01 it/s
step 165500/370000 G=1.740 Dp=0.144 Dm=0.083 cyc_w=5.00 id_w=0.00 12.01 it/s
step 165550/370000 G=2.168 Dp=0.195 Dm=0.087 cyc_w=5.00 id_w=0.00 12.01 it/s
step 165600/370000 G=1.373 Dp=0.066 Dm=0.171 cyc_w=5.00 id_w=0.00 12.01 it/s
step 165650/370000 G=2.338 Dp=0.126 Dm=0.109 cyc_w=5.00 id_w=0.00 12.01 it/s
step 165700/370000 G=1.985 Dp=0.026 Dm=0.065 cyc_w=5.00 id_w=0.00 12.01 it/s
step 165750/370000 G=1.755 Dp=0.251 Dm=0.096 cyc_w=5.00 id_w=0.00 12.01 it/s
step 165800/370000 G=1.687 Dp=0.159 Dm=0.083 cyc_w=5.00 id_w=0.00 12.01 it/s
step 165850/370000 G=2.581 Dp=0.103 Dm=0.033 cyc_w=5.00 id_w=0.00 12.01 it/s
step 165900/370000 G=1.915 Dp=0.150 Dm=0.155 cyc_w=5.00 id_w=0.00 12.01 it/s
step 165950/370000 G=2.217 Dp=0.126 Dm=0.059 cyc_w=5.00 id_w=0.00 12.01 it/s
step 166000/370000 G=1.966 Dp=0.201 Dm=0.149 cyc_w=5.00 id_w=0.00 12.01 it/s
step 166050/370000 G=2.169 Dp=0.247 Dm=0.048 cyc_w=5.00 id_w=0.00 12.01 it/s
step 166100/370000 G=1.587 Dp=0.220 Dm=0.062 cyc_w=5.00 id_w=0.00 12.01 it/s
step 166150/370000 G=1.727 Dp=0.151 Dm=0.083 cyc_w=5.00 id_w=0.00 12.01 it/s
step 166200/370000 G=1.804 Dp=0.121 Dm=0.046 cyc_w=5.00 id_w=0.00 12.01 it/s
step 166250/370000 G=2.154 Dp=0.083 Dm=0.147 cyc_w=5.00 id_w=0.00 12.01 it/s
step 166300/370000 G=1.837 Dp=0.090 Dm=0.056 cyc_w=5.00 id_w=0.00 12.01 it/s
step 166350/370000 G=2.301 Dp=0.104 Dm=0.059 cyc_w=5.00 id_w=0.00 12.01 it/s
step 166400/370000 G=1.964 Dp=0.028 Dm=0.086 cyc_w=5.00 id_w=0.00 12.01 it/s
step 166450/370000 G=1.932 Dp=0.260 Dm=0.048 cyc_w=5.00 id_w=0.00 12.01 it/s
step 166500/370000 G=1.974 Dp=0.131 Dm=0.072 cyc_w=5.00 id_w=0.00 12.01 it/s
step 166550/370000 G=2.411 Dp=0.139 Dm=0.201 cyc_w=5.00 id_w=0.00 12.01 it/s
step 166600/370000 G=1.391 Dp=0.251 Dm=0.201 cyc_w=5.00 id_w=0.00 12.01 it/s
step 166650/370000 G=2.053 Dp=0.147 Dm=0.045 cyc_w=5.00 id_w=0.00 12.01 it/s
step 166700/370000 G=2.555 Dp=0.212 Dm=0.027 cyc_w=5.00 id_w=0.00 12.01 it/s
step 166750/370000 G=1.633 Dp=0.130 Dm=0.175 cyc_w=5.00 id_w=0.00 12.01 it/s
step 166800/370000 G=2.058 Dp=0.102 Dm=0.158 cyc_w=5.00 id_w=0.00 12.01 it/s
step 166850/370000 G=1.728 Dp=0.173 Dm=0.044 cyc_w=5.00 id_w=0.00 12.01 it/s
step 166900/370000 G=1.789 Dp=0.070 Dm=0.190 cyc_w=5.00 id_w=0.00 12.01 it/s
step 166950/370000 G=2.506 Dp=0.083 Dm=0.041 cyc_w=5.00 id_w=0.00 12.02 it/s
step 167000/370000 G=1.695 Dp=0.215 Dm=0.048 cyc_w=5.00 id_w=0.00 12.02 it/s
step 167050/370000 G=1.606 Dp=0.149 Dm=0.112 cyc_w=5.00 id_w=0.00 12.02 it/s
step 167100/370000 G=2.085 Dp=0.228 Dm=0.044 cyc_w=5.00 id_w=0.00 12.02 it/s
step 167150/370000 G=1.699 Dp=0.202 Dm=0.071 cyc_w=5.00 id_w=0.00 12.02 it/s
step 167200/370000 G=2.432 Dp=0.092 Dm=0.062 cyc_w=5.00 id_w=0.00 12.02 it/s
step 167250/370000 G=2.075 Dp=0.237 Dm=0.231 cyc_w=5.00 id_w=0.00 12.02 it/s
step 167300/370000 G=1.989 Dp=0.169 Dm=0.074 cyc_w=5.00 id_w=0.00 12.02 it/s
step 167350/370000 G=1.755 Dp=0.165 Dm=0.075 cyc_w=5.00 id_w=0.00 12.02 it/s
step 167400/370000 G=1.638 Dp=0.152 Dm=0.122 cyc_w=5.00 id_w=0.00 12.03 it/s
step 167450/370000 G=1.630 Dp=0.189 Dm=0.077 cyc_w=5.00 id_w=0.00 12.03 it/s
step 167500/370000 G=1.358 Dp=0.197 Dm=0.161 cyc_w=5.00 id_w=0.00 12.03 it/s
step 167550/370000 G=1.477 Dp=0.127 Dm=0.086 cyc_w=5.00 id_w=0.00 12.03 it/s
step 167600/370000 G=1.450 Dp=0.059 Dm=0.055 cyc_w=5.00 id_w=0.00 12.03 it/s
step 167650/370000 G=1.350 Dp=0.046 Dm=0.038 cyc_w=5.00 id_w=0.00 12.03 it/s
step 167700/370000 G=2.022 Dp=0.244 Dm=0.091 cyc_w=5.00 id_w=0.00 12.03 it/s
step 167750/370000 G=1.673 Dp=0.163 Dm=0.127 cyc_w=5.00 id_w=0.00 12.03 it/s
step 167800/370000 G=1.784 Dp=0.125 Dm=0.109 cyc_w=5.00 id_w=0.00 12.03 it/s
step 167850/370000 G=2.689 Dp=0.276 Dm=0.087 cyc_w=5.00 id_w=0.00 12.04 it/s
step 167900/370000 G=2.128 Dp=0.220 Dm=0.044 cyc_w=5.00 id_w=0.00 12.04 it/s
step 167950/370000 G=1.867 Dp=0.216 Dm=0.112 cyc_w=5.00 id_w=0.00 12.04 it/s
step 168000/370000 G=1.413 Dp=0.139 Dm=0.060 cyc_w=5.00 id_w=0.00 12.04 it/s
step 168050/370000 G=2.245 Dp=0.063 Dm=0.058 cyc_w=5.00 id_w=0.00 12.04 it/s
step 168100/370000 G=1.606 Dp=0.261 Dm=0.095 cyc_w=5.00 id_w=0.00 12.04 it/s
step 168150/370000 G=1.972 Dp=0.172 Dm=0.032 cyc_w=5.00 id_w=0.00 12.04 it/s
step 168200/370000 G=1.931 Dp=0.052 Dm=0.124 cyc_w=5.00 id_w=0.00 12.04 it/s
step 168250/370000 G=1.947 Dp=0.386 Dm=0.103 cyc_w=5.00 id_w=0.00 12.04 it/s
step 168300/370000 G=1.514 Dp=0.225 Dm=0.254 cyc_w=5.00 id_w=0.00 12.04 it/s
step 168350/370000 G=2.185 Dp=0.203 Dm=0.080 cyc_w=5.00 id_w=0.00 12.04 it/s
step 168400/370000 G=1.901 Dp=0.058 Dm=0.092 cyc_w=5.00 id_w=0.00 12.04 it/s
step 168450/370000 G=2.085 Dp=0.094 Dm=0.096 cyc_w=5.00 id_w=0.00 12.04 it/s
step 168500/370000 G=1.560 Dp=0.192 Dm=0.071 cyc_w=5.00 id_w=0.00 12.04 it/s
step 168550/370000 G=1.589 Dp=0.102 Dm=0.109 cyc_w=5.00 id_w=0.00 12.04 it/s
step 168600/370000 G=2.151 Dp=0.093 Dm=0.088 cyc_w=5.00 id_w=0.00 12.04 it/s
step 168650/370000 G=2.742 Dp=0.140 Dm=0.137 cyc_w=5.00 id_w=0.00 12.04 it/s
step 168700/370000 G=1.562 Dp=0.223 Dm=0.143 cyc_w=5.00 id_w=0.00 12.04 it/s
step 168750/370000 G=1.776 Dp=0.059 Dm=0.102 cyc_w=5.00 id_w=0.00 12.04 it/s
step 168800/370000 G=2.156 Dp=0.177 Dm=0.132 cyc_w=5.00 id_w=0.00 12.04 it/s
step 168850/370000 G=1.337 Dp=0.189 Dm=0.112 cyc_w=5.00 id_w=0.00 12.04 it/s
step 168900/370000 G=1.802 Dp=0.151 Dm=0.068 cyc_w=5.00 id_w=0.00 12.04 it/s
step 168950/370000 G=1.834 Dp=0.120 Dm=0.110 cyc_w=5.00 id_w=0.00 12.04 it/s
step 169000/370000 G=2.415 Dp=0.168 Dm=0.193 cyc_w=5.00 id_w=0.00 12.04 it/s
step 169050/370000 G=1.977 Dp=0.224 Dm=0.182 cyc_w=5.00 id_w=0.00 12.04 it/s
step 169100/370000 G=1.592 Dp=0.203 Dm=0.074 cyc_w=5.00 id_w=0.00 12.04 it/s
step 169150/370000 G=1.896 Dp=0.259 Dm=0.029 cyc_w=5.00 id_w=0.00 12.04 it/s
step 169200/370000 G=2.003 Dp=0.128 Dm=0.098 cyc_w=5.00 id_w=0.00 12.04 it/s
step 169250/370000 G=1.742 Dp=0.216 Dm=0.071 cyc_w=5.00 id_w=0.00 12.04 it/s
step 169300/370000 G=1.662 Dp=0.222 Dm=0.102 cyc_w=5.00 id_w=0.00 12.04 it/s
step 169350/370000 G=1.930 Dp=0.216 Dm=0.036 cyc_w=5.00 id_w=0.00 12.04 it/s
step 169400/370000 G=2.468 Dp=0.084 Dm=0.089 cyc_w=5.00 id_w=0.00 12.04 it/s
step 169450/370000 G=2.505 Dp=0.124 Dm=0.108 cyc_w=5.00 id_w=0.00 12.04 it/s
step 169500/370000 G=1.482 Dp=0.316 Dm=0.078 cyc_w=5.00 id_w=0.00 12.04 it/s
step 169550/370000 G=1.613 Dp=0.157 Dm=0.078 cyc_w=5.00 id_w=0.00 12.04 it/s
step 169600/370000 G=1.895 Dp=0.193 Dm=0.148 cyc_w=5.00 id_w=0.00 12.04 it/s
step 169650/370000 G=2.170 Dp=0.249 Dm=0.055 cyc_w=5.00 id_w=0.00 12.04 it/s
step 169700/370000 G=1.314 Dp=0.252 Dm=0.054 cyc_w=5.00 id_w=0.00 12.04 it/s
step 169750/370000 G=1.620 Dp=0.222 Dm=0.211 cyc_w=5.00 id_w=0.00 12.04 it/s
step 169800/370000 G=2.492 Dp=0.103 Dm=0.058 cyc_w=5.00 id_w=0.00 12.04 it/s
step 169850/370000 G=1.737 Dp=0.278 Dm=0.057 cyc_w=5.00 id_w=0.00 12.04 it/s
step 169900/370000 G=1.453 Dp=0.224 Dm=0.140 cyc_w=5.00 id_w=0.00 12.04 it/s
step 169950/370000 G=1.616 Dp=0.305 Dm=0.116 cyc_w=5.00 id_w=0.00 12.04 it/s
step 170000/370000 G=1.695 Dp=0.254 Dm=0.096 cyc_w=5.00 id_w=0.00 12.04 it/s
step 170050/370000 G=2.314 Dp=0.160 Dm=0.066 cyc_w=5.00 id_w=0.00 12.04 it/s
step 170100/370000 G=2.620 Dp=0.049 Dm=0.150 cyc_w=5.00 id_w=0.00 12.04 it/s
step 170150/370000 G=1.702 Dp=0.224 Dm=0.178 cyc_w=5.00 id_w=0.00 12.04 it/s
step 170200/370000 G=1.551 Dp=0.206 Dm=0.114 cyc_w=5.00 id_w=0.00 12.04 it/s
step 170250/370000 G=1.734 Dp=0.183 Dm=0.063 cyc_w=5.00 id_w=0.00 12.04 it/s
step 170300/370000 G=2.641 Dp=0.202 Dm=0.048 cyc_w=5.00 id_w=0.00 12.04 it/s
step 170350/370000 G=2.558 Dp=0.058 Dm=0.065 cyc_w=5.00 id_w=0.00 12.04 it/s
step 170400/370000 G=1.872 Dp=0.349 Dm=0.166 cyc_w=5.00 id_w=0.00 12.04 it/s
step 170450/370000 G=1.756 Dp=0.298 Dm=0.071 cyc_w=5.00 id_w=0.00 12.04 it/s
step 170500/370000 G=1.330 Dp=0.054 Dm=0.065 cyc_w=5.00 id_w=0.00 12.04 it/s
step 170550/370000 G=1.739 Dp=0.229 Dm=0.050 cyc_w=5.00 id_w=0.00 12.04 it/s
step 170600/370000 G=2.433 Dp=0.146 Dm=0.158 cyc_w=5.00 id_w=0.00 12.04 it/s
step 170650/370000 G=1.505 Dp=0.166 Dm=0.081 cyc_w=5.00 id_w=0.00 12.04 it/s
step 170700/370000 G=1.907 Dp=0.109 Dm=0.076 cyc_w=5.00 id_w=0.00 12.04 it/s
step 170750/370000 G=1.863 Dp=0.143 Dm=0.135 cyc_w=5.00 id_w=0.00 12.04 it/s
step 170800/370000 G=1.524 Dp=0.125 Dm=0.183 cyc_w=5.00 id_w=0.00 12.04 it/s
step 170850/370000 G=2.248 Dp=0.269 Dm=0.074 cyc_w=5.00 id_w=0.00 12.04 it/s
step 170900/370000 G=1.821 Dp=0.284 Dm=0.161 cyc_w=5.00 id_w=0.00 12.04 it/s
step 170950/370000 G=2.215 Dp=0.176 Dm=0.147 cyc_w=5.00 id_w=0.00 12.04 it/s
step 171000/370000 G=2.234 Dp=0.168 Dm=0.114 cyc_w=5.00 id_w=0.00 12.04 it/s
step 171050/370000 G=1.396 Dp=0.224 Dm=0.182 cyc_w=5.00 id_w=0.00 12.04 it/s
step 171100/370000 G=1.871 Dp=0.229 Dm=0.052 cyc_w=5.00 id_w=0.00 12.04 it/s
step 171150/370000 G=1.565 Dp=0.319 Dm=0.101 cyc_w=5.00 id_w=0.00 12.04 it/s
step 171200/370000 G=1.469 Dp=0.169 Dm=0.093 cyc_w=5.00 id_w=0.00 12.04 it/s
step 171250/370000 G=1.488 Dp=0.386 Dm=0.041 cyc_w=5.00 id_w=0.00 12.04 it/s
step 171300/370000 G=1.696 Dp=0.100 Dm=0.104 cyc_w=5.00 id_w=0.00 12.04 it/s
step 171350/370000 G=1.953 Dp=0.222 Dm=0.055 cyc_w=5.00 id_w=0.00 12.04 it/s
step 171400/370000 G=2.069 Dp=0.310 Dm=0.092 cyc_w=5.00 id_w=0.00 12.04 it/s
step 171450/370000 G=1.476 Dp=0.297 Dm=0.157 cyc_w=5.00 id_w=0.00 12.04 it/s
step 171500/370000 G=2.234 Dp=0.111 Dm=0.185 cyc_w=5.00 id_w=0.00 12.04 it/s
step 171550/370000 G=2.320 Dp=0.105 Dm=0.146 cyc_w=5.00 id_w=0.00 12.04 it/s
step 171600/370000 G=1.435 Dp=0.285 Dm=0.057 cyc_w=5.00 id_w=0.00 12.04 it/s
step 171650/370000 G=1.484 Dp=0.194 Dm=0.091 cyc_w=5.00 id_w=0.00 12.04 it/s
step 171700/370000 G=1.683 Dp=0.202 Dm=0.037 cyc_w=5.00 id_w=0.00 12.04 it/s
step 171750/370000 G=1.756 Dp=0.083 Dm=0.078 cyc_w=5.00 id_w=0.00 12.04 it/s
step 171800/370000 G=2.217 Dp=0.134 Dm=0.070 cyc_w=5.00 id_w=0.00 12.04 it/s
step 171850/370000 G=1.854 Dp=0.081 Dm=0.135 cyc_w=5.00 id_w=0.00 12.04 it/s
step 171900/370000 G=1.619 Dp=0.028 Dm=0.135 cyc_w=5.00 id_w=0.00 12.04 it/s
step 171950/370000 G=2.267 Dp=0.094 Dm=0.071 cyc_w=5.00 id_w=0.00 12.04 it/s
step 172000/370000 G=1.650 Dp=0.090 Dm=0.100 cyc_w=5.00 id_w=0.00 12.04 it/s
step 172050/370000 G=2.278 Dp=0.182 Dm=0.115 cyc_w=5.00 id_w=0.00 12.04 it/s
step 172100/370000 G=1.671 Dp=0.115 Dm=0.077 cyc_w=5.00 id_w=0.00 12.04 it/s
step 172150/370000 G=1.617 Dp=0.206 Dm=0.109 cyc_w=5.00 id_w=0.00 12.04 it/s
step 172200/370000 G=1.572 Dp=0.254 Dm=0.171 cyc_w=5.00 id_w=0.00 12.04 it/s
step 172250/370000 G=1.518 Dp=0.156 Dm=0.191 cyc_w=5.00 id_w=0.00 12.04 it/s
step 172300/370000 G=1.719 Dp=0.205 Dm=0.079 cyc_w=5.00 id_w=0.00 12.04 it/s
step 172350/370000 G=1.832 Dp=0.232 Dm=0.044 cyc_w=5.00 id_w=0.00 12.04 it/s
step 172400/370000 G=2.315 Dp=0.051 Dm=0.062 cyc_w=5.00 id_w=0.00 12.04 it/s
step 172450/370000 G=2.191 Dp=0.165 Dm=0.088 cyc_w=5.00 id_w=0.00 12.04 it/s
step 172500/370000 G=1.875 Dp=0.140 Dm=0.089 cyc_w=5.00 id_w=0.00 12.04 it/s
step 172550/370000 G=1.436 Dp=0.203 Dm=0.114 cyc_w=5.00 id_w=0.00 12.04 it/s
step 172600/370000 G=1.699 Dp=0.091 Dm=0.196 cyc_w=5.00 id_w=0.00 12.04 it/s
step 172650/370000 G=1.292 Dp=0.072 Dm=0.090 cyc_w=5.00 id_w=0.00 12.04 it/s
step 172700/370000 G=1.850 Dp=0.179 Dm=0.082 cyc_w=5.00 id_w=0.00 12.04 it/s
step 172750/370000 G=2.136 Dp=0.128 Dm=0.080 cyc_w=5.00 id_w=0.00 12.04 it/s
step 172800/370000 G=1.401 Dp=0.100 Dm=0.119 cyc_w=5.00 id_w=0.00 12.04 it/s
step 172850/370000 G=2.099 Dp=0.191 Dm=0.130 cyc_w=5.00 id_w=0.00 12.04 it/s
step 172900/370000 G=1.489 Dp=0.187 Dm=0.140 cyc_w=5.00 id_w=0.00 12.04 it/s
step 172950/370000 G=1.703 Dp=0.141 Dm=0.172 cyc_w=5.00 id_w=0.00 12.04 it/s
step 173000/370000 G=1.643 Dp=0.135 Dm=0.210 cyc_w=5.00 id_w=0.00 12.04 it/s
step 173050/370000 G=1.831 Dp=0.168 Dm=0.138 cyc_w=5.00 id_w=0.00 12.04 it/s
step 173100/370000 G=2.253 Dp=0.224 Dm=0.200 cyc_w=5.00 id_w=0.00 12.04 it/s
step 173150/370000 G=2.566 Dp=0.062 Dm=0.135 cyc_w=5.00 id_w=0.00 12.04 it/s
step 173200/370000 G=1.863 Dp=0.136 Dm=0.117 cyc_w=5.00 id_w=0.00 12.04 it/s
step 173250/370000 G=3.240 Dp=0.141 Dm=0.136 cyc_w=5.00 id_w=0.00 12.04 it/s
step 173300/370000 G=1.908 Dp=0.028 Dm=0.065 cyc_w=5.00 id_w=0.00 12.04 it/s
step 173350/370000 G=1.798 Dp=0.125 Dm=0.068 cyc_w=5.00 id_w=0.00 12.04 it/s
step 173400/370000 G=1.402 Dp=0.148 Dm=0.048 cyc_w=5.00 id_w=0.00 12.04 it/s
step 173450/370000 G=2.483 Dp=0.077 Dm=0.099 cyc_w=5.00 id_w=0.00 12.04 it/s
step 173500/370000 G=2.469 Dp=0.387 Dm=0.078 cyc_w=5.00 id_w=0.00 12.04 it/s
step 173550/370000 G=2.556 Dp=0.084 Dm=0.055 cyc_w=5.00 id_w=0.00 12.04 it/s
step 173600/370000 G=1.872 Dp=0.128 Dm=0.041 cyc_w=5.00 id_w=0.00 12.04 it/s
step 173650/370000 G=2.205 Dp=0.104 Dm=0.134 cyc_w=5.00 id_w=0.00 12.04 it/s
step 173700/370000 G=1.957 Dp=0.080 Dm=0.154 cyc_w=5.00 id_w=0.00 12.04 it/s
step 173750/370000 G=2.048 Dp=0.127 Dm=0.053 cyc_w=5.00 id_w=0.00 12.04 it/s
step 173800/370000 G=2.035 Dp=0.261 Dm=0.087 cyc_w=5.00 id_w=0.00 12.04 it/s
step 173850/370000 G=1.041 Dp=0.217 Dm=0.331 cyc_w=5.00 id_w=0.00 12.04 it/s
step 173900/370000 G=2.406 Dp=0.192 Dm=0.127 cyc_w=5.00 id_w=0.00 12.04 it/s
step 173950/370000 G=2.057 Dp=0.178 Dm=0.257 cyc_w=5.00 id_w=0.00 12.04 it/s
step 174000/370000 G=1.972 Dp=0.082 Dm=0.088 cyc_w=5.00 id_w=0.00 12.04 it/s
step 174050/370000 G=1.986 Dp=0.090 Dm=0.093 cyc_w=5.00 id_w=0.00 12.04 it/s
step 174100/370000 G=1.708 Dp=0.229 Dm=0.175 cyc_w=5.00 id_w=0.00 12.05 it/s
step 174150/370000 G=2.120 Dp=0.281 Dm=0.154 cyc_w=5.00 id_w=0.00 12.05 it/s
step 174200/370000 G=1.650 Dp=0.188 Dm=0.160 cyc_w=5.00 id_w=0.00 12.05 it/s
step 174250/370000 G=1.503 Dp=0.187 Dm=0.050 cyc_w=5.00 id_w=0.00 12.05 it/s
step 174300/370000 G=1.685 Dp=0.139 Dm=0.059 cyc_w=5.00 id_w=0.00 12.05 it/s
step 174350/370000 G=1.825 Dp=0.178 Dm=0.086 cyc_w=5.00 id_w=0.00 12.05 it/s
step 174400/370000 G=2.021 Dp=0.134 Dm=0.108 cyc_w=5.00 id_w=0.00 12.05 it/s
step 174450/370000 G=1.473 Dp=0.189 Dm=0.125 cyc_w=5.00 id_w=0.00 12.05 it/s
step 174500/370000 G=1.875 Dp=0.181 Dm=0.060 cyc_w=5.00 id_w=0.00 12.05 it/s
step 174550/370000 G=2.092 Dp=0.077 Dm=0.038 cyc_w=5.00 id_w=0.00 12.05 it/s
step 174600/370000 G=1.833 Dp=0.168 Dm=0.298 cyc_w=5.00 id_w=0.00 12.06 it/s
step 174650/370000 G=1.432 Dp=0.131 Dm=0.129 cyc_w=5.00 id_w=0.00 12.06 it/s
step 174700/370000 G=1.511 Dp=0.109 Dm=0.111 cyc_w=5.00 id_w=0.00 12.06 it/s
step 174750/370000 G=1.743 Dp=0.358 Dm=0.104 cyc_w=5.00 id_w=0.00 12.06 it/s
step 174800/370000 G=1.738 Dp=0.297 Dm=0.082 cyc_w=5.00 id_w=0.00 12.06 it/s
step 174850/370000 G=1.622 Dp=0.259 Dm=0.123 cyc_w=5.00 id_w=0.00 12.06 it/s
step 174900/370000 G=2.017 Dp=0.247 Dm=0.084 cyc_w=5.00 id_w=0.00 12.06 it/s
step 174950/370000 G=1.417 Dp=0.174 Dm=0.109 cyc_w=5.00 id_w=0.00 12.06 it/s
step 175000/370000 G=2.297 Dp=0.223 Dm=0.132 cyc_w=5.00 id_w=0.00 12.06 it/s
step 175050/370000 G=1.511 Dp=0.202 Dm=0.090 cyc_w=5.00 id_w=0.00 12.06 it/s
step 175100/370000 G=2.417 Dp=0.218 Dm=0.080 cyc_w=5.00 id_w=0.00 12.06 it/s
step 175150/370000 G=1.778 Dp=0.119 Dm=0.101 cyc_w=5.00 id_w=0.00 12.06 it/s
step 175200/370000 G=1.257 Dp=0.232 Dm=0.148 cyc_w=5.00 id_w=0.00 12.06 it/s
step 175250/370000 G=1.943 Dp=0.045 Dm=0.156 cyc_w=5.00 id_w=0.00 12.06 it/s
step 175300/370000 G=1.396 Dp=0.255 Dm=0.102 cyc_w=5.00 id_w=0.00 12.06 it/s
step 175350/370000 G=1.586 Dp=0.152 Dm=0.049 cyc_w=5.00 id_w=0.00 12.06 it/s
step 175400/370000 G=1.942 Dp=0.190 Dm=0.100 cyc_w=5.00 id_w=0.00 12.06 it/s
step 175450/370000 G=1.957 Dp=0.086 Dm=0.057 cyc_w=5.00 id_w=0.00 12.06 it/s
step 175500/370000 G=1.888 Dp=0.237 Dm=0.065 cyc_w=5.00 id_w=0.00 12.06 it/s
step 175550/370000 G=1.796 Dp=0.198 Dm=0.176 cyc_w=5.00 id_w=0.00 12.06 it/s
step 175600/370000 G=2.043 Dp=0.151 Dm=0.165 cyc_w=5.00 id_w=0.00 12.06 it/s
step 175650/370000 G=1.533 Dp=0.126 Dm=0.071 cyc_w=5.00 id_w=0.00 12.06 it/s
step 175700/370000 G=1.913 Dp=0.148 Dm=0.066 cyc_w=5.00 id_w=0.00 12.06 it/s
step 175750/370000 G=1.446 Dp=0.380 Dm=0.127 cyc_w=5.00 id_w=0.00 12.06 it/s
step 175800/370000 G=2.324 Dp=0.131 Dm=0.244 cyc_w=5.00 id_w=0.00 12.06 it/s
step 175850/370000 G=1.816 Dp=0.339 Dm=0.074 cyc_w=5.00 id_w=0.00 12.06 it/s
step 175900/370000 G=1.415 Dp=0.170 Dm=0.044 cyc_w=5.00 id_w=0.00 12.06 it/s
step 175950/370000 G=1.229 Dp=0.227 Dm=0.091 cyc_w=5.00 id_w=0.00 12.06 it/s
step 176000/370000 G=1.567 Dp=0.252 Dm=0.096 cyc_w=5.00 id_w=0.00 12.06 it/s
step 176050/370000 G=2.097 Dp=0.106 Dm=0.101 cyc_w=5.00 id_w=0.00 12.06 it/s
step 176100/370000 G=1.553 Dp=0.172 Dm=0.121 cyc_w=5.00 id_w=0.00 12.06 it/s
step 176150/370000 G=1.547 Dp=0.182 Dm=0.046 cyc_w=5.00 id_w=0.00 12.06 it/s
step 176200/370000 G=1.733 Dp=0.108 Dm=0.117 cyc_w=5.00 id_w=0.00 12.06 it/s
step 176250/370000 G=2.054 Dp=0.167 Dm=0.061 cyc_w=5.00 id_w=0.00 12.06 it/s
step 176300/370000 G=1.390 Dp=0.233 Dm=0.154 cyc_w=5.00 id_w=0.00 12.06 it/s
step 176350/370000 G=1.817 Dp=0.121 Dm=0.058 cyc_w=5.00 id_w=0.00 12.06 it/s
step 176400/370000 G=1.649 Dp=0.144 Dm=0.053 cyc_w=5.00 id_w=0.00 12.06 it/s
step 176450/370000 G=1.701 Dp=0.112 Dm=0.260 cyc_w=5.00 id_w=0.00 12.06 it/s
step 176500/370000 G=1.464 Dp=0.170 Dm=0.073 cyc_w=5.00 id_w=0.00 12.06 it/s
step 176550/370000 G=2.194 Dp=0.207 Dm=0.076 cyc_w=5.00 id_w=0.00 12.06 it/s
step 176600/370000 G=1.403 Dp=0.110 Dm=0.087 cyc_w=5.00 id_w=0.00 12.06 it/s
step 176650/370000 G=1.462 Dp=0.267 Dm=0.171 cyc_w=5.00 id_w=0.00 12.06 it/s
step 176700/370000 G=2.150 Dp=0.319 Dm=0.109 cyc_w=5.00 id_w=0.00 12.06 it/s
step 176750/370000 G=2.215 Dp=0.128 Dm=0.076 cyc_w=5.00 id_w=0.00 12.06 it/s
step 176800/370000 G=2.094 Dp=0.197 Dm=0.051 cyc_w=5.00 id_w=0.00 12.06 it/s
step 176850/370000 G=1.698 Dp=0.193 Dm=0.074 cyc_w=5.00 id_w=0.00 12.06 it/s
step 176900/370000 G=1.595 Dp=0.183 Dm=0.235 cyc_w=5.00 id_w=0.00 12.06 it/s
step 176950/370000 G=1.807 Dp=0.213 Dm=0.065 cyc_w=5.00 id_w=0.00 12.06 it/s
step 177000/370000 G=1.955 Dp=0.223 Dm=0.099 cyc_w=5.00 id_w=0.00 12.06 it/s
EVAL {"step": 177000, "variant": "ema", "fid_a2b": 97.3211728144117, "fid_b2a": 94.41686261252251, "mifid_a2b": 0.4166450807751859, "mifid_b2a": 0.3963639311954663, "fid": 95.8690177134671, "mifid": 0.4065045059853261, "composite": 48.13776110972621}
EVAL {"step": 177000, "variant": "ema_slow", "fid_a2b": 96.23096091931914, "fid_b2a": 94.20068857098272, "mifid_a2b": 0.41489669551225267, "mifid_b2a": 0.3977231279118132, "fid": 95.21582474515094, "mifid": 0.4063099117120329, "composite": 47.811067328431484}
EVAL {"step": 177000, "variant": "raw", "fid_a2b": 104.30360332257781, "fid_b2a": 98.27941358683422, "mifid_a2b": 0.4157473914948302, "mifid_b2a": 0.3994536279128597, "fid": 101.29150845470602, "mifid": 0.407600509703845, "composite": 50.84955448220493}
step 177050/370000 G=2.518 Dp=0.292 Dm=0.052 cyc_w=5.00 id_w=0.00 12.01 it/s
step 177100/370000 G=1.428 Dp=0.221 Dm=0.110 cyc_w=5.00 id_w=0.00 12.01 it/s
step 177150/370000 G=1.627 Dp=0.139 Dm=0.143 cyc_w=5.00 id_w=0.00 12.01 it/s
step 177200/370000 G=2.005 Dp=0.194 Dm=0.193 cyc_w=5.00 id_w=0.00 12.01 it/s
step 177250/370000 G=2.382 Dp=0.145 Dm=0.042 cyc_w=5.00 id_w=0.00 12.01 it/s
step 177300/370000 G=1.672 Dp=0.052 Dm=0.066 cyc_w=5.00 id_w=0.00 12.01 it/s
step 177350/370000 G=1.543 Dp=0.096 Dm=0.070 cyc_w=5.00 id_w=0.00 12.01 it/s
step 177400/370000 G=1.430 Dp=0.201 Dm=0.094 cyc_w=5.00 id_w=0.00 12.01 it/s
step 177450/370000 G=1.523 Dp=0.232 Dm=0.136 cyc_w=5.00 id_w=0.00 12.01 it/s
step 177500/370000 G=1.630 Dp=0.080 Dm=0.053 cyc_w=5.00 id_w=0.00 12.01 it/s
step 177550/370000 G=1.653 Dp=0.319 Dm=0.121 cyc_w=5.00 id_w=0.00 12.01 it/s
step 177600/370000 G=2.251 Dp=0.176 Dm=0.107 cyc_w=5.00 id_w=0.00 12.01 it/s
step 177650/370000 G=1.557 Dp=0.391 Dm=0.171 cyc_w=5.00 id_w=0.00 12.01 it/s
step 177700/370000 G=2.328 Dp=0.069 Dm=0.106 cyc_w=5.00 id_w=0.00 12.01 it/s
step 177750/370000 G=1.480 Dp=0.117 Dm=0.042 cyc_w=5.00 id_w=0.00 12.01 it/s
step 177800/370000 G=2.144 Dp=0.227 Dm=0.040 cyc_w=5.00 id_w=0.00 12.01 it/s
step 177850/370000 G=1.741 Dp=0.092 Dm=0.129 cyc_w=5.00 id_w=0.00 12.01 it/s
step 177900/370000 G=1.394 Dp=0.207 Dm=0.131 cyc_w=5.00 id_w=0.00 12.01 it/s
step 177950/370000 G=1.935 Dp=0.204 Dm=0.062 cyc_w=5.00 id_w=0.00 12.01 it/s
step 178000/370000 G=1.577 Dp=0.154 Dm=0.171 cyc_w=5.00 id_w=0.00 12.01 it/s
step 178050/370000 G=1.932 Dp=0.158 Dm=0.126 cyc_w=5.00 id_w=0.00 12.01 it/s
step 178100/370000 G=2.081 Dp=0.113 Dm=0.043 cyc_w=5.00 id_w=0.00 12.01 it/s
step 178150/370000 G=1.789 Dp=0.334 Dm=0.034 cyc_w=5.00 id_w=0.00 12.01 it/s
step 178200/370000 G=1.653 Dp=0.174 Dm=0.070 cyc_w=5.00 id_w=0.00 12.01 it/s
step 178250/370000 G=2.100 Dp=0.100 Dm=0.069 cyc_w=5.00 id_w=0.00 12.01 it/s
step 178300/370000 G=2.586 Dp=0.098 Dm=0.038 cyc_w=5.00 id_w=0.00 12.01 it/s
step 178350/370000 G=1.416 Dp=0.285 Dm=0.171 cyc_w=5.00 id_w=0.00 12.01 it/s
step 178400/370000 G=1.455 Dp=0.190 Dm=0.096 cyc_w=5.00 id_w=0.00 12.01 it/s
step 178450/370000 G=1.809 Dp=0.103 Dm=0.116 cyc_w=5.00 id_w=0.00 12.01 it/s
step 178500/370000 G=1.590 Dp=0.136 Dm=0.131 cyc_w=5.00 id_w=0.00 12.01 it/s
step 178550/370000 G=1.152 Dp=0.246 Dm=0.131 cyc_w=5.00 id_w=0.00 12.01 it/s
step 178600/370000 G=1.864 Dp=0.151 Dm=0.064 cyc_w=5.00 id_w=0.00 12.01 it/s
step 178650/370000 G=2.233 Dp=0.155 Dm=0.069 cyc_w=5.00 id_w=0.00 12.01 it/s
step 178700/370000 G=2.117 Dp=0.170 Dm=0.079 cyc_w=5.00 id_w=0.00 12.01 it/s
step 178750/370000 G=1.654 Dp=0.116 Dm=0.097 cyc_w=5.00 id_w=0.00 12.01 it/s
step 178800/370000 G=1.818 Dp=0.151 Dm=0.049 cyc_w=5.00 id_w=0.00 12.01 it/s
step 178850/370000 G=2.054 Dp=0.268 Dm=0.054 cyc_w=5.00 id_w=0.00 12.01 it/s
step 178900/370000 G=2.007 Dp=0.138 Dm=0.033 cyc_w=5.00 id_w=0.00 12.01 it/s
step 178950/370000 G=2.352 Dp=0.279 Dm=0.100 cyc_w=5.00 id_w=0.00 12.01 it/s
step 179000/370000 G=1.241 Dp=0.204 Dm=0.150 cyc_w=5.00 id_w=0.00 12.01 it/s
step 179050/370000 G=1.672 Dp=0.133 Dm=0.081 cyc_w=5.00 id_w=0.00 12.01 it/s
step 179100/370000 G=1.899 Dp=0.082 Dm=0.084 cyc_w=5.00 id_w=0.00 12.01 it/s
step 179150/370000 G=1.948 Dp=0.219 Dm=0.083 cyc_w=5.00 id_w=0.00 12.01 it/s
step 179200/370000 G=2.243 Dp=0.112 Dm=0.072 cyc_w=5.00 id_w=0.00 12.01 it/s
step 179250/370000 G=1.862 Dp=0.160 Dm=0.051 cyc_w=5.00 id_w=0.00 12.01 it/s
step 179300/370000 G=1.813 Dp=0.175 Dm=0.102 cyc_w=5.00 id_w=0.00 12.01 it/s
step 179350/370000 G=1.984 Dp=0.145 Dm=0.058 cyc_w=5.00 id_w=0.00 12.01 it/s
step 179400/370000 G=1.847 Dp=0.274 Dm=0.091 cyc_w=5.00 id_w=0.00 12.01 it/s
step 179450/370000 G=2.310 Dp=0.211 Dm=0.117 cyc_w=5.00 id_w=0.00 12.01 it/s
step 179500/370000 G=2.421 Dp=0.096 Dm=0.139 cyc_w=5.00 id_w=0.00 12.01 it/s
step 179550/370000 G=1.757 Dp=0.167 Dm=0.259 cyc_w=5.00 id_w=0.00 12.01 it/s
step 179600/370000 G=2.055 Dp=0.098 Dm=0.045 cyc_w=5.00 id_w=0.00 12.01 it/s
step 179650/370000 G=1.953 Dp=0.133 Dm=0.050 cyc_w=5.00 id_w=0.00 12.02 it/s
step 179700/370000 G=1.733 Dp=0.100 Dm=0.040 cyc_w=5.00 id_w=0.00 12.02 it/s
step 179750/370000 G=1.392 Dp=0.120 Dm=0.129 cyc_w=5.00 id_w=0.00 12.02 it/s
step 179800/370000 G=1.831 Dp=0.108 Dm=0.022 cyc_w=5.00 id_w=0.00 12.02 it/s
step 179850/370000 G=1.460 Dp=0.274 Dm=0.199 cyc_w=5.00 id_w=0.00 12.02 it/s
step 179900/370000 G=1.708 Dp=0.204 Dm=0.062 cyc_w=5.00 id_w=0.00 12.02 it/s
step 179950/370000 G=1.577 Dp=0.061 Dm=0.056 cyc_w=5.00 id_w=0.00 12.02 it/s
step 180000/370000 G=2.210 Dp=0.345 Dm=0.050 cyc_w=5.00 id_w=0.00 12.02 it/s
step 180050/370000 G=1.976 Dp=0.066 Dm=0.103 cyc_w=5.00 id_w=0.00 12.02 it/s
step 180100/370000 G=1.187 Dp=0.148 Dm=0.386 cyc_w=5.00 id_w=0.00 12.02 it/s
step 180150/370000 G=1.080 Dp=0.132 Dm=0.230 cyc_w=5.00 id_w=0.00 12.02 it/s
step 180200/370000 G=1.968 Dp=0.327 Dm=0.025 cyc_w=5.00 id_w=0.00 12.02 it/s
step 180250/370000 G=1.717 Dp=0.084 Dm=0.041 cyc_w=5.00 id_w=0.00 12.02 it/s
step 180300/370000 G=2.078 Dp=0.207 Dm=0.040 cyc_w=5.00 id_w=0.00 12.02 it/s
step 180350/370000 G=1.762 Dp=0.220 Dm=0.068 cyc_w=5.00 id_w=0.00 12.02 it/s
step 180400/370000 G=2.540 Dp=0.093 Dm=0.109 cyc_w=5.00 id_w=0.00 12.02 it/s
step 180450/370000 G=1.813 Dp=0.206 Dm=0.149 cyc_w=5.00 id_w=0.00 12.02 it/s
step 180500/370000 G=2.205 Dp=0.194 Dm=0.054 cyc_w=5.00 id_w=0.00 12.02 it/s
step 180550/370000 G=1.845 Dp=0.209 Dm=0.121 cyc_w=5.00 id_w=0.00 12.02 it/s
step 180600/370000 G=1.729 Dp=0.142 Dm=0.040 cyc_w=5.00 id_w=0.00 12.02 it/s
step 180650/370000 G=1.670 Dp=0.135 Dm=0.104 cyc_w=5.00 id_w=0.00 12.02 it/s
step 180700/370000 G=2.053 Dp=0.112 Dm=0.027 cyc_w=5.00 id_w=0.00 12.02 it/s
step 180750/370000 G=2.023 Dp=0.130 Dm=0.191 cyc_w=5.00 id_w=0.00 12.02 it/s
step 180800/370000 G=2.188 Dp=0.095 Dm=0.079 cyc_w=5.00 id_w=0.00 12.02 it/s
step 180850/370000 G=1.780 Dp=0.260 Dm=0.043 cyc_w=5.00 id_w=0.00 12.02 it/s
step 180900/370000 G=1.929 Dp=0.179 Dm=0.045 cyc_w=5.00 id_w=0.00 12.02 it/s
step 180950/370000 G=2.085 Dp=0.180 Dm=0.084 cyc_w=5.00 id_w=0.00 12.02 it/s
step 181000/370000 G=1.864 Dp=0.165 Dm=0.128 cyc_w=5.00 id_w=0.00 12.02 it/s
step 181050/370000 G=1.684 Dp=0.055 Dm=0.076 cyc_w=5.00 id_w=0.00 12.02 it/s
step 181100/370000 G=1.608 Dp=0.082 Dm=0.056 cyc_w=5.00 id_w=0.00 12.02 it/s
step 181150/370000 G=1.936 Dp=0.143 Dm=0.159 cyc_w=5.00 id_w=0.00 12.02 it/s
step 181200/370000 G=1.982 Dp=0.083 Dm=0.083 cyc_w=5.00 id_w=0.00 12.02 it/s
step 181250/370000 G=2.021 Dp=0.092 Dm=0.042 cyc_w=5.00 id_w=0.00 12.02 it/s
step 181300/370000 G=1.581 Dp=0.092 Dm=0.155 cyc_w=5.00 id_w=0.00 12.03 it/s
step 181350/370000 G=1.966 Dp=0.121 Dm=0.148 cyc_w=5.00 id_w=0.00 12.03 it/s
step 181400/370000 G=2.259 Dp=0.150 Dm=0.079 cyc_w=5.00 id_w=0.00 12.03 it/s
step 181450/370000 G=1.666 Dp=0.095 Dm=0.148 cyc_w=5.00 id_w=0.00 12.03 it/s
step 181500/370000 G=1.517 Dp=0.254 Dm=0.093 cyc_w=5.00 id_w=0.00 12.03 it/s
step 181550/370000 G=2.025 Dp=0.201 Dm=0.136 cyc_w=5.00 id_w=0.00 12.03 it/s
step 181600/370000 G=1.778 Dp=0.357 Dm=0.155 cyc_w=5.00 id_w=0.00 12.03 it/s
step 181650/370000 G=1.673 Dp=0.206 Dm=0.063 cyc_w=5.00 id_w=0.00 12.03 it/s
step 181700/370000 G=2.609 Dp=0.084 Dm=0.082 cyc_w=5.00 id_w=0.00 12.03 it/s
step 181750/370000 G=1.718 Dp=0.271 Dm=0.056 cyc_w=5.00 id_w=0.00 12.03 it/s
step 181800/370000 G=1.813 Dp=0.137 Dm=0.076 cyc_w=5.00 id_w=0.00 12.04 it/s
step 181850/370000 G=1.433 Dp=0.060 Dm=0.113 cyc_w=5.00 id_w=0.00 12.04 it/s
step 181900/370000 G=1.787 Dp=0.184 Dm=0.189 cyc_w=5.00 id_w=0.00 12.04 it/s
step 181950/370000 G=2.015 Dp=0.073 Dm=0.046 cyc_w=5.00 id_w=0.00 12.04 it/s
step 182000/370000 G=2.352 Dp=0.207 Dm=0.037 cyc_w=5.00 id_w=0.00 12.04 it/s
step 182050/370000 G=2.280 Dp=0.166 Dm=0.090 cyc_w=5.00 id_w=0.00 12.04 it/s
step 182100/370000 G=1.495 Dp=0.194 Dm=0.071 cyc_w=5.00 id_w=0.00 12.04 it/s
step 182150/370000 G=1.577 Dp=0.209 Dm=0.065 cyc_w=5.00 id_w=0.00 12.04 it/s
step 182200/370000 G=2.377 Dp=0.084 Dm=0.062 cyc_w=5.00 id_w=0.00 12.04 it/s
step 182250/370000 G=1.949 Dp=0.058 Dm=0.078 cyc_w=5.00 id_w=0.00 12.04 it/s
step 182300/370000 G=1.773 Dp=0.126 Dm=0.076 cyc_w=5.00 id_w=0.00 12.04 it/s
step 182350/370000 G=1.440 Dp=0.230 Dm=0.050 cyc_w=5.00 id_w=0.00 12.04 it/s
step 182400/370000 G=1.871 Dp=0.286 Dm=0.026 cyc_w=5.00 id_w=0.00 12.04 it/s
step 182450/370000 G=1.544 Dp=0.290 Dm=0.074 cyc_w=5.00 id_w=0.00 12.04 it/s
step 182500/370000 G=1.622 Dp=0.227 Dm=0.137 cyc_w=5.00 id_w=0.00 12.04 it/s
step 182550/370000 G=2.342 Dp=0.244 Dm=0.046 cyc_w=5.00 id_w=0.00 12.04 it/s
step 182600/370000 G=1.734 Dp=0.058 Dm=0.027 cyc_w=5.00 id_w=0.00 12.04 it/s
step 182650/370000 G=1.353 Dp=0.202 Dm=0.077 cyc_w=5.00 id_w=0.00 12.04 it/s
step 182700/370000 G=2.257 Dp=0.096 Dm=0.073 cyc_w=5.00 id_w=0.00 12.04 it/s
step 182750/370000 G=1.461 Dp=0.156 Dm=0.210 cyc_w=5.00 id_w=0.00 12.04 it/s
step 182800/370000 G=1.587 Dp=0.114 Dm=0.065 cyc_w=5.00 id_w=0.00 12.04 it/s
step 182850/370000 G=1.643 Dp=0.268 Dm=0.054 cyc_w=5.00 id_w=0.00 12.04 it/s
step 182900/370000 G=1.544 Dp=0.292 Dm=0.090 cyc_w=5.00 id_w=0.00 12.04 it/s
step 182950/370000 G=2.065 Dp=0.143 Dm=0.080 cyc_w=5.00 id_w=0.00 12.04 it/s
step 183000/370000 G=2.572 Dp=0.103 Dm=0.042 cyc_w=5.00 id_w=0.00 12.04 it/s
step 183050/370000 G=1.822 Dp=0.174 Dm=0.066 cyc_w=5.00 id_w=0.00 12.04 it/s
step 183100/370000 G=1.483 Dp=0.159 Dm=0.090 cyc_w=5.00 id_w=0.00 12.04 it/s
step 183150/370000 G=1.802 Dp=0.131 Dm=0.060 cyc_w=5.00 id_w=0.00 12.04 it/s
step 183200/370000 G=1.381 Dp=0.104 Dm=0.132 cyc_w=5.00 id_w=0.00 12.04 it/s
step 183250/370000 G=2.087 Dp=0.133 Dm=0.087 cyc_w=5.00 id_w=0.00 12.04 it/s
step 183300/370000 G=1.763 Dp=0.142 Dm=0.125 cyc_w=5.00 id_w=0.00 12.04 it/s
step 183350/370000 G=1.578 Dp=0.164 Dm=0.131 cyc_w=5.00 id_w=0.00 12.04 it/s
step 183400/370000 G=2.369 Dp=0.064 Dm=0.111 cyc_w=5.00 id_w=0.00 12.04 it/s
step 183450/370000 G=1.930 Dp=0.069 Dm=0.059 cyc_w=5.00 id_w=0.00 12.04 it/s
step 183500/370000 G=1.929 Dp=0.148 Dm=0.157 cyc_w=5.00 id_w=0.00 12.04 it/s
step 183550/370000 G=1.850 Dp=0.073 Dm=0.021 cyc_w=5.00 id_w=0.00 12.04 it/s
step 183600/370000 G=1.379 Dp=0.198 Dm=0.084 cyc_w=5.00 id_w=0.00 12.04 it/s
step 183650/370000 G=1.830 Dp=0.191 Dm=0.145 cyc_w=5.00 id_w=0.00 12.04 it/s
step 183700/370000 G=1.779 Dp=0.086 Dm=0.054 cyc_w=5.00 id_w=0.00 12.04 it/s
step 183750/370000 G=1.838 Dp=0.272 Dm=0.052 cyc_w=5.00 id_w=0.00 12.04 it/s
step 183800/370000 G=1.467 Dp=0.158 Dm=0.084 cyc_w=5.00 id_w=0.00 12.04 it/s
step 183850/370000 G=1.487 Dp=0.152 Dm=0.105 cyc_w=5.00 id_w=0.00 12.04 it/s
step 183900/370000 G=2.179 Dp=0.186 Dm=0.077 cyc_w=5.00 id_w=0.00 12.04 it/s
step 183950/370000 G=1.750 Dp=0.188 Dm=0.042 cyc_w=5.00 id_w=0.00 12.04 it/s
step 184000/370000 G=1.387 Dp=0.266 Dm=0.049 cyc_w=5.00 id_w=0.00 12.04 it/s
step 184050/370000 G=2.168 Dp=0.137 Dm=0.047 cyc_w=5.00 id_w=0.00 12.04 it/s
step 184100/370000 G=1.965 Dp=0.202 Dm=0.165 cyc_w=5.00 id_w=0.00 12.04 it/s
step 184150/370000 G=1.808 Dp=0.128 Dm=0.099 cyc_w=5.00 id_w=0.00 12.04 it/s
step 184200/370000 G=1.701 Dp=0.155 Dm=0.138 cyc_w=5.00 id_w=0.00 12.04 it/s
step 184250/370000 G=1.894 Dp=0.173 Dm=0.095 cyc_w=5.00 id_w=0.00 12.04 it/s
step 184300/370000 G=1.369 Dp=0.209 Dm=0.047 cyc_w=5.00 id_w=0.00 12.04 it/s
step 184350/370000 G=1.568 Dp=0.231 Dm=0.142 cyc_w=5.00 id_w=0.00 12.04 it/s
step 184400/370000 G=2.170 Dp=0.150 Dm=0.111 cyc_w=5.00 id_w=0.00 12.04 it/s
step 184450/370000 G=2.171 Dp=0.087 Dm=0.052 cyc_w=5.00 id_w=0.00 12.04 it/s
step 184500/370000 G=2.327 Dp=0.177 Dm=0.121 cyc_w=5.00 id_w=0.00 12.04 it/s
step 184550/370000 G=1.828 Dp=0.132 Dm=0.112 cyc_w=5.00 id_w=0.00 12.04 it/s
step 184600/370000 G=2.546 Dp=0.113 Dm=0.112 cyc_w=5.00 id_w=0.00 12.04 it/s
step 184650/370000 G=2.083 Dp=0.106 Dm=0.169 cyc_w=5.00 id_w=0.00 12.04 it/s
step 184700/370000 G=2.364 Dp=0.127 Dm=0.073 cyc_w=5.00 id_w=0.00 12.04 it/s
step 184750/370000 G=1.874 Dp=0.220 Dm=0.064 cyc_w=5.00 id_w=0.00 12.04 it/s
step 184800/370000 G=1.966 Dp=0.243 Dm=0.147 cyc_w=5.00 id_w=0.00 12.04 it/s
step 184850/370000 G=2.175 Dp=0.085 Dm=0.039 cyc_w=5.00 id_w=0.00 12.04 it/s
step 184900/370000 G=1.884 Dp=0.163 Dm=0.144 cyc_w=5.00 id_w=0.00 12.04 it/s
step 184950/370000 G=2.029 Dp=0.067 Dm=0.023 cyc_w=5.00 id_w=0.00 12.04 it/s
step 185000/370000 G=1.738 Dp=0.092 Dm=0.067 cyc_w=5.00 id_w=0.00 12.04 it/s
step 185050/370000 G=1.183 Dp=0.146 Dm=0.033 cyc_w=5.00 id_w=0.00 12.04 it/s
step 185100/370000 G=1.706 Dp=0.083 Dm=0.085 cyc_w=5.00 id_w=0.00 12.04 it/s
step 185150/370000 G=2.018 Dp=0.179 Dm=0.052 cyc_w=5.00 id_w=0.00 12.04 it/s
step 185200/370000 G=2.574 Dp=0.096 Dm=0.101 cyc_w=5.00 id_w=0.00 12.04 it/s
step 185250/370000 G=1.521 Dp=0.129 Dm=0.148 cyc_w=5.00 id_w=0.00 12.04 it/s
step 185300/370000 G=1.900 Dp=0.162 Dm=0.068 cyc_w=5.00 id_w=0.00 12.04 it/s
step 185350/370000 G=1.701 Dp=0.141 Dm=0.118 cyc_w=5.00 id_w=0.00 12.04 it/s
step 185400/370000 G=2.220 Dp=0.139 Dm=0.145 cyc_w=5.00 id_w=0.00 12.04 it/s
step 185450/370000 G=1.344 Dp=0.252 Dm=0.065 cyc_w=5.00 id_w=0.00 12.04 it/s
step 185500/370000 G=2.076 Dp=0.320 Dm=0.175 cyc_w=5.00 id_w=0.00 12.04 it/s
step 185550/370000 G=1.506 Dp=0.138 Dm=0.080 cyc_w=5.00 id_w=0.00 12.04 it/s
step 185600/370000 G=2.057 Dp=0.254 Dm=0.075 cyc_w=5.00 id_w=0.00 12.04 it/s
step 185650/370000 G=2.334 Dp=0.154 Dm=0.065 cyc_w=5.00 id_w=0.00 12.04 it/s
step 185700/370000 G=1.905 Dp=0.093 Dm=0.060 cyc_w=5.00 id_w=0.00 12.04 it/s
step 185750/370000 G=1.826 Dp=0.167 Dm=0.081 cyc_w=5.00 id_w=0.00 12.04 it/s
step 185800/370000 G=1.420 Dp=0.134 Dm=0.122 cyc_w=5.00 id_w=0.00 12.04 it/s
step 185850/370000 G=1.661 Dp=0.181 Dm=0.061 cyc_w=5.00 id_w=0.00 12.04 it/s
step 185900/370000 G=2.051 Dp=0.330 Dm=0.041 cyc_w=5.00 id_w=0.00 12.04 it/s
step 185950/370000 G=1.667 Dp=0.107 Dm=0.070 cyc_w=5.00 id_w=0.00 12.04 it/s
step 186000/370000 G=1.746 Dp=0.182 Dm=0.053 cyc_w=5.00 id_w=0.00 12.04 it/s
step 186050/370000 G=1.381 Dp=0.175 Dm=0.178 cyc_w=5.00 id_w=0.00 12.04 it/s
step 186100/370000 G=2.136 Dp=0.220 Dm=0.112 cyc_w=5.00 id_w=0.00 12.04 it/s
step 186150/370000 G=1.444 Dp=0.121 Dm=0.054 cyc_w=5.00 id_w=0.00 12.04 it/s
step 186200/370000 G=1.937 Dp=0.259 Dm=0.049 cyc_w=5.00 id_w=0.00 12.04 it/s
step 186250/370000 G=1.894 Dp=0.199 Dm=0.037 cyc_w=5.00 id_w=0.00 12.04 it/s
step 186300/370000 G=1.637 Dp=0.249 Dm=0.117 cyc_w=5.00 id_w=0.00 12.04 it/s
step 186350/370000 G=2.770 Dp=0.166 Dm=0.104 cyc_w=5.00 id_w=0.00 12.04 it/s
step 186400/370000 G=1.721 Dp=0.157 Dm=0.181 cyc_w=5.00 id_w=0.00 12.04 it/s
step 186450/370000 G=1.820 Dp=0.122 Dm=0.145 cyc_w=5.00 id_w=0.00 12.04 it/s
step 186500/370000 G=1.755 Dp=0.320 Dm=0.057 cyc_w=5.00 id_w=0.00 12.04 it/s
step 186550/370000 G=2.323 Dp=0.176 Dm=0.056 cyc_w=5.00 id_w=0.00 12.04 it/s
step 186600/370000 G=2.057 Dp=0.133 Dm=0.076 cyc_w=5.00 id_w=0.00 12.04 it/s
step 186650/370000 G=1.602 Dp=0.152 Dm=0.144 cyc_w=5.00 id_w=0.00 12.04 it/s
step 186700/370000 G=1.323 Dp=0.262 Dm=0.047 cyc_w=5.00 id_w=0.00 12.04 it/s
step 186750/370000 G=1.633 Dp=0.121 Dm=0.073 cyc_w=5.00 id_w=0.00 12.04 it/s
step 186800/370000 G=2.031 Dp=0.312 Dm=0.064 cyc_w=5.00 id_w=0.00 12.04 it/s
step 186850/370000 G=2.202 Dp=0.053 Dm=0.077 cyc_w=5.00 id_w=0.00 12.04 it/s
step 186900/370000 G=1.760 Dp=0.285 Dm=0.098 cyc_w=5.00 id_w=0.00 12.04 it/s
step 186950/370000 G=1.943 Dp=0.121 Dm=0.147 cyc_w=5.00 id_w=0.00 12.04 it/s
step 187000/370000 G=2.224 Dp=0.209 Dm=0.049 cyc_w=5.00 id_w=0.00 12.04 it/s
step 187050/370000 G=2.187 Dp=0.294 Dm=0.212 cyc_w=5.00 id_w=0.00 12.04 it/s
step 187100/370000 G=1.862 Dp=0.261 Dm=0.125 cyc_w=5.00 id_w=0.00 12.04 it/s
step 187150/370000 G=2.164 Dp=0.118 Dm=0.112 cyc_w=5.00 id_w=0.00 12.04 it/s
step 187200/370000 G=1.905 Dp=0.203 Dm=0.057 cyc_w=5.00 id_w=0.00 12.04 it/s
step 187250/370000 G=2.610 Dp=0.110 Dm=0.066 cyc_w=5.00 id_w=0.00 12.04 it/s
step 187300/370000 G=2.160 Dp=0.137 Dm=0.043 cyc_w=5.00 id_w=0.00 12.04 it/s
step 187350/370000 G=1.370 Dp=0.071 Dm=0.088 cyc_w=5.00 id_w=0.00 12.04 it/s
step 187400/370000 G=2.046 Dp=0.370 Dm=0.051 cyc_w=5.00 id_w=0.00 12.05 it/s
step 187450/370000 G=1.792 Dp=0.103 Dm=0.071 cyc_w=5.00 id_w=0.00 12.05 it/s
step 187500/370000 G=2.196 Dp=0.155 Dm=0.065 cyc_w=5.00 id_w=0.00 12.05 it/s
step 187550/370000 G=2.178 Dp=0.154 Dm=0.194 cyc_w=5.00 id_w=0.00 12.05 it/s
step 187600/370000 G=1.888 Dp=0.234 Dm=0.117 cyc_w=5.00 id_w=0.00 12.05 it/s
step 187650/370000 G=2.298 Dp=0.188 Dm=0.032 cyc_w=5.00 id_w=0.00 12.05 it/s
step 187700/370000 G=1.964 Dp=0.086 Dm=0.122 cyc_w=5.00 id_w=0.00 12.05 it/s
step 187750/370000 G=1.686 Dp=0.162 Dm=0.064 cyc_w=5.00 id_w=0.00 12.05 it/s
step 187800/370000 G=2.034 Dp=0.206 Dm=0.102 cyc_w=5.00 id_w=0.00 12.05 it/s
step 187850/370000 G=1.853 Dp=0.144 Dm=0.396 cyc_w=5.00 id_w=0.00 12.05 it/s
step 187900/370000 G=1.599 Dp=0.102 Dm=0.067 cyc_w=5.00 id_w=0.00 12.06 it/s
step 187950/370000 G=1.636 Dp=0.143 Dm=0.147 cyc_w=5.00 id_w=0.00 12.06 it/s
step 188000/370000 G=1.563 Dp=0.240 Dm=0.096 cyc_w=5.00 id_w=0.00 12.06 it/s
step 188050/370000 G=1.563 Dp=0.211 Dm=0.124 cyc_w=5.00 id_w=0.00 12.06 it/s
step 188100/370000 G=2.005 Dp=0.138 Dm=0.085 cyc_w=5.00 id_w=0.00 12.06 it/s
step 188150/370000 G=2.525 Dp=0.085 Dm=0.032 cyc_w=5.00 id_w=0.00 12.06 it/s
step 188200/370000 G=1.617 Dp=0.291 Dm=0.225 cyc_w=5.00 id_w=0.00 12.06 it/s
step 188250/370000 G=1.645 Dp=0.222 Dm=0.063 cyc_w=5.00 id_w=0.00 12.06 it/s
step 188300/370000 G=1.803 Dp=0.287 Dm=0.057 cyc_w=5.00 id_w=0.00 12.06 it/s
step 188350/370000 G=1.576 Dp=0.171 Dm=0.226 cyc_w=5.00 id_w=0.00 12.06 it/s
step 188400/370000 G=1.763 Dp=0.177 Dm=0.142 cyc_w=5.00 id_w=0.00 12.06 it/s
step 188450/370000 G=2.281 Dp=0.176 Dm=0.283 cyc_w=5.00 id_w=0.00 12.06 it/s
step 188500/370000 G=2.627 Dp=0.144 Dm=0.083 cyc_w=5.00 id_w=0.00 12.06 it/s
step 188550/370000 G=1.308 Dp=0.426 Dm=0.085 cyc_w=5.00 id_w=0.00 12.06 it/s
step 188600/370000 G=1.333 Dp=0.255 Dm=0.083 cyc_w=5.00 id_w=0.00 12.06 it/s
step 188650/370000 G=1.252 Dp=0.165 Dm=0.034 cyc_w=5.00 id_w=0.00 12.06 it/s
step 188700/370000 G=1.642 Dp=0.080 Dm=0.287 cyc_w=5.00 id_w=0.00 12.06 it/s
step 188750/370000 G=2.380 Dp=0.290 Dm=0.091 cyc_w=5.00 id_w=0.00 12.06 it/s
step 188800/370000 G=1.814 Dp=0.127 Dm=0.122 cyc_w=5.00 id_w=0.00 12.06 it/s
step 188850/370000 G=2.144 Dp=0.161 Dm=0.137 cyc_w=5.00 id_w=0.00 12.06 it/s
step 188900/370000 G=1.794 Dp=0.148 Dm=0.070 cyc_w=5.00 id_w=0.00 12.06 it/s
step 188950/370000 G=1.357 Dp=0.267 Dm=0.087 cyc_w=5.00 id_w=0.00 12.06 it/s
step 189000/370000 G=1.505 Dp=0.305 Dm=0.071 cyc_w=5.00 id_w=0.00 12.06 it/s
step 189050/370000 G=2.534 Dp=0.091 Dm=0.054 cyc_w=5.00 id_w=0.00 12.06 it/s
step 189100/370000 G=1.478 Dp=0.238 Dm=0.208 cyc_w=5.00 id_w=0.00 12.06 it/s
step 189150/370000 G=2.232 Dp=0.058 Dm=0.075 cyc_w=5.00 id_w=0.00 12.06 it/s
step 189200/370000 G=1.979 Dp=0.351 Dm=0.042 cyc_w=5.00 id_w=0.00 12.06 it/s
step 189250/370000 G=2.308 Dp=0.061 Dm=0.044 cyc_w=5.00 id_w=0.00 12.06 it/s
step 189300/370000 G=1.771 Dp=0.169 Dm=0.087 cyc_w=5.00 id_w=0.00 12.06 it/s
step 189350/370000 G=1.678 Dp=0.215 Dm=0.143 cyc_w=5.00 id_w=0.00 12.06 it/s
step 189400/370000 G=1.972 Dp=0.207 Dm=0.049 cyc_w=5.00 id_w=0.00 12.06 it/s
step 189450/370000 G=1.892 Dp=0.170 Dm=0.186 cyc_w=5.00 id_w=0.00 12.06 it/s
step 189500/370000 G=1.471 Dp=0.138 Dm=0.116 cyc_w=5.00 id_w=0.00 12.06 it/s
step 189550/370000 G=1.579 Dp=0.290 Dm=0.164 cyc_w=5.00 id_w=0.00 12.06 it/s
step 189600/370000 G=1.750 Dp=0.110 Dm=0.090 cyc_w=5.00 id_w=0.00 12.06 it/s
step 189650/370000 G=1.978 Dp=0.105 Dm=0.059 cyc_w=5.00 id_w=0.00 12.06 it/s
step 189700/370000 G=1.353 Dp=0.161 Dm=0.079 cyc_w=5.00 id_w=0.00 12.06 it/s
step 189750/370000 G=2.036 Dp=0.294 Dm=0.084 cyc_w=5.00 id_w=0.00 12.06 it/s
step 189800/370000 G=1.293 Dp=0.186 Dm=0.093 cyc_w=5.00 id_w=0.00 12.06 it/s
step 189850/370000 G=2.131 Dp=0.102 Dm=0.032 cyc_w=5.00 id_w=0.00 12.06 it/s
step 189900/370000 G=2.004 Dp=0.128 Dm=0.068 cyc_w=5.00 id_w=0.00 12.06 it/s
step 189950/370000 G=1.575 Dp=0.158 Dm=0.091 cyc_w=5.00 id_w=0.00 12.06 it/s
step 190000/370000 G=1.624 Dp=0.227 Dm=0.043 cyc_w=5.00 id_w=0.00 12.06 it/s
step 190050/370000 G=1.822 Dp=0.113 Dm=0.193 cyc_w=5.00 id_w=0.00 12.06 it/s
step 190100/370000 G=1.522 Dp=0.232 Dm=0.099 cyc_w=5.00 id_w=0.00 12.06 it/s
step 190150/370000 G=2.383 Dp=0.098 Dm=0.071 cyc_w=5.00 id_w=0.00 12.06 it/s
step 190200/370000 G=1.542 Dp=0.111 Dm=0.100 cyc_w=5.00 id_w=0.00 12.06 it/s
step 190250/370000 G=1.981 Dp=0.061 Dm=0.071 cyc_w=5.00 id_w=0.00 12.06 it/s
step 190300/370000 G=1.579 Dp=0.253 Dm=0.056 cyc_w=5.00 id_w=0.00 12.06 it/s
step 190350/370000 G=1.990 Dp=0.111 Dm=0.102 cyc_w=5.00 id_w=0.00 12.06 it/s
step 190400/370000 G=1.933 Dp=0.262 Dm=0.058 cyc_w=5.00 id_w=0.00 12.06 it/s
step 190450/370000 G=1.486 Dp=0.040 Dm=0.071 cyc_w=5.00 id_w=0.00 12.06 it/s
step 190500/370000 G=1.456 Dp=0.068 Dm=0.073 cyc_w=5.00 id_w=0.00 12.06 it/s
step 190550/370000 G=1.783 Dp=0.244 Dm=0.065 cyc_w=5.00 id_w=0.00 12.06 it/s
step 190600/370000 G=1.845 Dp=0.135 Dm=0.087 cyc_w=5.00 id_w=0.00 12.06 it/s
step 190650/370000 G=1.913 Dp=0.326 Dm=0.155 cyc_w=5.00 id_w=0.00 12.06 it/s
step 190700/370000 G=1.828 Dp=0.125 Dm=0.171 cyc_w=5.00 id_w=0.00 12.06 it/s
step 190750/370000 G=1.461 Dp=0.192 Dm=0.109 cyc_w=5.00 id_w=0.00 12.06 it/s
step 190800/370000 G=1.691 Dp=0.103 Dm=0.088 cyc_w=5.00 id_w=0.00 12.06 it/s
step 190850/370000 G=1.849 Dp=0.175 Dm=0.067 cyc_w=5.00 id_w=0.00 12.06 it/s
step 190900/370000 G=1.313 Dp=0.142 Dm=0.092 cyc_w=5.00 id_w=0.00 12.06 it/s
step 190950/370000 G=1.743 Dp=0.162 Dm=0.163 cyc_w=5.00 id_w=0.00 12.06 it/s
step 191000/370000 G=1.960 Dp=0.269 Dm=0.050 cyc_w=5.00 id_w=0.00 12.06 it/s
step 191050/370000 G=2.248 Dp=0.092 Dm=0.130 cyc_w=5.00 id_w=0.00 12.06 it/s
step 191100/370000 G=1.751 Dp=0.345 Dm=0.034 cyc_w=5.00 id_w=0.00 12.06 it/s
step 191150/370000 G=2.279 Dp=0.210 Dm=0.244 cyc_w=5.00 id_w=0.00 12.06 it/s
step 191200/370000 G=1.957 Dp=0.444 Dm=0.141 cyc_w=5.00 id_w=0.00 12.06 it/s
step 191250/370000 G=2.069 Dp=0.134 Dm=0.065 cyc_w=5.00 id_w=0.00 12.06 it/s
step 191300/370000 G=1.653 Dp=0.196 Dm=0.050 cyc_w=5.00 id_w=0.00 12.06 it/s
step 191350/370000 G=1.784 Dp=0.173 Dm=0.073 cyc_w=5.00 id_w=0.00 12.06 it/s
step 191400/370000 G=2.053 Dp=0.206 Dm=0.148 cyc_w=5.00 id_w=0.00 12.06 it/s
step 191450/370000 G=1.458 Dp=0.091 Dm=0.145 cyc_w=5.00 id_w=0.00 12.06 it/s
step 191500/370000 G=1.694 Dp=0.173 Dm=0.095 cyc_w=5.00 id_w=0.00 12.06 it/s
step 191550/370000 G=1.579 Dp=0.230 Dm=0.149 cyc_w=5.00 id_w=0.00 12.06 it/s
step 191600/370000 G=2.111 Dp=0.186 Dm=0.160 cyc_w=5.00 id_w=0.00 12.06 it/s
step 191650/370000 G=1.618 Dp=0.140 Dm=0.080 cyc_w=5.00 id_w=0.00 12.06 it/s
step 191700/370000 G=3.027 Dp=0.041 Dm=0.071 cyc_w=5.00 id_w=0.00 12.06 it/s
step 191750/370000 G=1.748 Dp=0.125 Dm=0.102 cyc_w=5.00 id_w=0.00 12.06 it/s
EVAL {"step": 191750, "variant": "ema", "fid_a2b": 97.0628473269369, "fid_b2a": 92.42070499733627, "mifid_a2b": 0.41504505476807124, "mifid_b2a": 0.3948563134421434, "fid": 94.74177616213659, "mifid": 0.4049506841051073, "composite": 47.573363423120846}
EVAL {"step": 191750, "variant": "ema_slow", "fid_a2b": 95.83800227936064, "fid_b2a": 93.64800574289113, "mifid_a2b": 0.41525013993622284, "mifid_b2a": 0.39664318133742976, "fid": 94.74300401112589, "mifid": 0.4059466606368263, "composite": 47.57447533588136}
EVAL {"step": 191750, "variant": "raw", "fid_a2b": 99.11349854616856, "fid_b2a": 98.25509212047909, "mifid_a2b": 0.41474497258792015, "mifid_b2a": 0.39797556419685537, "fid": 98.68429533332383, "mifid": 0.40636026839238776, "composite": 49.54532780085811}
step 191800/370000 G=1.907 Dp=0.144 Dm=0.249 cyc_w=5.00 id_w=0.00 12.01 it/s
step 191850/370000 G=2.014 Dp=0.199 Dm=0.068 cyc_w=5.00 id_w=0.00 12.01 it/s
step 191900/370000 G=1.531 Dp=0.223 Dm=0.049 cyc_w=5.00 id_w=0.00 12.01 it/s
step 191950/370000 G=2.165 Dp=0.107 Dm=0.043 cyc_w=5.00 id_w=0.00 12.01 it/s
step 192000/370000 G=1.863 Dp=0.139 Dm=0.049 cyc_w=5.00 id_w=0.00 12.01 it/s
step 192050/370000 G=2.743 Dp=0.163 Dm=0.027 cyc_w=5.00 id_w=0.00 12.01 it/s
step 192100/370000 G=1.911 Dp=0.186 Dm=0.057 cyc_w=5.00 id_w=0.00 12.01 it/s
step 192150/370000 G=2.305 Dp=0.078 Dm=0.073 cyc_w=5.00 id_w=0.00 12.01 it/s
step 192200/370000 G=1.627 Dp=0.250 Dm=0.235 cyc_w=5.00 id_w=0.00 12.01 it/s
step 192250/370000 G=1.971 Dp=0.230 Dm=0.139 cyc_w=5.00 id_w=0.00 12.01 it/s
step 192300/370000 G=1.864 Dp=0.179 Dm=0.067 cyc_w=5.00 id_w=0.00 12.01 it/s
step 192350/370000 G=1.755 Dp=0.185 Dm=0.122 cyc_w=5.00 id_w=0.00 12.02 it/s
step 192400/370000 G=1.869 Dp=0.142 Dm=0.054 cyc_w=5.00 id_w=0.00 12.02 it/s
step 192450/370000 G=2.188 Dp=0.182 Dm=0.055 cyc_w=5.00 id_w=0.00 12.02 it/s
step 192500/370000 G=2.189 Dp=0.155 Dm=0.083 cyc_w=5.00 id_w=0.00 12.02 it/s
step 192550/370000 G=2.234 Dp=0.062 Dm=0.051 cyc_w=5.00 id_w=0.00 12.02 it/s
step 192600/370000 G=2.649 Dp=0.221 Dm=0.071 cyc_w=5.00 id_w=0.00 12.02 it/s
step 192650/370000 G=1.836 Dp=0.085 Dm=0.164 cyc_w=5.00 id_w=0.00 12.02 it/s
step 192700/370000 G=2.330 Dp=0.136 Dm=0.090 cyc_w=5.00 id_w=0.00 12.02 it/s
step 192750/370000 G=1.895 Dp=0.204 Dm=0.096 cyc_w=5.00 id_w=0.00 12.02 it/s
step 192800/370000 G=1.376 Dp=0.144 Dm=0.092 cyc_w=5.00 id_w=0.00 12.02 it/s
step 192850/370000 G=1.842 Dp=0.218 Dm=0.055 cyc_w=5.00 id_w=0.00 12.02 it/s
step 192900/370000 G=1.604 Dp=0.148 Dm=0.084 cyc_w=5.00 id_w=0.00 12.02 it/s
step 192950/370000 G=2.248 Dp=0.089 Dm=0.135 cyc_w=5.00 id_w=0.00 12.02 it/s
step 193000/370000 G=1.799 Dp=0.136 Dm=0.064 cyc_w=5.00 id_w=0.00 12.02 it/s
step 193050/370000 G=1.476 Dp=0.144 Dm=0.078 cyc_w=5.00 id_w=0.00 12.02 it/s
step 193100/370000 G=1.727 Dp=0.300 Dm=0.139 cyc_w=5.00 id_w=0.00 12.02 it/s
step 193150/370000 G=1.810 Dp=0.132 Dm=0.055 cyc_w=5.00 id_w=0.00 12.02 it/s
step 193200/370000 G=2.211 Dp=0.215 Dm=0.063 cyc_w=5.00 id_w=0.00 12.02 it/s
step 193250/370000 G=2.040 Dp=0.173 Dm=0.044 cyc_w=5.00 id_w=0.00 12.02 it/s
step 193300/370000 G=2.213 Dp=0.213 Dm=0.046 cyc_w=5.00 id_w=0.00 12.02 it/s
step 193350/370000 G=1.704 Dp=0.235 Dm=0.096 cyc_w=5.00 id_w=0.00 12.02 it/s
step 193400/370000 G=1.600 Dp=0.172 Dm=0.301 cyc_w=5.00 id_w=0.00 12.02 it/s
step 193450/370000 G=1.691 Dp=0.210 Dm=0.060 cyc_w=5.00 id_w=0.00 12.02 it/s
step 193500/370000 G=1.986 Dp=0.074 Dm=0.197 cyc_w=5.00 id_w=0.00 12.02 it/s
step 193550/370000 G=2.004 Dp=0.112 Dm=0.210 cyc_w=5.00 id_w=0.00 12.02 it/s
step 193600/370000 G=1.396 Dp=0.176 Dm=0.129 cyc_w=5.00 id_w=0.00 12.02 it/s
step 193650/370000 G=1.987 Dp=0.161 Dm=0.044 cyc_w=5.00 id_w=0.00 12.02 it/s
step 193700/370000 G=2.293 Dp=0.125 Dm=0.078 cyc_w=5.00 id_w=0.00 12.02 it/s
step 193750/370000 G=1.689 Dp=0.181 Dm=0.165 cyc_w=5.00 id_w=0.00 12.02 it/s
step 193800/370000 G=1.742 Dp=0.226 Dm=0.063 cyc_w=5.00 id_w=0.00 12.02 it/s
step 193850/370000 G=1.617 Dp=0.260 Dm=0.123 cyc_w=5.00 id_w=0.00 12.02 it/s
step 193900/370000 G=2.272 Dp=0.113 Dm=0.076 cyc_w=5.00 id_w=0.00 12.02 it/s
step 193950/370000 G=2.401 Dp=0.078 Dm=0.073 cyc_w=5.00 id_w=0.00 12.02 it/s
step 194000/370000 G=1.692 Dp=0.132 Dm=0.144 cyc_w=5.00 id_w=0.00 12.02 it/s
step 194050/370000 G=1.996 Dp=0.094 Dm=0.124 cyc_w=5.00 id_w=0.00 12.02 it/s
step 194100/370000 G=2.418 Dp=0.037 Dm=0.035 cyc_w=5.00 id_w=0.00 12.02 it/s
step 194150/370000 G=1.822 Dp=0.226 Dm=0.035 cyc_w=5.00 id_w=0.00 12.02 it/s
step 194200/370000 G=2.285 Dp=0.167 Dm=0.041 cyc_w=5.00 id_w=0.00 12.02 it/s
step 194250/370000 G=1.254 Dp=0.254 Dm=0.115 cyc_w=5.00 id_w=0.00 12.02 it/s
step 194300/370000 G=3.001 Dp=0.037 Dm=0.095 cyc_w=5.00 id_w=0.00 12.02 it/s
step 194350/370000 G=1.688 Dp=0.106 Dm=0.091 cyc_w=5.00 id_w=0.00 12.02 it/s
step 194400/370000 G=2.414 Dp=0.099 Dm=0.151 cyc_w=5.00 id_w=0.00 12.02 it/s
step 194450/370000 G=1.654 Dp=0.121 Dm=0.061 cyc_w=5.00 id_w=0.00 12.02 it/s
step 194500/370000 G=1.331 Dp=0.323 Dm=0.157 cyc_w=5.00 id_w=0.00 12.02 it/s
step 194550/370000 G=1.865 Dp=0.163 Dm=0.092 cyc_w=5.00 id_w=0.00 12.02 it/s
step 194600/370000 G=1.649 Dp=0.150 Dm=0.150 cyc_w=5.00 id_w=0.00 12.02 it/s
step 194650/370000 G=1.597 Dp=0.347 Dm=0.053 cyc_w=5.00 id_w=0.00 12.02 it/s
step 194700/370000 G=2.223 Dp=0.158 Dm=0.075 cyc_w=5.00 id_w=0.00 12.02 it/s
step 194750/370000 G=1.855 Dp=0.187 Dm=0.086 cyc_w=5.00 id_w=0.00 12.02 it/s
step 194800/370000 G=2.013 Dp=0.203 Dm=0.187 cyc_w=5.00 id_w=0.00 12.02 it/s
step 194850/370000 G=1.773 Dp=0.215 Dm=0.088 cyc_w=5.00 id_w=0.00 12.02 it/s
step 194900/370000 G=1.718 Dp=0.139 Dm=0.081 cyc_w=5.00 id_w=0.00 12.02 it/s
step 194950/370000 G=2.196 Dp=0.143 Dm=0.075 cyc_w=5.00 id_w=0.00 12.02 it/s
step 195000/370000 G=1.622 Dp=0.204 Dm=0.101 cyc_w=5.00 id_w=0.00 12.02 it/s
step 195050/370000 G=1.757 Dp=0.133 Dm=0.078 cyc_w=5.00 id_w=0.00 12.02 it/s
step 195100/370000 G=1.520 Dp=0.184 Dm=0.100 cyc_w=5.00 id_w=0.00 12.02 it/s
step 195150/370000 G=1.622 Dp=0.241 Dm=0.103 cyc_w=5.00 id_w=0.00 12.02 it/s
step 195200/370000 G=1.740 Dp=0.269 Dm=0.061 cyc_w=5.00 id_w=0.00 12.02 it/s
step 195250/370000 G=2.100 Dp=0.126 Dm=0.070 cyc_w=5.00 id_w=0.00 12.03 it/s
step 195300/370000 G=2.805 Dp=0.144 Dm=0.054 cyc_w=5.00 id_w=0.00 12.03 it/s
step 195350/370000 G=2.101 Dp=0.081 Dm=0.106 cyc_w=5.00 id_w=0.00 12.03 it/s
step 195400/370000 G=1.353 Dp=0.163 Dm=0.091 cyc_w=5.00 id_w=0.00 12.03 it/s
step 195450/370000 G=2.174 Dp=0.076 Dm=0.198 cyc_w=5.00 id_w=0.00 12.03 it/s
step 195500/370000 G=1.719 Dp=0.247 Dm=0.038 cyc_w=5.00 id_w=0.00 12.03 it/s
step 195550/370000 G=2.546 Dp=0.131 Dm=0.229 cyc_w=5.00 id_w=0.00 12.03 it/s
step 195600/370000 G=1.729 Dp=0.165 Dm=0.142 cyc_w=5.00 id_w=0.00 12.03 it/s
step 195650/370000 G=2.207 Dp=0.161 Dm=0.080 cyc_w=5.00 id_w=0.00 12.03 it/s
step 195700/370000 G=1.720 Dp=0.136 Dm=0.103 cyc_w=5.00 id_w=0.00 12.03 it/s
step 195750/370000 G=1.714 Dp=0.208 Dm=0.051 cyc_w=5.00 id_w=0.00 12.03 it/s
step 195800/370000 G=2.308 Dp=0.085 Dm=0.076 cyc_w=5.00 id_w=0.00 12.04 it/s
step 195850/370000 G=1.702 Dp=0.096 Dm=0.112 cyc_w=5.00 id_w=0.00 12.04 it/s
step 195900/370000 G=2.451 Dp=0.224 Dm=0.084 cyc_w=5.00 id_w=0.00 12.04 it/s
step 195950/370000 G=1.830 Dp=0.251 Dm=0.042 cyc_w=5.00 id_w=0.00 12.04 it/s
step 196000/370000 G=1.282 Dp=0.178 Dm=0.118 cyc_w=5.00 id_w=0.00 12.04 it/s
step 196050/370000 G=2.273 Dp=0.227 Dm=0.094 cyc_w=5.00 id_w=0.00 12.03 it/s
step 196100/370000 G=1.892 Dp=0.100 Dm=0.057 cyc_w=5.00 id_w=0.00 12.03 it/s
step 196150/370000 G=2.000 Dp=0.090 Dm=0.114 cyc_w=5.00 id_w=0.00 12.04 it/s
step 196200/370000 G=1.796 Dp=0.223 Dm=0.051 cyc_w=5.00 id_w=0.00 12.04 it/s
step 196250/370000 G=1.272 Dp=0.220 Dm=0.044 cyc_w=5.00 id_w=0.00 12.04 it/s
step 196300/370000 G=1.993 Dp=0.165 Dm=0.080 cyc_w=5.00 id_w=0.00 12.04 it/s
step 196350/370000 G=2.524 Dp=0.213 Dm=0.113 cyc_w=5.00 id_w=0.00 12.04 it/s
step 196400/370000 G=1.683 Dp=0.051 Dm=0.057 cyc_w=5.00 id_w=0.00 12.04 it/s
step 196450/370000 G=2.056 Dp=0.092 Dm=0.053 cyc_w=5.00 id_w=0.00 12.04 it/s
step 196500/370000 G=1.303 Dp=0.366 Dm=0.155 cyc_w=5.00 id_w=0.00 12.04 it/s
step 196550/370000 G=1.411 Dp=0.081 Dm=0.184 cyc_w=5.00 id_w=0.00 12.04 it/s
step 196600/370000 G=2.466 Dp=0.145 Dm=0.048 cyc_w=5.00 id_w=0.00 12.04 it/s
step 196650/370000 G=2.317 Dp=0.159 Dm=0.039 cyc_w=5.00 id_w=0.00 12.04 it/s
step 196700/370000 G=2.177 Dp=0.189 Dm=0.198 cyc_w=5.00 id_w=0.00 12.04 it/s
step 196750/370000 G=1.801 Dp=0.158 Dm=0.057 cyc_w=5.00 id_w=0.00 12.04 it/s
step 196800/370000 G=1.655 Dp=0.195 Dm=0.185 cyc_w=5.00 id_w=0.00 12.04 it/s
step 196850/370000 G=2.075 Dp=0.082 Dm=0.072 cyc_w=5.00 id_w=0.00 12.04 it/s
step 196900/370000 G=1.901 Dp=0.101 Dm=0.075 cyc_w=5.00 id_w=0.00 12.04 it/s
step 196950/370000 G=1.392 Dp=0.221 Dm=0.160 cyc_w=5.00 id_w=0.00 12.04 it/s
step 197000/370000 G=2.185 Dp=0.409 Dm=0.062 cyc_w=5.00 id_w=0.00 12.04 it/s
step 197050/370000 G=2.673 Dp=0.203 Dm=0.098 cyc_w=5.00 id_w=0.00 12.04 it/s
step 197100/370000 G=1.554 Dp=0.302 Dm=0.129 cyc_w=5.00 id_w=0.00 12.04 it/s
step 197150/370000 G=2.046 Dp=0.209 Dm=0.058 cyc_w=5.00 id_w=0.00 12.04 it/s
step 197200/370000 G=2.237 Dp=0.131 Dm=0.093 cyc_w=5.00 id_w=0.00 12.04 it/s
step 197250/370000 G=2.193 Dp=0.432 Dm=0.138 cyc_w=5.00 id_w=0.00 12.04 it/s
step 197300/370000 G=1.463 Dp=0.297 Dm=0.040 cyc_w=5.00 id_w=0.00 12.04 it/s
step 197350/370000 G=2.221 Dp=0.261 Dm=0.036 cyc_w=5.00 id_w=0.00 12.04 it/s
step 197400/370000 G=1.827 Dp=0.211 Dm=0.071 cyc_w=5.00 id_w=0.00 12.04 it/s
step 197450/370000 G=2.109 Dp=0.237 Dm=0.072 cyc_w=5.00 id_w=0.00 12.04 it/s
step 197500/370000 G=2.462 Dp=0.207 Dm=0.049 cyc_w=5.00 id_w=0.00 12.04 it/s
step 197550/370000 G=1.960 Dp=0.244 Dm=0.178 cyc_w=5.00 id_w=0.00 12.04 it/s
step 197600/370000 G=2.127 Dp=0.197 Dm=0.070 cyc_w=5.00 id_w=0.00 12.04 it/s
step 197650/370000 G=2.236 Dp=0.072 Dm=0.095 cyc_w=5.00 id_w=0.00 12.04 it/s
step 197700/370000 G=2.274 Dp=0.178 Dm=0.149 cyc_w=5.00 id_w=0.00 12.04 it/s
step 197750/370000 G=1.448 Dp=0.139 Dm=0.099 cyc_w=5.00 id_w=0.00 12.04 it/s
step 197800/370000 G=2.102 Dp=0.162 Dm=0.087 cyc_w=5.00 id_w=0.00 12.04 it/s
step 197850/370000 G=1.628 Dp=0.123 Dm=0.126 cyc_w=5.00 id_w=0.00 12.04 it/s
step 197900/370000 G=1.677 Dp=0.234 Dm=0.089 cyc_w=5.00 id_w=0.00 12.04 it/s
step 197950/370000 G=1.248 Dp=0.057 Dm=0.107 cyc_w=5.00 id_w=0.00 12.04 it/s
step 198000/370000 G=2.721 Dp=0.087 Dm=0.073 cyc_w=5.00 id_w=0.00 12.04 it/s
step 198050/370000 G=1.958 Dp=0.107 Dm=0.056 cyc_w=5.00 id_w=0.00 12.04 it/s
step 198100/370000 G=2.007 Dp=0.169 Dm=0.090 cyc_w=5.00 id_w=0.00 12.04 it/s
step 198150/370000 G=1.577 Dp=0.219 Dm=0.085 cyc_w=5.00 id_w=0.00 12.04 it/s
step 198200/370000 G=1.663 Dp=0.217 Dm=0.076 cyc_w=5.00 id_w=0.00 12.04 it/s
step 198250/370000 G=2.581 Dp=0.141 Dm=0.085 cyc_w=5.00 id_w=0.00 12.04 it/s
step 198300/370000 G=1.554 Dp=0.147 Dm=0.059 cyc_w=5.00 id_w=0.00 12.04 it/s
step 198350/370000 G=1.457 Dp=0.108 Dm=0.068 cyc_w=5.00 id_w=0.00 12.04 it/s
step 198400/370000 G=1.680 Dp=0.352 Dm=0.069 cyc_w=5.00 id_w=0.00 12.04 it/s
step 198450/370000 G=1.841 Dp=0.142 Dm=0.071 cyc_w=5.00 id_w=0.00 12.04 it/s
step 198500/370000 G=1.374 Dp=0.107 Dm=0.135 cyc_w=5.00 id_w=0.00 12.04 it/s
step 198550/370000 G=2.913 Dp=0.080 Dm=0.133 cyc_w=5.00 id_w=0.00 12.04 it/s
step 198600/370000 G=1.718 Dp=0.153 Dm=0.111 cyc_w=5.00 id_w=0.00 12.04 it/s
step 198650/370000 G=1.608 Dp=0.191 Dm=0.066 cyc_w=5.00 id_w=0.00 12.04 it/s
step 198700/370000 G=1.522 Dp=0.212 Dm=0.049 cyc_w=5.00 id_w=0.00 12.04 it/s
step 198750/370000 G=1.606 Dp=0.163 Dm=0.089 cyc_w=5.00 id_w=0.00 12.04 it/s
step 198800/370000 G=1.919 Dp=0.187 Dm=0.109 cyc_w=5.00 id_w=0.00 12.04 it/s
step 198850/370000 G=1.799 Dp=0.230 Dm=0.064 cyc_w=5.00 id_w=0.00 12.04 it/s
step 198900/370000 G=1.506 Dp=0.146 Dm=0.053 cyc_w=5.00 id_w=0.00 12.04 it/s
step 198950/370000 G=1.339 Dp=0.203 Dm=0.154 cyc_w=5.00 id_w=0.00 12.04 it/s
step 199000/370000 G=2.191 Dp=0.180 Dm=0.077 cyc_w=5.00 id_w=0.00 12.04 it/s
step 199050/370000 G=2.090 Dp=0.215 Dm=0.040 cyc_w=5.00 id_w=0.00 12.04 it/s
step 199100/370000 G=2.056 Dp=0.209 Dm=0.118 cyc_w=5.00 id_w=0.00 12.04 it/s
step 199150/370000 G=1.609 Dp=0.116 Dm=0.101 cyc_w=5.00 id_w=0.00 12.04 it/s
step 199200/370000 G=2.698 Dp=0.080 Dm=0.057 cyc_w=5.00 id_w=0.00 12.04 it/s
step 199250/370000 G=1.754 Dp=0.206 Dm=0.103 cyc_w=5.00 id_w=0.00 12.04 it/s
step 199300/370000 G=1.599 Dp=0.125 Dm=0.230 cyc_w=5.00 id_w=0.00 12.04 it/s
step 199350/370000 G=1.814 Dp=0.188 Dm=0.127 cyc_w=5.00 id_w=0.00 12.04 it/s
step 199400/370000 G=1.850 Dp=0.198 Dm=0.050 cyc_w=5.00 id_w=0.00 12.04 it/s
step 199450/370000 G=1.888 Dp=0.218 Dm=0.074 cyc_w=5.00 id_w=0.00 12.04 it/s
step 199500/370000 G=2.539 Dp=0.215 Dm=0.066 cyc_w=5.00 id_w=0.00 12.04 it/s
step 199550/370000 G=1.860 Dp=0.207 Dm=0.053 cyc_w=5.00 id_w=0.00 12.04 it/s
step 199600/370000 G=1.533 Dp=0.262 Dm=0.054 cyc_w=5.00 id_w=0.00 12.04 it/s
step 199650/370000 G=2.248 Dp=0.100 Dm=0.066 cyc_w=5.00 id_w=0.00 12.04 it/s
step 199700/370000 G=2.259 Dp=0.207 Dm=0.122 cyc_w=5.00 id_w=0.00 12.04 it/s
step 199750/370000 G=1.382 Dp=0.072 Dm=0.137 cyc_w=5.00 id_w=0.00 12.04 it/s
step 199800/370000 G=1.623 Dp=0.411 Dm=0.134 cyc_w=5.00 id_w=0.00 12.04 it/s
step 199850/370000 G=1.683 Dp=0.168 Dm=0.032 cyc_w=5.00 id_w=0.00 12.04 it/s
step 199900/370000 G=2.379 Dp=0.196 Dm=0.089 cyc_w=5.00 id_w=0.00 12.04 it/s
step 199950/370000 G=1.689 Dp=0.138 Dm=0.045 cyc_w=5.00 id_w=0.00 12.04 it/s
step 200000/370000 G=1.960 Dp=0.256 Dm=0.070 cyc_w=5.00 id_w=0.00 12.04 it/s
step 200050/370000 G=1.534 Dp=0.173 Dm=0.103 cyc_w=5.00 id_w=0.00 12.04 it/s
step 200100/370000 G=2.494 Dp=0.316 Dm=0.111 cyc_w=5.00 id_w=0.00 12.04 it/s
step 200150/370000 G=2.637 Dp=0.336 Dm=0.164 cyc_w=5.00 id_w=0.00 12.04 it/s
step 200200/370000 G=1.559 Dp=0.108 Dm=0.079 cyc_w=5.00 id_w=0.00 12.04 it/s
step 200250/370000 G=1.506 Dp=0.068 Dm=0.140 cyc_w=5.00 id_w=0.00 12.04 it/s
step 200300/370000 G=1.744 Dp=0.176 Dm=0.097 cyc_w=5.00 id_w=0.00 12.04 it/s
step 200350/370000 G=1.924 Dp=0.152 Dm=0.087 cyc_w=5.00 id_w=0.00 12.04 it/s
step 200400/370000 G=1.542 Dp=0.174 Dm=0.050 cyc_w=5.00 id_w=0.00 12.04 it/s
step 200450/370000 G=1.338 Dp=0.338 Dm=0.079 cyc_w=5.00 id_w=0.00 12.04 it/s
step 200500/370000 G=1.707 Dp=0.179 Dm=0.143 cyc_w=5.00 id_w=0.00 12.04 it/s
step 200550/370000 G=2.457 Dp=0.134 Dm=0.036 cyc_w=5.00 id_w=0.00 12.04 it/s
step 200600/370000 G=1.708 Dp=0.207 Dm=0.068 cyc_w=5.00 id_w=0.00 12.04 it/s
step 200650/370000 G=1.840 Dp=0.177 Dm=0.069 cyc_w=5.00 id_w=0.00 12.05 it/s
step 200700/370000 G=1.899 Dp=0.097 Dm=0.101 cyc_w=5.00 id_w=0.00 12.05 it/s
step 200750/370000 G=2.505 Dp=0.173 Dm=0.046 cyc_w=5.00 id_w=0.00 12.05 it/s
step 200800/370000 G=1.980 Dp=0.142 Dm=0.117 cyc_w=5.00 id_w=0.00 12.05 it/s
step 200850/370000 G=2.098 Dp=0.144 Dm=0.127 cyc_w=5.00 id_w=0.00 12.05 it/s
step 200900/370000 G=2.007 Dp=0.092 Dm=0.082 cyc_w=5.00 id_w=0.00 12.05 it/s
step 200950/370000 G=1.341 Dp=0.258 Dm=0.074 cyc_w=5.00 id_w=0.00 12.05 it/s
step 201000/370000 G=2.060 Dp=0.248 Dm=0.096 cyc_w=5.00 id_w=0.00 12.05 it/s
step 201050/370000 G=2.166 Dp=0.126 Dm=0.104 cyc_w=5.00 id_w=0.00 12.05 it/s
step 201100/370000 G=1.548 Dp=0.390 Dm=0.090 cyc_w=5.00 id_w=0.00 12.05 it/s
step 201150/370000 G=1.654 Dp=0.090 Dm=0.107 cyc_w=5.00 id_w=0.00 12.05 it/s
step 201200/370000 G=2.245 Dp=0.229 Dm=0.087 cyc_w=5.00 id_w=0.00 12.05 it/s
step 201250/370000 G=1.878 Dp=0.340 Dm=0.142 cyc_w=5.00 id_w=0.00 12.05 it/s
step 201300/370000 G=1.906 Dp=0.209 Dm=0.071 cyc_w=5.00 id_w=0.00 12.05 it/s
step 201350/370000 G=1.649 Dp=0.157 Dm=0.088 cyc_w=5.00 id_w=0.00 12.05 it/s
step 201400/370000 G=2.384 Dp=0.072 Dm=0.075 cyc_w=5.00 id_w=0.00 12.05 it/s
step 201450/370000 G=2.111 Dp=0.192 Dm=0.152 cyc_w=5.00 id_w=0.00 12.05 it/s
step 201500/370000 G=1.716 Dp=0.159 Dm=0.178 cyc_w=5.00 id_w=0.00 12.05 it/s
step 201550/370000 G=1.477 Dp=0.110 Dm=0.115 cyc_w=5.00 id_w=0.00 12.05 it/s
step 201600/370000 G=2.268 Dp=0.132 Dm=0.160 cyc_w=5.00 id_w=0.00 12.05 it/s
step 201650/370000 G=2.462 Dp=0.112 Dm=0.041 cyc_w=5.00 id_w=0.00 12.05 it/s
step 201700/370000 G=1.658 Dp=0.342 Dm=0.068 cyc_w=5.00 id_w=0.00 12.05 it/s
step 201750/370000 G=1.767 Dp=0.204 Dm=0.071 cyc_w=5.00 id_w=0.00 12.05 it/s
step 201800/370000 G=1.678 Dp=0.179 Dm=0.168 cyc_w=5.00 id_w=0.00 12.05 it/s
step 201850/370000 G=1.459 Dp=0.289 Dm=0.056 cyc_w=5.00 id_w=0.00 12.05 it/s
step 201900/370000 G=1.608 Dp=0.126 Dm=0.101 cyc_w=5.00 id_w=0.00 12.05 it/s
step 201950/370000 G=1.792 Dp=0.165 Dm=0.045 cyc_w=5.00 id_w=0.00 12.05 it/s
step 202000/370000 G=2.157 Dp=0.169 Dm=0.143 cyc_w=5.00 id_w=0.00 12.05 it/s
step 202050/370000 G=1.397 Dp=0.170 Dm=0.091 cyc_w=5.00 id_w=0.00 12.05 it/s
step 202100/370000 G=2.584 Dp=0.047 Dm=0.060 cyc_w=5.00 id_w=0.00 12.05 it/s
step 202150/370000 G=1.972 Dp=0.190 Dm=0.081 cyc_w=5.00 id_w=0.00 12.05 it/s
step 202200/370000 G=1.934 Dp=0.172 Dm=0.097 cyc_w=5.00 id_w=0.00 12.05 it/s
step 202250/370000 G=1.535 Dp=0.082 Dm=0.180 cyc_w=5.00 id_w=0.00 12.05 it/s
step 202300/370000 G=1.809 Dp=0.249 Dm=0.094 cyc_w=5.00 id_w=0.00 12.05 it/s
step 202350/370000 G=1.834 Dp=0.286 Dm=0.083 cyc_w=5.00 id_w=0.00 12.05 it/s
step 202400/370000 G=1.843 Dp=0.213 Dm=0.110 cyc_w=5.00 id_w=0.00 12.05 it/s
step 202450/370000 G=1.948 Dp=0.176 Dm=0.078 cyc_w=5.00 id_w=0.00 12.05 it/s
step 202500/370000 G=1.683 Dp=0.350 Dm=0.194 cyc_w=5.00 id_w=0.00 12.06 it/s
step 202550/370000 G=1.416 Dp=0.113 Dm=0.106 cyc_w=5.00 id_w=0.00 12.06 it/s
step 202600/370000 G=2.286 Dp=0.083 Dm=0.115 cyc_w=5.00 id_w=0.00 12.06 it/s
step 202650/370000 G=2.136 Dp=0.096 Dm=0.137 cyc_w=5.00 id_w=0.00 12.06 it/s
step 202700/370000 G=1.476 Dp=0.255 Dm=0.092 cyc_w=5.00 id_w=0.00 12.06 it/s
step 202750/370000 G=1.536 Dp=0.157 Dm=0.091 cyc_w=5.00 id_w=0.00 12.06 it/s
step 202800/370000 G=2.135 Dp=0.250 Dm=0.155 cyc_w=5.00 id_w=0.00 12.06 it/s
step 202850/370000 G=2.388 Dp=0.151 Dm=0.121 cyc_w=5.00 id_w=0.00 12.06 it/s
step 202900/370000 G=2.333 Dp=0.201 Dm=0.097 cyc_w=5.00 id_w=0.00 12.06 it/s
step 202950/370000 G=1.661 Dp=0.153 Dm=0.063 cyc_w=5.00 id_w=0.00 12.06 it/s
step 203000/370000 G=1.570 Dp=0.175 Dm=0.076 cyc_w=5.00 id_w=0.00 12.06 it/s
step 203050/370000 G=1.964 Dp=0.216 Dm=0.104 cyc_w=5.00 id_w=0.00 12.06 it/s
step 203100/370000 G=2.686 Dp=0.085 Dm=0.039 cyc_w=5.00 id_w=0.00 12.06 it/s
step 203150/370000 G=1.486 Dp=0.085 Dm=0.125 cyc_w=5.00 id_w=0.00 12.06 it/s
step 203200/370000 G=1.755 Dp=0.143 Dm=0.190 cyc_w=5.00 id_w=0.00 12.06 it/s
step 203250/370000 G=1.766 Dp=0.204 Dm=0.228 cyc_w=5.00 id_w=0.00 12.06 it/s
step 203300/370000 G=2.071 Dp=0.060 Dm=0.145 cyc_w=5.00 id_w=0.00 12.06 it/s
step 203350/370000 G=2.218 Dp=0.104 Dm=0.080 cyc_w=5.00 id_w=0.00 12.06 it/s
step 203400/370000 G=1.534 Dp=0.239 Dm=0.168 cyc_w=5.00 id_w=0.00 12.06 it/s
step 203450/370000 G=1.989 Dp=0.111 Dm=0.088 cyc_w=5.00 id_w=0.00 12.06 it/s
step 203500/370000 G=1.759 Dp=0.301 Dm=0.084 cyc_w=5.00 id_w=0.00 12.06 it/s
step 203550/370000 G=2.330 Dp=0.111 Dm=0.218 cyc_w=5.00 id_w=0.00 12.06 it/s
step 203600/370000 G=1.942 Dp=0.099 Dm=0.062 cyc_w=5.00 id_w=0.00 12.06 it/s
step 203650/370000 G=2.051 Dp=0.255 Dm=0.047 cyc_w=5.00 id_w=0.00 12.06 it/s
step 203700/370000 G=2.613 Dp=0.114 Dm=0.315 cyc_w=5.00 id_w=0.00 12.06 it/s
step 203750/370000 G=1.837 Dp=0.069 Dm=0.084 cyc_w=5.00 id_w=0.00 12.06 it/s
step 203800/370000 G=1.352 Dp=0.262 Dm=0.082 cyc_w=5.00 id_w=0.00 12.06 it/s
step 203850/370000 G=2.732 Dp=0.142 Dm=0.146 cyc_w=5.00 id_w=0.00 12.06 it/s
step 203900/370000 G=1.796 Dp=0.186 Dm=0.186 cyc_w=5.00 id_w=0.00 12.06 it/s
step 203950/370000 G=1.738 Dp=0.452 Dm=0.081 cyc_w=5.00 id_w=0.00 12.06 it/s
step 204000/370000 G=1.644 Dp=0.332 Dm=0.159 cyc_w=5.00 id_w=0.00 12.06 it/s
step 204050/370000 G=1.995 Dp=0.274 Dm=0.050 cyc_w=5.00 id_w=0.00 12.06 it/s
step 204100/370000 G=1.683 Dp=0.240 Dm=0.109 cyc_w=5.00 id_w=0.00 12.06 it/s
step 204150/370000 G=1.352 Dp=0.181 Dm=0.094 cyc_w=5.00 id_w=0.00 12.06 it/s
step 204200/370000 G=1.878 Dp=0.078 Dm=0.070 cyc_w=5.00 id_w=0.00 12.06 it/s
step 204250/370000 G=1.529 Dp=0.181 Dm=0.058 cyc_w=5.00 id_w=0.00 12.06 it/s
step 204300/370000 G=1.806 Dp=0.074 Dm=0.071 cyc_w=5.00 id_w=0.00 12.06 it/s
step 204350/370000 G=2.736 Dp=0.102 Dm=0.038 cyc_w=5.00 id_w=0.00 12.06 it/s
step 204400/370000 G=2.144 Dp=0.198 Dm=0.127 cyc_w=5.00 id_w=0.00 12.06 it/s
step 204450/370000 G=1.448 Dp=0.252 Dm=0.209 cyc_w=5.00 id_w=0.00 12.06 it/s
step 204500/370000 G=2.190 Dp=0.164 Dm=0.143 cyc_w=5.00 id_w=0.00 12.06 it/s
step 204550/370000 G=2.618 Dp=0.263 Dm=0.109 cyc_w=5.00 id_w=0.00 12.06 it/s
step 204600/370000 G=1.744 Dp=0.159 Dm=0.050 cyc_w=5.00 id_w=0.00 12.06 it/s
step 204650/370000 G=2.320 Dp=0.068 Dm=0.114 cyc_w=5.00 id_w=0.00 12.06 it/s
step 204700/370000 G=1.920 Dp=0.153 Dm=0.054 cyc_w=5.00 id_w=0.00 12.06 it/s
step 204750/370000 G=1.709 Dp=0.117 Dm=0.065 cyc_w=5.00 id_w=0.00 12.06 it/s
step 204800/370000 G=1.645 Dp=0.211 Dm=0.087 cyc_w=5.00 id_w=0.00 12.06 it/s
step 204850/370000 G=1.542 Dp=0.198 Dm=0.057 cyc_w=5.00 id_w=0.00 12.06 it/s
step 204900/370000 G=1.638 Dp=0.195 Dm=0.051 cyc_w=5.00 id_w=0.00 12.06 it/s
step 204950/370000 G=1.357 Dp=0.110 Dm=0.065 cyc_w=5.00 id_w=0.00 12.06 it/s
step 205000/370000 G=2.133 Dp=0.103 Dm=0.035 cyc_w=5.00 id_w=0.00 12.06 it/s
step 205050/370000 G=2.128 Dp=0.201 Dm=0.044 cyc_w=5.00 id_w=0.00 12.06 it/s
step 205100/370000 G=1.979 Dp=0.117 Dm=0.040 cyc_w=5.00 id_w=0.00 12.06 it/s
step 205150/370000 G=2.243 Dp=0.170 Dm=0.064 cyc_w=5.00 id_w=0.00 12.06 it/s
step 205200/370000 G=1.807 Dp=0.154 Dm=0.066 cyc_w=5.00 id_w=0.00 12.06 it/s
step 205250/370000 G=2.015 Dp=0.211 Dm=0.030 cyc_w=5.00 id_w=0.00 12.06 it/s
step 205300/370000 G=1.713 Dp=0.074 Dm=0.064 cyc_w=5.00 id_w=0.00 12.06 it/s
step 205350/370000 G=1.139 Dp=0.188 Dm=0.209 cyc_w=5.00 id_w=0.00 12.06 it/s
step 205400/370000 G=1.968 Dp=0.193 Dm=0.057 cyc_w=5.00 id_w=0.00 12.06 it/s
step 205450/370000 G=1.906 Dp=0.233 Dm=0.076 cyc_w=5.00 id_w=0.00 12.06 it/s
step 205500/370000 G=1.488 Dp=0.181 Dm=0.108 cyc_w=5.00 id_w=0.00 12.06 it/s
step 205550/370000 G=1.926 Dp=0.124 Dm=0.088 cyc_w=5.00 id_w=0.00 12.06 it/s
step 205600/370000 G=2.105 Dp=0.184 Dm=0.089 cyc_w=5.00 id_w=0.00 12.06 it/s
step 205650/370000 G=1.608 Dp=0.270 Dm=0.098 cyc_w=5.00 id_w=0.00 12.06 it/s
step 205700/370000 G=1.691 Dp=0.233 Dm=0.077 cyc_w=5.00 id_w=0.00 12.06 it/s
step 205750/370000 G=2.554 Dp=0.100 Dm=0.054 cyc_w=5.00 id_w=0.00 12.06 it/s
step 205800/370000 G=1.732 Dp=0.108 Dm=0.053 cyc_w=5.00 id_w=0.00 12.06 it/s
step 205850/370000 G=1.625 Dp=0.087 Dm=0.126 cyc_w=5.00 id_w=0.00 12.06 it/s
step 205900/370000 G=1.929 Dp=0.093 Dm=0.096 cyc_w=5.00 id_w=0.00 12.06 it/s
step 205950/370000 G=1.706 Dp=0.072 Dm=0.171 cyc_w=5.00 id_w=0.00 12.06 it/s
step 206000/370000 G=1.980 Dp=0.074 Dm=0.061 cyc_w=5.00 id_w=0.00 12.06 it/s
step 206050/370000 G=2.709 Dp=0.157 Dm=0.071 cyc_w=5.00 id_w=0.00 12.06 it/s
step 206100/370000 G=2.132 Dp=0.229 Dm=0.080 cyc_w=5.00 id_w=0.00 12.06 it/s
step 206150/370000 G=1.744 Dp=0.143 Dm=0.099 cyc_w=5.00 id_w=0.00 12.06 it/s
step 206200/370000 G=1.670 Dp=0.244 Dm=0.141 cyc_w=5.00 id_w=0.00 12.06 it/s
step 206250/370000 G=1.808 Dp=0.116 Dm=0.109 cyc_w=5.00 id_w=0.00 12.06 it/s
step 206300/370000 G=2.521 Dp=0.142 Dm=0.093 cyc_w=5.00 id_w=0.00 12.06 it/s
step 206350/370000 G=2.038 Dp=0.221 Dm=0.064 cyc_w=5.00 id_w=0.00 12.06 it/s
step 206400/370000 G=2.206 Dp=0.204 Dm=0.042 cyc_w=5.00 id_w=0.00 12.06 it/s
step 206450/370000 G=2.180 Dp=0.218 Dm=0.060 cyc_w=5.00 id_w=0.00 12.06 it/s
step 206500/370000 G=1.836 Dp=0.159 Dm=0.150 cyc_w=5.00 id_w=0.00 12.06 it/s
EVAL {"step": 206500, "variant": "ema", "fid_a2b": 95.40659702176112, "fid_b2a": 94.61903408374256, "mifid_a2b": 0.4146842148340298, "mifid_b2a": 0.39492477155734745, "fid": 95.01281555275185, "mifid": 0.4048044931956886, "composite": 47.708810022973765}
EVAL {"step": 206500, "variant": "ema_slow", "fid_a2b": 95.41038543586363, "fid_b2a": 93.99379416115038, "mifid_a2b": 0.41504599847568274, "mifid_b2a": 0.3949718423682939, "fid": 94.702089798507, "mifid": 0.4050089204219883, "composite": 47.5535493594645}
EVAL {"step": 206500, "variant": "raw", "fid_a2b": 98.53111188596958, "fid_b2a": 97.77666319888495, "mifid_a2b": 0.41819499739174204, "mifid_b2a": 0.39613746675703015, "fid": 98.15388754242727, "mifid": 0.40716623207438607, "composite": 49.28052688725083}
step 206550/370000 G=1.892 Dp=0.166 Dm=0.182 cyc_w=5.00 id_w=0.00 12.02 it/s
step 206600/370000 G=1.739 Dp=0.236 Dm=0.073 cyc_w=5.00 id_w=0.00 12.02 it/s
step 206650/370000 G=1.777 Dp=0.572 Dm=0.254 cyc_w=5.00 id_w=0.00 12.02 it/s
step 206700/370000 G=1.943 Dp=0.179 Dm=0.082 cyc_w=5.00 id_w=0.00 12.02 it/s
step 206750/370000 G=2.008 Dp=0.039 Dm=0.093 cyc_w=5.00 id_w=0.00 12.02 it/s
step 206800/370000 G=1.224 Dp=0.150 Dm=0.039 cyc_w=5.00 id_w=0.00 12.02 it/s
step 206850/370000 G=2.213 Dp=0.248 Dm=0.035 cyc_w=5.00 id_w=0.00 12.02 it/s
step 206900/370000 G=1.880 Dp=0.100 Dm=0.073 cyc_w=5.00 id_w=0.00 12.02 it/s
step 206950/370000 G=1.560 Dp=0.278 Dm=0.086 cyc_w=5.00 id_w=0.00 12.02 it/s
step 207000/370000 G=2.161 Dp=0.201 Dm=0.072 cyc_w=5.00 id_w=0.00 12.02 it/s
step 207050/370000 G=2.280 Dp=0.348 Dm=0.039 cyc_w=5.00 id_w=0.00 12.02 it/s
step 207100/370000 G=1.490 Dp=0.246 Dm=0.036 cyc_w=5.00 id_w=0.00 12.02 it/s
step 207150/370000 G=1.870 Dp=0.155 Dm=0.048 cyc_w=5.00 id_w=0.00 12.02 it/s
step 207200/370000 G=1.931 Dp=0.256 Dm=0.048 cyc_w=5.00 id_w=0.00 12.02 it/s
step 207250/370000 G=1.952 Dp=0.117 Dm=0.121 cyc_w=5.00 id_w=0.00 12.02 it/s
step 207300/370000 G=1.956 Dp=0.109 Dm=0.248 cyc_w=5.00 id_w=0.00 12.02 it/s
step 207350/370000 G=2.290 Dp=0.154 Dm=0.053 cyc_w=5.00 id_w=0.00 12.02 it/s
step 207400/370000 G=1.642 Dp=0.097 Dm=0.074 cyc_w=5.00 id_w=0.00 12.02 it/s
step 207450/370000 G=1.861 Dp=0.178 Dm=0.044 cyc_w=5.00 id_w=0.00 12.02 it/s
step 207500/370000 G=1.625 Dp=0.076 Dm=0.054 cyc_w=5.00 id_w=0.00 12.02 it/s
step 207550/370000 G=1.754 Dp=0.116 Dm=0.041 cyc_w=5.00 id_w=0.00 12.02 it/s
step 207600/370000 G=1.448 Dp=0.093 Dm=0.056 cyc_w=5.00 id_w=0.00 12.02 it/s
step 207650/370000 G=1.781 Dp=0.270 Dm=0.231 cyc_w=5.00 id_w=0.00 12.02 it/s
step 207700/370000 G=1.845 Dp=0.156 Dm=0.078 cyc_w=5.00 id_w=0.00 12.02 it/s
step 207750/370000 G=3.214 Dp=0.103 Dm=0.069 cyc_w=5.00 id_w=0.00 12.02 it/s
step 207800/370000 G=1.798 Dp=0.126 Dm=0.133 cyc_w=5.00 id_w=0.00 12.02 it/s
step 207850/370000 G=1.685 Dp=0.217 Dm=0.083 cyc_w=5.00 id_w=0.00 12.02 it/s
step 207900/370000 G=1.595 Dp=0.215 Dm=0.053 cyc_w=5.00 id_w=0.00 12.02 it/s
step 207950/370000 G=1.466 Dp=0.154 Dm=0.094 cyc_w=5.00 id_w=0.00 12.02 it/s
step 208000/370000 G=1.720 Dp=0.124 Dm=0.111 cyc_w=5.00 id_w=0.00 12.02 it/s
step 208050/370000 G=2.325 Dp=0.081 Dm=0.096 cyc_w=5.00 id_w=0.00 12.02 it/s
step 208100/370000 G=1.560 Dp=0.171 Dm=0.063 cyc_w=5.00 id_w=0.00 12.02 it/s
step 208150/370000 G=2.495 Dp=0.176 Dm=0.202 cyc_w=5.00 id_w=0.00 12.02 it/s
step 208200/370000 G=1.870 Dp=0.304 Dm=0.107 cyc_w=5.00 id_w=0.00 12.02 it/s
step 208250/370000 G=1.983 Dp=0.100 Dm=0.141 cyc_w=5.00 id_w=0.00 12.02 it/s
step 208300/370000 G=1.788 Dp=0.161 Dm=0.101 cyc_w=5.00 id_w=0.00 12.02 it/s
step 208350/370000 G=1.465 Dp=0.201 Dm=0.109 cyc_w=5.00 id_w=0.00 12.02 it/s
step 208400/370000 G=1.529 Dp=0.169 Dm=0.053 cyc_w=5.00 id_w=0.00 12.02 it/s
step 208450/370000 G=2.616 Dp=0.097 Dm=0.075 cyc_w=5.00 id_w=0.00 12.02 it/s
step 208500/370000 G=1.367 Dp=0.273 Dm=0.046 cyc_w=5.00 id_w=0.00 12.02 it/s
step 208550/370000 G=2.084 Dp=0.132 Dm=0.055 cyc_w=5.00 id_w=0.00 12.02 it/s
step 208600/370000 G=1.814 Dp=0.310 Dm=0.249 cyc_w=5.00 id_w=0.00 12.02 it/s
step 208650/370000 G=1.799 Dp=0.082 Dm=0.066 cyc_w=5.00 id_w=0.00 12.02 it/s
step 208700/370000 G=2.597 Dp=0.174 Dm=0.210 cyc_w=5.00 id_w=0.00 12.02 it/s
step 208750/370000 G=2.172 Dp=0.052 Dm=0.114 cyc_w=5.00 id_w=0.00 12.02 it/s
step 208800/370000 G=2.230 Dp=0.119 Dm=0.207 cyc_w=5.00 id_w=0.00 12.02 it/s
step 208850/370000 G=2.030 Dp=0.259 Dm=0.061 cyc_w=5.00 id_w=0.00 12.02 it/s
step 208900/370000 G=1.328 Dp=0.146 Dm=0.142 cyc_w=5.00 id_w=0.00 12.02 it/s
step 208950/370000 G=1.833 Dp=0.070 Dm=0.081 cyc_w=5.00 id_w=0.00 12.02 it/s
step 209000/370000 G=1.619 Dp=0.209 Dm=0.077 cyc_w=5.00 id_w=0.00 12.02 it/s
step 209050/370000 G=1.421 Dp=0.172 Dm=0.106 cyc_w=5.00 id_w=0.00 12.02 it/s
step 209100/370000 G=1.589 Dp=0.261 Dm=0.078 cyc_w=5.00 id_w=0.00 12.02 it/s
step 209150/370000 G=1.579 Dp=0.275 Dm=0.077 cyc_w=5.00 id_w=0.00 12.03 it/s
step 209200/370000 G=1.944 Dp=0.097 Dm=0.072 cyc_w=5.00 id_w=0.00 12.03 it/s
step 209250/370000 G=1.767 Dp=0.209 Dm=0.084 cyc_w=5.00 id_w=0.00 12.03 it/s
step 209300/370000 G=1.351 Dp=0.281 Dm=0.231 cyc_w=5.00 id_w=0.00 12.03 it/s
step 209350/370000 G=1.635 Dp=0.214 Dm=0.084 cyc_w=5.00 id_w=0.00 12.03 it/s
step 209400/370000 G=1.718 Dp=0.232 Dm=0.093 cyc_w=5.00 id_w=0.00 12.03 it/s
step 209450/370000 G=2.171 Dp=0.113 Dm=0.105 cyc_w=5.00 id_w=0.00 12.03 it/s
step 209500/370000 G=1.618 Dp=0.236 Dm=0.054 cyc_w=5.00 id_w=0.00 12.03 it/s
step 209550/370000 G=2.445 Dp=0.117 Dm=0.045 cyc_w=5.00 id_w=0.00 12.03 it/s
step 209600/370000 G=1.812 Dp=0.188 Dm=0.095 cyc_w=5.00 id_w=0.00 12.03 it/s
step 209650/370000 G=2.324 Dp=0.101 Dm=0.183 cyc_w=5.00 id_w=0.00 12.03 it/s
step 209700/370000 G=2.223 Dp=0.142 Dm=0.043 cyc_w=5.00 id_w=0.00 12.03 it/s
step 209750/370000 G=1.808 Dp=0.077 Dm=0.128 cyc_w=5.00 id_w=0.00 12.03 it/s
step 209800/370000 G=1.600 Dp=0.332 Dm=0.127 cyc_w=5.00 id_w=0.00 12.03 it/s
step 209850/370000 G=1.886 Dp=0.061 Dm=0.076 cyc_w=5.00 id_w=0.00 12.03 it/s
step 209900/370000 G=2.052 Dp=0.179 Dm=0.132 cyc_w=5.00 id_w=0.00 12.03 it/s
step 209950/370000 G=1.913 Dp=0.135 Dm=0.150 cyc_w=5.00 id_w=0.00 12.03 it/s
step 210000/370000 G=2.261 Dp=0.099 Dm=0.046 cyc_w=5.00 id_w=0.00 12.03 it/s
step 210050/370000 G=2.089 Dp=0.122 Dm=0.169 cyc_w=5.00 id_w=0.00 12.03 it/s
step 210100/370000 G=1.797 Dp=0.107 Dm=0.070 cyc_w=5.00 id_w=0.00 12.03 it/s
step 210150/370000 G=2.859 Dp=0.119 Dm=0.042 cyc_w=5.00 id_w=0.00 12.03 it/s
step 210200/370000 G=2.234 Dp=0.123 Dm=0.141 cyc_w=5.00 id_w=0.00 12.03 it/s
step 210250/370000 G=1.151 Dp=0.246 Dm=0.140 cyc_w=5.00 id_w=0.00 12.03 it/s
step 210300/370000 G=1.567 Dp=0.120 Dm=0.094 cyc_w=5.00 id_w=0.00 12.03 it/s
step 210350/370000 G=1.947 Dp=0.183 Dm=0.054 cyc_w=5.00 id_w=0.00 12.03 it/s
step 210400/370000 G=1.751 Dp=0.281 Dm=0.048 cyc_w=5.00 id_w=0.00 12.03 it/s
step 210450/370000 G=1.915 Dp=0.163 Dm=0.051 cyc_w=5.00 id_w=0.00 12.03 it/s
step 210500/370000 G=2.240 Dp=0.120 Dm=0.049 cyc_w=5.00 id_w=0.00 12.03 it/s
step 210550/370000 G=1.537 Dp=0.318 Dm=0.088 cyc_w=5.00 id_w=0.00 12.03 it/s
step 210600/370000 G=1.834 Dp=0.241 Dm=0.064 cyc_w=5.00 id_w=0.00 12.03 it/s
step 210650/370000 G=1.873 Dp=0.109 Dm=0.108 cyc_w=5.00 id_w=0.00 12.03 it/s
step 210700/370000 G=1.762 Dp=0.260 Dm=0.054 cyc_w=5.00 id_w=0.00 12.03 it/s
step 210750/370000 G=1.649 Dp=0.147 Dm=0.097 cyc_w=5.00 id_w=0.00 12.04 it/s
step 210800/370000 G=1.576 Dp=0.273 Dm=0.051 cyc_w=5.00 id_w=0.00 12.04 it/s
step 210850/370000 G=1.559 Dp=0.229 Dm=0.123 cyc_w=5.00 id_w=0.00 12.04 it/s
step 210900/370000 G=2.420 Dp=0.195 Dm=0.053 cyc_w=5.00 id_w=0.00 12.04 it/s
step 210950/370000 G=1.966 Dp=0.232 Dm=0.057 cyc_w=5.00 id_w=0.00 12.04 it/s
step 211000/370000 G=1.293 Dp=0.162 Dm=0.119 cyc_w=5.00 id_w=0.00 12.04 it/s
step 211050/370000 G=1.569 Dp=0.187 Dm=0.067 cyc_w=5.00 id_w=0.00 12.03 it/s
step 211100/370000 G=1.963 Dp=0.227 Dm=0.175 cyc_w=5.00 id_w=0.00 12.04 it/s
step 211150/370000 G=1.534 Dp=0.138 Dm=0.122 cyc_w=5.00 id_w=0.00 12.04 it/s
step 211200/370000 G=1.585 Dp=0.323 Dm=0.154 cyc_w=5.00 id_w=0.00 12.04 it/s
step 211250/370000 G=1.385 Dp=0.204 Dm=0.152 cyc_w=5.00 id_w=0.00 12.04 it/s
step 211300/370000 G=2.177 Dp=0.199 Dm=0.088 cyc_w=5.00 id_w=0.00 12.04 it/s
step 211350/370000 G=2.035 Dp=0.174 Dm=0.074 cyc_w=5.00 id_w=0.00 12.04 it/s
step 211400/370000 G=1.768 Dp=0.196 Dm=0.031 cyc_w=5.00 id_w=0.00 12.04 it/s
step 211450/370000 G=1.434 Dp=0.157 Dm=0.048 cyc_w=5.00 id_w=0.00 12.04 it/s
step 211500/370000 G=2.039 Dp=0.178 Dm=0.044 cyc_w=5.00 id_w=0.00 12.04 it/s
step 211550/370000 G=1.673 Dp=0.241 Dm=0.105 cyc_w=5.00 id_w=0.00 12.04 it/s
step 211600/370000 G=1.441 Dp=0.100 Dm=0.076 cyc_w=5.00 id_w=0.00 12.04 it/s
step 211650/370000 G=2.063 Dp=0.130 Dm=0.045 cyc_w=5.00 id_w=0.00 12.04 it/s
step 211700/370000 G=1.477 Dp=0.189 Dm=0.141 cyc_w=5.00 id_w=0.00 12.04 it/s
step 211750/370000 G=1.973 Dp=0.101 Dm=0.047 cyc_w=5.00 id_w=0.00 12.04 it/s
step 211800/370000 G=1.741 Dp=0.151 Dm=0.041 cyc_w=5.00 id_w=0.00 12.04 it/s
step 211850/370000 G=2.121 Dp=0.068 Dm=0.072 cyc_w=5.00 id_w=0.00 12.04 it/s
step 211900/370000 G=1.165 Dp=0.148 Dm=0.058 cyc_w=5.00 id_w=0.00 12.04 it/s
step 211950/370000 G=1.143 Dp=0.057 Dm=0.046 cyc_w=5.00 id_w=0.00 12.04 it/s
step 212000/370000 G=1.816 Dp=0.085 Dm=0.029 cyc_w=5.00 id_w=0.00 12.04 it/s
step 212050/370000 G=1.852 Dp=0.213 Dm=0.086 cyc_w=5.00 id_w=0.00 12.04 it/s
step 212100/370000 G=1.837 Dp=0.313 Dm=0.151 cyc_w=5.00 id_w=0.00 12.04 it/s
step 212150/370000 G=1.447 Dp=0.223 Dm=0.119 cyc_w=5.00 id_w=0.00 12.04 it/s
step 212200/370000 G=1.882 Dp=0.200 Dm=0.071 cyc_w=5.00 id_w=0.00 12.04 it/s
step 212250/370000 G=1.954 Dp=0.124 Dm=0.039 cyc_w=5.00 id_w=0.00 12.04 it/s
step 212300/370000 G=1.699 Dp=0.188 Dm=0.090 cyc_w=5.00 id_w=0.00 12.04 it/s
step 212350/370000 G=1.732 Dp=0.126 Dm=0.174 cyc_w=5.00 id_w=0.00 12.04 it/s
step 212400/370000 G=2.105 Dp=0.096 Dm=0.171 cyc_w=5.00 id_w=0.00 12.04 it/s
step 212450/370000 G=2.174 Dp=0.125 Dm=0.110 cyc_w=5.00 id_w=0.00 12.04 it/s
step 212500/370000 G=2.477 Dp=0.153 Dm=0.045 cyc_w=5.00 id_w=0.00 12.04 it/s
step 212550/370000 G=1.512 Dp=0.149 Dm=0.088 cyc_w=5.00 id_w=0.00 12.04 it/s
step 212600/370000 G=2.079 Dp=0.188 Dm=0.077 cyc_w=5.00 id_w=0.00 12.04 it/s
step 212650/370000 G=1.903 Dp=0.296 Dm=0.048 cyc_w=5.00 id_w=0.00 12.04 it/s
step 212700/370000 G=1.827 Dp=0.146 Dm=0.058 cyc_w=5.00 id_w=0.00 12.04 it/s
step 212750/370000 G=1.772 Dp=0.232 Dm=0.105 cyc_w=5.00 id_w=0.00 12.04 it/s
step 212800/370000 G=2.217 Dp=0.102 Dm=0.044 cyc_w=5.00 id_w=0.00 12.04 it/s
step 212850/370000 G=2.697 Dp=0.071 Dm=0.069 cyc_w=5.00 id_w=0.00 12.04 it/s
step 212900/370000 G=2.150 Dp=0.231 Dm=0.040 cyc_w=5.00 id_w=0.00 12.04 it/s
step 212950/370000 G=1.364 Dp=0.125 Dm=0.156 cyc_w=5.00 id_w=0.00 12.04 it/s
step 213000/370000 G=1.530 Dp=0.144 Dm=0.043 cyc_w=5.00 id_w=0.00 12.04 it/s
step 213050/370000 G=1.813 Dp=0.095 Dm=0.085 cyc_w=5.00 id_w=0.00 12.04 it/s
step 213100/370000 G=1.622 Dp=0.196 Dm=0.087 cyc_w=5.00 id_w=0.00 12.04 it/s
step 213150/370000 G=2.494 Dp=0.379 Dm=0.066 cyc_w=5.00 id_w=0.00 12.04 it/s
step 213200/370000 G=1.632 Dp=0.220 Dm=0.115 cyc_w=5.00 id_w=0.00 12.04 it/s
step 213250/370000 G=1.890 Dp=0.050 Dm=0.043 cyc_w=5.00 id_w=0.00 12.04 it/s
step 213300/370000 G=1.669 Dp=0.166 Dm=0.135 cyc_w=5.00 id_w=0.00 12.04 it/s
step 213350/370000 G=1.550 Dp=0.174 Dm=0.086 cyc_w=5.00 id_w=0.00 12.04 it/s
step 213400/370000 G=1.897 Dp=0.090 Dm=0.067 cyc_w=5.00 id_w=0.00 12.04 it/s
step 213450/370000 G=1.851 Dp=0.145 Dm=0.099 cyc_w=5.00 id_w=0.00 12.04 it/s
step 213500/370000 G=1.560 Dp=0.156 Dm=0.114 cyc_w=5.00 id_w=0.00 12.04 it/s
step 213550/370000 G=2.744 Dp=0.038 Dm=0.090 cyc_w=5.00 id_w=0.00 12.04 it/s
step 213600/370000 G=1.726 Dp=0.103 Dm=0.102 cyc_w=5.00 id_w=0.00 12.04 it/s
step 213650/370000 G=2.223 Dp=0.140 Dm=0.102 cyc_w=5.00 id_w=0.00 12.04 it/s
step 213700/370000 G=1.943 Dp=0.234 Dm=0.159 cyc_w=5.00 id_w=0.00 12.04 it/s
step 213750/370000 G=1.701 Dp=0.083 Dm=0.130 cyc_w=5.00 id_w=0.00 12.04 it/s
step 213800/370000 G=1.483 Dp=0.185 Dm=0.122 cyc_w=5.00 id_w=0.00 12.04 it/s
step 213850/370000 G=1.909 Dp=0.121 Dm=0.101 cyc_w=5.00 id_w=0.00 12.04 it/s
step 213900/370000 G=1.958 Dp=0.123 Dm=0.064 cyc_w=5.00 id_w=0.00 12.05 it/s
step 213950/370000 G=1.959 Dp=0.090 Dm=0.048 cyc_w=5.00 id_w=0.00 12.05 it/s
step 214000/370000 G=2.022 Dp=0.313 Dm=0.052 cyc_w=5.00 id_w=0.00 12.05 it/s
step 214050/370000 G=2.005 Dp=0.109 Dm=0.065 cyc_w=5.00 id_w=0.00 12.05 it/s
step 214100/370000 G=1.875 Dp=0.252 Dm=0.123 cyc_w=5.00 id_w=0.00 12.05 it/s
step 214150/370000 G=1.867 Dp=0.173 Dm=0.154 cyc_w=5.00 id_w=0.00 12.05 it/s
step 214200/370000 G=1.619 Dp=0.291 Dm=0.143 cyc_w=5.00 id_w=0.00 12.05 it/s
step 214250/370000 G=1.951 Dp=0.308 Dm=0.044 cyc_w=5.00 id_w=0.00 12.05 it/s
step 214300/370000 G=2.185 Dp=0.206 Dm=0.075 cyc_w=5.00 id_w=0.00 12.05 it/s
step 214350/370000 G=1.522 Dp=0.218 Dm=0.088 cyc_w=5.00 id_w=0.00 12.05 it/s
step 214400/370000 G=2.441 Dp=0.248 Dm=0.179 cyc_w=5.00 id_w=0.00 12.05 it/s
step 214450/370000 G=2.122 Dp=0.208 Dm=0.071 cyc_w=5.00 id_w=0.00 12.05 it/s
step 214500/370000 G=1.633 Dp=0.257 Dm=0.128 cyc_w=5.00 id_w=0.00 12.05 it/s
step 214550/370000 G=1.657 Dp=0.190 Dm=0.047 cyc_w=5.00 id_w=0.00 12.05 it/s
step 214600/370000 G=1.804 Dp=0.211 Dm=0.031 cyc_w=5.00 id_w=0.00 12.05 it/s
step 214650/370000 G=1.517 Dp=0.166 Dm=0.066 cyc_w=5.00 id_w=0.00 12.05 it/s
step 214700/370000 G=1.992 Dp=0.227 Dm=0.050 cyc_w=5.00 id_w=0.00 12.05 it/s
step 214750/370000 G=1.718 Dp=0.099 Dm=0.050 cyc_w=5.00 id_w=0.00 12.05 it/s
step 214800/370000 G=2.294 Dp=0.140 Dm=0.049 cyc_w=5.00 id_w=0.00 12.05 it/s
step 214850/370000 G=2.381 Dp=0.157 Dm=0.049 cyc_w=5.00 id_w=0.00 12.05 it/s
step 214900/370000 G=1.232 Dp=0.208 Dm=0.120 cyc_w=5.00 id_w=0.00 12.05 it/s
step 214950/370000 G=2.007 Dp=0.089 Dm=0.111 cyc_w=5.00 id_w=0.00 12.05 it/s
step 215000/370000 G=1.511 Dp=0.171 Dm=0.105 cyc_w=5.00 id_w=0.00 12.05 it/s
step 215050/370000 G=2.198 Dp=0.208 Dm=0.101 cyc_w=5.00 id_w=0.00 12.05 it/s
step 215100/370000 G=1.374 Dp=0.242 Dm=0.059 cyc_w=5.00 id_w=0.00 12.05 it/s
step 215150/370000 G=1.461 Dp=0.246 Dm=0.124 cyc_w=5.00 id_w=0.00 12.05 it/s
step 215200/370000 G=2.158 Dp=0.176 Dm=0.059 cyc_w=5.00 id_w=0.00 12.05 it/s
step 215250/370000 G=2.191 Dp=0.253 Dm=0.123 cyc_w=5.00 id_w=0.00 12.05 it/s
step 215300/370000 G=1.917 Dp=0.101 Dm=0.043 cyc_w=5.00 id_w=0.00 12.05 it/s
step 215350/370000 G=1.629 Dp=0.153 Dm=0.063 cyc_w=5.00 id_w=0.00 12.05 it/s
step 215400/370000 G=2.004 Dp=0.139 Dm=0.022 cyc_w=5.00 id_w=0.00 12.05 it/s
step 215450/370000 G=2.063 Dp=0.200 Dm=0.177 cyc_w=5.00 id_w=0.00 12.05 it/s
step 215500/370000 G=2.380 Dp=0.052 Dm=0.081 cyc_w=5.00 id_w=0.00 12.05 it/s
step 215550/370000 G=1.617 Dp=0.118 Dm=0.042 cyc_w=5.00 id_w=0.00 12.05 it/s
step 215600/370000 G=2.285 Dp=0.196 Dm=0.047 cyc_w=5.00 id_w=0.00 12.05 it/s
step 215650/370000 G=2.141 Dp=0.114 Dm=0.065 cyc_w=5.00 id_w=0.00 12.05 it/s
step 215700/370000 G=1.566 Dp=0.160 Dm=0.078 cyc_w=5.00 id_w=0.00 12.05 it/s
step 215750/370000 G=1.683 Dp=0.166 Dm=0.057 cyc_w=5.00 id_w=0.00 12.05 it/s
step 215800/370000 G=1.990 Dp=0.166 Dm=0.077 cyc_w=5.00 id_w=0.00 12.05 it/s
step 215850/370000 G=1.398 Dp=0.150 Dm=0.030 cyc_w=5.00 id_w=0.00 12.05 it/s
step 215900/370000 G=1.501 Dp=0.262 Dm=0.154 cyc_w=5.00 id_w=0.00 12.05 it/s
step 215950/370000 G=1.559 Dp=0.128 Dm=0.179 cyc_w=5.00 id_w=0.00 12.05 it/s
step 216000/370000 G=0.948 Dp=0.219 Dm=0.207 cyc_w=5.00 id_w=0.00 12.05 it/s
step 216050/370000 G=2.117 Dp=0.118 Dm=0.028 cyc_w=5.00 id_w=0.00 12.05 it/s
step 216100/370000 G=2.303 Dp=0.300 Dm=0.084 cyc_w=5.00 id_w=0.00 12.05 it/s
step 216150/370000 G=1.669 Dp=0.242 Dm=0.114 cyc_w=5.00 id_w=0.00 12.05 it/s
step 216200/370000 G=1.307 Dp=0.180 Dm=0.149 cyc_w=5.00 id_w=0.00 12.05 it/s
step 216250/370000 G=1.701 Dp=0.275 Dm=0.042 cyc_w=5.00 id_w=0.00 12.05 it/s
step 216300/370000 G=1.984 Dp=0.247 Dm=0.107 cyc_w=5.00 id_w=0.00 12.05 it/s
step 216350/370000 G=1.505 Dp=0.124 Dm=0.082 cyc_w=5.00 id_w=0.00 12.05 it/s
step 216400/370000 G=1.293 Dp=0.267 Dm=0.127 cyc_w=5.00 id_w=0.00 12.05 it/s
step 216450/370000 G=2.831 Dp=0.037 Dm=0.070 cyc_w=5.00 id_w=0.00 12.05 it/s
step 216500/370000 G=2.149 Dp=0.077 Dm=0.054 cyc_w=5.00 id_w=0.00 12.05 it/s
step 216550/370000 G=1.880 Dp=0.035 Dm=0.138 cyc_w=5.00 id_w=0.00 12.05 it/s
step 216600/370000 G=1.690 Dp=0.062 Dm=0.035 cyc_w=5.00 id_w=0.00 12.05 it/s
step 216650/370000 G=1.627 Dp=0.198 Dm=0.103 cyc_w=5.00 id_w=0.00 12.05 it/s
step 216700/370000 G=1.908 Dp=0.144 Dm=0.096 cyc_w=5.00 id_w=0.00 12.05 it/s
step 216750/370000 G=1.722 Dp=0.084 Dm=0.118 cyc_w=5.00 id_w=0.00 12.05 it/s
step 216800/370000 G=1.623 Dp=0.284 Dm=0.062 cyc_w=5.00 id_w=0.00 12.05 it/s
step 216850/370000 G=2.003 Dp=0.086 Dm=0.371 cyc_w=5.00 id_w=0.00 12.05 it/s
step 216900/370000 G=2.324 Dp=0.068 Dm=0.168 cyc_w=5.00 id_w=0.00 12.05 it/s
step 216950/370000 G=1.570 Dp=0.125 Dm=0.085 cyc_w=5.00 id_w=0.00 12.05 it/s
step 217000/370000 G=1.479 Dp=0.115 Dm=0.043 cyc_w=5.00 id_w=0.00 12.05 it/s
step 217050/370000 G=2.048 Dp=0.158 Dm=0.034 cyc_w=5.00 id_w=0.00 12.05 it/s
step 217100/370000 G=0.974 Dp=0.126 Dm=0.121 cyc_w=5.00 id_w=0.00 12.05 it/s
step 217150/370000 G=1.756 Dp=0.053 Dm=0.076 cyc_w=5.00 id_w=0.00 12.05 it/s
step 217200/370000 G=1.733 Dp=0.096 Dm=0.102 cyc_w=5.00 id_w=0.00 12.05 it/s
step 217250/370000 G=2.217 Dp=0.156 Dm=0.067 cyc_w=5.00 id_w=0.00 12.05 it/s
step 217300/370000 G=2.341 Dp=0.106 Dm=0.095 cyc_w=5.00 id_w=0.00 12.05 it/s
step 217350/370000 G=1.331 Dp=0.145 Dm=0.090 cyc_w=5.00 id_w=0.00 12.05 it/s
step 217400/370000 G=2.269 Dp=0.028 Dm=0.037 cyc_w=5.00 id_w=0.00 12.05 it/s
step 217450/370000 G=2.147 Dp=0.170 Dm=0.098 cyc_w=5.00 id_w=0.00 12.05 it/s
step 217500/370000 G=1.462 Dp=0.230 Dm=0.043 cyc_w=5.00 id_w=0.00 12.05 it/s
step 217550/370000 G=1.720 Dp=0.234 Dm=0.112 cyc_w=5.00 id_w=0.00 12.05 it/s
step 217600/370000 G=2.124 Dp=0.079 Dm=0.050 cyc_w=5.00 id_w=0.00 12.05 it/s
step 217650/370000 G=1.394 Dp=0.126 Dm=0.062 cyc_w=5.00 id_w=0.00 12.05 it/s
step 217700/370000 G=1.590 Dp=0.098 Dm=0.061 cyc_w=5.00 id_w=0.00 12.05 it/s
step 217750/370000 G=1.681 Dp=0.260 Dm=0.067 cyc_w=5.00 id_w=0.00 12.05 it/s
step 217800/370000 G=1.415 Dp=0.164 Dm=0.145 cyc_w=5.00 id_w=0.00 12.05 it/s
step 217850/370000 G=1.676 Dp=0.168 Dm=0.045 cyc_w=5.00 id_w=0.00 12.05 it/s
step 217900/370000 G=3.145 Dp=0.109 Dm=0.035 cyc_w=5.00 id_w=0.00 12.05 it/s
step 217950/370000 G=2.119 Dp=0.133 Dm=0.044 cyc_w=5.00 id_w=0.00 12.05 it/s
step 218000/370000 G=1.809 Dp=0.192 Dm=0.088 cyc_w=5.00 id_w=0.00 12.05 it/s
step 218050/370000 G=3.247 Dp=0.069 Dm=0.103 cyc_w=5.00 id_w=0.00 12.05 it/s
step 218100/370000 G=1.299 Dp=0.194 Dm=0.079 cyc_w=5.00 id_w=0.00 12.05 it/s
step 218150/370000 G=1.929 Dp=0.130 Dm=0.111 cyc_w=5.00 id_w=0.00 12.05 it/s
step 218200/370000 G=2.092 Dp=0.136 Dm=0.101 cyc_w=5.00 id_w=0.00 12.05 it/s
step 218250/370000 G=2.844 Dp=0.129 Dm=0.062 cyc_w=5.00 id_w=0.00 12.05 it/s
step 218300/370000 G=1.877 Dp=0.228 Dm=0.073 cyc_w=5.00 id_w=0.00 12.05 it/s
step 218350/370000 G=1.553 Dp=0.235 Dm=0.056 cyc_w=5.00 id_w=0.00 12.05 it/s
step 218400/370000 G=1.352 Dp=0.083 Dm=0.090 cyc_w=5.00 id_w=0.00 12.05 it/s
step 218450/370000 G=1.457 Dp=0.192 Dm=0.052 cyc_w=5.00 id_w=0.00 12.05 it/s
step 218500/370000 G=1.482 Dp=0.132 Dm=0.062 cyc_w=5.00 id_w=0.00 12.05 it/s
step 218550/370000 G=1.615 Dp=0.179 Dm=0.103 cyc_w=5.00 id_w=0.00 12.05 it/s
step 218600/370000 G=2.277 Dp=0.132 Dm=0.034 cyc_w=5.00 id_w=0.00 12.05 it/s
step 218650/370000 G=2.234 Dp=0.262 Dm=0.106 cyc_w=5.00 id_w=0.00 12.05 it/s
step 218700/370000 G=1.465 Dp=0.356 Dm=0.070 cyc_w=5.00 id_w=0.00 12.05 it/s
step 218750/370000 G=1.731 Dp=0.152 Dm=0.069 cyc_w=5.00 id_w=0.00 12.05 it/s
step 218800/370000 G=1.963 Dp=0.067 Dm=0.094 cyc_w=5.00 id_w=0.00 12.05 it/s
step 218850/370000 G=2.204 Dp=0.078 Dm=0.054 cyc_w=5.00 id_w=0.00 12.05 it/s
step 218900/370000 G=1.866 Dp=0.237 Dm=0.099 cyc_w=5.00 id_w=0.00 12.05 it/s
step 218950/370000 G=2.137 Dp=0.087 Dm=0.088 cyc_w=5.00 id_w=0.00 12.05 it/s
step 219000/370000 G=1.766 Dp=0.267 Dm=0.062 cyc_w=5.00 id_w=0.00 12.05 it/s
step 219050/370000 G=2.053 Dp=0.256 Dm=0.057 cyc_w=5.00 id_w=0.00 12.05 it/s
step 219100/370000 G=1.928 Dp=0.381 Dm=0.164 cyc_w=5.00 id_w=0.00 12.05 it/s
step 219150/370000 G=1.401 Dp=0.151 Dm=0.149 cyc_w=5.00 id_w=0.00 12.05 it/s
step 219200/370000 G=1.709 Dp=0.149 Dm=0.123 cyc_w=5.00 id_w=0.00 12.05 it/s
step 219250/370000 G=1.608 Dp=0.130 Dm=0.168 cyc_w=5.00 id_w=0.00 12.05 it/s
step 219300/370000 G=1.774 Dp=0.156 Dm=0.104 cyc_w=5.00 id_w=0.00 12.05 it/s
step 219350/370000 G=1.620 Dp=0.291 Dm=0.098 cyc_w=5.00 id_w=0.00 12.05 it/s
step 219400/370000 G=1.992 Dp=0.119 Dm=0.087 cyc_w=5.00 id_w=0.00 12.05 it/s
step 219450/370000 G=2.146 Dp=0.164 Dm=0.115 cyc_w=5.00 id_w=0.00 12.05 it/s
step 219500/370000 G=1.632 Dp=0.062 Dm=0.039 cyc_w=5.00 id_w=0.00 12.05 it/s
step 219550/370000 G=1.408 Dp=0.259 Dm=0.053 cyc_w=5.00 id_w=0.00 12.05 it/s
step 219600/370000 G=1.662 Dp=0.098 Dm=0.061 cyc_w=5.00 id_w=0.00 12.05 it/s
step 219650/370000 G=1.466 Dp=0.185 Dm=0.168 cyc_w=5.00 id_w=0.00 12.05 it/s
step 219700/370000 G=1.810 Dp=0.252 Dm=0.119 cyc_w=5.00 id_w=0.00 12.05 it/s
step 219750/370000 G=1.996 Dp=0.172 Dm=0.038 cyc_w=5.00 id_w=0.00 12.05 it/s
step 219800/370000 G=1.546 Dp=0.199 Dm=0.106 cyc_w=5.00 id_w=0.00 12.05 it/s
step 219850/370000 G=1.608 Dp=0.282 Dm=0.092 cyc_w=5.00 id_w=0.00 12.05 it/s
step 219900/370000 G=1.592 Dp=0.197 Dm=0.083 cyc_w=5.00 id_w=0.00 12.05 it/s
step 219950/370000 G=1.759 Dp=0.036 Dm=0.085 cyc_w=5.00 id_w=0.00 12.05 it/s
step 220000/370000 G=2.068 Dp=0.190 Dm=0.112 cyc_w=5.00 id_w=0.00 12.05 it/s
step 220050/370000 G=2.219 Dp=0.157 Dm=0.092 cyc_w=5.00 id_w=0.00 12.05 it/s
step 220100/370000 G=1.842 Dp=0.198 Dm=0.062 cyc_w=5.00 id_w=0.00 12.05 it/s
step 220150/370000 G=1.388 Dp=0.341 Dm=0.152 cyc_w=5.00 id_w=0.00 12.05 it/s
step 220200/370000 G=1.338 Dp=0.081 Dm=0.199 cyc_w=5.00 id_w=0.00 12.05 it/s
step 220250/370000 G=2.178 Dp=0.178 Dm=0.158 cyc_w=5.00 id_w=0.00 12.05 it/s
step 220300/370000 G=1.558 Dp=0.093 Dm=0.061 cyc_w=5.00 id_w=0.00 12.05 it/s
step 220350/370000 G=1.879 Dp=0.085 Dm=0.069 cyc_w=5.00 id_w=0.00 12.05 it/s
step 220400/370000 G=2.074 Dp=0.151 Dm=0.093 cyc_w=5.00 id_w=0.00 12.05 it/s
step 220450/370000 G=2.016 Dp=0.156 Dm=0.076 cyc_w=5.00 id_w=0.00 12.05 it/s
step 220500/370000 G=2.224 Dp=0.060 Dm=0.044 cyc_w=5.00 id_w=0.00 12.05 it/s
step 220550/370000 G=1.617 Dp=0.151 Dm=0.096 cyc_w=5.00 id_w=0.00 12.05 it/s
step 220600/370000 G=1.973 Dp=0.176 Dm=0.076 cyc_w=5.00 id_w=0.00 12.05 it/s
step 220650/370000 G=2.246 Dp=0.150 Dm=0.096 cyc_w=5.00 id_w=0.00 12.05 it/s
step 220700/370000 G=1.294 Dp=0.127 Dm=0.354 cyc_w=5.00 id_w=0.00 12.05 it/s
step 220750/370000 G=1.936 Dp=0.198 Dm=0.089 cyc_w=5.00 id_w=0.00 12.05 it/s
step 220800/370000 G=1.729 Dp=0.267 Dm=0.084 cyc_w=5.00 id_w=0.00 12.05 it/s
step 220850/370000 G=1.759 Dp=0.146 Dm=0.052 cyc_w=5.00 id_w=0.00 12.05 it/s
step 220900/370000 G=2.163 Dp=0.198 Dm=0.051 cyc_w=5.00 id_w=0.00 12.05 it/s
step 220950/370000 G=1.779 Dp=0.219 Dm=0.079 cyc_w=5.00 id_w=0.00 12.05 it/s
step 221000/370000 G=1.684 Dp=0.129 Dm=0.119 cyc_w=5.00 id_w=0.00 12.05 it/s
step 221050/370000 G=2.393 Dp=0.070 Dm=0.054 cyc_w=5.00 id_w=0.00 12.05 it/s
step 221100/370000 G=1.746 Dp=0.067 Dm=0.074 cyc_w=5.00 id_w=0.00 12.05 it/s
step 221150/370000 G=1.700 Dp=0.151 Dm=0.077 cyc_w=5.00 id_w=0.00 12.05 it/s
step 221200/370000 G=1.933 Dp=0.137 Dm=0.048 cyc_w=5.00 id_w=0.00 12.05 it/s
step 221250/370000 G=1.863 Dp=0.150 Dm=0.077 cyc_w=5.00 id_w=0.00 12.05 it/s
EVAL {"step": 221250, "variant": "ema", "fid_a2b": 97.76131670440668, "fid_b2a": 93.8443406839877, "mifid_a2b": 0.41672170566280403, "mifid_b2a": 0.39281637951544934, "fid": 95.80282869419719, "mifid": 0.4047690425891267, "composite": 48.103798868393156}
EVAL {"step": 221250, "variant": "ema_slow", "fid_a2b": 95.87804001420324, "fid_b2a": 93.48982717843126, "mifid_a2b": 0.41510431708184165, "mifid_b2a": 0.394342721868295, "fid": 94.68393359631725, "mifid": 0.40472351947506835, "composite": 47.54432855789616}
EVAL {"step": 221250, "variant": "raw", "fid_a2b": 104.85096940397231, "fid_b2a": 96.88993389189643, "mifid_a2b": 0.4212575920501562, "mifid_b2a": 0.39287915550905356, "fid": 100.87045164793437, "mifid": 0.4070683737796049, "composite": 50.63876001085699}
step 221300/370000 G=1.875 Dp=0.136 Dm=0.181 cyc_w=5.00 id_w=0.00 12.01 it/s
step 221350/370000 G=1.873 Dp=0.244 Dm=0.053 cyc_w=5.00 id_w=0.00 12.01 it/s
step 221400/370000 G=1.982 Dp=0.150 Dm=0.051 cyc_w=5.00 id_w=0.00 12.01 it/s
step 221450/370000 G=2.115 Dp=0.021 Dm=0.095 cyc_w=5.00 id_w=0.00 12.01 it/s
step 221500/370000 G=1.971 Dp=0.174 Dm=0.187 cyc_w=5.00 id_w=0.00 12.01 it/s
step 221550/370000 G=1.642 Dp=0.176 Dm=0.131 cyc_w=5.00 id_w=0.00 12.01 it/s
step 221600/370000 G=1.687 Dp=0.141 Dm=0.119 cyc_w=5.00 id_w=0.00 12.01 it/s
step 221650/370000 G=1.570 Dp=0.134 Dm=0.047 cyc_w=5.00 id_w=0.00 12.01 it/s
step 221700/370000 G=1.858 Dp=0.106 Dm=0.072 cyc_w=5.00 id_w=0.00 12.01 it/s
step 221750/370000 G=1.714 Dp=0.136 Dm=0.054 cyc_w=5.00 id_w=0.00 12.01 it/s
step 221800/370000 G=1.821 Dp=0.251 Dm=0.078 cyc_w=5.00 id_w=0.00 12.02 it/s
step 221850/370000 G=1.709 Dp=0.204 Dm=0.064 cyc_w=5.00 id_w=0.00 12.02 it/s
step 221900/370000 G=1.593 Dp=0.205 Dm=0.214 cyc_w=5.00 id_w=0.00 12.02 it/s
step 221950/370000 G=1.963 Dp=0.183 Dm=0.126 cyc_w=5.00 id_w=0.00 12.02 it/s
step 222000/370000 G=2.234 Dp=0.167 Dm=0.098 cyc_w=5.00 id_w=0.00 12.02 it/s
step 222050/370000 G=1.427 Dp=0.071 Dm=0.078 cyc_w=5.00 id_w=0.00 12.01 it/s
step 222100/370000 G=1.737 Dp=0.099 Dm=0.070 cyc_w=5.00 id_w=0.00 12.02 it/s
step 222150/370000 G=1.756 Dp=0.050 Dm=0.075 cyc_w=5.00 id_w=0.00 12.02 it/s
step 222200/370000 G=1.190 Dp=0.202 Dm=0.194 cyc_w=5.00 id_w=0.00 12.02 it/s
step 222250/370000 G=1.679 Dp=0.224 Dm=0.092 cyc_w=5.00 id_w=0.00 12.02 it/s
step 222300/370000 G=2.139 Dp=0.193 Dm=0.081 cyc_w=5.00 id_w=0.00 12.02 it/s
step 222350/370000 G=1.945 Dp=0.183 Dm=0.107 cyc_w=5.00 id_w=0.00 12.02 it/s
step 222400/370000 G=1.234 Dp=0.222 Dm=0.035 cyc_w=5.00 id_w=0.00 12.02 it/s
step 222450/370000 G=1.967 Dp=0.280 Dm=0.130 cyc_w=5.00 id_w=0.00 12.02 it/s
step 222500/370000 G=1.788 Dp=0.054 Dm=0.244 cyc_w=5.00 id_w=0.00 12.02 it/s
step 222550/370000 G=1.429 Dp=0.251 Dm=0.111 cyc_w=5.00 id_w=0.00 12.02 it/s
step 222600/370000 G=1.979 Dp=0.249 Dm=0.055 cyc_w=5.00 id_w=0.00 12.02 it/s
step 222650/370000 G=1.906 Dp=0.154 Dm=0.113 cyc_w=5.00 id_w=0.00 12.02 it/s
step 222700/370000 G=2.103 Dp=0.116 Dm=0.166 cyc_w=5.00 id_w=0.00 12.02 it/s
step 222750/370000 G=2.267 Dp=0.153 Dm=0.070 cyc_w=5.00 id_w=0.00 12.02 it/s
step 222800/370000 G=1.938 Dp=0.166 Dm=0.112 cyc_w=5.00 id_w=0.00 12.02 it/s
step 222850/370000 G=1.997 Dp=0.094 Dm=0.076 cyc_w=5.00 id_w=0.00 12.02 it/s
step 222900/370000 G=1.768 Dp=0.143 Dm=0.058 cyc_w=5.00 id_w=0.00 12.02 it/s
step 222950/370000 G=1.810 Dp=0.167 Dm=0.103 cyc_w=5.00 id_w=0.00 12.02 it/s
step 223000/370000 G=1.866 Dp=0.280 Dm=0.063 cyc_w=5.00 id_w=0.00 12.02 it/s
step 223050/370000 G=1.611 Dp=0.196 Dm=0.124 cyc_w=5.00 id_w=0.00 12.02 it/s
step 223100/370000 G=1.847 Dp=0.126 Dm=0.090 cyc_w=5.00 id_w=0.00 12.02 it/s
step 223150/370000 G=1.753 Dp=0.267 Dm=0.086 cyc_w=5.00 id_w=0.00 12.02 it/s
step 223200/370000 G=1.522 Dp=0.125 Dm=0.137 cyc_w=5.00 id_w=0.00 12.03 it/s
step 223250/370000 G=1.296 Dp=0.107 Dm=0.151 cyc_w=5.00 id_w=0.00 12.03 it/s
step 223300/370000 G=1.541 Dp=0.193 Dm=0.071 cyc_w=5.00 id_w=0.00 12.03 it/s
step 223350/370000 G=1.860 Dp=0.150 Dm=0.069 cyc_w=5.00 id_w=0.00 12.03 it/s
step 223400/370000 G=1.891 Dp=0.182 Dm=0.123 cyc_w=5.00 id_w=0.00 12.03 it/s
step 223450/370000 G=1.332 Dp=0.282 Dm=0.132 cyc_w=5.00 id_w=0.00 12.03 it/s
step 223500/370000 G=2.024 Dp=0.268 Dm=0.110 cyc_w=5.00 id_w=0.00 12.03 it/s
step 223550/370000 G=2.587 Dp=0.052 Dm=0.051 cyc_w=5.00 id_w=0.00 12.03 it/s
step 223600/370000 G=1.107 Dp=0.365 Dm=0.208 cyc_w=5.00 id_w=0.00 12.03 it/s
step 223650/370000 G=1.926 Dp=0.338 Dm=0.093 cyc_w=5.00 id_w=0.00 12.03 it/s
step 223700/370000 G=1.628 Dp=0.135 Dm=0.065 cyc_w=5.00 id_w=0.00 12.03 it/s
step 223750/370000 G=1.525 Dp=0.162 Dm=0.179 cyc_w=5.00 id_w=0.00 12.03 it/s
step 223800/370000 G=1.990 Dp=0.123 Dm=0.187 cyc_w=5.00 id_w=0.00 12.03 it/s
step 223850/370000 G=2.127 Dp=0.120 Dm=0.132 cyc_w=5.00 id_w=0.00 12.03 it/s
step 223900/370000 G=1.465 Dp=0.078 Dm=0.172 cyc_w=5.00 id_w=0.00 12.03 it/s
step 223950/370000 G=1.957 Dp=0.183 Dm=0.068 cyc_w=5.00 id_w=0.00 12.03 it/s
step 224000/370000 G=2.906 Dp=0.130 Dm=0.035 cyc_w=5.00 id_w=0.00 12.03 it/s
step 224050/370000 G=1.388 Dp=0.169 Dm=0.074 cyc_w=5.00 id_w=0.00 12.03 it/s
step 224100/370000 G=2.037 Dp=0.125 Dm=0.132 cyc_w=5.00 id_w=0.00 12.03 it/s
step 224150/370000 G=2.398 Dp=0.196 Dm=0.089 cyc_w=5.00 id_w=0.00 12.03 it/s
step 224200/370000 G=2.103 Dp=0.161 Dm=0.101 cyc_w=5.00 id_w=0.00 12.03 it/s
step 224250/370000 G=1.280 Dp=0.279 Dm=0.145 cyc_w=5.00 id_w=0.00 12.03 it/s
step 224300/370000 G=1.804 Dp=0.142 Dm=0.179 cyc_w=5.00 id_w=0.00 12.03 it/s
step 224350/370000 G=1.682 Dp=0.070 Dm=0.086 cyc_w=5.00 id_w=0.00 12.03 it/s
step 224400/370000 G=1.658 Dp=0.218 Dm=0.070 cyc_w=5.00 id_w=0.00 12.03 it/s
step 224450/370000 G=2.044 Dp=0.138 Dm=0.030 cyc_w=5.00 id_w=0.00 12.03 it/s
step 224500/370000 G=1.533 Dp=0.108 Dm=0.129 cyc_w=5.00 id_w=0.00 12.03 it/s
step 224550/370000 G=1.988 Dp=0.159 Dm=0.089 cyc_w=5.00 id_w=0.00 12.03 it/s
step 224600/370000 G=1.527 Dp=0.153 Dm=0.093 cyc_w=5.00 id_w=0.00 12.03 it/s
step 224650/370000 G=1.401 Dp=0.205 Dm=0.085 cyc_w=5.00 id_w=0.00 12.03 it/s
step 224700/370000 G=1.574 Dp=0.123 Dm=0.093 cyc_w=5.00 id_w=0.00 12.03 it/s
step 224750/370000 G=1.618 Dp=0.115 Dm=0.059 cyc_w=5.00 id_w=0.00 12.03 it/s
step 224800/370000 G=1.572 Dp=0.237 Dm=0.073 cyc_w=5.00 id_w=0.00 12.03 it/s
step 224850/370000 G=1.529 Dp=0.045 Dm=0.116 cyc_w=5.00 id_w=0.00 12.03 it/s
step 224900/370000 G=1.467 Dp=0.297 Dm=0.128 cyc_w=5.00 id_w=0.00 12.03 it/s
step 224950/370000 G=1.851 Dp=0.154 Dm=0.075 cyc_w=5.00 id_w=0.00 12.03 it/s
step 225000/370000 G=1.935 Dp=0.210 Dm=0.120 cyc_w=5.00 id_w=0.00 12.03 it/s
step 225050/370000 G=1.585 Dp=0.158 Dm=0.087 cyc_w=5.00 id_w=0.00 12.03 it/s
step 225100/370000 G=2.162 Dp=0.178 Dm=0.084 cyc_w=5.00 id_w=0.00 12.03 it/s
step 225150/370000 G=1.800 Dp=0.133 Dm=0.073 cyc_w=5.00 id_w=0.00 12.03 it/s
step 225200/370000 G=1.985 Dp=0.128 Dm=0.094 cyc_w=5.00 id_w=0.00 12.03 it/s
step 225250/370000 G=2.418 Dp=0.172 Dm=0.132 cyc_w=5.00 id_w=0.00 12.03 it/s
step 225300/370000 G=1.949 Dp=0.148 Dm=0.073 cyc_w=5.00 id_w=0.00 12.03 it/s
step 225350/370000 G=2.004 Dp=0.111 Dm=0.096 cyc_w=5.00 id_w=0.00 12.03 it/s
step 225400/370000 G=2.148 Dp=0.116 Dm=0.053 cyc_w=5.00 id_w=0.00 12.03 it/s
step 225450/370000 G=1.739 Dp=0.085 Dm=0.035 cyc_w=5.00 id_w=0.00 12.03 it/s
step 225500/370000 G=2.235 Dp=0.151 Dm=0.042 cyc_w=5.00 id_w=0.00 12.03 it/s
step 225550/370000 G=1.972 Dp=0.136 Dm=0.092 cyc_w=5.00 id_w=0.00 12.03 it/s
step 225600/370000 G=1.968 Dp=0.160 Dm=0.067 cyc_w=5.00 id_w=0.00 12.03 it/s
step 225650/370000 G=1.804 Dp=0.081 Dm=0.231 cyc_w=5.00 id_w=0.00 12.03 it/s
step 225700/370000 G=1.443 Dp=0.112 Dm=0.103 cyc_w=5.00 id_w=0.00 12.03 it/s
step 225750/370000 G=1.636 Dp=0.261 Dm=0.078 cyc_w=5.00 id_w=0.00 12.03 it/s
step 225800/370000 G=1.703 Dp=0.117 Dm=0.141 cyc_w=5.00 id_w=0.00 12.03 it/s
step 225850/370000 G=2.083 Dp=0.127 Dm=0.068 cyc_w=5.00 id_w=0.00 12.03 it/s
step 225900/370000 G=1.301 Dp=0.241 Dm=0.086 cyc_w=5.00 id_w=0.00 12.03 it/s
step 225950/370000 G=1.542 Dp=0.164 Dm=0.114 cyc_w=5.00 id_w=0.00 12.03 it/s
step 226000/370000 G=1.898 Dp=0.146 Dm=0.085 cyc_w=5.00 id_w=0.00 12.03 it/s
step 226050/370000 G=1.863 Dp=0.182 Dm=0.126 cyc_w=5.00 id_w=0.00 12.03 it/s
step 226100/370000 G=1.570 Dp=0.141 Dm=0.109 cyc_w=5.00 id_w=0.00 12.03 it/s
step 226150/370000 G=1.938 Dp=0.136 Dm=0.079 cyc_w=5.00 id_w=0.00 12.03 it/s
step 226200/370000 G=2.023 Dp=0.177 Dm=0.064 cyc_w=5.00 id_w=0.00 12.03 it/s
step 226250/370000 G=2.571 Dp=0.108 Dm=0.082 cyc_w=5.00 id_w=0.00 12.03 it/s
step 226300/370000 G=2.046 Dp=0.088 Dm=0.032 cyc_w=5.00 id_w=0.00 12.03 it/s
step 226350/370000 G=1.901 Dp=0.150 Dm=0.104 cyc_w=5.00 id_w=0.00 12.03 it/s
step 226400/370000 G=2.544 Dp=0.109 Dm=0.038 cyc_w=5.00 id_w=0.00 12.03 it/s
step 226450/370000 G=2.352 Dp=0.103 Dm=0.148 cyc_w=5.00 id_w=0.00 12.03 it/s
step 226500/370000 G=1.574 Dp=0.127 Dm=0.066 cyc_w=5.00 id_w=0.00 12.03 it/s
step 226550/370000 G=1.817 Dp=0.280 Dm=0.175 cyc_w=5.00 id_w=0.00 12.03 it/s
step 226600/370000 G=1.827 Dp=0.339 Dm=0.149 cyc_w=5.00 id_w=0.00 12.03 it/s
step 226650/370000 G=1.584 Dp=0.153 Dm=0.070 cyc_w=5.00 id_w=0.00 12.04 it/s
step 226700/370000 G=2.163 Dp=0.073 Dm=0.102 cyc_w=5.00 id_w=0.00 12.04 it/s
step 226750/370000 G=1.465 Dp=0.211 Dm=0.073 cyc_w=5.00 id_w=0.00 12.04 it/s
step 226800/370000 G=1.638 Dp=0.140 Dm=0.070 cyc_w=5.00 id_w=0.00 12.04 it/s
step 226850/370000 G=1.894 Dp=0.076 Dm=0.063 cyc_w=5.00 id_w=0.00 12.04 it/s
step 226900/370000 G=1.406 Dp=0.152 Dm=0.076 cyc_w=5.00 id_w=0.00 12.04 it/s
step 226950/370000 G=2.094 Dp=0.313 Dm=0.060 cyc_w=5.00 id_w=0.00 12.04 it/s
step 227000/370000 G=1.782 Dp=0.144 Dm=0.101 cyc_w=5.00 id_w=0.00 12.04 it/s
step 227050/370000 G=2.598 Dp=0.080 Dm=0.139 cyc_w=5.00 id_w=0.00 12.04 it/s
step 227100/370000 G=1.655 Dp=0.103 Dm=0.094 cyc_w=5.00 id_w=0.00 12.04 it/s
step 227150/370000 G=2.149 Dp=0.156 Dm=0.070 cyc_w=5.00 id_w=0.00 12.04 it/s
step 227200/370000 G=1.916 Dp=0.154 Dm=0.115 cyc_w=5.00 id_w=0.00 12.04 it/s
step 227250/370000 G=1.518 Dp=0.237 Dm=0.097 cyc_w=5.00 id_w=0.00 12.04 it/s
step 227300/370000 G=1.779 Dp=0.212 Dm=0.081 cyc_w=5.00 id_w=0.00 12.05 it/s
step 227350/370000 G=2.011 Dp=0.217 Dm=0.095 cyc_w=5.00 id_w=0.00 12.05 it/s
step 227400/370000 G=2.067 Dp=0.112 Dm=0.073 cyc_w=5.00 id_w=0.00 12.05 it/s
step 227450/370000 G=1.609 Dp=0.205 Dm=0.089 cyc_w=5.00 id_w=0.00 12.05 it/s
step 227500/370000 G=2.577 Dp=0.121 Dm=0.062 cyc_w=5.00 id_w=0.00 12.05 it/s
step 227550/370000 G=2.471 Dp=0.340 Dm=0.067 cyc_w=5.00 id_w=0.00 12.05 it/s
step 227600/370000 G=1.698 Dp=0.182 Dm=0.064 cyc_w=5.00 id_w=0.00 12.05 it/s
step 227650/370000 G=1.618 Dp=0.181 Dm=0.158 cyc_w=5.00 id_w=0.00 12.05 it/s
step 227700/370000 G=1.661 Dp=0.209 Dm=0.116 cyc_w=5.00 id_w=0.00 12.05 it/s
step 227750/370000 G=1.115 Dp=0.275 Dm=0.051 cyc_w=5.00 id_w=0.00 12.05 it/s
step 227800/370000 G=1.978 Dp=0.066 Dm=0.130 cyc_w=5.00 id_w=0.00 12.05 it/s
step 227850/370000 G=1.978 Dp=0.072 Dm=0.141 cyc_w=5.00 id_w=0.00 12.05 it/s
step 227900/370000 G=1.912 Dp=0.175 Dm=0.126 cyc_w=5.00 id_w=0.00 12.05 it/s
step 227950/370000 G=1.772 Dp=0.096 Dm=0.036 cyc_w=5.00 id_w=0.00 12.05 it/s
step 228000/370000 G=1.748 Dp=0.290 Dm=0.072 cyc_w=5.00 id_w=0.00 12.05 it/s
step 228050/370000 G=1.786 Dp=0.061 Dm=0.038 cyc_w=5.00 id_w=0.00 12.05 it/s
step 228100/370000 G=1.783 Dp=0.269 Dm=0.069 cyc_w=5.00 id_w=0.00 12.05 it/s
step 228150/370000 G=2.060 Dp=0.145 Dm=0.055 cyc_w=5.00 id_w=0.00 12.05 it/s
step 228200/370000 G=2.175 Dp=0.204 Dm=0.125 cyc_w=5.00 id_w=0.00 12.05 it/s
step 228250/370000 G=1.750 Dp=0.235 Dm=0.069 cyc_w=5.00 id_w=0.00 12.05 it/s
step 228300/370000 G=1.918 Dp=0.286 Dm=0.063 cyc_w=5.00 id_w=0.00 12.05 it/s
step 228350/370000 G=1.673 Dp=0.222 Dm=0.191 cyc_w=5.00 id_w=0.00 12.05 it/s
step 228400/370000 G=1.939 Dp=0.117 Dm=0.070 cyc_w=5.00 id_w=0.00 12.05 it/s
step 228450/370000 G=1.725 Dp=0.156 Dm=0.060 cyc_w=5.00 id_w=0.00 12.05 it/s
step 228500/370000 G=1.583 Dp=0.212 Dm=0.174 cyc_w=5.00 id_w=0.00 12.05 it/s
step 228550/370000 G=1.322 Dp=0.153 Dm=0.090 cyc_w=5.00 id_w=0.00 12.05 it/s
step 228600/370000 G=2.479 Dp=0.159 Dm=0.182 cyc_w=5.00 id_w=0.00 12.05 it/s
step 228650/370000 G=1.806 Dp=0.113 Dm=0.128 cyc_w=5.00 id_w=0.00 12.05 it/s
step 228700/370000 G=1.705 Dp=0.095 Dm=0.087 cyc_w=5.00 id_w=0.00 12.05 it/s
step 228750/370000 G=2.397 Dp=0.196 Dm=0.076 cyc_w=5.00 id_w=0.00 12.05 it/s
step 228800/370000 G=1.633 Dp=0.072 Dm=0.059 cyc_w=5.00 id_w=0.00 12.05 it/s
step 228850/370000 G=1.831 Dp=0.134 Dm=0.047 cyc_w=5.00 id_w=0.00 12.05 it/s
step 228900/370000 G=1.687 Dp=0.118 Dm=0.054 cyc_w=5.00 id_w=0.00 12.05 it/s
step 228950/370000 G=1.584 Dp=0.248 Dm=0.105 cyc_w=5.00 id_w=0.00 12.05 it/s
step 229000/370000 G=1.838 Dp=0.107 Dm=0.099 cyc_w=5.00 id_w=0.00 12.05 it/s
step 229050/370000 G=1.722 Dp=0.212 Dm=0.165 cyc_w=5.00 id_w=0.00 12.05 it/s
step 229100/370000 G=2.034 Dp=0.273 Dm=0.043 cyc_w=5.00 id_w=0.00 12.05 it/s
step 229150/370000 G=2.059 Dp=0.231 Dm=0.048 cyc_w=5.00 id_w=0.00 12.05 it/s
step 229200/370000 G=1.792 Dp=0.217 Dm=0.215 cyc_w=5.00 id_w=0.00 12.05 it/s
step 229250/370000 G=1.559 Dp=0.211 Dm=0.070 cyc_w=5.00 id_w=0.00 12.05 it/s
step 229300/370000 G=2.011 Dp=0.156 Dm=0.040 cyc_w=5.00 id_w=0.00 12.05 it/s
step 229350/370000 G=1.638 Dp=0.226 Dm=0.096 cyc_w=5.00 id_w=0.00 12.05 it/s
step 229400/370000 G=1.845 Dp=0.137 Dm=0.138 cyc_w=5.00 id_w=0.00 12.05 it/s
step 229450/370000 G=2.394 Dp=0.108 Dm=0.045 cyc_w=5.00 id_w=0.00 12.05 it/s
step 229500/370000 G=1.816 Dp=0.144 Dm=0.063 cyc_w=5.00 id_w=0.00 12.05 it/s
step 229550/370000 G=1.837 Dp=0.199 Dm=0.066 cyc_w=5.00 id_w=0.00 12.05 it/s
step 229600/370000 G=2.582 Dp=0.298 Dm=0.039 cyc_w=5.00 id_w=0.00 12.05 it/s
step 229650/370000 G=2.134 Dp=0.175 Dm=0.114 cyc_w=5.00 id_w=0.00 12.05 it/s
step 229700/370000 G=1.897 Dp=0.101 Dm=0.123 cyc_w=5.00 id_w=0.00 12.05 it/s
step 229750/370000 G=1.781 Dp=0.193 Dm=0.115 cyc_w=5.00 id_w=0.00 12.05 it/s
step 229800/370000 G=1.875 Dp=0.126 Dm=0.081 cyc_w=5.00 id_w=0.00 12.05 it/s
step 229850/370000 G=1.959 Dp=0.110 Dm=0.039 cyc_w=5.00 id_w=0.00 12.05 it/s
step 229900/370000 G=1.262 Dp=0.247 Dm=0.080 cyc_w=5.00 id_w=0.00 12.05 it/s
step 229950/370000 G=1.853 Dp=0.143 Dm=0.114 cyc_w=5.00 id_w=0.00 12.05 it/s
step 230000/370000 G=1.756 Dp=0.168 Dm=0.083 cyc_w=5.00 id_w=0.00 12.05 it/s
step 230050/370000 G=1.852 Dp=0.157 Dm=0.115 cyc_w=5.00 id_w=0.00 12.05 it/s
step 230100/370000 G=1.514 Dp=0.212 Dm=0.209 cyc_w=5.00 id_w=0.00 12.05 it/s
step 230150/370000 G=1.570 Dp=0.209 Dm=0.093 cyc_w=5.00 id_w=0.00 12.05 it/s
step 230200/370000 G=1.947 Dp=0.190 Dm=0.055 cyc_w=5.00 id_w=0.00 12.05 it/s
step 230250/370000 G=2.125 Dp=0.154 Dm=0.068 cyc_w=5.00 id_w=0.00 12.05 it/s
step 230300/370000 G=1.569 Dp=0.242 Dm=0.080 cyc_w=5.00 id_w=0.00 12.05 it/s
step 230350/370000 G=1.867 Dp=0.103 Dm=0.090 cyc_w=5.00 id_w=0.00 12.05 it/s
step 230400/370000 G=2.027 Dp=0.067 Dm=0.083 cyc_w=5.00 id_w=0.00 12.05 it/s
step 230450/370000 G=1.292 Dp=0.077 Dm=0.043 cyc_w=5.00 id_w=0.00 12.05 it/s
step 230500/370000 G=1.577 Dp=0.125 Dm=0.063 cyc_w=5.00 id_w=0.00 12.05 it/s
step 230550/370000 G=1.997 Dp=0.048 Dm=0.080 cyc_w=5.00 id_w=0.00 12.05 it/s
step 230600/370000 G=1.302 Dp=0.230 Dm=0.094 cyc_w=5.00 id_w=0.00 12.05 it/s
step 230650/370000 G=1.823 Dp=0.211 Dm=0.061 cyc_w=5.00 id_w=0.00 12.05 it/s
step 230700/370000 G=1.345 Dp=0.164 Dm=0.036 cyc_w=5.00 id_w=0.00 12.05 it/s
step 230750/370000 G=2.273 Dp=0.424 Dm=0.053 cyc_w=5.00 id_w=0.00 12.05 it/s
step 230800/370000 G=1.627 Dp=0.151 Dm=0.055 cyc_w=5.00 id_w=0.00 12.05 it/s
step 230850/370000 G=1.619 Dp=0.291 Dm=0.162 cyc_w=5.00 id_w=0.00 12.05 it/s
step 230900/370000 G=1.544 Dp=0.167 Dm=0.077 cyc_w=5.00 id_w=0.00 12.05 it/s
step 230950/370000 G=2.132 Dp=0.218 Dm=0.077 cyc_w=5.00 id_w=0.00 12.05 it/s
step 231000/370000 G=2.058 Dp=0.159 Dm=0.095 cyc_w=5.00 id_w=0.00 12.05 it/s
step 231050/370000 G=2.571 Dp=0.136 Dm=0.083 cyc_w=5.00 id_w=0.00 12.05 it/s
step 231100/370000 G=1.344 Dp=0.156 Dm=0.155 cyc_w=5.00 id_w=0.00 12.05 it/s
step 231150/370000 G=1.804 Dp=0.125 Dm=0.059 cyc_w=5.00 id_w=0.00 12.05 it/s
step 231200/370000 G=1.864 Dp=0.104 Dm=0.036 cyc_w=5.00 id_w=0.00 12.05 it/s
step 231250/370000 G=1.141 Dp=0.266 Dm=0.045 cyc_w=5.00 id_w=0.00 12.05 it/s
step 231300/370000 G=1.591 Dp=0.135 Dm=0.039 cyc_w=5.00 id_w=0.00 12.05 it/s
step 231350/370000 G=1.733 Dp=0.084 Dm=0.051 cyc_w=5.00 id_w=0.00 12.05 it/s
step 231400/370000 G=1.812 Dp=0.183 Dm=0.038 cyc_w=5.00 id_w=0.00 12.05 it/s
step 231450/370000 G=2.207 Dp=0.085 Dm=0.067 cyc_w=5.00 id_w=0.00 12.05 it/s
step 231500/370000 G=1.783 Dp=0.185 Dm=0.079 cyc_w=5.00 id_w=0.00 12.05 it/s
step 231550/370000 G=1.979 Dp=0.255 Dm=0.102 cyc_w=5.00 id_w=0.00 12.05 it/s
step 231600/370000 G=2.297 Dp=0.104 Dm=0.056 cyc_w=5.00 id_w=0.00 12.05 it/s
step 231650/370000 G=1.944 Dp=0.246 Dm=0.235 cyc_w=5.00 id_w=0.00 12.05 it/s
step 231700/370000 G=1.787 Dp=0.273 Dm=0.071 cyc_w=5.00 id_w=0.00 12.05 it/s
step 231750/370000 G=1.911 Dp=0.198 Dm=0.057 cyc_w=5.00 id_w=0.00 12.05 it/s
step 231800/370000 G=2.011 Dp=0.117 Dm=0.088 cyc_w=5.00 id_w=0.00 12.05 it/s
step 231850/370000 G=1.838 Dp=0.089 Dm=0.105 cyc_w=5.00 id_w=0.00 12.05 it/s
step 231900/370000 G=2.258 Dp=0.172 Dm=0.110 cyc_w=5.00 id_w=0.00 12.05 it/s
step 231950/370000 G=2.017 Dp=0.078 Dm=0.057 cyc_w=5.00 id_w=0.00 12.05 it/s
step 232000/370000 G=1.644 Dp=0.221 Dm=0.084 cyc_w=5.00 id_w=0.00 12.05 it/s
step 232050/370000 G=1.403 Dp=0.338 Dm=0.031 cyc_w=5.00 id_w=0.00 12.05 it/s
step 232100/370000 G=1.894 Dp=0.080 Dm=0.054 cyc_w=5.00 id_w=0.00 12.05 it/s
step 232150/370000 G=1.362 Dp=0.258 Dm=0.082 cyc_w=5.00 id_w=0.00 12.05 it/s
step 232200/370000 G=2.019 Dp=0.075 Dm=0.156 cyc_w=5.00 id_w=0.00 12.05 it/s
step 232250/370000 G=2.009 Dp=0.135 Dm=0.077 cyc_w=5.00 id_w=0.00 12.05 it/s
step 232300/370000 G=1.921 Dp=0.248 Dm=0.083 cyc_w=5.00 id_w=0.00 12.05 it/s
step 232350/370000 G=1.974 Dp=0.156 Dm=0.127 cyc_w=5.00 id_w=0.00 12.05 it/s
step 232400/370000 G=2.948 Dp=0.126 Dm=0.099 cyc_w=5.00 id_w=0.00 12.05 it/s
step 232450/370000 G=1.691 Dp=0.162 Dm=0.037 cyc_w=5.00 id_w=0.00 12.05 it/s
step 232500/370000 G=2.039 Dp=0.065 Dm=0.105 cyc_w=5.00 id_w=0.00 12.05 it/s
step 232550/370000 G=1.882 Dp=0.072 Dm=0.063 cyc_w=5.00 id_w=0.00 12.05 it/s
step 232600/370000 G=1.829 Dp=0.190 Dm=0.061 cyc_w=5.00 id_w=0.00 12.05 it/s
step 232650/370000 G=2.052 Dp=0.057 Dm=0.072 cyc_w=5.00 id_w=0.00 12.05 it/s
step 232700/370000 G=1.629 Dp=0.169 Dm=0.059 cyc_w=5.00 id_w=0.00 12.05 it/s
step 232750/370000 G=1.630 Dp=0.253 Dm=0.182 cyc_w=5.00 id_w=0.00 12.05 it/s
step 232800/370000 G=1.942 Dp=0.284 Dm=0.044 cyc_w=5.00 id_w=0.00 12.05 it/s
step 232850/370000 G=1.806 Dp=0.191 Dm=0.073 cyc_w=5.00 id_w=0.00 12.05 it/s
step 232900/370000 G=1.796 Dp=0.150 Dm=0.107 cyc_w=5.00 id_w=0.00 12.05 it/s
step 232950/370000 G=1.611 Dp=0.221 Dm=0.141 cyc_w=5.00 id_w=0.00 12.05 it/s
step 233000/370000 G=1.777 Dp=0.157 Dm=0.057 cyc_w=5.00 id_w=0.00 12.05 it/s
step 233050/370000 G=1.289 Dp=0.192 Dm=0.051 cyc_w=5.00 id_w=0.00 12.05 it/s
step 233100/370000 G=1.896 Dp=0.191 Dm=0.082 cyc_w=5.00 id_w=0.00 12.05 it/s
step 233150/370000 G=1.403 Dp=0.162 Dm=0.070 cyc_w=5.00 id_w=0.00 12.05 it/s
step 233200/370000 G=2.222 Dp=0.341 Dm=0.075 cyc_w=5.00 id_w=0.00 12.05 it/s
step 233250/370000 G=2.098 Dp=0.186 Dm=0.049 cyc_w=5.00 id_w=0.00 12.05 it/s
step 233300/370000 G=1.622 Dp=0.192 Dm=0.197 cyc_w=5.00 id_w=0.00 12.05 it/s
step 233350/370000 G=1.733 Dp=0.078 Dm=0.091 cyc_w=5.00 id_w=0.00 12.05 it/s
step 233400/370000 G=1.617 Dp=0.172 Dm=0.054 cyc_w=5.00 id_w=0.00 12.05 it/s
step 233450/370000 G=2.294 Dp=0.110 Dm=0.064 cyc_w=5.00 id_w=0.00 12.05 it/s
step 233500/370000 G=1.701 Dp=0.104 Dm=0.053 cyc_w=5.00 id_w=0.00 12.05 it/s
step 233550/370000 G=1.571 Dp=0.100 Dm=0.186 cyc_w=5.00 id_w=0.00 12.05 it/s
step 233600/370000 G=1.244 Dp=0.254 Dm=0.121 cyc_w=5.00 id_w=0.00 12.05 it/s
step 233650/370000 G=1.878 Dp=0.193 Dm=0.048 cyc_w=5.00 id_w=0.00 12.05 it/s
step 233700/370000 G=2.202 Dp=0.153 Dm=0.042 cyc_w=5.00 id_w=0.00 12.05 it/s
step 233750/370000 G=1.893 Dp=0.142 Dm=0.105 cyc_w=5.00 id_w=0.00 12.05 it/s
step 233800/370000 G=2.284 Dp=0.163 Dm=0.157 cyc_w=5.00 id_w=0.00 12.05 it/s
step 233850/370000 G=1.511 Dp=0.165 Dm=0.058 cyc_w=5.00 id_w=0.00 12.05 it/s
step 233900/370000 G=2.264 Dp=0.200 Dm=0.060 cyc_w=5.00 id_w=0.00 12.05 it/s
step 233950/370000 G=2.293 Dp=0.286 Dm=0.138 cyc_w=5.00 id_w=0.00 12.05 it/s
step 234000/370000 G=1.807 Dp=0.167 Dm=0.183 cyc_w=5.00 id_w=0.00 12.05 it/s
step 234050/370000 G=3.067 Dp=0.051 Dm=0.292 cyc_w=5.00 id_w=0.00 12.05 it/s
step 234100/370000 G=1.652 Dp=0.183 Dm=0.123 cyc_w=5.00 id_w=0.00 12.05 it/s
step 234150/370000 G=2.367 Dp=0.025 Dm=0.067 cyc_w=5.00 id_w=0.00 12.05 it/s
step 234200/370000 G=2.435 Dp=0.231 Dm=0.039 cyc_w=5.00 id_w=0.00 12.05 it/s
step 234250/370000 G=1.963 Dp=0.165 Dm=0.082 cyc_w=5.00 id_w=0.00 12.05 it/s
step 234300/370000 G=1.993 Dp=0.204 Dm=0.125 cyc_w=5.00 id_w=0.00 12.05 it/s
step 234350/370000 G=2.321 Dp=0.102 Dm=0.026 cyc_w=5.00 id_w=0.00 12.05 it/s
step 234400/370000 G=1.955 Dp=0.226 Dm=0.037 cyc_w=5.00 id_w=0.00 12.05 it/s
step 234450/370000 G=3.213 Dp=0.198 Dm=0.155 cyc_w=5.00 id_w=0.00 12.05 it/s
step 234500/370000 G=2.263 Dp=0.337 Dm=0.053 cyc_w=5.00 id_w=0.00 12.05 it/s
step 234550/370000 G=1.485 Dp=0.111 Dm=0.072 cyc_w=5.00 id_w=0.00 12.05 it/s
step 234600/370000 G=1.774 Dp=0.187 Dm=0.094 cyc_w=5.00 id_w=0.00 12.05 it/s
step 234650/370000 G=2.307 Dp=0.191 Dm=0.035 cyc_w=5.00 id_w=0.00 12.05 it/s
step 234700/370000 G=2.435 Dp=0.102 Dm=0.061 cyc_w=5.00 id_w=0.00 12.05 it/s
step 234750/370000 G=1.646 Dp=0.060 Dm=0.074 cyc_w=5.00 id_w=0.00 12.05 it/s
step 234800/370000 G=2.098 Dp=0.152 Dm=0.095 cyc_w=5.00 id_w=0.00 12.05 it/s
step 234850/370000 G=1.910 Dp=0.221 Dm=0.047 cyc_w=5.00 id_w=0.00 12.05 it/s
step 234900/370000 G=2.053 Dp=0.099 Dm=0.059 cyc_w=5.00 id_w=0.00 12.05 it/s
step 234950/370000 G=1.876 Dp=0.111 Dm=0.043 cyc_w=5.00 id_w=0.00 12.05 it/s
step 235000/370000 G=1.989 Dp=0.148 Dm=0.053 cyc_w=5.00 id_w=0.00 12.05 it/s
step 235050/370000 G=1.743 Dp=0.236 Dm=0.128 cyc_w=5.00 id_w=0.00 12.05 it/s
step 235100/370000 G=2.282 Dp=0.202 Dm=0.068 cyc_w=5.00 id_w=0.00 12.05 it/s
step 235150/370000 G=2.814 Dp=0.177 Dm=0.050 cyc_w=5.00 id_w=0.00 12.05 it/s
step 235200/370000 G=2.213 Dp=0.166 Dm=0.098 cyc_w=5.00 id_w=0.00 12.05 it/s
step 235250/370000 G=1.565 Dp=0.160 Dm=0.060 cyc_w=5.00 id_w=0.00 12.05 it/s
step 235300/370000 G=1.681 Dp=0.258 Dm=0.115 cyc_w=5.00 id_w=0.00 12.05 it/s
step 235350/370000 G=1.223 Dp=0.315 Dm=0.092 cyc_w=5.00 id_w=0.00 12.05 it/s
step 235400/370000 G=1.616 Dp=0.095 Dm=0.098 cyc_w=5.00 id_w=0.00 12.05 it/s
step 235450/370000 G=1.748 Dp=0.070 Dm=0.097 cyc_w=5.00 id_w=0.00 12.05 it/s
step 235500/370000 G=1.784 Dp=0.162 Dm=0.101 cyc_w=5.00 id_w=0.00 12.05 it/s
step 235550/370000 G=1.615 Dp=0.134 Dm=0.093 cyc_w=5.00 id_w=0.00 12.05 it/s
step 235600/370000 G=1.620 Dp=0.096 Dm=0.110 cyc_w=5.00 id_w=0.00 12.05 it/s
step 235650/370000 G=1.824 Dp=0.112 Dm=0.038 cyc_w=5.00 id_w=0.00 12.05 it/s
step 235700/370000 G=1.503 Dp=0.239 Dm=0.073 cyc_w=5.00 id_w=0.00 12.05 it/s
step 235750/370000 G=1.515 Dp=0.194 Dm=0.066 cyc_w=5.00 id_w=0.00 12.05 it/s
step 235800/370000 G=1.683 Dp=0.093 Dm=0.039 cyc_w=5.00 id_w=0.00 12.05 it/s
step 235850/370000 G=2.526 Dp=0.111 Dm=0.040 cyc_w=5.00 id_w=0.00 12.05 it/s
step 235900/370000 G=1.932 Dp=0.179 Dm=0.053 cyc_w=5.00 id_w=0.00 12.05 it/s
step 235950/370000 G=1.654 Dp=0.148 Dm=0.070 cyc_w=5.00 id_w=0.00 12.05 it/s
step 236000/370000 G=1.521 Dp=0.149 Dm=0.136 cyc_w=5.00 id_w=0.00 12.05 it/s
EVAL {"step": 236000, "variant": "ema", "fid_a2b": 96.71844981213407, "fid_b2a": 94.62443328961015, "mifid_a2b": 0.4144321176158576, "mifid_b2a": 0.3951558976615891, "fid": 95.67144155087212, "mifid": 0.4047940076387233, "composite": 48.03811777925542}
EVAL {"step": 236000, "variant": "ema_slow", "fid_a2b": 95.98758449357479, "fid_b2a": 93.82352594466089, "mifid_a2b": 0.4156797587558379, "mifid_b2a": 0.3943716719961374, "fid": 94.90555521911784, "mifid": 0.40502571537598764, "composite": 47.655290467246914}
EVAL {"step": 236000, "variant": "raw", "fid_a2b": 101.95038686503192, "fid_b2a": 96.27774001910547, "mifid_a2b": 0.4151161381479482, "mifid_b2a": 0.39208601791499614, "fid": 99.1140634420687, "mifid": 0.40360107803147216, "composite": 49.758832260050085}
step 236050/370000 G=1.860 Dp=0.077 Dm=0.089 cyc_w=5.00 id_w=0.00 12.02 it/s
step 236100/370000 G=1.220 Dp=0.168 Dm=0.031 cyc_w=5.00 id_w=0.00 12.02 it/s
step 236150/370000 G=1.628 Dp=0.141 Dm=0.209 cyc_w=5.00 id_w=0.00 12.02 it/s
step 236200/370000 G=2.417 Dp=0.162 Dm=0.119 cyc_w=5.00 id_w=0.00 12.02 it/s
step 236250/370000 G=1.192 Dp=0.281 Dm=0.084 cyc_w=5.00 id_w=0.00 12.02 it/s
step 236300/370000 G=1.561 Dp=0.127 Dm=0.101 cyc_w=5.00 id_w=0.00 12.02 it/s
step 236350/370000 G=1.640 Dp=0.239 Dm=0.047 cyc_w=5.00 id_w=0.00 12.02 it/s
step 236400/370000 G=2.504 Dp=0.100 Dm=0.113 cyc_w=5.00 id_w=0.00 12.02 it/s
step 236450/370000 G=1.804 Dp=0.090 Dm=0.141 cyc_w=5.00 id_w=0.00 12.02 it/s
step 236500/370000 G=1.562 Dp=0.081 Dm=0.181 cyc_w=5.00 id_w=0.00 12.02 it/s
step 236550/370000 G=2.732 Dp=0.116 Dm=0.059 cyc_w=5.00 id_w=0.00 12.02 it/s
step 236600/370000 G=1.934 Dp=0.214 Dm=0.037 cyc_w=5.00 id_w=0.00 12.02 it/s
step 236650/370000 G=1.246 Dp=0.259 Dm=0.081 cyc_w=5.00 id_w=0.00 12.02 it/s
step 236700/370000 G=2.478 Dp=0.110 Dm=0.084 cyc_w=5.00 id_w=0.00 12.02 it/s
step 236750/370000 G=1.660 Dp=0.161 Dm=0.053 cyc_w=5.00 id_w=0.00 12.02 it/s
step 236800/370000 G=1.870 Dp=0.311 Dm=0.077 cyc_w=5.00 id_w=0.00 12.02 it/s
step 236850/370000 G=2.241 Dp=0.108 Dm=0.047 cyc_w=5.00 id_w=0.00 12.02 it/s
step 236900/370000 G=1.749 Dp=0.167 Dm=0.095 cyc_w=5.00 id_w=0.00 12.02 it/s
step 236950/370000 G=1.757 Dp=0.213 Dm=0.084 cyc_w=5.00 id_w=0.00 12.02 it/s
step 237000/370000 G=1.773 Dp=0.041 Dm=0.119 cyc_w=5.00 id_w=0.00 12.02 it/s
step 237050/370000 G=1.423 Dp=0.134 Dm=0.108 cyc_w=5.00 id_w=0.00 12.02 it/s
step 237100/370000 G=1.999 Dp=0.185 Dm=0.104 cyc_w=5.00 id_w=0.00 12.03 it/s
step 237150/370000 G=2.232 Dp=0.102 Dm=0.165 cyc_w=5.00 id_w=0.00 12.03 it/s
step 237200/370000 G=1.782 Dp=0.195 Dm=0.035 cyc_w=5.00 id_w=0.00 12.03 it/s
step 237250/370000 G=1.527 Dp=0.146 Dm=0.064 cyc_w=5.00 id_w=0.00 12.03 it/s
step 237300/370000 G=1.354 Dp=0.151 Dm=0.077 cyc_w=5.00 id_w=0.00 12.03 it/s
step 237350/370000 G=1.659 Dp=0.100 Dm=0.110 cyc_w=5.00 id_w=0.00 12.03 it/s
step 237400/370000 G=1.912 Dp=0.155 Dm=0.046 cyc_w=5.00 id_w=0.00 12.03 it/s
step 237450/370000 G=1.918 Dp=0.190 Dm=0.053 cyc_w=5.00 id_w=0.00 12.03 it/s
step 237500/370000 G=2.042 Dp=0.125 Dm=0.139 cyc_w=5.00 id_w=0.00 12.03 it/s
step 237550/370000 G=2.546 Dp=0.041 Dm=0.056 cyc_w=5.00 id_w=0.00 12.03 it/s
step 237600/370000 G=1.970 Dp=0.351 Dm=0.096 cyc_w=5.00 id_w=0.00 12.03 it/s
step 237650/370000 G=1.562 Dp=0.092 Dm=0.128 cyc_w=5.00 id_w=0.00 12.03 it/s
step 237700/370000 G=1.855 Dp=0.133 Dm=0.077 cyc_w=5.00 id_w=0.00 12.03 it/s
step 237750/370000 G=2.237 Dp=0.116 Dm=0.047 cyc_w=5.00 id_w=0.00 12.03 it/s
step 237800/370000 G=1.753 Dp=0.184 Dm=0.175 cyc_w=5.00 id_w=0.00 12.03 it/s
step 237850/370000 G=1.758 Dp=0.109 Dm=0.062 cyc_w=5.00 id_w=0.00 12.03 it/s
step 237900/370000 G=2.101 Dp=0.189 Dm=0.091 cyc_w=5.00 id_w=0.00 12.03 it/s
step 237950/370000 G=1.815 Dp=0.101 Dm=0.073 cyc_w=5.00 id_w=0.00 12.03 it/s
step 238000/370000 G=1.867 Dp=0.231 Dm=0.028 cyc_w=5.00 id_w=0.00 12.03 it/s
step 238050/370000 G=1.399 Dp=0.253 Dm=0.029 cyc_w=5.00 id_w=0.00 12.03 it/s
step 238100/370000 G=1.302 Dp=0.165 Dm=0.087 cyc_w=5.00 id_w=0.00 12.03 it/s
step 238150/370000 G=2.234 Dp=0.083 Dm=0.086 cyc_w=5.00 id_w=0.00 12.03 it/s
step 238200/370000 G=1.670 Dp=0.112 Dm=0.060 cyc_w=5.00 id_w=0.00 12.03 it/s
step 238250/370000 G=1.607 Dp=0.132 Dm=0.069 cyc_w=5.00 id_w=0.00 12.03 it/s
step 238300/370000 G=1.354 Dp=0.225 Dm=0.070 cyc_w=5.00 id_w=0.00 12.03 it/s
step 238350/370000 G=1.341 Dp=0.225 Dm=0.105 cyc_w=5.00 id_w=0.00 12.03 it/s
step 238400/370000 G=1.617 Dp=0.179 Dm=0.052 cyc_w=5.00 id_w=0.00 12.03 it/s
step 238450/370000 G=1.819 Dp=0.254 Dm=0.095 cyc_w=5.00 id_w=0.00 12.03 it/s
step 238500/370000 G=2.062 Dp=0.245 Dm=0.041 cyc_w=5.00 id_w=0.00 12.03 it/s
step 238550/370000 G=1.676 Dp=0.203 Dm=0.067 cyc_w=5.00 id_w=0.00 12.03 it/s
step 238600/370000 G=1.556 Dp=0.302 Dm=0.074 cyc_w=5.00 id_w=0.00 12.03 it/s
step 238650/370000 G=1.833 Dp=0.173 Dm=0.107 cyc_w=5.00 id_w=0.00 12.03 it/s
step 238700/370000 G=1.648 Dp=0.181 Dm=0.056 cyc_w=5.00 id_w=0.00 12.03 it/s
step 238750/370000 G=2.299 Dp=0.202 Dm=0.062 cyc_w=5.00 id_w=0.00 12.03 it/s
step 238800/370000 G=1.490 Dp=0.252 Dm=0.123 cyc_w=5.00 id_w=0.00 12.03 it/s
step 238850/370000 G=2.092 Dp=0.210 Dm=0.107 cyc_w=5.00 id_w=0.00 12.03 it/s
step 238900/370000 G=2.311 Dp=0.073 Dm=0.066 cyc_w=5.00 id_w=0.00 12.03 it/s
step 238950/370000 G=1.852 Dp=0.160 Dm=0.093 cyc_w=5.00 id_w=0.00 12.03 it/s
step 239000/370000 G=1.997 Dp=0.123 Dm=0.064 cyc_w=5.00 id_w=0.00 12.03 it/s
step 239050/370000 G=1.472 Dp=0.257 Dm=0.078 cyc_w=5.00 id_w=0.00 12.03 it/s
step 239100/370000 G=1.618 Dp=0.215 Dm=0.155 cyc_w=5.00 id_w=0.00 12.03 it/s
step 239150/370000 G=1.687 Dp=0.079 Dm=0.115 cyc_w=5.00 id_w=0.00 12.03 it/s
step 239200/370000 G=1.729 Dp=0.092 Dm=0.099 cyc_w=5.00 id_w=0.00 12.03 it/s
step 239250/370000 G=1.669 Dp=0.258 Dm=0.037 cyc_w=5.00 id_w=0.00 12.03 it/s
step 239300/370000 G=1.921 Dp=0.124 Dm=0.076 cyc_w=5.00 id_w=0.00 12.03 it/s
step 239350/370000 G=1.770 Dp=0.173 Dm=0.157 cyc_w=5.00 id_w=0.00 12.03 it/s
step 239400/370000 G=2.149 Dp=0.134 Dm=0.059 cyc_w=5.00 id_w=0.00 12.03 it/s
step 239450/370000 G=1.914 Dp=0.083 Dm=0.174 cyc_w=5.00 id_w=0.00 12.03 it/s
step 239500/370000 G=1.888 Dp=0.056 Dm=0.104 cyc_w=5.00 id_w=0.00 12.03 it/s
step 239550/370000 G=2.763 Dp=0.112 Dm=0.044 cyc_w=5.00 id_w=0.00 12.03 it/s
step 239600/370000 G=2.198 Dp=0.151 Dm=0.059 cyc_w=5.00 id_w=0.00 12.03 it/s
step 239650/370000 G=2.126 Dp=0.150 Dm=0.022 cyc_w=5.00 id_w=0.00 12.03 it/s
step 239700/370000 G=1.890 Dp=0.097 Dm=0.033 cyc_w=5.00 id_w=0.00 12.03 it/s
step 239750/370000 G=1.416 Dp=0.161 Dm=0.136 cyc_w=5.00 id_w=0.00 12.03 it/s
step 239800/370000 G=1.303 Dp=0.166 Dm=0.065 cyc_w=5.00 id_w=0.00 12.03 it/s
step 239850/370000 G=2.397 Dp=0.126 Dm=0.049 cyc_w=5.00 id_w=0.00 12.03 it/s
step 239900/370000 G=1.868 Dp=0.165 Dm=0.049 cyc_w=5.00 id_w=0.00 12.04 it/s
step 239950/370000 G=1.368 Dp=0.188 Dm=0.066 cyc_w=5.00 id_w=0.00 12.04 it/s
step 240000/370000 G=1.852 Dp=0.134 Dm=0.073 cyc_w=5.00 id_w=0.00 12.04 it/s
step 240050/370000 G=1.947 Dp=0.191 Dm=0.049 cyc_w=5.00 id_w=0.00 12.04 it/s
step 240100/370000 G=1.829 Dp=0.191 Dm=0.098 cyc_w=5.00 id_w=0.00 12.04 it/s
step 240150/370000 G=1.587 Dp=0.198 Dm=0.118 cyc_w=5.00 id_w=0.00 12.04 it/s
step 240200/370000 G=1.909 Dp=0.205 Dm=0.080 cyc_w=5.00 id_w=0.00 12.04 it/s
step 240250/370000 G=1.159 Dp=0.235 Dm=0.059 cyc_w=5.00 id_w=0.00 12.04 it/s
step 240300/370000 G=2.947 Dp=0.105 Dm=0.152 cyc_w=5.00 id_w=0.00 12.04 it/s
step 240350/370000 G=2.220 Dp=0.235 Dm=0.092 cyc_w=5.00 id_w=0.00 12.04 it/s
step 240400/370000 G=2.247 Dp=0.175 Dm=0.035 cyc_w=5.00 id_w=0.00 12.04 it/s
step 240450/370000 G=1.877 Dp=0.111 Dm=0.095 cyc_w=5.00 id_w=0.00 12.04 it/s
step 240500/370000 G=2.308 Dp=0.139 Dm=0.125 cyc_w=5.00 id_w=0.00 12.04 it/s
step 240550/370000 G=1.944 Dp=0.149 Dm=0.046 cyc_w=5.00 id_w=0.00 12.04 it/s
step 240600/370000 G=1.457 Dp=0.176 Dm=0.128 cyc_w=5.00 id_w=0.00 12.05 it/s
step 240650/370000 G=1.988 Dp=0.290 Dm=0.040 cyc_w=5.00 id_w=0.00 12.05 it/s
step 240700/370000 G=2.779 Dp=0.104 Dm=0.060 cyc_w=5.00 id_w=0.00 12.05 it/s
step 240750/370000 G=1.606 Dp=0.125 Dm=0.102 cyc_w=5.00 id_w=0.00 12.05 it/s
step 240800/370000 G=1.919 Dp=0.205 Dm=0.057 cyc_w=5.00 id_w=0.00 12.05 it/s
step 240850/370000 G=1.635 Dp=0.085 Dm=0.052 cyc_w=5.00 id_w=0.00 12.05 it/s
step 240900/370000 G=2.341 Dp=0.179 Dm=0.025 cyc_w=5.00 id_w=0.00 12.06 it/s
step 240950/370000 G=1.976 Dp=0.103 Dm=0.032 cyc_w=5.00 id_w=0.00 12.06 it/s
step 241000/370000 G=2.380 Dp=0.032 Dm=0.051 cyc_w=5.00 id_w=0.00 12.06 it/s
step 241050/370000 G=1.212 Dp=0.207 Dm=0.135 cyc_w=5.00 id_w=0.00 12.06 it/s
step 241100/370000 G=2.138 Dp=0.069 Dm=0.075 cyc_w=5.00 id_w=0.00 12.06 it/s
step 241150/370000 G=2.391 Dp=0.099 Dm=0.065 cyc_w=5.00 id_w=0.00 12.06 it/s
step 241200/370000 G=2.242 Dp=0.169 Dm=0.052 cyc_w=5.00 id_w=0.00 12.07 it/s
step 241250/370000 G=1.506 Dp=0.146 Dm=0.072 cyc_w=5.00 id_w=0.00 12.07 it/s
step 241300/370000 G=1.547 Dp=0.224 Dm=0.029 cyc_w=5.00 id_w=0.00 12.07 it/s
step 241350/370000 G=1.859 Dp=0.178 Dm=0.070 cyc_w=5.00 id_w=0.00 12.07 it/s
step 241400/370000 G=2.516 Dp=0.185 Dm=0.089 cyc_w=5.00 id_w=0.00 12.07 it/s
step 241450/370000 G=1.428 Dp=0.318 Dm=0.070 cyc_w=5.00 id_w=0.00 12.07 it/s
step 241500/370000 G=1.676 Dp=0.314 Dm=0.097 cyc_w=5.00 id_w=0.00 12.08 it/s
step 241550/370000 G=1.877 Dp=0.180 Dm=0.082 cyc_w=5.00 id_w=0.00 12.08 it/s
step 241600/370000 G=1.740 Dp=0.179 Dm=0.217 cyc_w=5.00 id_w=0.00 12.08 it/s
step 241650/370000 G=1.420 Dp=0.167 Dm=0.075 cyc_w=5.00 id_w=0.00 12.08 it/s
step 241700/370000 G=2.317 Dp=0.242 Dm=0.061 cyc_w=5.00 id_w=0.00 12.08 it/s
step 241750/370000 G=1.691 Dp=0.092 Dm=0.072 cyc_w=5.00 id_w=0.00 12.08 it/s
step 241800/370000 G=1.646 Dp=0.201 Dm=0.100 cyc_w=5.00 id_w=0.00 12.09 it/s
step 241850/370000 G=1.642 Dp=0.116 Dm=0.103 cyc_w=5.00 id_w=0.00 12.09 it/s
step 241900/370000 G=2.029 Dp=0.095 Dm=0.138 cyc_w=5.00 id_w=0.00 12.09 it/s
step 241950/370000 G=2.308 Dp=0.034 Dm=0.041 cyc_w=5.00 id_w=0.00 12.09 it/s
step 242000/370000 G=1.595 Dp=0.155 Dm=0.056 cyc_w=5.00 id_w=0.00 12.09 it/s
step 242050/370000 G=2.151 Dp=0.133 Dm=0.031 cyc_w=5.00 id_w=0.00 12.09 it/s
step 242100/370000 G=1.960 Dp=0.181 Dm=0.137 cyc_w=5.00 id_w=0.00 12.10 it/s
step 242150/370000 G=1.369 Dp=0.127 Dm=0.080 cyc_w=5.00 id_w=0.00 12.10 it/s
step 242200/370000 G=1.487 Dp=0.247 Dm=0.052 cyc_w=5.00 id_w=0.00 12.10 it/s
step 242250/370000 G=1.783 Dp=0.215 Dm=0.082 cyc_w=5.00 id_w=0.00 12.10 it/s
step 242300/370000 G=2.582 Dp=0.138 Dm=0.052 cyc_w=5.00 id_w=0.00 12.10 it/s
step 242350/370000 G=1.424 Dp=0.250 Dm=0.050 cyc_w=5.00 id_w=0.00 12.10 it/s
step 242400/370000 G=1.818 Dp=0.291 Dm=0.219 cyc_w=5.00 id_w=0.00 12.11 it/s
step 242450/370000 G=1.696 Dp=0.041 Dm=0.086 cyc_w=5.00 id_w=0.00 12.11 it/s
step 242500/370000 G=1.963 Dp=0.165 Dm=0.056 cyc_w=5.00 id_w=0.00 12.11 it/s
step 242550/370000 G=1.869 Dp=0.086 Dm=0.025 cyc_w=5.00 id_w=0.00 12.11 it/s
step 242600/370000 G=1.676 Dp=0.145 Dm=0.078 cyc_w=5.00 id_w=0.00 12.11 it/s
step 242650/370000 G=2.089 Dp=0.095 Dm=0.157 cyc_w=5.00 id_w=0.00 12.11 it/s
step 242700/370000 G=1.927 Dp=0.134 Dm=0.119 cyc_w=5.00 id_w=0.00 12.12 it/s
step 242750/370000 G=1.788 Dp=0.104 Dm=0.060 cyc_w=5.00 id_w=0.00 12.12 it/s
step 242800/370000 G=2.161 Dp=0.126 Dm=0.111 cyc_w=5.00 id_w=0.00 12.12 it/s
step 242850/370000 G=2.365 Dp=0.104 Dm=0.058 cyc_w=5.00 id_w=0.00 12.12 it/s
step 242900/370000 G=1.723 Dp=0.107 Dm=0.061 cyc_w=5.00 id_w=0.00 12.12 it/s
step 242950/370000 G=1.588 Dp=0.216 Dm=0.042 cyc_w=5.00 id_w=0.00 12.12 it/s
step 243000/370000 G=1.658 Dp=0.129 Dm=0.098 cyc_w=5.00 id_w=0.00 12.13 it/s
step 243050/370000 G=2.302 Dp=0.143 Dm=0.038 cyc_w=5.00 id_w=0.00 12.13 it/s
step 243100/370000 G=2.484 Dp=0.154 Dm=0.098 cyc_w=5.00 id_w=0.00 12.13 it/s
step 243150/370000 G=1.011 Dp=0.271 Dm=0.034 cyc_w=5.00 id_w=0.00 12.13 it/s
step 243200/370000 G=1.682 Dp=0.391 Dm=0.109 cyc_w=5.00 id_w=0.00 12.13 it/s
step 243250/370000 G=1.916 Dp=0.090 Dm=0.098 cyc_w=5.00 id_w=0.00 12.13 it/s
step 243300/370000 G=1.889 Dp=0.180 Dm=0.249 cyc_w=5.00 id_w=0.00 12.14 it/s
step 243350/370000 G=1.666 Dp=0.041 Dm=0.086 cyc_w=5.00 id_w=0.00 12.14 it/s
step 243400/370000 G=2.292 Dp=0.148 Dm=0.032 cyc_w=5.00 id_w=0.00 12.14 it/s
step 243450/370000 G=1.425 Dp=0.215 Dm=0.054 cyc_w=5.00 id_w=0.00 12.14 it/s
step 243500/370000 G=1.760 Dp=0.212 Dm=0.041 cyc_w=5.00 id_w=0.00 12.14 it/s
step 243550/370000 G=1.724 Dp=0.097 Dm=0.056 cyc_w=5.00 id_w=0.00 12.14 it/s
step 243600/370000 G=2.109 Dp=0.058 Dm=0.094 cyc_w=5.00 id_w=0.00 12.15 it/s
step 243650/370000 G=1.726 Dp=0.193 Dm=0.160 cyc_w=5.00 id_w=0.00 12.15 it/s
step 243700/370000 G=2.019 Dp=0.081 Dm=0.039 cyc_w=5.00 id_w=0.00 12.15 it/s
step 243750/370000 G=1.417 Dp=0.252 Dm=0.086 cyc_w=5.00 id_w=0.00 12.15 it/s
step 243800/370000 G=1.484 Dp=0.219 Dm=0.063 cyc_w=5.00 id_w=0.00 12.15 it/s
step 243850/370000 G=1.603 Dp=0.434 Dm=0.148 cyc_w=5.00 id_w=0.00 12.15 it/s
step 243900/370000 G=1.628 Dp=0.230 Dm=0.101 cyc_w=5.00 id_w=0.00 12.16 it/s
step 243950/370000 G=1.897 Dp=0.110 Dm=0.066 cyc_w=5.00 id_w=0.00 12.16 it/s
step 244000/370000 G=1.567 Dp=0.173 Dm=0.233 cyc_w=5.00 id_w=0.00 12.16 it/s
step 244050/370000 G=1.757 Dp=0.273 Dm=0.068 cyc_w=5.00 id_w=0.00 12.16 it/s
step 244100/370000 G=1.327 Dp=0.113 Dm=0.163 cyc_w=5.00 id_w=0.00 12.16 it/s
step 244150/370000 G=2.179 Dp=0.117 Dm=0.064 cyc_w=5.00 id_w=0.00 12.16 it/s
step 244200/370000 G=2.451 Dp=0.265 Dm=0.066 cyc_w=5.00 id_w=0.00 12.17 it/s
step 244250/370000 G=1.745 Dp=0.147 Dm=0.073 cyc_w=5.00 id_w=0.00 12.17 it/s
step 244300/370000 G=2.178 Dp=0.154 Dm=0.097 cyc_w=5.00 id_w=0.00 12.17 it/s
step 244350/370000 G=2.002 Dp=0.132 Dm=0.088 cyc_w=5.00 id_w=0.00 12.17 it/s
step 244400/370000 G=1.604 Dp=0.135 Dm=0.096 cyc_w=5.00 id_w=0.00 12.17 it/s
step 244450/370000 G=1.628 Dp=0.065 Dm=0.079 cyc_w=5.00 id_w=0.00 12.17 it/s
step 244500/370000 G=1.521 Dp=0.122 Dm=0.055 cyc_w=5.00 id_w=0.00 12.18 it/s
step 244550/370000 G=2.259 Dp=0.055 Dm=0.043 cyc_w=5.00 id_w=0.00 12.18 it/s
step 244600/370000 G=2.248 Dp=0.152 Dm=0.037 cyc_w=5.00 id_w=0.00 12.18 it/s
step 244650/370000 G=1.721 Dp=0.166 Dm=0.114 cyc_w=5.00 id_w=0.00 12.18 it/s
step 244700/370000 G=2.237 Dp=0.089 Dm=0.167 cyc_w=5.00 id_w=0.00 12.18 it/s
step 244750/370000 G=2.149 Dp=0.195 Dm=0.062 cyc_w=5.00 id_w=0.00 12.18 it/s
step 244800/370000 G=1.865 Dp=0.191 Dm=0.081 cyc_w=5.00 id_w=0.00 12.19 it/s
step 244850/370000 G=1.636 Dp=0.200 Dm=0.074 cyc_w=5.00 id_w=0.00 12.19 it/s
step 244900/370000 G=2.023 Dp=0.241 Dm=0.105 cyc_w=5.00 id_w=0.00 12.19 it/s
step 244950/370000 G=2.546 Dp=0.145 Dm=0.108 cyc_w=5.00 id_w=0.00 12.19 it/s
step 245000/370000 G=1.674 Dp=0.169 Dm=0.029 cyc_w=5.00 id_w=0.00 12.19 it/s
step 245050/370000 G=2.019 Dp=0.191 Dm=0.050 cyc_w=5.00 id_w=0.00 12.19 it/s
step 245100/370000 G=1.285 Dp=0.090 Dm=0.181 cyc_w=5.00 id_w=0.00 12.20 it/s
step 245150/370000 G=1.837 Dp=0.083 Dm=0.108 cyc_w=5.00 id_w=0.00 12.20 it/s
step 245200/370000 G=1.855 Dp=0.271 Dm=0.179 cyc_w=5.00 id_w=0.00 12.20 it/s
step 245250/370000 G=1.280 Dp=0.300 Dm=0.059 cyc_w=5.00 id_w=0.00 12.20 it/s
step 245300/370000 G=2.438 Dp=0.102 Dm=0.035 cyc_w=5.00 id_w=0.00 12.20 it/s
step 245350/370000 G=1.391 Dp=0.239 Dm=0.056 cyc_w=5.00 id_w=0.00 12.20 it/s
step 245400/370000 G=1.935 Dp=0.352 Dm=0.038 cyc_w=5.00 id_w=0.00 12.21 it/s
step 245450/370000 G=1.636 Dp=0.188 Dm=0.060 cyc_w=5.00 id_w=0.00 12.21 it/s
step 245500/370000 G=1.409 Dp=0.061 Dm=0.085 cyc_w=5.00 id_w=0.00 12.21 it/s
step 245550/370000 G=1.759 Dp=0.082 Dm=0.067 cyc_w=5.00 id_w=0.00 12.21 it/s
step 245600/370000 G=1.607 Dp=0.199 Dm=0.045 cyc_w=5.00 id_w=0.00 12.21 it/s
step 245650/370000 G=2.217 Dp=0.249 Dm=0.084 cyc_w=5.00 id_w=0.00 12.21 it/s
step 245700/370000 G=1.960 Dp=0.085 Dm=0.072 cyc_w=5.00 id_w=0.00 12.22 it/s
step 245750/370000 G=2.074 Dp=0.114 Dm=0.051 cyc_w=5.00 id_w=0.00 12.22 it/s
step 245800/370000 G=1.772 Dp=0.099 Dm=0.042 cyc_w=5.00 id_w=0.00 12.22 it/s
step 245850/370000 G=2.577 Dp=0.174 Dm=0.033 cyc_w=5.00 id_w=0.00 12.22 it/s
step 245900/370000 G=1.513 Dp=0.226 Dm=0.092 cyc_w=5.00 id_w=0.00 12.22 it/s
step 245950/370000 G=2.179 Dp=0.164 Dm=0.048 cyc_w=5.00 id_w=0.00 12.22 it/s
step 246000/370000 G=2.440 Dp=0.131 Dm=0.158 cyc_w=5.00 id_w=0.00 12.23 it/s
step 246050/370000 G=1.428 Dp=0.203 Dm=0.136 cyc_w=5.00 id_w=0.00 12.23 it/s
step 246100/370000 G=1.801 Dp=0.150 Dm=0.085 cyc_w=5.00 id_w=0.00 12.23 it/s
step 246150/370000 G=1.811 Dp=0.245 Dm=0.049 cyc_w=5.00 id_w=0.00 12.23 it/s
step 246200/370000 G=2.040 Dp=0.133 Dm=0.100 cyc_w=5.00 id_w=0.00 12.23 it/s
step 246250/370000 G=1.594 Dp=0.106 Dm=0.146 cyc_w=5.00 id_w=0.00 12.23 it/s
step 246300/370000 G=1.627 Dp=0.172 Dm=0.214 cyc_w=5.00 id_w=0.00 12.24 it/s
step 246350/370000 G=1.803 Dp=0.352 Dm=0.070 cyc_w=5.00 id_w=0.00 12.24 it/s
step 246400/370000 G=1.879 Dp=0.156 Dm=0.038 cyc_w=5.00 id_w=0.00 12.24 it/s
step 246450/370000 G=2.126 Dp=0.176 Dm=0.026 cyc_w=5.00 id_w=0.00 12.24 it/s
step 246500/370000 G=1.795 Dp=0.127 Dm=0.090 cyc_w=5.00 id_w=0.00 12.24 it/s
step 246550/370000 G=1.465 Dp=0.103 Dm=0.084 cyc_w=5.00 id_w=0.00 12.24 it/s
step 246600/370000 G=1.978 Dp=0.174 Dm=0.081 cyc_w=5.00 id_w=0.00 12.25 it/s
step 246650/370000 G=2.215 Dp=0.135 Dm=0.060 cyc_w=5.00 id_w=0.00 12.25 it/s
step 246700/370000 G=1.869 Dp=0.175 Dm=0.048 cyc_w=5.00 id_w=0.00 12.25 it/s
step 246750/370000 G=0.995 Dp=0.189 Dm=0.037 cyc_w=5.00 id_w=0.00 12.25 it/s
step 246800/370000 G=2.248 Dp=0.158 Dm=0.082 cyc_w=5.00 id_w=0.00 12.25 it/s
step 246850/370000 G=2.117 Dp=0.201 Dm=0.041 cyc_w=5.00 id_w=0.00 12.25 it/s
step 246900/370000 G=1.730 Dp=0.073 Dm=0.112 cyc_w=5.00 id_w=0.00 12.26 it/s
step 246950/370000 G=2.617 Dp=0.226 Dm=0.025 cyc_w=5.00 id_w=0.00 12.26 it/s
step 247000/370000 G=2.114 Dp=0.158 Dm=0.076 cyc_w=5.00 id_w=0.00 12.26 it/s
step 247050/370000 G=2.177 Dp=0.110 Dm=0.075 cyc_w=5.00 id_w=0.00 12.26 it/s
step 247100/370000 G=1.398 Dp=0.266 Dm=0.197 cyc_w=5.00 id_w=0.00 12.26 it/s
step 247150/370000 G=1.807 Dp=0.274 Dm=0.150 cyc_w=5.00 id_w=0.00 12.26 it/s
step 247200/370000 G=2.331 Dp=0.095 Dm=0.105 cyc_w=5.00 id_w=0.00 12.27 it/s
step 247250/370000 G=1.611 Dp=0.216 Dm=0.064 cyc_w=5.00 id_w=0.00 12.27 it/s
step 247300/370000 G=1.607 Dp=0.229 Dm=0.054 cyc_w=5.00 id_w=0.00 12.27 it/s
step 247350/370000 G=1.720 Dp=0.147 Dm=0.093 cyc_w=5.00 id_w=0.00 12.27 it/s
step 247400/370000 G=1.902 Dp=0.091 Dm=0.054 cyc_w=5.00 id_w=0.00 12.27 it/s
step 247450/370000 G=2.021 Dp=0.267 Dm=0.117 cyc_w=5.00 id_w=0.00 12.27 it/s
step 247500/370000 G=1.601 Dp=0.229 Dm=0.088 cyc_w=5.00 id_w=0.00 12.28 it/s
step 247550/370000 G=1.756 Dp=0.134 Dm=0.057 cyc_w=5.00 id_w=0.00 12.28 it/s
step 247600/370000 G=1.902 Dp=0.125 Dm=0.071 cyc_w=5.00 id_w=0.00 12.28 it/s
step 247650/370000 G=1.555 Dp=0.172 Dm=0.087 cyc_w=5.00 id_w=0.00 12.28 it/s
step 247700/370000 G=2.559 Dp=0.254 Dm=0.042 cyc_w=5.00 id_w=0.00 12.28 it/s
step 247750/370000 G=1.450 Dp=0.238 Dm=0.049 cyc_w=5.00 id_w=0.00 12.28 it/s
step 247800/370000 G=1.516 Dp=0.114 Dm=0.108 cyc_w=5.00 id_w=0.00 12.29 it/s
step 247850/370000 G=1.830 Dp=0.211 Dm=0.047 cyc_w=5.00 id_w=0.00 12.29 it/s
step 247900/370000 G=1.553 Dp=0.160 Dm=0.040 cyc_w=5.00 id_w=0.00 12.29 it/s
step 247950/370000 G=1.943 Dp=0.189 Dm=0.037 cyc_w=5.00 id_w=0.00 12.29 it/s
step 248000/370000 G=1.255 Dp=0.128 Dm=0.086 cyc_w=5.00 id_w=0.00 12.29 it/s
step 248050/370000 G=1.524 Dp=0.277 Dm=0.084 cyc_w=5.00 id_w=0.00 12.29 it/s
step 248100/370000 G=1.769 Dp=0.245 Dm=0.024 cyc_w=5.00 id_w=0.00 12.30 it/s
step 248150/370000 G=2.111 Dp=0.220 Dm=0.148 cyc_w=5.00 id_w=0.00 12.30 it/s
step 248200/370000 G=2.800 Dp=0.207 Dm=0.118 cyc_w=5.00 id_w=0.00 12.30 it/s
step 248250/370000 G=2.226 Dp=0.148 Dm=0.116 cyc_w=5.00 id_w=0.00 12.30 it/s
step 248300/370000 G=1.745 Dp=0.107 Dm=0.096 cyc_w=5.00 id_w=0.00 12.30 it/s
step 248350/370000 G=2.409 Dp=0.261 Dm=0.046 cyc_w=5.00 id_w=0.00 12.30 it/s
step 248400/370000 G=2.307 Dp=0.040 Dm=0.041 cyc_w=5.00 id_w=0.00 12.31 it/s
step 248450/370000 G=1.717 Dp=0.192 Dm=0.138 cyc_w=5.00 id_w=0.00 12.31 it/s
step 248500/370000 G=1.497 Dp=0.152 Dm=0.089 cyc_w=5.00 id_w=0.00 12.31 it/s
step 248550/370000 G=1.691 Dp=0.115 Dm=0.060 cyc_w=5.00 id_w=0.00 12.31 it/s
step 248600/370000 G=1.615 Dp=0.145 Dm=0.055 cyc_w=5.00 id_w=0.00 12.31 it/s
step 248650/370000 G=1.451 Dp=0.140 Dm=0.074 cyc_w=5.00 id_w=0.00 12.31 it/s
step 248700/370000 G=2.149 Dp=0.255 Dm=0.053 cyc_w=5.00 id_w=0.00 12.31 it/s
step 248750/370000 G=2.157 Dp=0.266 Dm=0.064 cyc_w=5.00 id_w=0.00 12.32 it/s
step 248800/370000 G=1.810 Dp=0.094 Dm=0.049 cyc_w=5.00 id_w=0.00 12.32 it/s
step 248850/370000 G=1.819 Dp=0.065 Dm=0.022 cyc_w=5.00 id_w=0.00 12.32 it/s
step 248900/370000 G=1.973 Dp=0.125 Dm=0.079 cyc_w=5.00 id_w=0.00 12.32 it/s
step 248950/370000 G=2.092 Dp=0.175 Dm=0.065 cyc_w=5.00 id_w=0.00 12.32 it/s
step 249000/370000 G=1.690 Dp=0.233 Dm=0.027 cyc_w=5.00 id_w=0.00 12.32 it/s
step 249050/370000 G=1.785 Dp=0.215 Dm=0.098 cyc_w=5.00 id_w=0.00 12.33 it/s
step 249100/370000 G=1.956 Dp=0.198 Dm=0.064 cyc_w=5.00 id_w=0.00 12.33 it/s
step 249150/370000 G=1.402 Dp=0.128 Dm=0.093 cyc_w=5.00 id_w=0.00 12.33 it/s
step 249200/370000 G=1.377 Dp=0.289 Dm=0.078 cyc_w=5.00 id_w=0.00 12.33 it/s
step 249250/370000 G=1.547 Dp=0.150 Dm=0.180 cyc_w=5.00 id_w=0.00 12.33 it/s
step 249300/370000 G=1.795 Dp=0.317 Dm=0.059 cyc_w=5.00 id_w=0.00 12.33 it/s
step 249350/370000 G=2.051 Dp=0.175 Dm=0.048 cyc_w=5.00 id_w=0.00 12.34 it/s
step 249400/370000 G=1.386 Dp=0.229 Dm=0.076 cyc_w=5.00 id_w=0.00 12.34 it/s
step 249450/370000 G=2.187 Dp=0.119 Dm=0.031 cyc_w=5.00 id_w=0.00 12.34 it/s
step 249500/370000 G=2.016 Dp=0.103 Dm=0.048 cyc_w=5.00 id_w=0.00 12.34 it/s
step 249550/370000 G=2.133 Dp=0.228 Dm=0.096 cyc_w=5.00 id_w=0.00 12.34 it/s
step 249600/370000 G=1.458 Dp=0.097 Dm=0.084 cyc_w=5.00 id_w=0.00 12.34 it/s
step 249650/370000 G=1.803 Dp=0.224 Dm=0.055 cyc_w=5.00 id_w=0.00 12.35 it/s
step 249700/370000 G=2.028 Dp=0.186 Dm=0.045 cyc_w=5.00 id_w=0.00 12.35 it/s
step 249750/370000 G=2.185 Dp=0.316 Dm=0.120 cyc_w=5.00 id_w=0.00 12.35 it/s
step 249800/370000 G=2.396 Dp=0.200 Dm=0.112 cyc_w=5.00 id_w=0.00 12.35 it/s
step 249850/370000 G=1.817 Dp=0.124 Dm=0.124 cyc_w=5.00 id_w=0.00 12.35 it/s
step 249900/370000 G=2.565 Dp=0.124 Dm=0.071 cyc_w=5.00 id_w=0.00 12.35 it/s
step 249950/370000 G=2.519 Dp=0.180 Dm=0.077 cyc_w=5.00 id_w=0.00 12.36 it/s
step 250000/370000 G=1.699 Dp=0.241 Dm=0.056 cyc_w=5.00 id_w=0.00 12.36 it/s
step 250050/370000 G=1.594 Dp=0.173 Dm=0.075 cyc_w=5.00 id_w=0.00 12.36 it/s
step 250100/370000 G=1.730 Dp=0.200 Dm=0.078 cyc_w=5.00 id_w=0.00 12.36 it/s
step 250150/370000 G=2.090 Dp=0.206 Dm=0.082 cyc_w=5.00 id_w=0.00 12.36 it/s
step 250200/370000 G=1.868 Dp=0.248 Dm=0.070 cyc_w=5.00 id_w=0.00 12.36 it/s
step 250250/370000 G=1.809 Dp=0.200 Dm=0.094 cyc_w=5.00 id_w=0.00 12.37 it/s
step 250300/370000 G=1.424 Dp=0.204 Dm=0.139 cyc_w=5.00 id_w=0.00 12.37 it/s
step 250350/370000 G=2.365 Dp=0.226 Dm=0.073 cyc_w=5.00 id_w=0.00 12.37 it/s
step 250400/370000 G=1.710 Dp=0.192 Dm=0.044 cyc_w=5.00 id_w=0.00 12.37 it/s
step 250450/370000 G=1.575 Dp=0.318 Dm=0.048 cyc_w=5.00 id_w=0.00 12.37 it/s
step 250500/370000 G=1.671 Dp=0.159 Dm=0.072 cyc_w=5.00 id_w=0.00 12.37 it/s
step 250550/370000 G=1.338 Dp=0.209 Dm=0.170 cyc_w=5.00 id_w=0.00 12.38 it/s
step 250600/370000 G=2.008 Dp=0.159 Dm=0.043 cyc_w=5.00 id_w=0.00 12.38 it/s
step 250650/370000 G=1.962 Dp=0.174 Dm=0.178 cyc_w=5.00 id_w=0.00 12.38 it/s
step 250700/370000 G=1.791 Dp=0.128 Dm=0.107 cyc_w=5.00 id_w=0.00 12.38 it/s
step 250750/370000 G=1.716 Dp=0.169 Dm=0.046 cyc_w=5.00 id_w=0.00 12.38 it/s
EVAL {"step": 250750, "variant": "ema", "fid_a2b": 96.32342246105671, "fid_b2a": 93.96997773775622, "mifid_a2b": 0.41559777580049134, "mifid_b2a": 0.39379119709446553, "fid": 95.14670009940647, "mifid": 0.4046944864474784, "composite": 47.77569729292698}
EVAL {"step": 250750, "variant": "ema_slow", "fid_a2b": 96.32029310350168, "fid_b2a": 94.28235816088333, "mifid_a2b": 0.41478973302529504, "mifid_b2a": 0.39503794072925125, "fid": 95.30132563219252, "mifid": 0.4049138368772731, "composite": 47.85311973453489}
EVAL {"step": 250750, "variant": "raw", "fid_a2b": 102.60582632187746, "fid_b2a": 94.72884447197389, "mifid_a2b": 0.4173101056457788, "mifid_b2a": 0.39501340379535, "fid": 98.66733539692567, "mifid": 0.40616175472056437, "composite": 49.53674857582312}
step 250800/370000 G=1.433 Dp=0.155 Dm=0.140 cyc_w=5.00 id_w=0.00 12.36 it/s
step 250850/370000 G=2.164 Dp=0.188 Dm=0.040 cyc_w=5.00 id_w=0.00 12.36 it/s
step 250900/370000 G=1.674 Dp=0.218 Dm=0.084 cyc_w=5.00 id_w=0.00 12.36 it/s
step 250950/370000 G=1.767 Dp=0.094 Dm=0.094 cyc_w=5.00 id_w=0.00 12.36 it/s
step 251000/370000 G=2.205 Dp=0.209 Dm=0.055 cyc_w=5.00 id_w=0.00 12.36 it/s
step 251050/370000 G=2.013 Dp=0.145 Dm=0.049 cyc_w=5.00 id_w=0.00 12.36 it/s
step 251100/370000 G=1.267 Dp=0.115 Dm=0.062 cyc_w=5.00 id_w=0.00 12.36 it/s
step 251150/370000 G=1.839 Dp=0.409 Dm=0.089 cyc_w=5.00 id_w=0.00 12.37 it/s
step 251200/370000 G=2.083 Dp=0.135 Dm=0.051 cyc_w=5.00 id_w=0.00 12.37 it/s
step 251250/370000 G=2.140 Dp=0.276 Dm=0.045 cyc_w=5.00 id_w=0.00 12.37 it/s
step 251300/370000 G=1.726 Dp=0.117 Dm=0.049 cyc_w=5.00 id_w=0.00 12.37 it/s
step 251350/370000 G=1.982 Dp=0.048 Dm=0.077 cyc_w=5.00 id_w=0.00 12.37 it/s
step 251400/370000 G=1.534 Dp=0.370 Dm=0.063 cyc_w=5.00 id_w=0.00 12.37 it/s
step 251450/370000 G=1.935 Dp=0.096 Dm=0.049 cyc_w=5.00 id_w=0.00 12.38 it/s
step 251500/370000 G=1.702 Dp=0.157 Dm=0.070 cyc_w=5.00 id_w=0.00 12.38 it/s
step 251550/370000 G=1.368 Dp=0.277 Dm=0.128 cyc_w=5.00 id_w=0.00 12.38 it/s
step 251600/370000 G=1.935 Dp=0.260 Dm=0.124 cyc_w=5.00 id_w=0.00 12.38 it/s
step 251650/370000 G=1.633 Dp=0.193 Dm=0.147 cyc_w=5.00 id_w=0.00 12.38 it/s
step 251700/370000 G=1.547 Dp=0.137 Dm=0.110 cyc_w=5.00 id_w=0.00 12.38 it/s
step 251750/370000 G=1.783 Dp=0.079 Dm=0.039 cyc_w=5.00 id_w=0.00 12.39 it/s
step 251800/370000 G=2.392 Dp=0.215 Dm=0.108 cyc_w=5.00 id_w=0.00 12.39 it/s
step 251850/370000 G=1.441 Dp=0.207 Dm=0.084 cyc_w=5.00 id_w=0.00 12.39 it/s
step 251900/370000 G=1.914 Dp=0.176 Dm=0.041 cyc_w=5.00 id_w=0.00 12.39 it/s
step 251950/370000 G=1.656 Dp=0.169 Dm=0.136 cyc_w=5.00 id_w=0.00 12.39 it/s
step 252000/370000 G=1.831 Dp=0.224 Dm=0.038 cyc_w=5.00 id_w=0.00 12.39 it/s
step 252050/370000 G=1.885 Dp=0.345 Dm=0.142 cyc_w=5.00 id_w=0.00 12.40 it/s
step 252100/370000 G=1.958 Dp=0.237 Dm=0.068 cyc_w=5.00 id_w=0.00 12.40 it/s
step 252150/370000 G=1.787 Dp=0.152 Dm=0.063 cyc_w=5.00 id_w=0.00 12.40 it/s
step 252200/370000 G=1.551 Dp=0.065 Dm=0.071 cyc_w=5.00 id_w=0.00 12.40 it/s
step 252250/370000 G=1.944 Dp=0.196 Dm=0.047 cyc_w=5.00 id_w=0.00 12.40 it/s
step 252300/370000 G=1.652 Dp=0.036 Dm=0.164 cyc_w=5.00 id_w=0.00 12.40 it/s
step 252350/370000 G=1.247 Dp=0.247 Dm=0.041 cyc_w=5.00 id_w=0.00 12.41 it/s
step 252400/370000 G=2.319 Dp=0.128 Dm=0.058 cyc_w=5.00 id_w=0.00 12.41 it/s
step 252450/370000 G=1.939 Dp=0.289 Dm=0.095 cyc_w=5.00 id_w=0.00 12.41 it/s
step 252500/370000 G=1.658 Dp=0.102 Dm=0.053 cyc_w=5.00 id_w=0.00 12.41 it/s
step 252550/370000 G=1.933 Dp=0.192 Dm=0.122 cyc_w=5.00 id_w=0.00 12.41 it/s
step 252600/370000 G=1.508 Dp=0.031 Dm=0.141 cyc_w=5.00 id_w=0.00 12.41 it/s
step 252650/370000 G=1.359 Dp=0.325 Dm=0.085 cyc_w=5.00 id_w=0.00 12.42 it/s
step 252700/370000 G=1.976 Dp=0.198 Dm=0.031 cyc_w=5.00 id_w=0.00 12.42 it/s
step 252750/370000 G=1.770 Dp=0.134 Dm=0.062 cyc_w=5.00 id_w=0.00 12.42 it/s
step 252800/370000 G=2.011 Dp=0.082 Dm=0.058 cyc_w=5.00 id_w=0.00 12.42 it/s
step 252850/370000 G=1.746 Dp=0.116 Dm=0.076 cyc_w=5.00 id_w=0.00 12.42 it/s
step 252900/370000 G=2.184 Dp=0.126 Dm=0.115 cyc_w=5.00 id_w=0.00 12.42 it/s
step 252950/370000 G=2.082 Dp=0.289 Dm=0.175 cyc_w=5.00 id_w=0.00 12.43 it/s
step 253000/370000 G=1.830 Dp=0.198 Dm=0.090 cyc_w=5.00 id_w=0.00 12.43 it/s
step 253050/370000 G=1.660 Dp=0.085 Dm=0.084 cyc_w=5.00 id_w=0.00 12.43 it/s
step 253100/370000 G=1.848 Dp=0.221 Dm=0.063 cyc_w=5.00 id_w=0.00 12.43 it/s
step 253150/370000 G=2.110 Dp=0.110 Dm=0.054 cyc_w=5.00 id_w=0.00 12.43 it/s
step 253200/370000 G=1.706 Dp=0.308 Dm=0.069 cyc_w=5.00 id_w=0.00 12.43 it/s
step 253250/370000 G=1.669 Dp=0.341 Dm=0.080 cyc_w=5.00 id_w=0.00 12.44 it/s
step 253300/370000 G=1.677 Dp=0.091 Dm=0.207 cyc_w=5.00 id_w=0.00 12.44 it/s
step 253350/370000 G=1.776 Dp=0.099 Dm=0.038 cyc_w=5.00 id_w=0.00 12.44 it/s
step 253400/370000 G=1.711 Dp=0.116 Dm=0.041 cyc_w=5.00 id_w=0.00 12.44 it/s
step 253450/370000 G=2.048 Dp=0.146 Dm=0.087 cyc_w=5.00 id_w=0.00 12.44 it/s
step 253500/370000 G=1.933 Dp=0.383 Dm=0.092 cyc_w=5.00 id_w=0.00 12.44 it/s
step 253550/370000 G=1.787 Dp=0.073 Dm=0.042 cyc_w=5.00 id_w=0.00 12.45 it/s
step 253600/370000 G=1.897 Dp=0.099 Dm=0.069 cyc_w=5.00 id_w=0.00 12.45 it/s
step 253650/370000 G=2.131 Dp=0.114 Dm=0.105 cyc_w=5.00 id_w=0.00 12.45 it/s
step 253700/370000 G=1.619 Dp=0.163 Dm=0.062 cyc_w=5.00 id_w=0.00 12.45 it/s
step 253750/370000 G=2.032 Dp=0.200 Dm=0.081 cyc_w=5.00 id_w=0.00 12.45 it/s
step 253800/370000 G=1.664 Dp=0.153 Dm=0.053 cyc_w=5.00 id_w=0.00 12.45 it/s
step 253850/370000 G=1.674 Dp=0.112 Dm=0.045 cyc_w=5.00 id_w=0.00 12.45 it/s
step 253900/370000 G=1.663 Dp=0.255 Dm=0.118 cyc_w=5.00 id_w=0.00 12.46 it/s
step 253950/370000 G=1.284 Dp=0.277 Dm=0.076 cyc_w=5.00 id_w=0.00 12.46 it/s
step 254000/370000 G=2.610 Dp=0.178 Dm=0.038 cyc_w=5.00 id_w=0.00 12.46 it/s
step 254050/370000 G=1.640 Dp=0.125 Dm=0.067 cyc_w=5.00 id_w=0.00 12.46 it/s
step 254100/370000 G=2.376 Dp=0.192 Dm=0.041 cyc_w=5.00 id_w=0.00 12.46 it/s
step 254150/370000 G=1.507 Dp=0.148 Dm=0.132 cyc_w=5.00 id_w=0.00 12.46 it/s
step 254200/370000 G=1.699 Dp=0.080 Dm=0.204 cyc_w=5.00 id_w=0.00 12.47 it/s
step 254250/370000 G=1.690 Dp=0.122 Dm=0.063 cyc_w=5.00 id_w=0.00 12.47 it/s
step 254300/370000 G=1.892 Dp=0.150 Dm=0.060 cyc_w=5.00 id_w=0.00 12.47 it/s
step 254350/370000 G=1.920 Dp=0.262 Dm=0.060 cyc_w=5.00 id_w=0.00 12.47 it/s
step 254400/370000 G=2.001 Dp=0.191 Dm=0.049 cyc_w=5.00 id_w=0.00 12.47 it/s
step 254450/370000 G=1.850 Dp=0.214 Dm=0.156 cyc_w=5.00 id_w=0.00 12.47 it/s
step 254500/370000 G=1.674 Dp=0.218 Dm=0.118 cyc_w=5.00 id_w=0.00 12.48 it/s
step 254550/370000 G=2.040 Dp=0.296 Dm=0.037 cyc_w=5.00 id_w=0.00 12.48 it/s
step 254600/370000 G=2.092 Dp=0.197 Dm=0.044 cyc_w=5.00 id_w=0.00 12.48 it/s
step 254650/370000 G=1.434 Dp=0.182 Dm=0.043 cyc_w=5.00 id_w=0.00 12.48 it/s
step 254700/370000 G=2.176 Dp=0.187 Dm=0.076 cyc_w=5.00 id_w=0.00 12.48 it/s
step 254750/370000 G=1.856 Dp=0.166 Dm=0.078 cyc_w=5.00 id_w=0.00 12.48 it/s
step 254800/370000 G=1.654 Dp=0.138 Dm=0.070 cyc_w=5.00 id_w=0.00 12.49 it/s
step 254850/370000 G=2.306 Dp=0.130 Dm=0.056 cyc_w=5.00 id_w=0.00 12.49 it/s
step 254900/370000 G=2.513 Dp=0.071 Dm=0.082 cyc_w=5.00 id_w=0.00 12.49 it/s
step 254950/370000 G=1.629 Dp=0.230 Dm=0.063 cyc_w=5.00 id_w=0.00 12.49 it/s
step 255000/370000 G=2.641 Dp=0.168 Dm=0.067 cyc_w=5.00 id_w=0.00 12.49 it/s
step 255050/370000 G=2.113 Dp=0.135 Dm=0.041 cyc_w=5.00 id_w=0.00 12.49 it/s
step 255100/370000 G=1.654 Dp=0.255 Dm=0.105 cyc_w=5.00 id_w=0.00 12.50 it/s
step 255150/370000 G=1.533 Dp=0.089 Dm=0.170 cyc_w=5.00 id_w=0.00 12.50 it/s
step 255200/370000 G=2.145 Dp=0.321 Dm=0.050 cyc_w=5.00 id_w=0.00 12.50 it/s
step 255250/370000 G=2.227 Dp=0.153 Dm=0.056 cyc_w=5.00 id_w=0.00 12.50 it/s
step 255300/370000 G=1.578 Dp=0.215 Dm=0.103 cyc_w=5.00 id_w=0.00 12.50 it/s
step 255350/370000 G=2.306 Dp=0.179 Dm=0.087 cyc_w=5.00 id_w=0.00 12.50 it/s
step 255400/370000 G=1.681 Dp=0.192 Dm=0.206 cyc_w=5.00 id_w=0.00 12.51 it/s
step 255450/370000 G=2.139 Dp=0.264 Dm=0.068 cyc_w=5.00 id_w=0.00 12.51 it/s
step 255500/370000 G=1.770 Dp=0.243 Dm=0.111 cyc_w=5.00 id_w=0.00 12.51 it/s
step 255550/370000 G=1.459 Dp=0.208 Dm=0.088 cyc_w=5.00 id_w=0.00 12.51 it/s
step 255600/370000 G=1.901 Dp=0.138 Dm=0.150 cyc_w=5.00 id_w=0.00 12.51 it/s
step 255650/370000 G=2.264 Dp=0.207 Dm=0.042 cyc_w=5.00 id_w=0.00 12.51 it/s
step 255700/370000 G=1.568 Dp=0.245 Dm=0.052 cyc_w=5.00 id_w=0.00 12.51 it/s
step 255750/370000 G=1.907 Dp=0.189 Dm=0.095 cyc_w=5.00 id_w=0.00 12.52 it/s
step 255800/370000 G=1.629 Dp=0.190 Dm=0.060 cyc_w=5.00 id_w=0.00 12.52 it/s
step 255850/370000 G=1.790 Dp=0.151 Dm=0.061 cyc_w=5.00 id_w=0.00 12.52 it/s
step 255900/370000 G=1.929 Dp=0.177 Dm=0.091 cyc_w=5.00 id_w=0.00 12.52 it/s
step 255950/370000 G=1.275 Dp=0.133 Dm=0.121 cyc_w=5.00 id_w=0.00 12.52 it/s
step 256000/370000 G=1.539 Dp=0.268 Dm=0.078 cyc_w=5.00 id_w=0.00 12.52 it/s
step 256050/370000 G=2.010 Dp=0.297 Dm=0.068 cyc_w=5.00 id_w=0.00 12.53 it/s
step 256100/370000 G=2.338 Dp=0.167 Dm=0.044 cyc_w=5.00 id_w=0.00 12.53 it/s
step 256150/370000 G=1.912 Dp=0.094 Dm=0.097 cyc_w=5.00 id_w=0.00 12.53 it/s
step 256200/370000 G=1.635 Dp=0.135 Dm=0.131 cyc_w=5.00 id_w=0.00 12.53 it/s
step 256250/370000 G=1.646 Dp=0.246 Dm=0.094 cyc_w=5.00 id_w=0.00 12.53 it/s
step 256300/370000 G=2.075 Dp=0.146 Dm=0.051 cyc_w=5.00 id_w=0.00 12.53 it/s
step 256350/370000 G=1.420 Dp=0.161 Dm=0.079 cyc_w=5.00 id_w=0.00 12.54 it/s
step 256400/370000 G=2.060 Dp=0.160 Dm=0.095 cyc_w=5.00 id_w=0.00 12.54 it/s
step 256450/370000 G=2.153 Dp=0.116 Dm=0.217 cyc_w=5.00 id_w=0.00 12.54 it/s
step 256500/370000 G=1.659 Dp=0.258 Dm=0.033 cyc_w=5.00 id_w=0.00 12.54 it/s
step 256550/370000 G=1.752 Dp=0.206 Dm=0.232 cyc_w=5.00 id_w=0.00 12.54 it/s
step 256600/370000 G=1.806 Dp=0.076 Dm=0.041 cyc_w=5.00 id_w=0.00 12.54 it/s
step 256650/370000 G=1.901 Dp=0.100 Dm=0.062 cyc_w=5.00 id_w=0.00 12.55 it/s
step 256700/370000 G=1.686 Dp=0.082 Dm=0.128 cyc_w=5.00 id_w=0.00 12.55 it/s
step 256750/370000 G=1.951 Dp=0.214 Dm=0.061 cyc_w=5.00 id_w=0.00 12.55 it/s
step 256800/370000 G=1.508 Dp=0.295 Dm=0.098 cyc_w=5.00 id_w=0.00 12.55 it/s
step 256850/370000 G=1.807 Dp=0.330 Dm=0.099 cyc_w=5.00 id_w=0.00 12.55 it/s
step 256900/370000 G=1.608 Dp=0.105 Dm=0.055 cyc_w=5.00 id_w=0.00 12.55 it/s
step 256950/370000 G=2.034 Dp=0.109 Dm=0.049 cyc_w=5.00 id_w=0.00 12.56 it/s
step 257000/370000 G=1.570 Dp=0.193 Dm=0.113 cyc_w=5.00 id_w=0.00 12.56 it/s
step 257050/370000 G=1.766 Dp=0.195 Dm=0.060 cyc_w=5.00 id_w=0.00 12.56 it/s
step 257100/370000 G=2.702 Dp=0.202 Dm=0.066 cyc_w=5.00 id_w=0.00 12.56 it/s
step 257150/370000 G=1.829 Dp=0.207 Dm=0.102 cyc_w=5.00 id_w=0.00 12.56 it/s
step 257200/370000 G=1.924 Dp=0.204 Dm=0.083 cyc_w=5.00 id_w=0.00 12.56 it/s
step 257250/370000 G=1.648 Dp=0.292 Dm=0.105 cyc_w=5.00 id_w=0.00 12.56 it/s
step 257300/370000 G=1.657 Dp=0.319 Dm=0.086 cyc_w=5.00 id_w=0.00 12.57 it/s
step 257350/370000 G=1.577 Dp=0.197 Dm=0.047 cyc_w=5.00 id_w=0.00 12.57 it/s
step 257400/370000 G=1.800 Dp=0.108 Dm=0.110 cyc_w=5.00 id_w=0.00 12.57 it/s
step 257450/370000 G=1.608 Dp=0.140 Dm=0.069 cyc_w=5.00 id_w=0.00 12.57 it/s
step 257500/370000 G=2.174 Dp=0.148 Dm=0.078 cyc_w=5.00 id_w=0.00 12.57 it/s
step 257550/370000 G=1.729 Dp=0.237 Dm=0.033 cyc_w=5.00 id_w=0.00 12.57 it/s
step 257600/370000 G=1.488 Dp=0.081 Dm=0.076 cyc_w=5.00 id_w=0.00 12.58 it/s
step 257650/370000 G=1.858 Dp=0.361 Dm=0.063 cyc_w=5.00 id_w=0.00 12.58 it/s
step 257700/370000 G=1.770 Dp=0.164 Dm=0.061 cyc_w=5.00 id_w=0.00 12.58 it/s
step 257750/370000 G=2.040 Dp=0.041 Dm=0.080 cyc_w=5.00 id_w=0.00 12.58 it/s
step 257800/370000 G=1.579 Dp=0.149 Dm=0.092 cyc_w=5.00 id_w=0.00 12.58 it/s
step 257850/370000 G=1.549 Dp=0.203 Dm=0.027 cyc_w=5.00 id_w=0.00 12.58 it/s
step 257900/370000 G=1.810 Dp=0.435 Dm=0.041 cyc_w=5.00 id_w=0.00 12.59 it/s
step 257950/370000 G=2.167 Dp=0.116 Dm=0.177 cyc_w=5.00 id_w=0.00 12.59 it/s
step 258000/370000 G=1.636 Dp=0.125 Dm=0.103 cyc_w=5.00 id_w=0.00 12.59 it/s
step 258050/370000 G=2.136 Dp=0.155 Dm=0.037 cyc_w=5.00 id_w=0.00 12.59 it/s
step 258100/370000 G=2.145 Dp=0.067 Dm=0.085 cyc_w=5.00 id_w=0.00 12.59 it/s
step 258150/370000 G=1.804 Dp=0.147 Dm=0.070 cyc_w=5.00 id_w=0.00 12.59 it/s
step 258200/370000 G=2.008 Dp=0.207 Dm=0.083 cyc_w=5.00 id_w=0.00 12.60 it/s
step 258250/370000 G=1.274 Dp=0.267 Dm=0.168 cyc_w=5.00 id_w=0.00 12.60 it/s
step 258300/370000 G=1.390 Dp=0.190 Dm=0.073 cyc_w=5.00 id_w=0.00 12.60 it/s
step 258350/370000 G=1.472 Dp=0.163 Dm=0.087 cyc_w=5.00 id_w=0.00 12.60 it/s
step 258400/370000 G=1.859 Dp=0.325 Dm=0.078 cyc_w=5.00 id_w=0.00 12.60 it/s
step 258450/370000 G=1.461 Dp=0.198 Dm=0.094 cyc_w=5.00 id_w=0.00 12.60 it/s
step 258500/370000 G=2.672 Dp=0.110 Dm=0.081 cyc_w=5.00 id_w=0.00 12.60 it/s
step 258550/370000 G=1.547 Dp=0.274 Dm=0.043 cyc_w=5.00 id_w=0.00 12.61 it/s
step 258600/370000 G=1.682 Dp=0.156 Dm=0.076 cyc_w=5.00 id_w=0.00 12.61 it/s
step 258650/370000 G=1.678 Dp=0.106 Dm=0.069 cyc_w=5.00 id_w=0.00 12.61 it/s
step 258700/370000 G=2.293 Dp=0.162 Dm=0.037 cyc_w=5.00 id_w=0.00 12.61 it/s
step 258750/370000 G=1.667 Dp=0.210 Dm=0.045 cyc_w=5.00 id_w=0.00 12.61 it/s
step 258800/370000 G=1.971 Dp=0.090 Dm=0.052 cyc_w=5.00 id_w=0.00 12.61 it/s
step 258850/370000 G=2.372 Dp=0.132 Dm=0.049 cyc_w=5.00 id_w=0.00 12.62 it/s
step 258900/370000 G=1.665 Dp=0.175 Dm=0.119 cyc_w=5.00 id_w=0.00 12.62 it/s
step 258950/370000 G=1.655 Dp=0.271 Dm=0.039 cyc_w=5.00 id_w=0.00 12.62 it/s
step 259000/370000 G=1.634 Dp=0.228 Dm=0.158 cyc_w=5.00 id_w=0.00 12.62 it/s
step 259050/370000 G=1.759 Dp=0.137 Dm=0.085 cyc_w=5.00 id_w=0.00 12.62 it/s
step 259100/370000 G=1.571 Dp=0.125 Dm=0.071 cyc_w=5.00 id_w=0.00 12.62 it/s
step 259150/370000 G=1.708 Dp=0.228 Dm=0.021 cyc_w=5.00 id_w=0.00 12.63 it/s
step 259200/370000 G=2.135 Dp=0.097 Dm=0.091 cyc_w=5.00 id_w=0.00 12.63 it/s
step 259250/370000 G=1.671 Dp=0.119 Dm=0.157 cyc_w=5.00 id_w=0.00 12.63 it/s
step 259300/370000 G=1.484 Dp=0.121 Dm=0.064 cyc_w=5.00 id_w=0.00 12.63 it/s
step 259350/370000 G=1.852 Dp=0.164 Dm=0.041 cyc_w=5.00 id_w=0.00 12.63 it/s
step 259400/370000 G=1.546 Dp=0.168 Dm=0.051 cyc_w=5.00 id_w=0.00 12.63 it/s
step 259450/370000 G=1.829 Dp=0.058 Dm=0.043 cyc_w=5.00 id_w=0.00 12.64 it/s
step 259500/370000 G=1.615 Dp=0.048 Dm=0.133 cyc_w=5.00 id_w=0.00 12.64 it/s
step 259550/370000 G=1.578 Dp=0.363 Dm=0.047 cyc_w=5.00 id_w=0.00 12.64 it/s
step 259600/370000 G=2.104 Dp=0.129 Dm=0.084 cyc_w=5.00 id_w=0.00 12.64 it/s
step 259650/370000 G=1.786 Dp=0.085 Dm=0.068 cyc_w=5.00 id_w=0.00 12.64 it/s
step 259700/370000 G=1.637 Dp=0.233 Dm=0.050 cyc_w=5.00 id_w=0.00 12.64 it/s
step 259750/370000 G=1.882 Dp=0.176 Dm=0.099 cyc_w=5.00 id_w=0.00 12.64 it/s
step 259800/370000 G=2.106 Dp=0.129 Dm=0.090 cyc_w=5.00 id_w=0.00 12.65 it/s
step 259850/370000 G=2.051 Dp=0.154 Dm=0.053 cyc_w=5.00 id_w=0.00 12.65 it/s
step 259900/370000 G=1.610 Dp=0.187 Dm=0.115 cyc_w=5.00 id_w=0.00 12.65 it/s
step 259950/370000 G=2.203 Dp=0.039 Dm=0.068 cyc_w=5.00 id_w=0.00 12.65 it/s
step 260000/370000 G=2.521 Dp=0.061 Dm=0.043 cyc_w=5.00 id_w=0.00 12.65 it/s
step 260050/370000 G=2.068 Dp=0.166 Dm=0.097 cyc_w=5.00 id_w=0.00 12.65 it/s
step 260100/370000 G=2.422 Dp=0.192 Dm=0.090 cyc_w=5.00 id_w=0.00 12.66 it/s
step 260150/370000 G=1.779 Dp=0.192 Dm=0.072 cyc_w=5.00 id_w=0.00 12.66 it/s
step 260200/370000 G=1.064 Dp=0.337 Dm=0.103 cyc_w=5.00 id_w=0.00 12.66 it/s
step 260250/370000 G=1.439 Dp=0.132 Dm=0.127 cyc_w=5.00 id_w=0.00 12.66 it/s
step 260300/370000 G=1.696 Dp=0.230 Dm=0.138 cyc_w=5.00 id_w=0.00 12.66 it/s
step 260350/370000 G=1.443 Dp=0.159 Dm=0.028 cyc_w=5.00 id_w=0.00 12.66 it/s
step 260400/370000 G=1.441 Dp=0.119 Dm=0.050 cyc_w=5.00 id_w=0.00 12.67 it/s
step 260450/370000 G=1.526 Dp=0.081 Dm=0.042 cyc_w=5.00 id_w=0.00 12.67 it/s
step 260500/370000 G=1.835 Dp=0.120 Dm=0.065 cyc_w=5.00 id_w=0.00 12.67 it/s
step 260550/370000 G=1.723 Dp=0.159 Dm=0.041 cyc_w=5.00 id_w=0.00 12.67 it/s
step 260600/370000 G=1.735 Dp=0.178 Dm=0.079 cyc_w=5.00 id_w=0.00 12.67 it/s
step 260650/370000 G=1.729 Dp=0.284 Dm=0.054 cyc_w=5.00 id_w=0.00 12.67 it/s
step 260700/370000 G=1.800 Dp=0.196 Dm=0.042 cyc_w=5.00 id_w=0.00 12.68 it/s
step 260750/370000 G=2.129 Dp=0.144 Dm=0.114 cyc_w=5.00 id_w=0.00 12.68 it/s
step 260800/370000 G=1.699 Dp=0.181 Dm=0.049 cyc_w=5.00 id_w=0.00 12.68 it/s
step 260850/370000 G=1.724 Dp=0.116 Dm=0.069 cyc_w=5.00 id_w=0.00 12.68 it/s
step 260900/370000 G=1.201 Dp=0.142 Dm=0.100 cyc_w=5.00 id_w=0.00 12.68 it/s
step 260950/370000 G=1.764 Dp=0.156 Dm=0.061 cyc_w=5.00 id_w=0.00 12.68 it/s
step 261000/370000 G=1.765 Dp=0.189 Dm=0.057 cyc_w=5.00 id_w=0.00 12.68 it/s
step 261050/370000 G=1.715 Dp=0.253 Dm=0.046 cyc_w=5.00 id_w=0.00 12.69 it/s
step 261100/370000 G=2.116 Dp=0.145 Dm=0.040 cyc_w=5.00 id_w=0.00 12.69 it/s
step 261150/370000 G=1.727 Dp=0.143 Dm=0.087 cyc_w=5.00 id_w=0.00 12.69 it/s
step 261200/370000 G=1.872 Dp=0.115 Dm=0.104 cyc_w=5.00 id_w=0.00 12.69 it/s
step 261250/370000 G=1.820 Dp=0.224 Dm=0.065 cyc_w=5.00 id_w=0.00 12.69 it/s
step 261300/370000 G=1.316 Dp=0.281 Dm=0.055 cyc_w=5.00 id_w=0.00 12.69 it/s
step 261350/370000 G=2.061 Dp=0.321 Dm=0.143 cyc_w=5.00 id_w=0.00 12.70 it/s
step 261400/370000 G=1.795 Dp=0.241 Dm=0.055 cyc_w=5.00 id_w=0.00 12.70 it/s
step 261450/370000 G=2.008 Dp=0.168 Dm=0.069 cyc_w=5.00 id_w=0.00 12.70 it/s
step 261500/370000 G=1.698 Dp=0.169 Dm=0.061 cyc_w=5.00 id_w=0.00 12.70 it/s
step 261550/370000 G=2.456 Dp=0.257 Dm=0.032 cyc_w=5.00 id_w=0.00 12.70 it/s
step 261600/370000 G=1.440 Dp=0.294 Dm=0.114 cyc_w=5.00 id_w=0.00 12.70 it/s
step 261650/370000 G=2.198 Dp=0.170 Dm=0.108 cyc_w=5.00 id_w=0.00 12.71 it/s
step 261700/370000 G=1.794 Dp=0.186 Dm=0.137 cyc_w=5.00 id_w=0.00 12.71 it/s
step 261750/370000 G=1.973 Dp=0.101 Dm=0.030 cyc_w=5.00 id_w=0.00 12.71 it/s
step 261800/370000 G=2.045 Dp=0.195 Dm=0.107 cyc_w=5.00 id_w=0.00 12.71 it/s
step 261850/370000 G=1.896 Dp=0.080 Dm=0.076 cyc_w=5.00 id_w=0.00 12.71 it/s
step 261900/370000 G=1.857 Dp=0.141 Dm=0.077 cyc_w=5.00 id_w=0.00 12.71 it/s
step 261950/370000 G=2.521 Dp=0.158 Dm=0.050 cyc_w=5.00 id_w=0.00 12.72 it/s
step 262000/370000 G=1.742 Dp=0.066 Dm=0.057 cyc_w=5.00 id_w=0.00 12.72 it/s
step 262050/370000 G=2.084 Dp=0.055 Dm=0.084 cyc_w=5.00 id_w=0.00 12.72 it/s
step 262100/370000 G=1.861 Dp=0.278 Dm=0.068 cyc_w=5.00 id_w=0.00 12.72 it/s
step 262150/370000 G=2.155 Dp=0.152 Dm=0.031 cyc_w=5.00 id_w=0.00 12.72 it/s
step 262200/370000 G=1.875 Dp=0.210 Dm=0.039 cyc_w=5.00 id_w=0.00 12.72 it/s
step 262250/370000 G=1.902 Dp=0.234 Dm=0.068 cyc_w=5.00 id_w=0.00 12.72 it/s
step 262300/370000 G=1.941 Dp=0.150 Dm=0.064 cyc_w=5.00 id_w=0.00 12.73 it/s
step 262350/370000 G=2.341 Dp=0.178 Dm=0.034 cyc_w=5.00 id_w=0.00 12.73 it/s
step 262400/370000 G=2.322 Dp=0.188 Dm=0.169 cyc_w=5.00 id_w=0.00 12.73 it/s
step 262450/370000 G=1.956 Dp=0.072 Dm=0.026 cyc_w=5.00 id_w=0.00 12.73 it/s
step 262500/370000 G=1.960 Dp=0.199 Dm=0.066 cyc_w=5.00 id_w=0.00 12.73 it/s
step 262550/370000 G=2.096 Dp=0.135 Dm=0.145 cyc_w=5.00 id_w=0.00 12.73 it/s
step 262600/370000 G=2.342 Dp=0.150 Dm=0.027 cyc_w=5.00 id_w=0.00 12.74 it/s
step 262650/370000 G=1.684 Dp=0.190 Dm=0.086 cyc_w=5.00 id_w=0.00 12.74 it/s
step 262700/370000 G=1.738 Dp=0.343 Dm=0.038 cyc_w=5.00 id_w=0.00 12.74 it/s
step 262750/370000 G=1.801 Dp=0.285 Dm=0.079 cyc_w=5.00 id_w=0.00 12.74 it/s
step 262800/370000 G=2.119 Dp=0.159 Dm=0.033 cyc_w=5.00 id_w=0.00 12.74 it/s
step 262850/370000 G=1.242 Dp=0.274 Dm=0.113 cyc_w=5.00 id_w=0.00 12.74 it/s
step 262900/370000 G=2.015 Dp=0.139 Dm=0.099 cyc_w=5.00 id_w=0.00 12.75 it/s
step 262950/370000 G=1.663 Dp=0.116 Dm=0.063 cyc_w=5.00 id_w=0.00 12.75 it/s
step 263000/370000 G=2.296 Dp=0.073 Dm=0.091 cyc_w=5.00 id_w=0.00 12.75 it/s
step 263050/370000 G=1.313 Dp=0.173 Dm=0.179 cyc_w=5.00 id_w=0.00 12.75 it/s
step 263100/370000 G=1.639 Dp=0.067 Dm=0.067 cyc_w=5.00 id_w=0.00 12.75 it/s
step 263150/370000 G=1.431 Dp=0.196 Dm=0.089 cyc_w=5.00 id_w=0.00 12.75 it/s
step 263200/370000 G=1.633 Dp=0.055 Dm=0.111 cyc_w=5.00 id_w=0.00 12.75 it/s
step 263250/370000 G=1.639 Dp=0.210 Dm=0.109 cyc_w=5.00 id_w=0.00 12.76 it/s
step 263300/370000 G=2.151 Dp=0.151 Dm=0.037 cyc_w=5.00 id_w=0.00 12.76 it/s
step 263350/370000 G=1.529 Dp=0.165 Dm=0.064 cyc_w=5.00 id_w=0.00 12.76 it/s
step 263400/370000 G=1.499 Dp=0.140 Dm=0.052 cyc_w=5.00 id_w=0.00 12.76 it/s
step 263450/370000 G=1.916 Dp=0.164 Dm=0.084 cyc_w=5.00 id_w=0.00 12.76 it/s
step 263500/370000 G=1.653 Dp=0.198 Dm=0.063 cyc_w=5.00 id_w=0.00 12.76 it/s
step 263550/370000 G=2.000 Dp=0.137 Dm=0.144 cyc_w=5.00 id_w=0.00 12.77 it/s
step 263600/370000 G=2.219 Dp=0.181 Dm=0.145 cyc_w=5.00 id_w=0.00 12.77 it/s
step 263650/370000 G=1.699 Dp=0.094 Dm=0.080 cyc_w=5.00 id_w=0.00 12.77 it/s
step 263700/370000 G=1.394 Dp=0.080 Dm=0.074 cyc_w=5.00 id_w=0.00 12.77 it/s
step 263750/370000 G=1.936 Dp=0.262 Dm=0.064 cyc_w=5.00 id_w=0.00 12.77 it/s
step 263800/370000 G=1.462 Dp=0.266 Dm=0.089 cyc_w=5.00 id_w=0.00 12.77 it/s
step 263850/370000 G=1.359 Dp=0.093 Dm=0.069 cyc_w=5.00 id_w=0.00 12.78 it/s
step 263900/370000 G=2.005 Dp=0.292 Dm=0.046 cyc_w=5.00 id_w=0.00 12.78 it/s
step 263950/370000 G=2.029 Dp=0.270 Dm=0.110 cyc_w=5.00 id_w=0.00 12.78 it/s
step 264000/370000 G=2.176 Dp=0.225 Dm=0.058 cyc_w=5.00 id_w=0.00 12.78 it/s
step 264050/370000 G=1.891 Dp=0.165 Dm=0.042 cyc_w=5.00 id_w=0.00 12.78 it/s
step 264100/370000 G=2.410 Dp=0.376 Dm=0.189 cyc_w=5.00 id_w=0.00 12.78 it/s
step 264150/370000 G=1.982 Dp=0.129 Dm=0.128 cyc_w=5.00 id_w=0.00 12.78 it/s
step 264200/370000 G=1.685 Dp=0.123 Dm=0.156 cyc_w=5.00 id_w=0.00 12.79 it/s
step 264250/370000 G=1.940 Dp=0.062 Dm=0.157 cyc_w=5.00 id_w=0.00 12.79 it/s
step 264300/370000 G=1.313 Dp=0.148 Dm=0.111 cyc_w=5.00 id_w=0.00 12.79 it/s
step 264350/370000 G=1.704 Dp=0.120 Dm=0.060 cyc_w=5.00 id_w=0.00 12.79 it/s
step 264400/370000 G=2.390 Dp=0.087 Dm=0.133 cyc_w=5.00 id_w=0.00 12.79 it/s
step 264450/370000 G=1.913 Dp=0.044 Dm=0.044 cyc_w=5.00 id_w=0.00 12.79 it/s
step 264500/370000 G=1.326 Dp=0.299 Dm=0.137 cyc_w=5.00 id_w=0.00 12.80 it/s
step 264550/370000 G=1.752 Dp=0.195 Dm=0.060 cyc_w=5.00 id_w=0.00 12.80 it/s
step 264600/370000 G=1.936 Dp=0.311 Dm=0.045 cyc_w=5.00 id_w=0.00 12.80 it/s
step 264650/370000 G=1.481 Dp=0.242 Dm=0.038 cyc_w=5.00 id_w=0.00 12.80 it/s
step 264700/370000 G=2.328 Dp=0.132 Dm=0.031 cyc_w=5.00 id_w=0.00 12.80 it/s
step 264750/370000 G=1.714 Dp=0.150 Dm=0.061 cyc_w=5.00 id_w=0.00 12.80 it/s
step 264800/370000 G=2.075 Dp=0.133 Dm=0.049 cyc_w=5.00 id_w=0.00 12.81 it/s
step 264850/370000 G=2.053 Dp=0.196 Dm=0.067 cyc_w=5.00 id_w=0.00 12.81 it/s
step 264900/370000 G=1.675 Dp=0.231 Dm=0.045 cyc_w=5.00 id_w=0.00 12.81 it/s
step 264950/370000 G=1.993 Dp=0.174 Dm=0.099 cyc_w=5.00 id_w=0.00 12.81 it/s
step 265000/370000 G=1.652 Dp=0.237 Dm=0.046 cyc_w=5.00 id_w=0.00 12.81 it/s
step 265050/370000 G=2.013 Dp=0.308 Dm=0.085 cyc_w=5.00 id_w=0.00 12.81 it/s
step 265100/370000 G=1.720 Dp=0.049 Dm=0.066 cyc_w=5.00 id_w=0.00 12.81 it/s
step 265150/370000 G=1.798 Dp=0.079 Dm=0.064 cyc_w=5.00 id_w=0.00 12.82 it/s
step 265200/370000 G=1.685 Dp=0.160 Dm=0.038 cyc_w=5.00 id_w=0.00 12.82 it/s
step 265250/370000 G=2.292 Dp=0.067 Dm=0.056 cyc_w=5.00 id_w=0.00 12.82 it/s
step 265300/370000 G=2.351 Dp=0.360 Dm=0.108 cyc_w=5.00 id_w=0.00 12.82 it/s
step 265350/370000 G=1.768 Dp=0.168 Dm=0.097 cyc_w=5.00 id_w=0.00 12.82 it/s
step 265400/370000 G=1.515 Dp=0.309 Dm=0.074 cyc_w=5.00 id_w=0.00 12.82 it/s
step 265450/370000 G=1.598 Dp=0.075 Dm=0.115 cyc_w=5.00 id_w=0.00 12.83 it/s
step 265500/370000 G=1.809 Dp=0.140 Dm=0.056 cyc_w=5.00 id_w=0.00 12.83 it/s
EVAL {"step": 265500, "variant": "ema", "fid_a2b": 97.5754100629629, "fid_b2a": 94.0972071802595, "mifid_a2b": 0.4166979648973927, "mifid_b2a": 0.3927956173212513, "fid": 95.83630862161121, "mifid": 0.404746791109322, "composite": 48.120527706360264}
EVAL {"step": 265500, "variant": "ema_slow", "fid_a2b": 97.28968361804509, "fid_b2a": 93.81054225562627, "mifid_a2b": 0.4160297251491669, "mifid_b2a": 0.392889931896669, "fid": 95.55011293683569, "mifid": 0.40445982852291795, "composite": 47.9772863826793}
EVAL {"step": 265500, "variant": "raw", "fid_a2b": 100.68327367396266, "fid_b2a": 94.74453183217695, "mifid_a2b": 0.4157375067739234, "mifid_b2a": 0.39288822156980746, "fid": 97.7139027530698, "mifid": 0.4043128641718654, "composite": 49.05910780862084}
step 265550/370000 G=1.907 Dp=0.125 Dm=0.109 cyc_w=5.00 id_w=0.00 12.80 it/s
step 265600/370000 G=1.938 Dp=0.081 Dm=0.077 cyc_w=5.00 id_w=0.00 12.80 it/s
step 265650/370000 G=1.759 Dp=0.240 Dm=0.054 cyc_w=5.00 id_w=0.00 12.80 it/s
step 265700/370000 G=1.695 Dp=0.464 Dm=0.072 cyc_w=5.00 id_w=0.00 12.80 it/s
step 265750/370000 G=1.921 Dp=0.184 Dm=0.111 cyc_w=5.00 id_w=0.00 12.81 it/s
step 265800/370000 G=1.712 Dp=0.261 Dm=0.093 cyc_w=5.00 id_w=0.00 12.81 it/s
step 265850/370000 G=1.558 Dp=0.097 Dm=0.050 cyc_w=5.00 id_w=0.00 12.81 it/s
step 265900/370000 G=2.069 Dp=0.139 Dm=0.087 cyc_w=5.00 id_w=0.00 12.81 it/s
step 265950/370000 G=1.345 Dp=0.179 Dm=0.081 cyc_w=5.00 id_w=0.00 12.81 it/s
step 266000/370000 G=1.744 Dp=0.306 Dm=0.105 cyc_w=5.00 id_w=0.00 12.81 it/s
step 266050/370000 G=1.861 Dp=0.117 Dm=0.050 cyc_w=5.00 id_w=0.00 12.82 it/s
step 266100/370000 G=1.857 Dp=0.322 Dm=0.085 cyc_w=5.00 id_w=0.00 12.82 it/s
step 266150/370000 G=1.796 Dp=0.066 Dm=0.055 cyc_w=5.00 id_w=0.00 12.82 it/s
step 266200/370000 G=1.967 Dp=0.091 Dm=0.082 cyc_w=5.00 id_w=0.00 12.82 it/s
step 266250/370000 G=2.215 Dp=0.100 Dm=0.148 cyc_w=5.00 id_w=0.00 12.82 it/s
step 266300/370000 G=2.070 Dp=0.262 Dm=0.088 cyc_w=5.00 id_w=0.00 12.82 it/s
step 266350/370000 G=1.694 Dp=0.252 Dm=0.110 cyc_w=5.00 id_w=0.00 12.83 it/s
step 266400/370000 G=1.735 Dp=0.246 Dm=0.089 cyc_w=5.00 id_w=0.00 12.83 it/s
step 266450/370000 G=1.978 Dp=0.275 Dm=0.048 cyc_w=5.00 id_w=0.00 12.83 it/s
step 266500/370000 G=1.640 Dp=0.063 Dm=0.151 cyc_w=5.00 id_w=0.00 12.83 it/s
step 266550/370000 G=1.789 Dp=0.198 Dm=0.069 cyc_w=5.00 id_w=0.00 12.83 it/s
step 266600/370000 G=2.063 Dp=0.158 Dm=0.047 cyc_w=5.00 id_w=0.00 12.83 it/s
step 266650/370000 G=1.586 Dp=0.180 Dm=0.052 cyc_w=5.00 id_w=0.00 12.83 it/s
step 266700/370000 G=2.311 Dp=0.052 Dm=0.055 cyc_w=5.00 id_w=0.00 12.84 it/s
step 266750/370000 G=1.380 Dp=0.246 Dm=0.049 cyc_w=5.00 id_w=0.00 12.84 it/s
step 266800/370000 G=1.541 Dp=0.218 Dm=0.071 cyc_w=5.00 id_w=0.00 12.84 it/s
step 266850/370000 G=1.578 Dp=0.236 Dm=0.044 cyc_w=5.00 id_w=0.00 12.84 it/s
step 266900/370000 G=1.886 Dp=0.242 Dm=0.076 cyc_w=5.00 id_w=0.00 12.84 it/s
step 266950/370000 G=2.136 Dp=0.158 Dm=0.080 cyc_w=5.00 id_w=0.00 12.84 it/s
step 267000/370000 G=1.748 Dp=0.181 Dm=0.130 cyc_w=5.00 id_w=0.00 12.85 it/s
step 267050/370000 G=2.584 Dp=0.181 Dm=0.046 cyc_w=5.00 id_w=0.00 12.85 it/s
step 267100/370000 G=1.902 Dp=0.260 Dm=0.099 cyc_w=5.00 id_w=0.00 12.85 it/s
step 267150/370000 G=1.849 Dp=0.136 Dm=0.140 cyc_w=5.00 id_w=0.00 12.85 it/s
step 267200/370000 G=1.426 Dp=0.267 Dm=0.158 cyc_w=5.00 id_w=0.00 12.85 it/s
step 267250/370000 G=1.776 Dp=0.063 Dm=0.035 cyc_w=5.00 id_w=0.00 12.85 it/s
step 267300/370000 G=1.799 Dp=0.107 Dm=0.180 cyc_w=5.00 id_w=0.00 12.85 it/s
step 267350/370000 G=2.028 Dp=0.113 Dm=0.058 cyc_w=5.00 id_w=0.00 12.86 it/s
step 267400/370000 G=1.983 Dp=0.053 Dm=0.076 cyc_w=5.00 id_w=0.00 12.86 it/s
step 267450/370000 G=1.803 Dp=0.098 Dm=0.090 cyc_w=5.00 id_w=0.00 12.86 it/s
step 267500/370000 G=1.651 Dp=0.082 Dm=0.069 cyc_w=5.00 id_w=0.00 12.86 it/s
step 267550/370000 G=2.060 Dp=0.194 Dm=0.072 cyc_w=5.00 id_w=0.00 12.86 it/s
step 267600/370000 G=2.019 Dp=0.282 Dm=0.043 cyc_w=5.00 id_w=0.00 12.86 it/s
step 267650/370000 G=1.895 Dp=0.087 Dm=0.066 cyc_w=5.00 id_w=0.00 12.87 it/s
step 267700/370000 G=1.869 Dp=0.068 Dm=0.052 cyc_w=5.00 id_w=0.00 12.87 it/s
step 267750/370000 G=1.882 Dp=0.222 Dm=0.112 cyc_w=5.00 id_w=0.00 12.87 it/s
step 267800/370000 G=2.066 Dp=0.173 Dm=0.202 cyc_w=5.00 id_w=0.00 12.87 it/s
step 267850/370000 G=1.876 Dp=0.105 Dm=0.082 cyc_w=5.00 id_w=0.00 12.87 it/s
step 267900/370000 G=2.033 Dp=0.112 Dm=0.070 cyc_w=5.00 id_w=0.00 12.87 it/s
step 267950/370000 G=1.637 Dp=0.141 Dm=0.083 cyc_w=5.00 id_w=0.00 12.88 it/s
step 268000/370000 G=1.820 Dp=0.065 Dm=0.069 cyc_w=5.00 id_w=0.00 12.88 it/s
step 268050/370000 G=1.838 Dp=0.205 Dm=0.061 cyc_w=5.00 id_w=0.00 12.88 it/s
step 268100/370000 G=2.131 Dp=0.169 Dm=0.062 cyc_w=5.00 id_w=0.00 12.88 it/s
step 268150/370000 G=1.615 Dp=0.070 Dm=0.080 cyc_w=5.00 id_w=0.00 12.88 it/s
step 268200/370000 G=1.637 Dp=0.168 Dm=0.190 cyc_w=5.00 id_w=0.00 12.88 it/s
step 268250/370000 G=2.004 Dp=0.167 Dm=0.058 cyc_w=5.00 id_w=0.00 12.88 it/s
step 268300/370000 G=1.987 Dp=0.291 Dm=0.076 cyc_w=5.00 id_w=0.00 12.89 it/s
step 268350/370000 G=1.851 Dp=0.193 Dm=0.084 cyc_w=5.00 id_w=0.00 12.89 it/s
step 268400/370000 G=2.810 Dp=0.100 Dm=0.059 cyc_w=5.00 id_w=0.00 12.89 it/s
step 268450/370000 G=1.817 Dp=0.190 Dm=0.142 cyc_w=5.00 id_w=0.00 12.89 it/s
step 268500/370000 G=1.569 Dp=0.352 Dm=0.070 cyc_w=5.00 id_w=0.00 12.89 it/s
step 268550/370000 G=2.268 Dp=0.113 Dm=0.031 cyc_w=5.00 id_w=0.00 12.89 it/s
step 268600/370000 G=1.902 Dp=0.157 Dm=0.051 cyc_w=5.00 id_w=0.00 12.90 it/s
step 268650/370000 G=1.214 Dp=0.211 Dm=0.112 cyc_w=5.00 id_w=0.00 12.90 it/s
step 268700/370000 G=1.922 Dp=0.119 Dm=0.058 cyc_w=5.00 id_w=0.00 12.90 it/s
step 268750/370000 G=1.519 Dp=0.200 Dm=0.040 cyc_w=5.00 id_w=0.00 12.90 it/s
step 268800/370000 G=1.951 Dp=0.218 Dm=0.064 cyc_w=5.00 id_w=0.00 12.90 it/s
step 268850/370000 G=2.018 Dp=0.199 Dm=0.068 cyc_w=5.00 id_w=0.00 12.90 it/s
step 268900/370000 G=1.361 Dp=0.322 Dm=0.046 cyc_w=5.00 id_w=0.00 12.91 it/s
step 268950/370000 G=1.808 Dp=0.271 Dm=0.136 cyc_w=5.00 id_w=0.00 12.91 it/s
step 269000/370000 G=2.093 Dp=0.123 Dm=0.068 cyc_w=5.00 id_w=0.00 12.91 it/s
step 269050/370000 G=1.647 Dp=0.197 Dm=0.047 cyc_w=5.00 id_w=0.00 12.91 it/s
step 269100/370000 G=1.642 Dp=0.168 Dm=0.070 cyc_w=5.00 id_w=0.00 12.91 it/s
step 269150/370000 G=1.724 Dp=0.138 Dm=0.059 cyc_w=5.00 id_w=0.00 12.91 it/s
step 269200/370000 G=1.653 Dp=0.224 Dm=0.084 cyc_w=5.00 id_w=0.00 12.91 it/s
step 269250/370000 G=1.499 Dp=0.172 Dm=0.111 cyc_w=5.00 id_w=0.00 12.92 it/s
step 269300/370000 G=2.568 Dp=0.129 Dm=0.057 cyc_w=5.00 id_w=0.00 12.92 it/s
step 269350/370000 G=1.837 Dp=0.156 Dm=0.050 cyc_w=5.00 id_w=0.00 12.92 it/s
step 269400/370000 G=2.225 Dp=0.119 Dm=0.106 cyc_w=5.00 id_w=0.00 12.92 it/s
step 269450/370000 G=1.583 Dp=0.202 Dm=0.063 cyc_w=5.00 id_w=0.00 12.92 it/s
step 269500/370000 G=1.788 Dp=0.283 Dm=0.110 cyc_w=5.00 id_w=0.00 12.92 it/s
step 269550/370000 G=1.306 Dp=0.258 Dm=0.167 cyc_w=5.00 id_w=0.00 12.93 it/s
step 269600/370000 G=1.534 Dp=0.115 Dm=0.160 cyc_w=5.00 id_w=0.00 12.93 it/s
step 269650/370000 G=1.904 Dp=0.241 Dm=0.112 cyc_w=5.00 id_w=0.00 12.93 it/s
step 269700/370000 G=2.371 Dp=0.131 Dm=0.039 cyc_w=5.00 id_w=0.00 12.93 it/s
step 269750/370000 G=2.109 Dp=0.160 Dm=0.030 cyc_w=5.00 id_w=0.00 12.93 it/s
step 269800/370000 G=1.593 Dp=0.208 Dm=0.087 cyc_w=5.00 id_w=0.00 12.93 it/s
step 269850/370000 G=1.872 Dp=0.140 Dm=0.099 cyc_w=5.00 id_w=0.00 12.93 it/s
step 269900/370000 G=1.692 Dp=0.206 Dm=0.120 cyc_w=5.00 id_w=0.00 12.94 it/s
step 269950/370000 G=1.565 Dp=0.187 Dm=0.106 cyc_w=5.00 id_w=0.00 12.94 it/s
step 270000/370000 G=1.791 Dp=0.124 Dm=0.071 cyc_w=5.00 id_w=0.00 12.94 it/s
step 270050/370000 G=1.797 Dp=0.101 Dm=0.053 cyc_w=5.00 id_w=0.00 12.94 it/s
step 270100/370000 G=2.191 Dp=0.060 Dm=0.089 cyc_w=5.00 id_w=0.00 12.94 it/s
step 270150/370000 G=2.017 Dp=0.168 Dm=0.124 cyc_w=5.00 id_w=0.00 12.94 it/s
step 270200/370000 G=2.085 Dp=0.155 Dm=0.043 cyc_w=5.00 id_w=0.00 12.95 it/s
step 270250/370000 G=1.988 Dp=0.159 Dm=0.102 cyc_w=5.00 id_w=0.00 12.95 it/s
step 270300/370000 G=1.658 Dp=0.248 Dm=0.126 cyc_w=5.00 id_w=0.00 12.95 it/s
step 270350/370000 G=1.884 Dp=0.143 Dm=0.045 cyc_w=5.00 id_w=0.00 12.95 it/s
step 270400/370000 G=1.683 Dp=0.286 Dm=0.051 cyc_w=5.00 id_w=0.00 12.95 it/s
step 270450/370000 G=1.726 Dp=0.075 Dm=0.159 cyc_w=5.00 id_w=0.00 12.95 it/s
step 270500/370000 G=2.007 Dp=0.220 Dm=0.046 cyc_w=5.00 id_w=0.00 12.95 it/s
step 270550/370000 G=1.927 Dp=0.165 Dm=0.089 cyc_w=5.00 id_w=0.00 12.96 it/s
step 270600/370000 G=1.949 Dp=0.247 Dm=0.042 cyc_w=5.00 id_w=0.00 12.96 it/s
step 270650/370000 G=1.317 Dp=0.285 Dm=0.198 cyc_w=5.00 id_w=0.00 12.96 it/s
step 270700/370000 G=1.887 Dp=0.117 Dm=0.055 cyc_w=5.00 id_w=0.00 12.96 it/s
step 270750/370000 G=2.022 Dp=0.230 Dm=0.134 cyc_w=5.00 id_w=0.00 12.96 it/s
step 270800/370000 G=2.346 Dp=0.297 Dm=0.040 cyc_w=5.00 id_w=0.00 12.96 it/s
step 270850/370000 G=1.788 Dp=0.162 Dm=0.032 cyc_w=5.00 id_w=0.00 12.97 it/s
step 270900/370000 G=1.741 Dp=0.174 Dm=0.064 cyc_w=5.00 id_w=0.00 12.97 it/s
step 270950/370000 G=2.679 Dp=0.109 Dm=0.051 cyc_w=5.00 id_w=0.00 12.97 it/s
step 271000/370000 G=1.845 Dp=0.287 Dm=0.069 cyc_w=5.00 id_w=0.00 12.97 it/s
step 271050/370000 G=1.533 Dp=0.141 Dm=0.126 cyc_w=5.00 id_w=0.00 12.97 it/s
step 271100/370000 G=1.790 Dp=0.212 Dm=0.065 cyc_w=5.00 id_w=0.00 12.97 it/s
step 271150/370000 G=1.967 Dp=0.081 Dm=0.043 cyc_w=5.00 id_w=0.00 12.97 it/s
step 271200/370000 G=1.586 Dp=0.130 Dm=0.105 cyc_w=5.00 id_w=0.00 12.98 it/s
step 271250/370000 G=1.950 Dp=0.099 Dm=0.038 cyc_w=5.00 id_w=0.00 12.98 it/s
step 271300/370000 G=1.499 Dp=0.260 Dm=0.131 cyc_w=5.00 id_w=0.00 12.98 it/s
step 271350/370000 G=1.484 Dp=0.229 Dm=0.107 cyc_w=5.00 id_w=0.00 12.98 it/s
step 271400/370000 G=1.952 Dp=0.192 Dm=0.108 cyc_w=5.00 id_w=0.00 12.98 it/s
step 271450/370000 G=2.614 Dp=0.163 Dm=0.049 cyc_w=5.00 id_w=0.00 12.98 it/s
step 271500/370000 G=2.186 Dp=0.082 Dm=0.045 cyc_w=5.00 id_w=0.00 12.99 it/s
step 271550/370000 G=1.662 Dp=0.282 Dm=0.112 cyc_w=5.00 id_w=0.00 12.99 it/s
step 271600/370000 G=2.910 Dp=0.203 Dm=0.063 cyc_w=5.00 id_w=0.00 12.99 it/s
step 271650/370000 G=2.246 Dp=0.132 Dm=0.050 cyc_w=5.00 id_w=0.00 12.99 it/s
step 271700/370000 G=2.051 Dp=0.108 Dm=0.042 cyc_w=5.00 id_w=0.00 12.99 it/s
step 271750/370000 G=1.924 Dp=0.065 Dm=0.052 cyc_w=5.00 id_w=0.00 12.99 it/s
step 271800/370000 G=1.784 Dp=0.241 Dm=0.070 cyc_w=5.00 id_w=0.00 13.00 it/s
step 271850/370000 G=1.760 Dp=0.095 Dm=0.031 cyc_w=5.00 id_w=0.00 13.00 it/s
step 271900/370000 G=2.015 Dp=0.094 Dm=0.091 cyc_w=5.00 id_w=0.00 13.00 it/s
step 271950/370000 G=2.121 Dp=0.209 Dm=0.062 cyc_w=5.00 id_w=0.00 13.00 it/s
step 272000/370000 G=1.863 Dp=0.159 Dm=0.096 cyc_w=5.00 id_w=0.00 13.00 it/s
step 272050/370000 G=1.450 Dp=0.155 Dm=0.085 cyc_w=5.00 id_w=0.00 13.00 it/s
step 272100/370000 G=1.978 Dp=0.070 Dm=0.069 cyc_w=5.00 id_w=0.00 13.00 it/s
step 272150/370000 G=1.861 Dp=0.233 Dm=0.029 cyc_w=5.00 id_w=0.00 13.01 it/s
step 272200/370000 G=1.969 Dp=0.207 Dm=0.035 cyc_w=5.00 id_w=0.00 13.01 it/s
step 272250/370000 G=1.626 Dp=0.287 Dm=0.074 cyc_w=5.00 id_w=0.00 13.01 it/s
step 272300/370000 G=2.124 Dp=0.099 Dm=0.052 cyc_w=5.00 id_w=0.00 13.01 it/s
step 272350/370000 G=2.073 Dp=0.167 Dm=0.085 cyc_w=5.00 id_w=0.00 13.01 it/s
step 272400/370000 G=1.782 Dp=0.288 Dm=0.080 cyc_w=5.00 id_w=0.00 13.01 it/s
step 272450/370000 G=1.853 Dp=0.256 Dm=0.082 cyc_w=5.00 id_w=0.00 13.02 it/s
step 272500/370000 G=1.629 Dp=0.174 Dm=0.067 cyc_w=5.00 id_w=0.00 13.02 it/s
step 272550/370000 G=1.562 Dp=0.097 Dm=0.116 cyc_w=5.00 id_w=0.00 13.02 it/s
step 272600/370000 G=1.421 Dp=0.101 Dm=0.136 cyc_w=5.00 id_w=0.00 13.02 it/s
step 272650/370000 G=2.155 Dp=0.076 Dm=0.098 cyc_w=5.00 id_w=0.00 13.02 it/s
step 272700/370000 G=1.651 Dp=0.165 Dm=0.078 cyc_w=5.00 id_w=0.00 13.02 it/s
step 272750/370000 G=1.247 Dp=0.208 Dm=0.028 cyc_w=5.00 id_w=0.00 13.02 it/s
step 272800/370000 G=1.732 Dp=0.091 Dm=0.091 cyc_w=5.00 id_w=0.00 13.03 it/s
step 272850/370000 G=1.890 Dp=0.139 Dm=0.049 cyc_w=5.00 id_w=0.00 13.03 it/s
step 272900/370000 G=1.699 Dp=0.251 Dm=0.079 cyc_w=5.00 id_w=0.00 13.03 it/s
step 272950/370000 G=1.770 Dp=0.214 Dm=0.140 cyc_w=5.00 id_w=0.00 13.03 it/s
step 273000/370000 G=1.682 Dp=0.187 Dm=0.105 cyc_w=5.00 id_w=0.00 13.03 it/s
step 273050/370000 G=2.023 Dp=0.163 Dm=0.057 cyc_w=5.00 id_w=0.00 13.03 it/s
step 273100/370000 G=1.693 Dp=0.196 Dm=0.076 cyc_w=5.00 id_w=0.00 13.04 it/s
step 273150/370000 G=2.001 Dp=0.068 Dm=0.107 cyc_w=5.00 id_w=0.00 13.04 it/s
step 273200/370000 G=1.702 Dp=0.146 Dm=0.074 cyc_w=5.00 id_w=0.00 13.04 it/s
step 273250/370000 G=1.978 Dp=0.141 Dm=0.041 cyc_w=5.00 id_w=0.00 13.04 it/s
step 273300/370000 G=1.980 Dp=0.166 Dm=0.094 cyc_w=5.00 id_w=0.00 13.04 it/s
step 273350/370000 G=2.094 Dp=0.231 Dm=0.052 cyc_w=5.00 id_w=0.00 13.04 it/s
step 273400/370000 G=1.498 Dp=0.218 Dm=0.056 cyc_w=5.00 id_w=0.00 13.04 it/s
step 273450/370000 G=1.574 Dp=0.138 Dm=0.075 cyc_w=5.00 id_w=0.00 13.05 it/s
step 273500/370000 G=2.280 Dp=0.232 Dm=0.090 cyc_w=5.00 id_w=0.00 13.05 it/s
step 273550/370000 G=1.547 Dp=0.154 Dm=0.065 cyc_w=5.00 id_w=0.00 13.05 it/s
step 273600/370000 G=1.503 Dp=0.237 Dm=0.072 cyc_w=5.00 id_w=0.00 13.05 it/s
step 273650/370000 G=1.620 Dp=0.205 Dm=0.061 cyc_w=5.00 id_w=0.00 13.05 it/s
step 273700/370000 G=1.737 Dp=0.171 Dm=0.038 cyc_w=5.00 id_w=0.00 13.05 it/s
step 273750/370000 G=2.060 Dp=0.134 Dm=0.059 cyc_w=5.00 id_w=0.00 13.06 it/s
step 273800/370000 G=1.826 Dp=0.125 Dm=0.038 cyc_w=5.00 id_w=0.00 13.06 it/s
step 273850/370000 G=1.640 Dp=0.276 Dm=0.152 cyc_w=5.00 id_w=0.00 13.06 it/s
step 273900/370000 G=1.683 Dp=0.117 Dm=0.039 cyc_w=5.00 id_w=0.00 13.06 it/s
step 273950/370000 G=1.980 Dp=0.104 Dm=0.034 cyc_w=5.00 id_w=0.00 13.06 it/s
step 274000/370000 G=1.775 Dp=0.118 Dm=0.089 cyc_w=5.00 id_w=0.00 13.06 it/s
step 274050/370000 G=1.813 Dp=0.242 Dm=0.046 cyc_w=5.00 id_w=0.00 13.06 it/s
step 274100/370000 G=1.966 Dp=0.212 Dm=0.033 cyc_w=5.00 id_w=0.00 13.07 it/s
step 274150/370000 G=2.060 Dp=0.120 Dm=0.097 cyc_w=5.00 id_w=0.00 13.07 it/s
step 274200/370000 G=1.569 Dp=0.415 Dm=0.090 cyc_w=5.00 id_w=0.00 13.07 it/s
step 274250/370000 G=1.930 Dp=0.237 Dm=0.213 cyc_w=5.00 id_w=0.00 13.07 it/s
step 274300/370000 G=2.240 Dp=0.222 Dm=0.041 cyc_w=5.00 id_w=0.00 13.07 it/s
step 274350/370000 G=1.342 Dp=0.082 Dm=0.111 cyc_w=5.00 id_w=0.00 13.07 it/s
step 274400/370000 G=1.390 Dp=0.177 Dm=0.040 cyc_w=5.00 id_w=0.00 13.08 it/s
step 274450/370000 G=1.931 Dp=0.158 Dm=0.038 cyc_w=5.00 id_w=0.00 13.08 it/s
step 274500/370000 G=1.624 Dp=0.086 Dm=0.096 cyc_w=5.00 id_w=0.00 13.08 it/s
step 274550/370000 G=2.002 Dp=0.277 Dm=0.036 cyc_w=5.00 id_w=0.00 13.08 it/s
step 274600/370000 G=1.464 Dp=0.127 Dm=0.059 cyc_w=5.00 id_w=0.00 13.08 it/s
step 274650/370000 G=1.956 Dp=0.236 Dm=0.081 cyc_w=5.00 id_w=0.00 13.08 it/s
step 274700/370000 G=2.197 Dp=0.172 Dm=0.089 cyc_w=5.00 id_w=0.00 13.08 it/s
step 274750/370000 G=1.205 Dp=0.267 Dm=0.289 cyc_w=5.00 id_w=0.00 13.09 it/s
step 274800/370000 G=2.602 Dp=0.111 Dm=0.034 cyc_w=5.00 id_w=0.00 13.09 it/s
step 274850/370000 G=1.569 Dp=0.159 Dm=0.100 cyc_w=5.00 id_w=0.00 13.09 it/s
step 274900/370000 G=1.886 Dp=0.118 Dm=0.036 cyc_w=5.00 id_w=0.00 13.09 it/s
step 274950/370000 G=2.036 Dp=0.278 Dm=0.049 cyc_w=5.00 id_w=0.00 13.09 it/s
step 275000/370000 G=1.652 Dp=0.183 Dm=0.042 cyc_w=5.00 id_w=0.00 13.09 it/s
step 275050/370000 G=1.525 Dp=0.217 Dm=0.063 cyc_w=5.00 id_w=0.00 13.10 it/s
step 275100/370000 G=1.934 Dp=0.208 Dm=0.089 cyc_w=5.00 id_w=0.00 13.10 it/s
step 275150/370000 G=2.164 Dp=0.151 Dm=0.052 cyc_w=5.00 id_w=0.00 13.10 it/s
step 275200/370000 G=1.611 Dp=0.124 Dm=0.057 cyc_w=5.00 id_w=0.00 13.10 it/s
step 275250/370000 G=1.755 Dp=0.152 Dm=0.041 cyc_w=5.00 id_w=0.00 13.10 it/s
step 275300/370000 G=1.885 Dp=0.082 Dm=0.115 cyc_w=5.00 id_w=0.00 13.10 it/s
step 275350/370000 G=2.605 Dp=0.120 Dm=0.032 cyc_w=5.00 id_w=0.00 13.10 it/s
step 275400/370000 G=1.174 Dp=0.295 Dm=0.101 cyc_w=5.00 id_w=0.00 13.11 it/s
step 275450/370000 G=1.036 Dp=0.278 Dm=0.135 cyc_w=5.00 id_w=0.00 13.11 it/s
step 275500/370000 G=1.570 Dp=0.106 Dm=0.118 cyc_w=5.00 id_w=0.00 13.11 it/s
step 275550/370000 G=1.738 Dp=0.141 Dm=0.043 cyc_w=5.00 id_w=0.00 13.11 it/s
step 275600/370000 G=2.079 Dp=0.190 Dm=0.038 cyc_w=5.00 id_w=0.00 13.11 it/s
step 275650/370000 G=1.716 Dp=0.271 Dm=0.034 cyc_w=5.00 id_w=0.00 13.11 it/s
step 275700/370000 G=1.727 Dp=0.251 Dm=0.152 cyc_w=5.00 id_w=0.00 13.12 it/s
step 275750/370000 G=1.913 Dp=0.124 Dm=0.039 cyc_w=5.00 id_w=0.00 13.12 it/s
step 275800/370000 G=2.017 Dp=0.306 Dm=0.215 cyc_w=5.00 id_w=0.00 13.12 it/s
step 275850/370000 G=2.327 Dp=0.196 Dm=0.044 cyc_w=5.00 id_w=0.00 13.12 it/s
step 275900/370000 G=2.024 Dp=0.249 Dm=0.048 cyc_w=5.00 id_w=0.00 13.12 it/s
step 275950/370000 G=1.748 Dp=0.165 Dm=0.049 cyc_w=5.00 id_w=0.00 13.12 it/s
step 276000/370000 G=1.426 Dp=0.216 Dm=0.118 cyc_w=5.00 id_w=0.00 13.12 it/s
step 276050/370000 G=1.690 Dp=0.240 Dm=0.098 cyc_w=5.00 id_w=0.00 13.13 it/s
step 276100/370000 G=1.908 Dp=0.123 Dm=0.077 cyc_w=5.00 id_w=0.00 13.13 it/s
step 276150/370000 G=1.734 Dp=0.161 Dm=0.035 cyc_w=5.00 id_w=0.00 13.13 it/s
step 276200/370000 G=2.179 Dp=0.298 Dm=0.058 cyc_w=5.00 id_w=0.00 13.13 it/s
step 276250/370000 G=1.443 Dp=0.199 Dm=0.119 cyc_w=5.00 id_w=0.00 13.13 it/s
step 276300/370000 G=1.973 Dp=0.152 Dm=0.042 cyc_w=5.00 id_w=0.00 13.13 it/s
step 276350/370000 G=1.942 Dp=0.224 Dm=0.046 cyc_w=5.00 id_w=0.00 13.14 it/s
step 276400/370000 G=1.941 Dp=0.252 Dm=0.043 cyc_w=5.00 id_w=0.00 13.14 it/s
step 276450/370000 G=1.864 Dp=0.171 Dm=0.065 cyc_w=5.00 id_w=0.00 13.14 it/s
step 276500/370000 G=1.723 Dp=0.177 Dm=0.045 cyc_w=5.00 id_w=0.00 13.14 it/s
step 276550/370000 G=2.043 Dp=0.124 Dm=0.134 cyc_w=5.00 id_w=0.00 13.14 it/s
step 276600/370000 G=2.125 Dp=0.184 Dm=0.071 cyc_w=5.00 id_w=0.00 13.14 it/s
step 276650/370000 G=1.944 Dp=0.185 Dm=0.051 cyc_w=5.00 id_w=0.00 13.14 it/s
step 276700/370000 G=2.000 Dp=0.058 Dm=0.062 cyc_w=5.00 id_w=0.00 13.15 it/s
step 276750/370000 G=1.343 Dp=0.254 Dm=0.105 cyc_w=5.00 id_w=0.00 13.15 it/s
step 276800/370000 G=1.582 Dp=0.348 Dm=0.137 cyc_w=5.00 id_w=0.00 13.15 it/s
step 276850/370000 G=2.028 Dp=0.120 Dm=0.045 cyc_w=5.00 id_w=0.00 13.15 it/s
step 276900/370000 G=2.132 Dp=0.174 Dm=0.067 cyc_w=5.00 id_w=0.00 13.15 it/s
step 276950/370000 G=1.611 Dp=0.224 Dm=0.039 cyc_w=5.00 id_w=0.00 13.15 it/s
step 277000/370000 G=2.232 Dp=0.101 Dm=0.097 cyc_w=5.00 id_w=0.00 13.16 it/s
step 277050/370000 G=2.212 Dp=0.194 Dm=0.048 cyc_w=5.00 id_w=0.00 13.16 it/s
step 277100/370000 G=1.678 Dp=0.091 Dm=0.054 cyc_w=5.00 id_w=0.00 13.16 it/s
step 277150/370000 G=1.791 Dp=0.115 Dm=0.065 cyc_w=5.00 id_w=0.00 13.16 it/s
step 277200/370000 G=1.831 Dp=0.149 Dm=0.118 cyc_w=5.00 id_w=0.00 13.16 it/s
step 277250/370000 G=1.788 Dp=0.284 Dm=0.027 cyc_w=5.00 id_w=0.00 13.16 it/s
step 277300/370000 G=2.495 Dp=0.055 Dm=0.076 cyc_w=5.00 id_w=0.00 13.16 it/s
step 277350/370000 G=2.345 Dp=0.274 Dm=0.048 cyc_w=5.00 id_w=0.00 13.17 it/s
step 277400/370000 G=1.534 Dp=0.215 Dm=0.037 cyc_w=5.00 id_w=0.00 13.17 it/s
step 277450/370000 G=2.049 Dp=0.213 Dm=0.068 cyc_w=5.00 id_w=0.00 13.17 it/s
step 277500/370000 G=1.889 Dp=0.067 Dm=0.068 cyc_w=5.00 id_w=0.00 13.17 it/s
step 277550/370000 G=2.114 Dp=0.145 Dm=0.046 cyc_w=5.00 id_w=0.00 13.17 it/s
step 277600/370000 G=1.682 Dp=0.283 Dm=0.054 cyc_w=5.00 id_w=0.00 13.17 it/s
step 277650/370000 G=2.081 Dp=0.153 Dm=0.057 cyc_w=5.00 id_w=0.00 13.17 it/s
step 277700/370000 G=2.058 Dp=0.215 Dm=0.093 cyc_w=5.00 id_w=0.00 13.18 it/s
step 277750/370000 G=1.985 Dp=0.216 Dm=0.072 cyc_w=5.00 id_w=0.00 13.18 it/s
step 277800/370000 G=2.164 Dp=0.054 Dm=0.084 cyc_w=5.00 id_w=0.00 13.18 it/s
step 277850/370000 G=2.080 Dp=0.207 Dm=0.067 cyc_w=5.00 id_w=0.00 13.18 it/s
step 277900/370000 G=1.642 Dp=0.215 Dm=0.130 cyc_w=5.00 id_w=0.00 13.18 it/s
step 277950/370000 G=2.066 Dp=0.194 Dm=0.040 cyc_w=5.00 id_w=0.00 13.18 it/s
step 278000/370000 G=1.975 Dp=0.098 Dm=0.136 cyc_w=5.00 id_w=0.00 13.19 it/s
step 278050/370000 G=2.859 Dp=0.092 Dm=0.041 cyc_w=5.00 id_w=0.00 13.19 it/s
step 278100/370000 G=2.154 Dp=0.070 Dm=0.046 cyc_w=5.00 id_w=0.00 13.19 it/s
step 278150/370000 G=1.708 Dp=0.259 Dm=0.069 cyc_w=5.00 id_w=0.00 13.19 it/s
step 278200/370000 G=2.058 Dp=0.120 Dm=0.045 cyc_w=5.00 id_w=0.00 13.19 it/s
step 278250/370000 G=2.121 Dp=0.238 Dm=0.036 cyc_w=5.00 id_w=0.00 13.19 it/s
step 278300/370000 G=1.705 Dp=0.094 Dm=0.075 cyc_w=5.00 id_w=0.00 13.19 it/s
step 278350/370000 G=1.978 Dp=0.049 Dm=0.058 cyc_w=5.00 id_w=0.00 13.20 it/s
step 278400/370000 G=1.622 Dp=0.171 Dm=0.046 cyc_w=5.00 id_w=0.00 13.20 it/s
step 278450/370000 G=2.293 Dp=0.103 Dm=0.064 cyc_w=5.00 id_w=0.00 13.20 it/s
step 278500/370000 G=1.064 Dp=0.215 Dm=0.050 cyc_w=5.00 id_w=0.00 13.20 it/s
step 278550/370000 G=1.423 Dp=0.116 Dm=0.080 cyc_w=5.00 id_w=0.00 13.20 it/s
step 278600/370000 G=2.397 Dp=0.166 Dm=0.036 cyc_w=5.00 id_w=0.00 13.20 it/s
step 278650/370000 G=1.899 Dp=0.139 Dm=0.049 cyc_w=5.00 id_w=0.00 13.21 it/s
step 278700/370000 G=1.841 Dp=0.148 Dm=0.035 cyc_w=5.00 id_w=0.00 13.21 it/s
step 278750/370000 G=1.609 Dp=0.161 Dm=0.076 cyc_w=5.00 id_w=0.00 13.21 it/s
step 278800/370000 G=2.321 Dp=0.080 Dm=0.185 cyc_w=5.00 id_w=0.00 13.21 it/s
step 278850/370000 G=2.150 Dp=0.170 Dm=0.060 cyc_w=5.00 id_w=0.00 13.21 it/s
step 278900/370000 G=1.819 Dp=0.048 Dm=0.044 cyc_w=5.00 id_w=0.00 13.21 it/s
step 278950/370000 G=1.642 Dp=0.113 Dm=0.135 cyc_w=5.00 id_w=0.00 13.21 it/s
step 279000/370000 G=1.309 Dp=0.147 Dm=0.068 cyc_w=5.00 id_w=0.00 13.22 it/s
step 279050/370000 G=2.145 Dp=0.129 Dm=0.054 cyc_w=5.00 id_w=0.00 13.22 it/s
step 279100/370000 G=2.042 Dp=0.136 Dm=0.033 cyc_w=5.00 id_w=0.00 13.22 it/s
step 279150/370000 G=1.284 Dp=0.092 Dm=0.153 cyc_w=5.00 id_w=0.00 13.22 it/s
step 279200/370000 G=1.581 Dp=0.191 Dm=0.053 cyc_w=5.00 id_w=0.00 13.22 it/s
step 279250/370000 G=1.628 Dp=0.187 Dm=0.105 cyc_w=5.00 id_w=0.00 13.22 it/s
step 279300/370000 G=2.733 Dp=0.194 Dm=0.080 cyc_w=5.00 id_w=0.00 13.23 it/s
step 279350/370000 G=1.346 Dp=0.223 Dm=0.064 cyc_w=5.00 id_w=0.00 13.23 it/s
step 279400/370000 G=2.016 Dp=0.303 Dm=0.049 cyc_w=5.00 id_w=0.00 13.23 it/s
step 279450/370000 G=1.635 Dp=0.254 Dm=0.109 cyc_w=5.00 id_w=0.00 13.23 it/s
step 279500/370000 G=1.865 Dp=0.191 Dm=0.043 cyc_w=5.00 id_w=0.00 13.23 it/s
step 279550/370000 G=1.791 Dp=0.208 Dm=0.070 cyc_w=5.00 id_w=0.00 13.23 it/s
step 279600/370000 G=1.708 Dp=0.259 Dm=0.103 cyc_w=5.00 id_w=0.00 13.23 it/s
step 279650/370000 G=1.659 Dp=0.165 Dm=0.128 cyc_w=5.00 id_w=0.00 13.24 it/s
step 279700/370000 G=1.418 Dp=0.093 Dm=0.064 cyc_w=5.00 id_w=0.00 13.24 it/s
step 279750/370000 G=1.889 Dp=0.279 Dm=0.091 cyc_w=5.00 id_w=0.00 13.24 it/s
step 279800/370000 G=2.287 Dp=0.139 Dm=0.090 cyc_w=5.00 id_w=0.00 13.24 it/s
step 279850/370000 G=1.892 Dp=0.216 Dm=0.042 cyc_w=5.00 id_w=0.00 13.24 it/s
step 279900/370000 G=1.992 Dp=0.318 Dm=0.148 cyc_w=5.00 id_w=0.00 13.24 it/s
step 279950/370000 G=1.260 Dp=0.195 Dm=0.057 cyc_w=5.00 id_w=0.00 13.24 it/s
step 280000/370000 G=2.266 Dp=0.109 Dm=0.034 cyc_w=5.00 id_w=0.00 13.25 it/s
step 280050/370000 G=1.582 Dp=0.349 Dm=0.108 cyc_w=5.00 id_w=0.00 13.25 it/s
step 280100/370000 G=1.658 Dp=0.193 Dm=0.053 cyc_w=5.00 id_w=0.00 13.25 it/s
step 280150/370000 G=1.723 Dp=0.134 Dm=0.097 cyc_w=5.00 id_w=0.00 13.25 it/s
step 280200/370000 G=1.597 Dp=0.324 Dm=0.120 cyc_w=5.00 id_w=0.00 13.25 it/s
step 280250/370000 G=1.548 Dp=0.065 Dm=0.075 cyc_w=5.00 id_w=0.00 13.25 it/s
EVAL {"step": 280250, "variant": "ema", "fid_a2b": 97.01378429626666, "fid_b2a": 94.21060473455123, "mifid_a2b": 0.4177743639295081, "mifid_b2a": 0.39361404669391625, "fid": 95.61219451540894, "mifid": 0.4056942053117122, "composite": 48.00894436036033}
EVAL {"step": 280250, "variant": "ema_slow", "fid_a2b": 97.05837248964907, "fid_b2a": 93.96035377242545, "mifid_a2b": 0.41621287732652734, "mifid_b2a": 0.3929454578256408, "fid": 95.50936313103726, "mifid": 0.40457916757608403, "composite": 47.956971149306675}
EVAL {"step": 280250, "variant": "raw", "fid_a2b": 100.22914209914923, "fid_b2a": 97.72517186754615, "mifid_a2b": 0.42165454644159356, "mifid_b2a": 0.39504376987832973, "fid": 98.9771569833477, "mifid": 0.40834915815996164, "composite": 49.69275307075383}
step 280300/370000 G=1.469 Dp=0.140 Dm=0.059 cyc_w=5.00 id_w=0.00 13.23 it/s
step 280350/370000 G=2.170 Dp=0.269 Dm=0.042 cyc_w=5.00 id_w=0.00 13.23 it/s
step 280400/370000 G=2.735 Dp=0.126 Dm=0.045 cyc_w=5.00 id_w=0.00 13.23 it/s
step 280450/370000 G=2.094 Dp=0.063 Dm=0.055 cyc_w=5.00 id_w=0.00 13.23 it/s
step 280500/370000 G=2.021 Dp=0.143 Dm=0.065 cyc_w=5.00 id_w=0.00 13.23 it/s
step 280550/370000 G=1.845 Dp=0.235 Dm=0.056 cyc_w=5.00 id_w=0.00 13.23 it/s
step 280600/370000 G=2.007 Dp=0.266 Dm=0.072 cyc_w=5.00 id_w=0.00 13.23 it/s
step 280650/370000 G=2.150 Dp=0.146 Dm=0.079 cyc_w=5.00 id_w=0.00 13.24 it/s
step 280700/370000 G=1.784 Dp=0.207 Dm=0.036 cyc_w=5.00 id_w=0.00 13.24 it/s
step 280750/370000 G=1.776 Dp=0.219 Dm=0.037 cyc_w=5.00 id_w=0.00 13.24 it/s
step 280800/370000 G=1.970 Dp=0.226 Dm=0.042 cyc_w=5.00 id_w=0.00 13.24 it/s
step 280850/370000 G=1.783 Dp=0.080 Dm=0.090 cyc_w=5.00 id_w=0.00 13.24 it/s
step 280900/370000 G=1.923 Dp=0.174 Dm=0.098 cyc_w=5.00 id_w=0.00 13.24 it/s
step 280950/370000 G=1.959 Dp=0.142 Dm=0.024 cyc_w=5.00 id_w=0.00 13.25 it/s
step 281000/370000 G=2.266 Dp=0.099 Dm=0.034 cyc_w=5.00 id_w=0.00 13.25 it/s
step 281050/370000 G=2.093 Dp=0.097 Dm=0.055 cyc_w=5.00 id_w=0.00 13.25 it/s
step 281100/370000 G=1.850 Dp=0.288 Dm=0.035 cyc_w=5.00 id_w=0.00 13.25 it/s
step 281150/370000 G=2.275 Dp=0.091 Dm=0.048 cyc_w=5.00 id_w=0.00 13.25 it/s
step 281200/370000 G=2.005 Dp=0.139 Dm=0.061 cyc_w=5.00 id_w=0.00 13.25 it/s
step 281250/370000 G=1.513 Dp=0.184 Dm=0.097 cyc_w=5.00 id_w=0.00 13.25 it/s
step 281300/370000 G=2.136 Dp=0.180 Dm=0.060 cyc_w=5.00 id_w=0.00 13.26 it/s
step 281350/370000 G=1.950 Dp=0.250 Dm=0.078 cyc_w=5.00 id_w=0.00 13.26 it/s
step 281400/370000 G=1.916 Dp=0.136 Dm=0.154 cyc_w=5.00 id_w=0.00 13.26 it/s
step 281450/370000 G=1.703 Dp=0.149 Dm=0.085 cyc_w=5.00 id_w=0.00 13.26 it/s
step 281500/370000 G=1.477 Dp=0.154 Dm=0.078 cyc_w=5.00 id_w=0.00 13.26 it/s
step 281550/370000 G=2.202 Dp=0.197 Dm=0.062 cyc_w=5.00 id_w=0.00 13.26 it/s
step 281600/370000 G=2.333 Dp=0.109 Dm=0.103 cyc_w=5.00 id_w=0.00 13.26 it/s
step 281650/370000 G=1.679 Dp=0.244 Dm=0.086 cyc_w=5.00 id_w=0.00 13.27 it/s
step 281700/370000 G=1.820 Dp=0.175 Dm=0.037 cyc_w=5.00 id_w=0.00 13.27 it/s
step 281750/370000 G=1.813 Dp=0.208 Dm=0.078 cyc_w=5.00 id_w=0.00 13.27 it/s
step 281800/370000 G=1.233 Dp=0.175 Dm=0.082 cyc_w=5.00 id_w=0.00 13.27 it/s
step 281850/370000 G=1.554 Dp=0.157 Dm=0.031 cyc_w=5.00 id_w=0.00 13.27 it/s
step 281900/370000 G=1.766 Dp=0.299 Dm=0.124 cyc_w=5.00 id_w=0.00 13.27 it/s
step 281950/370000 G=1.619 Dp=0.142 Dm=0.061 cyc_w=5.00 id_w=0.00 13.28 it/s
step 282000/370000 G=2.081 Dp=0.123 Dm=0.031 cyc_w=5.00 id_w=0.00 13.28 it/s
step 282050/370000 G=1.562 Dp=0.264 Dm=0.178 cyc_w=5.00 id_w=0.00 13.28 it/s
step 282100/370000 G=1.977 Dp=0.124 Dm=0.045 cyc_w=5.00 id_w=0.00 13.28 it/s
step 282150/370000 G=1.685 Dp=0.188 Dm=0.054 cyc_w=5.00 id_w=0.00 13.28 it/s
step 282200/370000 G=2.178 Dp=0.234 Dm=0.049 cyc_w=5.00 id_w=0.00 13.28 it/s
step 282250/370000 G=1.841 Dp=0.093 Dm=0.035 cyc_w=5.00 id_w=0.00 13.28 it/s
step 282300/370000 G=1.710 Dp=0.208 Dm=0.124 cyc_w=5.00 id_w=0.00 13.29 it/s
step 282350/370000 G=1.318 Dp=0.135 Dm=0.137 cyc_w=5.00 id_w=0.00 13.29 it/s
step 282400/370000 G=2.278 Dp=0.141 Dm=0.163 cyc_w=5.00 id_w=0.00 13.29 it/s
step 282450/370000 G=2.135 Dp=0.207 Dm=0.122 cyc_w=5.00 id_w=0.00 13.29 it/s
step 282500/370000 G=1.804 Dp=0.115 Dm=0.102 cyc_w=5.00 id_w=0.00 13.29 it/s
step 282550/370000 G=1.915 Dp=0.082 Dm=0.044 cyc_w=5.00 id_w=0.00 13.29 it/s
step 282600/370000 G=1.923 Dp=0.114 Dm=0.076 cyc_w=5.00 id_w=0.00 13.29 it/s
step 282650/370000 G=2.580 Dp=0.153 Dm=0.045 cyc_w=5.00 id_w=0.00 13.30 it/s
step 282700/370000 G=2.071 Dp=0.220 Dm=0.038 cyc_w=5.00 id_w=0.00 13.30 it/s
step 282750/370000 G=1.855 Dp=0.212 Dm=0.077 cyc_w=5.00 id_w=0.00 13.30 it/s
step 282800/370000 G=1.660 Dp=0.108 Dm=0.034 cyc_w=5.00 id_w=0.00 13.30 it/s
step 282850/370000 G=1.996 Dp=0.149 Dm=0.085 cyc_w=5.00 id_w=0.00 13.30 it/s
step 282900/370000 G=2.366 Dp=0.150 Dm=0.100 cyc_w=5.00 id_w=0.00 13.30 it/s
step 282950/370000 G=1.659 Dp=0.172 Dm=0.040 cyc_w=5.00 id_w=0.00 13.31 it/s
step 283000/370000 G=1.663 Dp=0.144 Dm=0.033 cyc_w=5.00 id_w=0.00 13.31 it/s
step 283050/370000 G=1.984 Dp=0.179 Dm=0.028 cyc_w=5.00 id_w=0.00 13.31 it/s
step 283100/370000 G=2.248 Dp=0.169 Dm=0.054 cyc_w=5.00 id_w=0.00 13.31 it/s
step 283150/370000 G=1.232 Dp=0.070 Dm=0.155 cyc_w=5.00 id_w=0.00 13.31 it/s
step 283200/370000 G=1.877 Dp=0.151 Dm=0.071 cyc_w=5.00 id_w=0.00 13.31 it/s
step 283250/370000 G=1.393 Dp=0.299 Dm=0.080 cyc_w=5.00 id_w=0.00 13.31 it/s
step 283300/370000 G=1.787 Dp=0.149 Dm=0.076 cyc_w=5.00 id_w=0.00 13.32 it/s
step 283350/370000 G=2.010 Dp=0.192 Dm=0.135 cyc_w=5.00 id_w=0.00 13.32 it/s
step 283400/370000 G=1.783 Dp=0.172 Dm=0.052 cyc_w=5.00 id_w=0.00 13.32 it/s
step 283450/370000 G=1.960 Dp=0.191 Dm=0.036 cyc_w=5.00 id_w=0.00 13.32 it/s
step 283500/370000 G=2.373 Dp=0.152 Dm=0.049 cyc_w=5.00 id_w=0.00 13.32 it/s
step 283550/370000 G=2.333 Dp=0.070 Dm=0.041 cyc_w=5.00 id_w=0.00 13.32 it/s
step 283600/370000 G=1.542 Dp=0.197 Dm=0.083 cyc_w=5.00 id_w=0.00 13.33 it/s
step 283650/370000 G=1.651 Dp=0.328 Dm=0.127 cyc_w=5.00 id_w=0.00 13.33 it/s
step 283700/370000 G=1.663 Dp=0.250 Dm=0.085 cyc_w=5.00 id_w=0.00 13.33 it/s
step 283750/370000 G=2.522 Dp=0.098 Dm=0.093 cyc_w=5.00 id_w=0.00 13.33 it/s
step 283800/370000 G=1.932 Dp=0.162 Dm=0.037 cyc_w=5.00 id_w=0.00 13.33 it/s
step 283850/370000 G=1.537 Dp=0.115 Dm=0.109 cyc_w=5.00 id_w=0.00 13.33 it/s
step 283900/370000 G=1.786 Dp=0.173 Dm=0.050 cyc_w=5.00 id_w=0.00 13.33 it/s
step 283950/370000 G=1.878 Dp=0.149 Dm=0.050 cyc_w=5.00 id_w=0.00 13.34 it/s
step 284000/370000 G=1.815 Dp=0.094 Dm=0.205 cyc_w=5.00 id_w=0.00 13.34 it/s
step 284050/370000 G=1.527 Dp=0.260 Dm=0.085 cyc_w=5.00 id_w=0.00 13.34 it/s
step 284100/370000 G=1.530 Dp=0.314 Dm=0.442 cyc_w=5.00 id_w=0.00 13.34 it/s
step 284150/370000 G=2.259 Dp=0.159 Dm=0.102 cyc_w=5.00 id_w=0.00 13.34 it/s
step 284200/370000 G=1.853 Dp=0.182 Dm=0.035 cyc_w=5.00 id_w=0.00 13.34 it/s
step 284250/370000 G=2.109 Dp=0.161 Dm=0.033 cyc_w=5.00 id_w=0.00 13.34 it/s
step 284300/370000 G=1.784 Dp=0.260 Dm=0.104 cyc_w=5.00 id_w=0.00 13.35 it/s
step 284350/370000 G=1.894 Dp=0.201 Dm=0.088 cyc_w=5.00 id_w=0.00 13.35 it/s
step 284400/370000 G=2.151 Dp=0.175 Dm=0.083 cyc_w=5.00 id_w=0.00 13.35 it/s
step 284450/370000 G=1.014 Dp=0.030 Dm=0.171 cyc_w=5.00 id_w=0.00 13.35 it/s
step 284500/370000 G=1.947 Dp=0.236 Dm=0.069 cyc_w=5.00 id_w=0.00 13.35 it/s
step 284550/370000 G=1.959 Dp=0.079 Dm=0.079 cyc_w=5.00 id_w=0.00 13.35 it/s
step 284600/370000 G=1.456 Dp=0.146 Dm=0.076 cyc_w=5.00 id_w=0.00 13.35 it/s
step 284650/370000 G=1.858 Dp=0.262 Dm=0.133 cyc_w=5.00 id_w=0.00 13.36 it/s
step 284700/370000 G=1.655 Dp=0.136 Dm=0.063 cyc_w=5.00 id_w=0.00 13.36 it/s
step 284750/370000 G=1.829 Dp=0.230 Dm=0.051 cyc_w=5.00 id_w=0.00 13.36 it/s
step 284800/370000 G=1.677 Dp=0.169 Dm=0.061 cyc_w=5.00 id_w=0.00 13.36 it/s
step 284850/370000 G=1.701 Dp=0.113 Dm=0.101 cyc_w=5.00 id_w=0.00 13.36 it/s
step 284900/370000 G=2.011 Dp=0.072 Dm=0.055 cyc_w=5.00 id_w=0.00 13.36 it/s
step 284950/370000 G=1.821 Dp=0.069 Dm=0.049 cyc_w=5.00 id_w=0.00 13.37 it/s
step 285000/370000 G=1.300 Dp=0.251 Dm=0.063 cyc_w=5.00 id_w=0.00 13.37 it/s
step 285050/370000 G=1.897 Dp=0.077 Dm=0.050 cyc_w=5.00 id_w=0.00 13.37 it/s
step 285100/370000 G=1.896 Dp=0.114 Dm=0.040 cyc_w=5.00 id_w=0.00 13.37 it/s
step 285150/370000 G=1.752 Dp=0.075 Dm=0.087 cyc_w=5.00 id_w=0.00 13.37 it/s
step 285200/370000 G=1.920 Dp=0.310 Dm=0.087 cyc_w=5.00 id_w=0.00 13.37 it/s
step 285250/370000 G=1.786 Dp=0.301 Dm=0.044 cyc_w=5.00 id_w=0.00 13.37 it/s
step 285300/370000 G=2.220 Dp=0.150 Dm=0.035 cyc_w=5.00 id_w=0.00 13.38 it/s
step 285350/370000 G=1.616 Dp=0.099 Dm=0.033 cyc_w=5.00 id_w=0.00 13.38 it/s
step 285400/370000 G=2.101 Dp=0.234 Dm=0.068 cyc_w=5.00 id_w=0.00 13.38 it/s
step 285450/370000 G=1.428 Dp=0.164 Dm=0.067 cyc_w=5.00 id_w=0.00 13.38 it/s
step 285500/370000 G=1.772 Dp=0.187 Dm=0.085 cyc_w=5.00 id_w=0.00 13.38 it/s
step 285550/370000 G=1.613 Dp=0.142 Dm=0.145 cyc_w=5.00 id_w=0.00 13.38 it/s
step 285600/370000 G=1.956 Dp=0.238 Dm=0.024 cyc_w=5.00 id_w=0.00 13.38 it/s
step 285650/370000 G=1.722 Dp=0.152 Dm=0.026 cyc_w=5.00 id_w=0.00 13.39 it/s
step 285700/370000 G=2.027 Dp=0.114 Dm=0.045 cyc_w=5.00 id_w=0.00 13.39 it/s
step 285750/370000 G=2.224 Dp=0.099 Dm=0.066 cyc_w=5.00 id_w=0.00 13.39 it/s
step 285800/370000 G=2.159 Dp=0.309 Dm=0.083 cyc_w=5.00 id_w=0.00 13.39 it/s
step 285850/370000 G=1.472 Dp=0.095 Dm=0.132 cyc_w=5.00 id_w=0.00 13.39 it/s
step 285900/370000 G=1.636 Dp=0.139 Dm=0.062 cyc_w=5.00 id_w=0.00 13.39 it/s
step 285950/370000 G=1.548 Dp=0.171 Dm=0.099 cyc_w=5.00 id_w=0.00 13.40 it/s
step 286000/370000 G=1.610 Dp=0.088 Dm=0.109 cyc_w=5.00 id_w=0.00 13.40 it/s
step 286050/370000 G=2.198 Dp=0.131 Dm=0.051 cyc_w=5.00 id_w=0.00 13.40 it/s
step 286100/370000 G=1.881 Dp=0.150 Dm=0.116 cyc_w=5.00 id_w=0.00 13.40 it/s
step 286150/370000 G=1.647 Dp=0.347 Dm=0.041 cyc_w=5.00 id_w=0.00 13.40 it/s
step 286200/370000 G=1.407 Dp=0.075 Dm=0.151 cyc_w=5.00 id_w=0.00 13.40 it/s
step 286250/370000 G=2.416 Dp=0.146 Dm=0.035 cyc_w=5.00 id_w=0.00 13.40 it/s
step 286300/370000 G=1.943 Dp=0.192 Dm=0.062 cyc_w=5.00 id_w=0.00 13.41 it/s
step 286350/370000 G=1.680 Dp=0.184 Dm=0.052 cyc_w=5.00 id_w=0.00 13.41 it/s
step 286400/370000 G=2.409 Dp=0.219 Dm=0.047 cyc_w=5.00 id_w=0.00 13.41 it/s
step 286450/370000 G=1.710 Dp=0.176 Dm=0.075 cyc_w=5.00 id_w=0.00 13.41 it/s
step 286500/370000 G=2.085 Dp=0.251 Dm=0.068 cyc_w=5.00 id_w=0.00 13.41 it/s
step 286550/370000 G=2.001 Dp=0.111 Dm=0.075 cyc_w=5.00 id_w=0.00 13.41 it/s
step 286600/370000 G=1.507 Dp=0.210 Dm=0.056 cyc_w=5.00 id_w=0.00 13.41 it/s
step 286650/370000 G=1.638 Dp=0.283 Dm=0.078 cyc_w=5.00 id_w=0.00 13.42 it/s
step 286700/370000 G=1.472 Dp=0.225 Dm=0.137 cyc_w=5.00 id_w=0.00 13.42 it/s
step 286750/370000 G=1.889 Dp=0.225 Dm=0.041 cyc_w=5.00 id_w=0.00 13.42 it/s
step 286800/370000 G=2.352 Dp=0.144 Dm=0.092 cyc_w=5.00 id_w=0.00 13.42 it/s
step 286850/370000 G=1.586 Dp=0.122 Dm=0.108 cyc_w=5.00 id_w=0.00 13.42 it/s
step 286900/370000 G=1.787 Dp=0.085 Dm=0.033 cyc_w=5.00 id_w=0.00 13.42 it/s
step 286950/370000 G=1.554 Dp=0.098 Dm=0.036 cyc_w=5.00 id_w=0.00 13.43 it/s
step 287000/370000 G=1.675 Dp=0.152 Dm=0.054 cyc_w=5.00 id_w=0.00 13.43 it/s
step 287050/370000 G=1.814 Dp=0.176 Dm=0.034 cyc_w=5.00 id_w=0.00 13.43 it/s
step 287100/370000 G=1.857 Dp=0.105 Dm=0.053 cyc_w=5.00 id_w=0.00 13.43 it/s
step 287150/370000 G=1.447 Dp=0.154 Dm=0.077 cyc_w=5.00 id_w=0.00 13.43 it/s
step 287200/370000 G=1.820 Dp=0.172 Dm=0.066 cyc_w=5.00 id_w=0.00 13.43 it/s
step 287250/370000 G=1.669 Dp=0.108 Dm=0.074 cyc_w=5.00 id_w=0.00 13.43 it/s
step 287300/370000 G=1.153 Dp=0.157 Dm=0.049 cyc_w=5.00 id_w=0.00 13.44 it/s
step 287350/370000 G=1.838 Dp=0.123 Dm=0.035 cyc_w=5.00 id_w=0.00 13.44 it/s
step 287400/370000 G=1.403 Dp=0.218 Dm=0.121 cyc_w=5.00 id_w=0.00 13.44 it/s
step 287450/370000 G=1.579 Dp=0.200 Dm=0.059 cyc_w=5.00 id_w=0.00 13.44 it/s
step 287500/370000 G=1.786 Dp=0.130 Dm=0.062 cyc_w=5.00 id_w=0.00 13.44 it/s
step 287550/370000 G=1.492 Dp=0.134 Dm=0.126 cyc_w=5.00 id_w=0.00 13.44 it/s
step 287600/370000 G=2.305 Dp=0.169 Dm=0.097 cyc_w=5.00 id_w=0.00 13.44 it/s
step 287650/370000 G=1.912 Dp=0.163 Dm=0.080 cyc_w=5.00 id_w=0.00 13.45 it/s
step 287700/370000 G=2.538 Dp=0.152 Dm=0.111 cyc_w=5.00 id_w=0.00 13.45 it/s
step 287750/370000 G=1.648 Dp=0.190 Dm=0.048 cyc_w=5.00 id_w=0.00 13.45 it/s
step 287800/370000 G=2.382 Dp=0.112 Dm=0.056 cyc_w=5.00 id_w=0.00 13.45 it/s
step 287850/370000 G=1.925 Dp=0.257 Dm=0.043 cyc_w=5.00 id_w=0.00 13.45 it/s
step 287900/370000 G=1.795 Dp=0.167 Dm=0.040 cyc_w=5.00 id_w=0.00 13.45 it/s
step 287950/370000 G=1.697 Dp=0.095 Dm=0.034 cyc_w=5.00 id_w=0.00 13.45 it/s
step 288000/370000 G=1.985 Dp=0.103 Dm=0.259 cyc_w=5.00 id_w=0.00 13.46 it/s
step 288050/370000 G=1.982 Dp=0.116 Dm=0.055 cyc_w=5.00 id_w=0.00 13.46 it/s
step 288100/370000 G=1.393 Dp=0.190 Dm=0.149 cyc_w=5.00 id_w=0.00 13.46 it/s
step 288150/370000 G=2.092 Dp=0.308 Dm=0.078 cyc_w=5.00 id_w=0.00 13.46 it/s
step 288200/370000 G=1.444 Dp=0.195 Dm=0.084 cyc_w=5.00 id_w=0.00 13.46 it/s
step 288250/370000 G=1.474 Dp=0.239 Dm=0.100 cyc_w=5.00 id_w=0.00 13.46 it/s
step 288300/370000 G=2.101 Dp=0.107 Dm=0.081 cyc_w=5.00 id_w=0.00 13.47 it/s
step 288350/370000 G=2.273 Dp=0.243 Dm=0.155 cyc_w=5.00 id_w=0.00 13.47 it/s
step 288400/370000 G=1.547 Dp=0.123 Dm=0.078 cyc_w=5.00 id_w=0.00 13.47 it/s
step 288450/370000 G=1.569 Dp=0.101 Dm=0.109 cyc_w=5.00 id_w=0.00 13.47 it/s
step 288500/370000 G=1.542 Dp=0.186 Dm=0.061 cyc_w=5.00 id_w=0.00 13.47 it/s
step 288550/370000 G=1.373 Dp=0.242 Dm=0.105 cyc_w=5.00 id_w=0.00 13.47 it/s
step 288600/370000 G=1.921 Dp=0.189 Dm=0.036 cyc_w=5.00 id_w=0.00 13.47 it/s
step 288650/370000 G=1.770 Dp=0.185 Dm=0.040 cyc_w=5.00 id_w=0.00 13.48 it/s
step 288700/370000 G=1.977 Dp=0.241 Dm=0.047 cyc_w=5.00 id_w=0.00 13.48 it/s
step 288750/370000 G=2.255 Dp=0.092 Dm=0.103 cyc_w=5.00 id_w=0.00 13.48 it/s
step 288800/370000 G=1.985 Dp=0.091 Dm=0.074 cyc_w=5.00 id_w=0.00 13.48 it/s
step 288850/370000 G=1.678 Dp=0.168 Dm=0.040 cyc_w=5.00 id_w=0.00 13.48 it/s
step 288900/370000 G=1.623 Dp=0.189 Dm=0.102 cyc_w=5.00 id_w=0.00 13.48 it/s
step 288950/370000 G=1.963 Dp=0.161 Dm=0.065 cyc_w=5.00 id_w=0.00 13.48 it/s
step 289000/370000 G=1.824 Dp=0.200 Dm=0.077 cyc_w=5.00 id_w=0.00 13.49 it/s
step 289050/370000 G=1.832 Dp=0.087 Dm=0.075 cyc_w=5.00 id_w=0.00 13.49 it/s
step 289100/370000 G=1.893 Dp=0.080 Dm=0.047 cyc_w=5.00 id_w=0.00 13.49 it/s
step 289150/370000 G=1.895 Dp=0.153 Dm=0.043 cyc_w=5.00 id_w=0.00 13.49 it/s
step 289200/370000 G=1.964 Dp=0.168 Dm=0.024 cyc_w=5.00 id_w=0.00 13.49 it/s
step 289250/370000 G=1.790 Dp=0.056 Dm=0.056 cyc_w=5.00 id_w=0.00 13.49 it/s
step 289300/370000 G=1.807 Dp=0.320 Dm=0.036 cyc_w=5.00 id_w=0.00 13.49 it/s
step 289350/370000 G=1.686 Dp=0.229 Dm=0.131 cyc_w=5.00 id_w=0.00 13.50 it/s
step 289400/370000 G=1.707 Dp=0.060 Dm=0.135 cyc_w=5.00 id_w=0.00 13.50 it/s
step 289450/370000 G=2.240 Dp=0.215 Dm=0.166 cyc_w=5.00 id_w=0.00 13.50 it/s
step 289500/370000 G=2.133 Dp=0.168 Dm=0.034 cyc_w=5.00 id_w=0.00 13.50 it/s
step 289550/370000 G=1.667 Dp=0.172 Dm=0.055 cyc_w=5.00 id_w=0.00 13.50 it/s
step 289600/370000 G=1.901 Dp=0.137 Dm=0.037 cyc_w=5.00 id_w=0.00 13.50 it/s
step 289650/370000 G=2.066 Dp=0.246 Dm=0.143 cyc_w=5.00 id_w=0.00 13.51 it/s
step 289700/370000 G=1.524 Dp=0.090 Dm=0.026 cyc_w=5.00 id_w=0.00 13.51 it/s
step 289750/370000 G=1.584 Dp=0.134 Dm=0.075 cyc_w=5.00 id_w=0.00 13.51 it/s
step 289800/370000 G=1.219 Dp=0.185 Dm=0.035 cyc_w=5.00 id_w=0.00 13.51 it/s
step 289850/370000 G=1.778 Dp=0.075 Dm=0.105 cyc_w=5.00 id_w=0.00 13.51 it/s
step 289900/370000 G=1.913 Dp=0.074 Dm=0.109 cyc_w=5.00 id_w=0.00 13.51 it/s
step 289950/370000 G=1.709 Dp=0.126 Dm=0.082 cyc_w=5.00 id_w=0.00 13.51 it/s
step 290000/370000 G=1.891 Dp=0.184 Dm=0.057 cyc_w=5.00 id_w=0.00 13.52 it/s
step 290050/370000 G=1.977 Dp=0.182 Dm=0.064 cyc_w=5.00 id_w=0.00 13.52 it/s
step 290100/370000 G=2.003 Dp=0.050 Dm=0.054 cyc_w=5.00 id_w=0.00 13.52 it/s
step 290150/370000 G=1.660 Dp=0.102 Dm=0.181 cyc_w=5.00 id_w=0.00 13.52 it/s
step 290200/370000 G=2.028 Dp=0.207 Dm=0.043 cyc_w=5.00 id_w=0.00 13.52 it/s
step 290250/370000 G=1.636 Dp=0.186 Dm=0.083 cyc_w=5.00 id_w=0.00 13.52 it/s
step 290300/370000 G=1.687 Dp=0.227 Dm=0.057 cyc_w=5.00 id_w=0.00 13.52 it/s
step 290350/370000 G=1.809 Dp=0.180 Dm=0.033 cyc_w=5.00 id_w=0.00 13.53 it/s
step 290400/370000 G=1.695 Dp=0.225 Dm=0.114 cyc_w=5.00 id_w=0.00 13.53 it/s
step 290450/370000 G=1.621 Dp=0.159 Dm=0.067 cyc_w=5.00 id_w=0.00 13.53 it/s
step 290500/370000 G=2.170 Dp=0.109 Dm=0.050 cyc_w=5.00 id_w=0.00 13.53 it/s
step 290550/370000 G=1.804 Dp=0.124 Dm=0.061 cyc_w=5.00 id_w=0.00 13.53 it/s
step 290600/370000 G=1.470 Dp=0.166 Dm=0.086 cyc_w=5.00 id_w=0.00 13.53 it/s
step 290650/370000 G=2.593 Dp=0.049 Dm=0.052 cyc_w=5.00 id_w=0.00 13.53 it/s
step 290700/370000 G=1.911 Dp=0.261 Dm=0.067 cyc_w=5.00 id_w=0.00 13.54 it/s
step 290750/370000 G=1.771 Dp=0.176 Dm=0.056 cyc_w=5.00 id_w=0.00 13.54 it/s
step 290800/370000 G=1.927 Dp=0.225 Dm=0.050 cyc_w=5.00 id_w=0.00 13.54 it/s
step 290850/370000 G=2.088 Dp=0.113 Dm=0.046 cyc_w=5.00 id_w=0.00 13.54 it/s
step 290900/370000 G=1.805 Dp=0.120 Dm=0.073 cyc_w=5.00 id_w=0.00 13.54 it/s
step 290950/370000 G=2.014 Dp=0.175 Dm=0.066 cyc_w=5.00 id_w=0.00 13.54 it/s
step 291000/370000 G=1.760 Dp=0.099 Dm=0.067 cyc_w=5.00 id_w=0.00 13.54 it/s
step 291050/370000 G=1.259 Dp=0.106 Dm=0.100 cyc_w=5.00 id_w=0.00 13.55 it/s
step 291100/370000 G=2.164 Dp=0.327 Dm=0.069 cyc_w=5.00 id_w=0.00 13.55 it/s
step 291150/370000 G=1.546 Dp=0.086 Dm=0.061 cyc_w=5.00 id_w=0.00 13.55 it/s
step 291200/370000 G=2.036 Dp=0.098 Dm=0.035 cyc_w=5.00 id_w=0.00 13.55 it/s
step 291250/370000 G=1.438 Dp=0.085 Dm=0.102 cyc_w=5.00 id_w=0.00 13.55 it/s
step 291300/370000 G=1.505 Dp=0.138 Dm=0.102 cyc_w=5.00 id_w=0.00 13.55 it/s
step 291350/370000 G=2.004 Dp=0.119 Dm=0.095 cyc_w=5.00 id_w=0.00 13.56 it/s
step 291400/370000 G=2.238 Dp=0.190 Dm=0.083 cyc_w=5.00 id_w=0.00 13.56 it/s
step 291450/370000 G=2.254 Dp=0.162 Dm=0.173 cyc_w=5.00 id_w=0.00 13.56 it/s
step 291500/370000 G=2.317 Dp=0.311 Dm=0.060 cyc_w=5.00 id_w=0.00 13.56 it/s
step 291550/370000 G=1.807 Dp=0.184 Dm=0.086 cyc_w=5.00 id_w=0.00 13.56 it/s
step 291600/370000 G=1.943 Dp=0.203 Dm=0.036 cyc_w=5.00 id_w=0.00 13.56 it/s
step 291650/370000 G=1.938 Dp=0.086 Dm=0.073 cyc_w=5.00 id_w=0.00 13.56 it/s
step 291700/370000 G=1.684 Dp=0.147 Dm=0.064 cyc_w=5.00 id_w=0.00 13.57 it/s
step 291750/370000 G=2.120 Dp=0.075 Dm=0.047 cyc_w=5.00 id_w=0.00 13.57 it/s
step 291800/370000 G=1.820 Dp=0.133 Dm=0.064 cyc_w=5.00 id_w=0.00 13.57 it/s
step 291850/370000 G=2.072 Dp=0.157 Dm=0.075 cyc_w=5.00 id_w=0.00 13.57 it/s
step 291900/370000 G=1.566 Dp=0.219 Dm=0.106 cyc_w=5.00 id_w=0.00 13.57 it/s
step 291950/370000 G=1.410 Dp=0.174 Dm=0.064 cyc_w=5.00 id_w=0.00 13.57 it/s
step 292000/370000 G=1.616 Dp=0.205 Dm=0.038 cyc_w=5.00 id_w=0.00 13.57 it/s
step 292050/370000 G=1.532 Dp=0.183 Dm=0.084 cyc_w=5.00 id_w=0.00 13.58 it/s
step 292100/370000 G=1.942 Dp=0.154 Dm=0.078 cyc_w=5.00 id_w=0.00 13.58 it/s
step 292150/370000 G=1.843 Dp=0.318 Dm=0.117 cyc_w=5.00 id_w=0.00 13.58 it/s
step 292200/370000 G=1.888 Dp=0.092 Dm=0.074 cyc_w=5.00 id_w=0.00 13.58 it/s
step 292250/370000 G=2.317 Dp=0.101 Dm=0.035 cyc_w=5.00 id_w=0.00 13.58 it/s
step 292300/370000 G=1.704 Dp=0.145 Dm=0.048 cyc_w=5.00 id_w=0.00 13.58 it/s
step 292350/370000 G=1.790 Dp=0.216 Dm=0.099 cyc_w=5.00 id_w=0.00 13.58 it/s
step 292400/370000 G=1.717 Dp=0.103 Dm=0.033 cyc_w=5.00 id_w=0.00 13.59 it/s
step 292450/370000 G=1.636 Dp=0.294 Dm=0.031 cyc_w=5.00 id_w=0.00 13.59 it/s
step 292500/370000 G=1.483 Dp=0.117 Dm=0.046 cyc_w=5.00 id_w=0.00 13.59 it/s
step 292550/370000 G=1.948 Dp=0.141 Dm=0.064 cyc_w=5.00 id_w=0.00 13.59 it/s
step 292600/370000 G=1.840 Dp=0.311 Dm=0.030 cyc_w=5.00 id_w=0.00 13.59 it/s
step 292650/370000 G=1.952 Dp=0.222 Dm=0.055 cyc_w=5.00 id_w=0.00 13.59 it/s
step 292700/370000 G=2.163 Dp=0.188 Dm=0.105 cyc_w=5.00 id_w=0.00 13.59 it/s
step 292750/370000 G=1.365 Dp=0.227 Dm=0.079 cyc_w=5.00 id_w=0.00 13.60 it/s
step 292800/370000 G=1.656 Dp=0.089 Dm=0.077 cyc_w=5.00 id_w=0.00 13.60 it/s
step 292850/370000 G=2.044 Dp=0.082 Dm=0.084 cyc_w=5.00 id_w=0.00 13.60 it/s
step 292900/370000 G=1.771 Dp=0.174 Dm=0.098 cyc_w=5.00 id_w=0.00 13.60 it/s
step 292950/370000 G=2.018 Dp=0.137 Dm=0.048 cyc_w=5.00 id_w=0.00 13.60 it/s
step 293000/370000 G=1.710 Dp=0.160 Dm=0.088 cyc_w=5.00 id_w=0.00 13.60 it/s
step 293050/370000 G=1.720 Dp=0.198 Dm=0.119 cyc_w=5.00 id_w=0.00 13.60 it/s
step 293100/370000 G=2.349 Dp=0.052 Dm=0.119 cyc_w=5.00 id_w=0.00 13.61 it/s
step 293150/370000 G=1.839 Dp=0.158 Dm=0.129 cyc_w=5.00 id_w=0.00 13.61 it/s
step 293200/370000 G=1.892 Dp=0.142 Dm=0.062 cyc_w=5.00 id_w=0.00 13.61 it/s
step 293250/370000 G=2.024 Dp=0.231 Dm=0.078 cyc_w=5.00 id_w=0.00 13.61 it/s
step 293300/370000 G=2.220 Dp=0.254 Dm=0.047 cyc_w=5.00 id_w=0.00 13.61 it/s
step 293350/370000 G=1.464 Dp=0.223 Dm=0.122 cyc_w=5.00 id_w=0.00 13.61 it/s
step 293400/370000 G=2.257 Dp=0.143 Dm=0.034 cyc_w=5.00 id_w=0.00 13.62 it/s
step 293450/370000 G=2.260 Dp=0.143 Dm=0.034 cyc_w=5.00 id_w=0.00 13.62 it/s
step 293500/370000 G=1.427 Dp=0.211 Dm=0.094 cyc_w=5.00 id_w=0.00 13.62 it/s
step 293550/370000 G=1.852 Dp=0.183 Dm=0.040 cyc_w=5.00 id_w=0.00 13.62 it/s
step 293600/370000 G=1.562 Dp=0.206 Dm=0.079 cyc_w=5.00 id_w=0.00 13.62 it/s
step 293650/370000 G=1.631 Dp=0.200 Dm=0.079 cyc_w=5.00 id_w=0.00 13.62 it/s
step 293700/370000 G=1.629 Dp=0.213 Dm=0.112 cyc_w=5.00 id_w=0.00 13.62 it/s
step 293750/370000 G=1.840 Dp=0.267 Dm=0.086 cyc_w=5.00 id_w=0.00 13.63 it/s
step 293800/370000 G=1.924 Dp=0.163 Dm=0.047 cyc_w=5.00 id_w=0.00 13.63 it/s
step 293850/370000 G=1.582 Dp=0.167 Dm=0.060 cyc_w=5.00 id_w=0.00 13.63 it/s
step 293900/370000 G=1.732 Dp=0.171 Dm=0.091 cyc_w=5.00 id_w=0.00 13.63 it/s
step 293950/370000 G=1.440 Dp=0.207 Dm=0.036 cyc_w=5.00 id_w=0.00 13.63 it/s
step 294000/370000 G=2.324 Dp=0.286 Dm=0.030 cyc_w=5.00 id_w=0.00 13.63 it/s
step 294050/370000 G=1.670 Dp=0.246 Dm=0.056 cyc_w=5.00 id_w=0.00 13.63 it/s
step 294100/370000 G=1.720 Dp=0.125 Dm=0.041 cyc_w=5.00 id_w=0.00 13.64 it/s
step 294150/370000 G=2.042 Dp=0.373 Dm=0.075 cyc_w=5.00 id_w=0.00 13.64 it/s
step 294200/370000 G=1.727 Dp=0.155 Dm=0.106 cyc_w=5.00 id_w=0.00 13.64 it/s
step 294250/370000 G=1.853 Dp=0.324 Dm=0.126 cyc_w=5.00 id_w=0.00 13.64 it/s
step 294300/370000 G=1.782 Dp=0.209 Dm=0.131 cyc_w=5.00 id_w=0.00 13.64 it/s
step 294350/370000 G=1.590 Dp=0.153 Dm=0.112 cyc_w=5.00 id_w=0.00 13.64 it/s
step 294400/370000 G=1.870 Dp=0.168 Dm=0.074 cyc_w=5.00 id_w=0.00 13.64 it/s
step 294450/370000 G=1.858 Dp=0.178 Dm=0.047 cyc_w=5.00 id_w=0.00 13.65 it/s
step 294500/370000 G=1.534 Dp=0.264 Dm=0.036 cyc_w=5.00 id_w=0.00 13.65 it/s
step 294550/370000 G=1.316 Dp=0.121 Dm=0.218 cyc_w=5.00 id_w=0.00 13.65 it/s
step 294600/370000 G=1.689 Dp=0.209 Dm=0.104 cyc_w=5.00 id_w=0.00 13.65 it/s
step 294650/370000 G=2.187 Dp=0.151 Dm=0.041 cyc_w=5.00 id_w=0.00 13.65 it/s
step 294700/370000 G=1.345 Dp=0.138 Dm=0.041 cyc_w=5.00 id_w=0.00 13.65 it/s
step 294750/370000 G=2.093 Dp=0.217 Dm=0.076 cyc_w=5.00 id_w=0.00 13.65 it/s
step 294800/370000 G=1.461 Dp=0.184 Dm=0.068 cyc_w=5.00 id_w=0.00 13.66 it/s
step 294850/370000 G=1.863 Dp=0.194 Dm=0.058 cyc_w=5.00 id_w=0.00 13.66 it/s
step 294900/370000 G=2.156 Dp=0.087 Dm=0.039 cyc_w=5.00 id_w=0.00 13.66 it/s
step 294950/370000 G=1.961 Dp=0.151 Dm=0.096 cyc_w=5.00 id_w=0.00 13.66 it/s
step 295000/370000 G=2.267 Dp=0.131 Dm=0.094 cyc_w=5.00 id_w=0.00 13.66 it/s
EVAL {"step": 295000, "variant": "ema", "fid_a2b": 96.52304830946247, "fid_b2a": 94.79800225602564, "mifid_a2b": 0.4174515816158331, "mifid_b2a": 0.3913616848311915, "fid": 95.66052528274406, "mifid": 0.40440663322351234, "composite": 48.03246595798379}
EVAL {"step": 295000, "variant": "ema_slow", "fid_a2b": 96.71395994365514, "fid_b2a": 94.40198650250707, "mifid_a2b": 0.4175320575585642, "mifid_b2a": 0.3912110787764867, "fid": 95.5579732230811, "mifid": 0.40437156816752545, "composite": 47.98117239562431}
EVAL {"step": 295000, "variant": "raw", "fid_a2b": 97.4264915677951, "fid_b2a": 94.57384709023623, "mifid_a2b": 0.41781581872136486, "mifid_b2a": 0.3894153473346573, "fid": 96.00016932901566, "mifid": 0.4036155830280111, "composite": 48.20189245602184}
step 295050/370000 G=1.393 Dp=0.280 Dm=0.065 cyc_w=5.00 id_w=0.00 13.63 it/s
step 295100/370000 G=1.989 Dp=0.066 Dm=0.082 cyc_w=5.00 id_w=0.00 13.64 it/s
step 295150/370000 G=1.536 Dp=0.257 Dm=0.056 cyc_w=5.00 id_w=0.00 13.64 it/s
step 295200/370000 G=1.817 Dp=0.155 Dm=0.048 cyc_w=5.00 id_w=0.00 13.64 it/s
step 295250/370000 G=2.073 Dp=0.115 Dm=0.029 cyc_w=5.00 id_w=0.00 13.64 it/s
step 295300/370000 G=1.725 Dp=0.136 Dm=0.051 cyc_w=5.00 id_w=0.00 13.64 it/s
step 295350/370000 G=1.914 Dp=0.111 Dm=0.063 cyc_w=5.00 id_w=0.00 13.64 it/s
step 295400/370000 G=2.378 Dp=0.171 Dm=0.031 cyc_w=5.00 id_w=0.00 13.64 it/s
step 295450/370000 G=2.200 Dp=0.180 Dm=0.046 cyc_w=5.00 id_w=0.00 13.65 it/s
step 295500/370000 G=2.285 Dp=0.167 Dm=0.086 cyc_w=5.00 id_w=0.00 13.65 it/s
step 295550/370000 G=1.956 Dp=0.217 Dm=0.063 cyc_w=5.00 id_w=0.00 13.65 it/s
step 295600/370000 G=2.200 Dp=0.172 Dm=0.033 cyc_w=5.00 id_w=0.00 13.65 it/s
step 295650/370000 G=2.248 Dp=0.287 Dm=0.034 cyc_w=5.00 id_w=0.00 13.65 it/s
step 295700/370000 G=1.464 Dp=0.329 Dm=0.046 cyc_w=5.00 id_w=0.00 13.65 it/s
step 295750/370000 G=2.101 Dp=0.157 Dm=0.047 cyc_w=5.00 id_w=0.00 13.65 it/s
step 295800/370000 G=2.333 Dp=0.103 Dm=0.037 cyc_w=5.00 id_w=0.00 13.66 it/s
step 295850/370000 G=1.958 Dp=0.065 Dm=0.045 cyc_w=5.00 id_w=0.00 13.66 it/s
step 295900/370000 G=1.556 Dp=0.278 Dm=0.037 cyc_w=5.00 id_w=0.00 13.66 it/s
step 295950/370000 G=2.174 Dp=0.112 Dm=0.036 cyc_w=5.00 id_w=0.00 13.66 it/s
step 296000/370000 G=1.621 Dp=0.146 Dm=0.059 cyc_w=5.00 id_w=0.00 13.66 it/s
step 296050/370000 G=2.109 Dp=0.191 Dm=0.065 cyc_w=5.00 id_w=0.00 13.66 it/s
step 296100/370000 G=1.755 Dp=0.307 Dm=0.117 cyc_w=5.00 id_w=0.00 13.66 it/s
step 296150/370000 G=2.222 Dp=0.096 Dm=0.095 cyc_w=5.00 id_w=0.00 13.67 it/s
step 296200/370000 G=1.745 Dp=0.164 Dm=0.070 cyc_w=5.00 id_w=0.00 13.67 it/s
step 296250/370000 G=2.052 Dp=0.188 Dm=0.035 cyc_w=5.00 id_w=0.00 13.67 it/s
step 296300/370000 G=1.961 Dp=0.221 Dm=0.039 cyc_w=5.00 id_w=0.00 13.67 it/s
step 296350/370000 G=1.437 Dp=0.220 Dm=0.123 cyc_w=5.00 id_w=0.00 13.67 it/s
step 296400/370000 G=2.078 Dp=0.149 Dm=0.081 cyc_w=5.00 id_w=0.00 13.67 it/s
step 296450/370000 G=1.982 Dp=0.084 Dm=0.066 cyc_w=5.00 id_w=0.00 13.67 it/s
step 296500/370000 G=1.828 Dp=0.179 Dm=0.073 cyc_w=5.00 id_w=0.00 13.68 it/s
step 296550/370000 G=2.164 Dp=0.126 Dm=0.039 cyc_w=5.00 id_w=0.00 13.68 it/s
step 296600/370000 G=2.072 Dp=0.054 Dm=0.076 cyc_w=5.00 id_w=0.00 13.68 it/s
step 296650/370000 G=2.277 Dp=0.159 Dm=0.038 cyc_w=5.00 id_w=0.00 13.68 it/s
step 296700/370000 G=1.431 Dp=0.207 Dm=0.188 cyc_w=5.00 id_w=0.00 13.68 it/s
step 296750/370000 G=1.839 Dp=0.099 Dm=0.055 cyc_w=5.00 id_w=0.00 13.68 it/s
step 296800/370000 G=1.766 Dp=0.092 Dm=0.060 cyc_w=5.00 id_w=0.00 13.68 it/s
step 296850/370000 G=1.902 Dp=0.084 Dm=0.046 cyc_w=5.00 id_w=0.00 13.69 it/s
step 296900/370000 G=2.202 Dp=0.212 Dm=0.033 cyc_w=5.00 id_w=0.00 13.69 it/s
step 296950/370000 G=1.911 Dp=0.087 Dm=0.033 cyc_w=5.00 id_w=0.00 13.69 it/s
step 297000/370000 G=1.521 Dp=0.118 Dm=0.097 cyc_w=5.00 id_w=0.00 13.69 it/s
step 297050/370000 G=1.522 Dp=0.107 Dm=0.106 cyc_w=5.00 id_w=0.00 13.69 it/s
step 297100/370000 G=2.064 Dp=0.258 Dm=0.056 cyc_w=5.00 id_w=0.00 13.69 it/s
step 297150/370000 G=1.663 Dp=0.105 Dm=0.070 cyc_w=5.00 id_w=0.00 13.69 it/s
step 297200/370000 G=2.077 Dp=0.182 Dm=0.055 cyc_w=5.00 id_w=0.00 13.70 it/s
step 297250/370000 G=1.825 Dp=0.155 Dm=0.038 cyc_w=5.00 id_w=0.00 13.70 it/s
step 297300/370000 G=1.749 Dp=0.261 Dm=0.047 cyc_w=5.00 id_w=0.00 13.70 it/s
step 297350/370000 G=1.596 Dp=0.244 Dm=0.049 cyc_w=5.00 id_w=0.00 13.70 it/s
step 297400/370000 G=1.735 Dp=0.163 Dm=0.099 cyc_w=5.00 id_w=0.00 13.70 it/s
step 297450/370000 G=2.717 Dp=0.206 Dm=0.071 cyc_w=5.00 id_w=0.00 13.70 it/s
step 297500/370000 G=1.977 Dp=0.145 Dm=0.107 cyc_w=5.00 id_w=0.00 13.70 it/s
step 297550/370000 G=2.024 Dp=0.331 Dm=0.073 cyc_w=5.00 id_w=0.00 13.71 it/s
step 297600/370000 G=1.997 Dp=0.113 Dm=0.041 cyc_w=5.00 id_w=0.00 13.71 it/s
step 297650/370000 G=1.567 Dp=0.142 Dm=0.029 cyc_w=5.00 id_w=0.00 13.71 it/s
step 297700/370000 G=1.565 Dp=0.110 Dm=0.142 cyc_w=5.00 id_w=0.00 13.71 it/s
step 297750/370000 G=1.488 Dp=0.100 Dm=0.148 cyc_w=5.00 id_w=0.00 13.71 it/s
step 297800/370000 G=1.871 Dp=0.110 Dm=0.052 cyc_w=5.00 id_w=0.00 13.71 it/s
step 297850/370000 G=1.639 Dp=0.160 Dm=0.034 cyc_w=5.00 id_w=0.00 13.71 it/s
step 297900/370000 G=1.455 Dp=0.203 Dm=0.094 cyc_w=5.00 id_w=0.00 13.72 it/s
step 297950/370000 G=1.740 Dp=0.178 Dm=0.070 cyc_w=5.00 id_w=0.00 13.72 it/s
step 298000/370000 G=2.229 Dp=0.195 Dm=0.143 cyc_w=5.00 id_w=0.00 13.72 it/s
step 298050/370000 G=1.879 Dp=0.054 Dm=0.146 cyc_w=5.00 id_w=0.00 13.72 it/s
step 298100/370000 G=1.269 Dp=0.090 Dm=0.063 cyc_w=5.00 id_w=0.00 13.72 it/s
step 298150/370000 G=2.270 Dp=0.149 Dm=0.047 cyc_w=5.00 id_w=0.00 13.72 it/s
step 298200/370000 G=1.790 Dp=0.260 Dm=0.056 cyc_w=5.00 id_w=0.00 13.72 it/s
step 298250/370000 G=1.626 Dp=0.251 Dm=0.071 cyc_w=5.00 id_w=0.00 13.73 it/s
step 298300/370000 G=2.013 Dp=0.239 Dm=0.079 cyc_w=5.00 id_w=0.00 13.73 it/s
step 298350/370000 G=2.427 Dp=0.174 Dm=0.077 cyc_w=5.00 id_w=0.00 13.73 it/s
step 298400/370000 G=1.377 Dp=0.210 Dm=0.087 cyc_w=5.00 id_w=0.00 13.73 it/s
step 298450/370000 G=2.185 Dp=0.095 Dm=0.038 cyc_w=5.00 id_w=0.00 13.73 it/s
step 298500/370000 G=1.850 Dp=0.158 Dm=0.082 cyc_w=5.00 id_w=0.00 13.73 it/s
step 298550/370000 G=1.669 Dp=0.203 Dm=0.159 cyc_w=5.00 id_w=0.00 13.73 it/s
step 298600/370000 G=1.923 Dp=0.242 Dm=0.066 cyc_w=5.00 id_w=0.00 13.74 it/s
step 298650/370000 G=1.968 Dp=0.229 Dm=0.082 cyc_w=5.00 id_w=0.00 13.74 it/s
step 298700/370000 G=2.012 Dp=0.169 Dm=0.066 cyc_w=5.00 id_w=0.00 13.74 it/s
step 298750/370000 G=1.739 Dp=0.148 Dm=0.040 cyc_w=5.00 id_w=0.00 13.74 it/s
step 298800/370000 G=1.928 Dp=0.241 Dm=0.048 cyc_w=5.00 id_w=0.00 13.74 it/s
step 298850/370000 G=1.544 Dp=0.091 Dm=0.052 cyc_w=5.00 id_w=0.00 13.74 it/s
step 298900/370000 G=1.822 Dp=0.099 Dm=0.125 cyc_w=5.00 id_w=0.00 13.75 it/s
step 298950/370000 G=1.955 Dp=0.090 Dm=0.052 cyc_w=5.00 id_w=0.00 13.75 it/s
step 299000/370000 G=2.174 Dp=0.155 Dm=0.093 cyc_w=5.00 id_w=0.00 13.75 it/s
step 299050/370000 G=1.657 Dp=0.185 Dm=0.063 cyc_w=5.00 id_w=0.00 13.75 it/s
step 299100/370000 G=1.625 Dp=0.187 Dm=0.056 cyc_w=5.00 id_w=0.00 13.75 it/s
step 299150/370000 G=1.965 Dp=0.180 Dm=0.095 cyc_w=5.00 id_w=0.00 13.75 it/s
step 299200/370000 G=1.800 Dp=0.072 Dm=0.118 cyc_w=5.00 id_w=0.00 13.75 it/s
step 299250/370000 G=1.457 Dp=0.124 Dm=0.054 cyc_w=5.00 id_w=0.00 13.75 it/s
step 299300/370000 G=1.870 Dp=0.202 Dm=0.028 cyc_w=5.00 id_w=0.00 13.76 it/s
step 299350/370000 G=1.367 Dp=0.169 Dm=0.039 cyc_w=5.00 id_w=0.00 13.76 it/s
step 299400/370000 G=1.988 Dp=0.229 Dm=0.066 cyc_w=5.00 id_w=0.00 13.76 it/s
step 299450/370000 G=1.982 Dp=0.233 Dm=0.033 cyc_w=5.00 id_w=0.00 13.76 it/s
step 299500/370000 G=1.822 Dp=0.131 Dm=0.034 cyc_w=5.00 id_w=0.00 13.76 it/s
step 299550/370000 G=2.062 Dp=0.245 Dm=0.128 cyc_w=5.00 id_w=0.00 13.76 it/s
step 299600/370000 G=1.914 Dp=0.209 Dm=0.077 cyc_w=5.00 id_w=0.00 13.77 it/s
step 299650/370000 G=1.923 Dp=0.252 Dm=0.056 cyc_w=5.00 id_w=0.00 13.77 it/s
step 299700/370000 G=1.917 Dp=0.282 Dm=0.078 cyc_w=5.00 id_w=0.00 13.77 it/s
step 299750/370000 G=1.832 Dp=0.106 Dm=0.111 cyc_w=5.00 id_w=0.00 13.77 it/s
step 299800/370000 G=1.288 Dp=0.208 Dm=0.071 cyc_w=5.00 id_w=0.00 13.77 it/s
step 299850/370000 G=1.609 Dp=0.083 Dm=0.064 cyc_w=5.00 id_w=0.00 13.77 it/s
step 299900/370000 G=2.053 Dp=0.208 Dm=0.116 cyc_w=5.00 id_w=0.00 13.77 it/s
step 299950/370000 G=1.718 Dp=0.242 Dm=0.049 cyc_w=5.00 id_w=0.00 13.78 it/s
step 300000/370000 G=1.766 Dp=0.180 Dm=0.168 cyc_w=5.00 id_w=0.00 13.78 it/s
step 300050/370000 G=2.488 Dp=0.180 Dm=0.035 cyc_w=5.00 id_w=0.00 13.78 it/s
step 300100/370000 G=2.099 Dp=0.174 Dm=0.027 cyc_w=5.00 id_w=0.00 13.78 it/s
step 300150/370000 G=1.861 Dp=0.193 Dm=0.054 cyc_w=5.00 id_w=0.00 13.78 it/s
step 300200/370000 G=1.878 Dp=0.244 Dm=0.047 cyc_w=5.00 id_w=0.00 13.78 it/s
step 300250/370000 G=1.791 Dp=0.217 Dm=0.066 cyc_w=5.00 id_w=0.00 13.78 it/s
step 300300/370000 G=1.948 Dp=0.089 Dm=0.060 cyc_w=5.00 id_w=0.00 13.79 it/s
step 300350/370000 G=1.864 Dp=0.209 Dm=0.052 cyc_w=5.00 id_w=0.00 13.79 it/s
step 300400/370000 G=1.766 Dp=0.122 Dm=0.135 cyc_w=5.00 id_w=0.00 13.79 it/s
step 300450/370000 G=1.613 Dp=0.197 Dm=0.050 cyc_w=5.00 id_w=0.00 13.79 it/s
step 300500/370000 G=1.491 Dp=0.138 Dm=0.070 cyc_w=5.00 id_w=0.00 13.79 it/s
step 300550/370000 G=1.531 Dp=0.175 Dm=0.080 cyc_w=5.00 id_w=0.00 13.79 it/s
step 300600/370000 G=1.583 Dp=0.105 Dm=0.085 cyc_w=5.00 id_w=0.00 13.79 it/s
step 300650/370000 G=1.564 Dp=0.154 Dm=0.044 cyc_w=5.00 id_w=0.00 13.80 it/s
step 300700/370000 G=1.813 Dp=0.125 Dm=0.039 cyc_w=5.00 id_w=0.00 13.80 it/s
step 300750/370000 G=1.808 Dp=0.215 Dm=0.051 cyc_w=5.00 id_w=0.00 13.80 it/s
step 300800/370000 G=2.504 Dp=0.169 Dm=0.092 cyc_w=5.00 id_w=0.00 13.80 it/s
step 300850/370000 G=2.247 Dp=0.248 Dm=0.036 cyc_w=5.00 id_w=0.00 13.80 it/s
step 300900/370000 G=1.964 Dp=0.170 Dm=0.048 cyc_w=5.00 id_w=0.00 13.80 it/s
step 300950/370000 G=1.999 Dp=0.099 Dm=0.085 cyc_w=5.00 id_w=0.00 13.80 it/s
step 301000/370000 G=1.971 Dp=0.113 Dm=0.126 cyc_w=5.00 id_w=0.00 13.81 it/s
step 301050/370000 G=1.737 Dp=0.182 Dm=0.052 cyc_w=5.00 id_w=0.00 13.81 it/s
step 301100/370000 G=1.804 Dp=0.184 Dm=0.046 cyc_w=5.00 id_w=0.00 13.81 it/s
step 301150/370000 G=2.335 Dp=0.216 Dm=0.051 cyc_w=5.00 id_w=0.00 13.81 it/s
step 301200/370000 G=1.807 Dp=0.253 Dm=0.036 cyc_w=5.00 id_w=0.00 13.81 it/s
step 301250/370000 G=1.281 Dp=0.095 Dm=0.120 cyc_w=5.00 id_w=0.00 13.81 it/s
step 301300/370000 G=2.335 Dp=0.177 Dm=0.049 cyc_w=5.00 id_w=0.00 13.81 it/s
step 301350/370000 G=2.024 Dp=0.202 Dm=0.077 cyc_w=5.00 id_w=0.00 13.82 it/s
step 301400/370000 G=2.268 Dp=0.063 Dm=0.056 cyc_w=5.00 id_w=0.00 13.82 it/s
step 301450/370000 G=1.555 Dp=0.285 Dm=0.052 cyc_w=5.00 id_w=0.00 13.82 it/s
step 301500/370000 G=2.020 Dp=0.157 Dm=0.043 cyc_w=5.00 id_w=0.00 13.82 it/s
step 301550/370000 G=1.668 Dp=0.195 Dm=0.113 cyc_w=5.00 id_w=0.00 13.82 it/s
step 301600/370000 G=1.786 Dp=0.088 Dm=0.036 cyc_w=5.00 id_w=0.00 13.82 it/s
step 301650/370000 G=1.998 Dp=0.231 Dm=0.062 cyc_w=5.00 id_w=0.00 13.82 it/s
step 301700/370000 G=1.609 Dp=0.236 Dm=0.069 cyc_w=5.00 id_w=0.00 13.83 it/s
step 301750/370000 G=2.101 Dp=0.166 Dm=0.057 cyc_w=5.00 id_w=0.00 13.83 it/s
step 301800/370000 G=1.803 Dp=0.309 Dm=0.026 cyc_w=5.00 id_w=0.00 13.83 it/s
step 301850/370000 G=1.722 Dp=0.237 Dm=0.053 cyc_w=5.00 id_w=0.00 13.83 it/s
step 301900/370000 G=1.769 Dp=0.215 Dm=0.057 cyc_w=5.00 id_w=0.00 13.83 it/s
step 301950/370000 G=0.895 Dp=0.241 Dm=0.142 cyc_w=5.00 id_w=0.00 13.83 it/s
step 302000/370000 G=1.911 Dp=0.077 Dm=0.045 cyc_w=5.00 id_w=0.00 13.83 it/s
step 302050/370000 G=1.689 Dp=0.051 Dm=0.081 cyc_w=5.00 id_w=0.00 13.84 it/s
step 302100/370000 G=2.010 Dp=0.153 Dm=0.038 cyc_w=5.00 id_w=0.00 13.84 it/s
step 302150/370000 G=2.709 Dp=0.160 Dm=0.091 cyc_w=5.00 id_w=0.00 13.84 it/s
step 302200/370000 G=2.218 Dp=0.178 Dm=0.086 cyc_w=5.00 id_w=0.00 13.84 it/s
step 302250/370000 G=1.725 Dp=0.187 Dm=0.050 cyc_w=5.00 id_w=0.00 13.84 it/s
step 302300/370000 G=1.793 Dp=0.120 Dm=0.050 cyc_w=5.00 id_w=0.00 13.84 it/s
step 302350/370000 G=1.735 Dp=0.179 Dm=0.075 cyc_w=5.00 id_w=0.00 13.84 it/s
step 302400/370000 G=1.639 Dp=0.181 Dm=0.075 cyc_w=5.00 id_w=0.00 13.85 it/s
step 302450/370000 G=2.063 Dp=0.190 Dm=0.068 cyc_w=5.00 id_w=0.00 13.85 it/s
step 302500/370000 G=1.655 Dp=0.160 Dm=0.111 cyc_w=5.00 id_w=0.00 13.85 it/s
step 302550/370000 G=2.055 Dp=0.107 Dm=0.057 cyc_w=5.00 id_w=0.00 13.85 it/s
step 302600/370000 G=2.247 Dp=0.123 Dm=0.079 cyc_w=5.00 id_w=0.00 13.85 it/s
step 302650/370000 G=1.938 Dp=0.237 Dm=0.075 cyc_w=5.00 id_w=0.00 13.85 it/s
step 302700/370000 G=2.278 Dp=0.154 Dm=0.031 cyc_w=5.00 id_w=0.00 13.85 it/s
step 302750/370000 G=2.094 Dp=0.101 Dm=0.050 cyc_w=5.00 id_w=0.00 13.86 it/s
step 302800/370000 G=1.868 Dp=0.260 Dm=0.053 cyc_w=5.00 id_w=0.00 13.86 it/s
step 302850/370000 G=2.329 Dp=0.089 Dm=0.128 cyc_w=5.00 id_w=0.00 13.86 it/s
step 302900/370000 G=1.655 Dp=0.050 Dm=0.118 cyc_w=5.00 id_w=0.00 13.86 it/s
step 302950/370000 G=1.835 Dp=0.199 Dm=0.060 cyc_w=5.00 id_w=0.00 13.86 it/s
step 303000/370000 G=2.885 Dp=0.215 Dm=0.073 cyc_w=5.00 id_w=0.00 13.86 it/s
step 303050/370000 G=1.786 Dp=0.174 Dm=0.072 cyc_w=5.00 id_w=0.00 13.86 it/s
step 303100/370000 G=1.824 Dp=0.144 Dm=0.037 cyc_w=5.00 id_w=0.00 13.87 it/s
step 303150/370000 G=1.335 Dp=0.086 Dm=0.096 cyc_w=5.00 id_w=0.00 13.87 it/s
step 303200/370000 G=1.689 Dp=0.199 Dm=0.096 cyc_w=5.00 id_w=0.00 13.87 it/s
step 303250/370000 G=1.931 Dp=0.116 Dm=0.053 cyc_w=5.00 id_w=0.00 13.87 it/s
step 303300/370000 G=1.657 Dp=0.092 Dm=0.116 cyc_w=5.00 id_w=0.00 13.87 it/s
step 303350/370000 G=1.740 Dp=0.271 Dm=0.081 cyc_w=5.00 id_w=0.00 13.87 it/s
step 303400/370000 G=1.886 Dp=0.053 Dm=0.048 cyc_w=5.00 id_w=0.00 13.87 it/s
step 303450/370000 G=1.935 Dp=0.230 Dm=0.038 cyc_w=5.00 id_w=0.00 13.88 it/s
step 303500/370000 G=1.629 Dp=0.084 Dm=0.130 cyc_w=5.00 id_w=0.00 13.88 it/s
step 303550/370000 G=1.277 Dp=0.256 Dm=0.088 cyc_w=5.00 id_w=0.00 13.88 it/s
step 303600/370000 G=1.578 Dp=0.151 Dm=0.072 cyc_w=5.00 id_w=0.00 13.88 it/s
step 303650/370000 G=1.603 Dp=0.215 Dm=0.105 cyc_w=5.00 id_w=0.00 13.88 it/s
step 303700/370000 G=2.019 Dp=0.273 Dm=0.102 cyc_w=5.00 id_w=0.00 13.88 it/s
step 303750/370000 G=1.572 Dp=0.216 Dm=0.045 cyc_w=5.00 id_w=0.00 13.88 it/s
step 303800/370000 G=2.156 Dp=0.143 Dm=0.185 cyc_w=5.00 id_w=0.00 13.89 it/s
step 303850/370000 G=1.549 Dp=0.215 Dm=0.047 cyc_w=5.00 id_w=0.00 13.89 it/s
step 303900/370000 G=2.253 Dp=0.305 Dm=0.066 cyc_w=5.00 id_w=0.00 13.89 it/s
step 303950/370000 G=1.844 Dp=0.184 Dm=0.037 cyc_w=5.00 id_w=0.00 13.89 it/s
step 304000/370000 G=1.640 Dp=0.163 Dm=0.042 cyc_w=5.00 id_w=0.00 13.89 it/s
step 304050/370000 G=1.672 Dp=0.193 Dm=0.080 cyc_w=5.00 id_w=0.00 13.89 it/s
step 304100/370000 G=1.324 Dp=0.174 Dm=0.051 cyc_w=5.00 id_w=0.00 13.89 it/s
step 304150/370000 G=1.999 Dp=0.194 Dm=0.034 cyc_w=5.00 id_w=0.00 13.90 it/s
step 304200/370000 G=2.080 Dp=0.283 Dm=0.042 cyc_w=5.00 id_w=0.00 13.90 it/s
step 304250/370000 G=2.797 Dp=0.227 Dm=0.062 cyc_w=5.00 id_w=0.00 13.90 it/s
step 304300/370000 G=1.684 Dp=0.184 Dm=0.064 cyc_w=5.00 id_w=0.00 13.90 it/s
step 304350/370000 G=2.083 Dp=0.166 Dm=0.057 cyc_w=5.00 id_w=0.00 13.90 it/s
step 304400/370000 G=2.139 Dp=0.303 Dm=0.069 cyc_w=5.00 id_w=0.00 13.90 it/s
step 304450/370000 G=1.937 Dp=0.100 Dm=0.067 cyc_w=5.00 id_w=0.00 13.90 it/s
step 304500/370000 G=1.880 Dp=0.238 Dm=0.098 cyc_w=5.00 id_w=0.00 13.91 it/s
step 304550/370000 G=2.068 Dp=0.091 Dm=0.032 cyc_w=5.00 id_w=0.00 13.91 it/s
step 304600/370000 G=2.122 Dp=0.252 Dm=0.037 cyc_w=5.00 id_w=0.00 13.91 it/s
step 304650/370000 G=1.823 Dp=0.241 Dm=0.063 cyc_w=5.00 id_w=0.00 13.91 it/s
step 304700/370000 G=1.782 Dp=0.286 Dm=0.060 cyc_w=5.00 id_w=0.00 13.91 it/s
step 304750/370000 G=2.125 Dp=0.180 Dm=0.032 cyc_w=5.00 id_w=0.00 13.91 it/s
step 304800/370000 G=1.863 Dp=0.162 Dm=0.051 cyc_w=5.00 id_w=0.00 13.91 it/s
step 304850/370000 G=1.517 Dp=0.060 Dm=0.081 cyc_w=5.00 id_w=0.00 13.92 it/s
step 304900/370000 G=1.871 Dp=0.145 Dm=0.075 cyc_w=5.00 id_w=0.00 13.92 it/s
step 304950/370000 G=1.846 Dp=0.183 Dm=0.074 cyc_w=5.00 id_w=0.00 13.92 it/s
step 305000/370000 G=2.260 Dp=0.145 Dm=0.036 cyc_w=5.00 id_w=0.00 13.92 it/s
step 305050/370000 G=1.702 Dp=0.146 Dm=0.064 cyc_w=5.00 id_w=0.00 13.92 it/s
step 305100/370000 G=1.720 Dp=0.188 Dm=0.056 cyc_w=5.00 id_w=0.00 13.92 it/s
step 305150/370000 G=2.473 Dp=0.178 Dm=0.027 cyc_w=5.00 id_w=0.00 13.92 it/s
step 305200/370000 G=1.732 Dp=0.187 Dm=0.069 cyc_w=5.00 id_w=0.00 13.93 it/s
step 305250/370000 G=1.891 Dp=0.155 Dm=0.114 cyc_w=5.00 id_w=0.00 13.93 it/s
step 305300/370000 G=2.129 Dp=0.260 Dm=0.087 cyc_w=5.00 id_w=0.00 13.93 it/s
step 305350/370000 G=1.503 Dp=0.276 Dm=0.037 cyc_w=5.00 id_w=0.00 13.93 it/s
step 305400/370000 G=2.184 Dp=0.153 Dm=0.042 cyc_w=5.00 id_w=0.00 13.93 it/s
step 305450/370000 G=1.862 Dp=0.078 Dm=0.117 cyc_w=5.00 id_w=0.00 13.93 it/s
step 305500/370000 G=2.774 Dp=0.261 Dm=0.071 cyc_w=5.00 id_w=0.00 13.93 it/s
step 305550/370000 G=1.805 Dp=0.129 Dm=0.035 cyc_w=5.00 id_w=0.00 13.94 it/s
step 305600/370000 G=1.660 Dp=0.171 Dm=0.070 cyc_w=5.00 id_w=0.00 13.94 it/s
step 305650/370000 G=2.265 Dp=0.239 Dm=0.039 cyc_w=5.00 id_w=0.00 13.94 it/s
step 305700/370000 G=1.911 Dp=0.154 Dm=0.068 cyc_w=5.00 id_w=0.00 13.94 it/s
step 305750/370000 G=1.953 Dp=0.199 Dm=0.053 cyc_w=5.00 id_w=0.00 13.94 it/s
step 305800/370000 G=1.734 Dp=0.236 Dm=0.024 cyc_w=5.00 id_w=0.00 13.94 it/s
step 305850/370000 G=1.758 Dp=0.213 Dm=0.045 cyc_w=5.00 id_w=0.00 13.94 it/s
step 305900/370000 G=2.238 Dp=0.106 Dm=0.126 cyc_w=5.00 id_w=0.00 13.95 it/s
step 305950/370000 G=1.630 Dp=0.172 Dm=0.142 cyc_w=5.00 id_w=0.00 13.95 it/s
step 306000/370000 G=1.693 Dp=0.198 Dm=0.078 cyc_w=5.00 id_w=0.00 13.95 it/s
step 306050/370000 G=1.330 Dp=0.126 Dm=0.200 cyc_w=5.00 id_w=0.00 13.95 it/s
step 306100/370000 G=1.617 Dp=0.229 Dm=0.040 cyc_w=5.00 id_w=0.00 13.95 it/s
step 306150/370000 G=1.805 Dp=0.158 Dm=0.102 cyc_w=5.00 id_w=0.00 13.95 it/s
step 306200/370000 G=1.565 Dp=0.238 Dm=0.099 cyc_w=5.00 id_w=0.00 13.95 it/s
step 306250/370000 G=1.611 Dp=0.147 Dm=0.078 cyc_w=5.00 id_w=0.00 13.96 it/s
step 306300/370000 G=1.681 Dp=0.192 Dm=0.090 cyc_w=5.00 id_w=0.00 13.96 it/s
step 306350/370000 G=1.590 Dp=0.235 Dm=0.091 cyc_w=5.00 id_w=0.00 13.96 it/s
step 306400/370000 G=1.400 Dp=0.201 Dm=0.119 cyc_w=5.00 id_w=0.00 13.96 it/s
step 306450/370000 G=1.708 Dp=0.144 Dm=0.039 cyc_w=5.00 id_w=0.00 13.96 it/s
step 306500/370000 G=1.596 Dp=0.180 Dm=0.065 cyc_w=5.00 id_w=0.00 13.96 it/s
step 306550/370000 G=1.914 Dp=0.293 Dm=0.079 cyc_w=5.00 id_w=0.00 13.96 it/s
step 306600/370000 G=1.682 Dp=0.190 Dm=0.075 cyc_w=5.00 id_w=0.00 13.97 it/s
step 306650/370000 G=1.626 Dp=0.258 Dm=0.057 cyc_w=5.00 id_w=0.00 13.97 it/s
step 306700/370000 G=1.796 Dp=0.232 Dm=0.058 cyc_w=5.00 id_w=0.00 13.97 it/s
step 306750/370000 G=1.591 Dp=0.091 Dm=0.107 cyc_w=5.00 id_w=0.00 13.97 it/s
step 306800/370000 G=1.670 Dp=0.198 Dm=0.025 cyc_w=5.00 id_w=0.00 13.97 it/s
step 306850/370000 G=1.755 Dp=0.094 Dm=0.076 cyc_w=5.00 id_w=0.00 13.97 it/s
step 306900/370000 G=2.018 Dp=0.178 Dm=0.059 cyc_w=5.00 id_w=0.00 13.97 it/s
step 306950/370000 G=1.832 Dp=0.141 Dm=0.052 cyc_w=5.00 id_w=0.00 13.98 it/s
step 307000/370000 G=1.843 Dp=0.097 Dm=0.032 cyc_w=5.00 id_w=0.00 13.98 it/s
step 307050/370000 G=1.662 Dp=0.175 Dm=0.050 cyc_w=5.00 id_w=0.00 13.98 it/s
step 307100/370000 G=1.903 Dp=0.115 Dm=0.050 cyc_w=5.00 id_w=0.00 13.98 it/s
step 307150/370000 G=2.211 Dp=0.153 Dm=0.157 cyc_w=5.00 id_w=0.00 13.98 it/s
step 307200/370000 G=2.220 Dp=0.223 Dm=0.041 cyc_w=5.00 id_w=0.00 13.98 it/s
step 307250/370000 G=2.218 Dp=0.151 Dm=0.054 cyc_w=5.00 id_w=0.00 13.98 it/s
step 307300/370000 G=2.067 Dp=0.196 Dm=0.044 cyc_w=5.00 id_w=0.00 13.98 it/s
step 307350/370000 G=1.634 Dp=0.188 Dm=0.065 cyc_w=5.00 id_w=0.00 13.99 it/s
step 307400/370000 G=1.903 Dp=0.090 Dm=0.113 cyc_w=5.00 id_w=0.00 13.99 it/s
step 307450/370000 G=1.946 Dp=0.242 Dm=0.091 cyc_w=5.00 id_w=0.00 13.99 it/s
step 307500/370000 G=1.802 Dp=0.061 Dm=0.037 cyc_w=5.00 id_w=0.00 13.99 it/s
step 307550/370000 G=1.990 Dp=0.136 Dm=0.034 cyc_w=5.00 id_w=0.00 13.99 it/s
step 307600/370000 G=1.715 Dp=0.164 Dm=0.047 cyc_w=5.00 id_w=0.00 13.99 it/s
step 307650/370000 G=1.769 Dp=0.173 Dm=0.055 cyc_w=5.00 id_w=0.00 13.99 it/s
step 307700/370000 G=1.833 Dp=0.143 Dm=0.049 cyc_w=5.00 id_w=0.00 14.00 it/s
step 307750/370000 G=2.004 Dp=0.132 Dm=0.065 cyc_w=5.00 id_w=0.00 14.00 it/s
step 307800/370000 G=1.891 Dp=0.206 Dm=0.048 cyc_w=5.00 id_w=0.00 14.00 it/s
step 307850/370000 G=2.041 Dp=0.201 Dm=0.056 cyc_w=5.00 id_w=0.00 14.00 it/s
step 307900/370000 G=2.686 Dp=0.144 Dm=0.040 cyc_w=5.00 id_w=0.00 14.00 it/s
step 307950/370000 G=1.845 Dp=0.231 Dm=0.036 cyc_w=5.00 id_w=0.00 14.00 it/s
step 308000/370000 G=1.882 Dp=0.095 Dm=0.044 cyc_w=5.00 id_w=0.00 14.00 it/s
step 308050/370000 G=2.223 Dp=0.106 Dm=0.052 cyc_w=5.00 id_w=0.00 14.01 it/s
step 308100/370000 G=1.981 Dp=0.301 Dm=0.051 cyc_w=5.00 id_w=0.00 14.01 it/s
step 308150/370000 G=1.910 Dp=0.173 Dm=0.050 cyc_w=5.00 id_w=0.00 14.01 it/s
step 308200/370000 G=1.630 Dp=0.187 Dm=0.034 cyc_w=5.00 id_w=0.00 14.01 it/s
step 308250/370000 G=2.218 Dp=0.108 Dm=0.158 cyc_w=5.00 id_w=0.00 14.01 it/s
step 308300/370000 G=2.103 Dp=0.174 Dm=0.094 cyc_w=5.00 id_w=0.00 14.01 it/s
step 308350/370000 G=1.824 Dp=0.106 Dm=0.041 cyc_w=5.00 id_w=0.00 14.01 it/s
step 308400/370000 G=1.530 Dp=0.218 Dm=0.085 cyc_w=5.00 id_w=0.00 14.02 it/s
step 308450/370000 G=1.764 Dp=0.204 Dm=0.032 cyc_w=5.00 id_w=0.00 14.02 it/s
step 308500/370000 G=2.135 Dp=0.193 Dm=0.067 cyc_w=5.00 id_w=0.00 14.02 it/s
step 308550/370000 G=1.828 Dp=0.128 Dm=0.065 cyc_w=5.00 id_w=0.00 14.02 it/s
step 308600/370000 G=1.704 Dp=0.235 Dm=0.040 cyc_w=5.00 id_w=0.00 14.02 it/s
step 308650/370000 G=1.675 Dp=0.127 Dm=0.061 cyc_w=5.00 id_w=0.00 14.02 it/s
step 308700/370000 G=1.780 Dp=0.232 Dm=0.032 cyc_w=5.00 id_w=0.00 14.02 it/s
step 308750/370000 G=2.114 Dp=0.234 Dm=0.032 cyc_w=5.00 id_w=0.00 14.03 it/s
step 308800/370000 G=1.706 Dp=0.104 Dm=0.056 cyc_w=5.00 id_w=0.00 14.03 it/s
step 308850/370000 G=2.714 Dp=0.067 Dm=0.065 cyc_w=5.00 id_w=0.00 14.03 it/s
step 308900/370000 G=1.672 Dp=0.177 Dm=0.035 cyc_w=5.00 id_w=0.00 14.03 it/s
step 308950/370000 G=2.715 Dp=0.065 Dm=0.108 cyc_w=5.00 id_w=0.00 14.03 it/s
step 309000/370000 G=2.066 Dp=0.146 Dm=0.065 cyc_w=5.00 id_w=0.00 14.03 it/s
step 309050/370000 G=2.019 Dp=0.113 Dm=0.054 cyc_w=5.00 id_w=0.00 14.03 it/s
step 309100/370000 G=1.579 Dp=0.301 Dm=0.046 cyc_w=5.00 id_w=0.00 14.04 it/s
step 309150/370000 G=1.839 Dp=0.199 Dm=0.054 cyc_w=5.00 id_w=0.00 14.04 it/s
step 309200/370000 G=1.720 Dp=0.143 Dm=0.073 cyc_w=5.00 id_w=0.00 14.04 it/s
step 309250/370000 G=1.856 Dp=0.156 Dm=0.072 cyc_w=5.00 id_w=0.00 14.04 it/s
step 309300/370000 G=2.032 Dp=0.268 Dm=0.041 cyc_w=5.00 id_w=0.00 14.04 it/s
step 309350/370000 G=1.579 Dp=0.211 Dm=0.112 cyc_w=5.00 id_w=0.00 14.04 it/s
step 309400/370000 G=2.094 Dp=0.068 Dm=0.058 cyc_w=5.00 id_w=0.00 14.04 it/s
step 309450/370000 G=1.910 Dp=0.207 Dm=0.041 cyc_w=5.00 id_w=0.00 14.05 it/s
step 309500/370000 G=1.514 Dp=0.179 Dm=0.067 cyc_w=5.00 id_w=0.00 14.05 it/s
step 309550/370000 G=1.027 Dp=0.097 Dm=0.197 cyc_w=5.00 id_w=0.00 14.05 it/s
step 309600/370000 G=2.094 Dp=0.082 Dm=0.042 cyc_w=5.00 id_w=0.00 14.05 it/s
step 309650/370000 G=2.623 Dp=0.182 Dm=0.122 cyc_w=5.00 id_w=0.00 14.05 it/s
step 309700/370000 G=1.526 Dp=0.268 Dm=0.048 cyc_w=5.00 id_w=0.00 14.05 it/s
step 309750/370000 G=1.726 Dp=0.195 Dm=0.067 cyc_w=5.00 id_w=0.00 14.05 it/s
EVAL {"step": 309750, "variant": "ema", "fid_a2b": 97.0929962266175, "fid_b2a": 94.61663579135022, "mifid_a2b": 0.4180955072581177, "mifid_b2a": 0.39139452727862367, "fid": 95.85481600898386, "mifid": 0.4047450172683707, "composite": 48.129780513126114}
EVAL {"step": 309750, "variant": "ema_slow", "fid_a2b": 96.80084443498126, "fid_b2a": 94.57459174665618, "mifid_a2b": 0.41827867231560023, "mifid_b2a": 0.39045004978273457, "fid": 95.68771809081872, "mifid": 0.4043643610491674, "composite": 48.04604122593394}
EVAL {"step": 309750, "variant": "raw", "fid_a2b": 97.03570414954905, "fid_b2a": 94.64829833820504, "mifid_a2b": 0.4162169043727954, "mifid_b2a": 0.39551746660383297, "fid": 95.84200124387704, "mifid": 0.4058671854883142, "composite": 48.12393421468268}
step 309800/370000 G=1.749 Dp=0.175 Dm=0.131 cyc_w=5.00 id_w=0.00 14.03 it/s
step 309850/370000 G=2.071 Dp=0.260 Dm=0.088 cyc_w=5.00 id_w=0.00 14.03 it/s
step 309900/370000 G=2.132 Dp=0.275 Dm=0.101 cyc_w=5.00 id_w=0.00 14.03 it/s
step 309950/370000 G=1.844 Dp=0.193 Dm=0.063 cyc_w=5.00 id_w=0.00 14.03 it/s
step 310000/370000 G=1.922 Dp=0.102 Dm=0.080 cyc_w=5.00 id_w=0.00 14.03 it/s
step 310050/370000 G=1.529 Dp=0.266 Dm=0.044 cyc_w=5.00 id_w=0.00 14.03 it/s
step 310100/370000 G=1.967 Dp=0.220 Dm=0.063 cyc_w=5.00 id_w=0.00 14.03 it/s
step 310150/370000 G=1.843 Dp=0.210 Dm=0.089 cyc_w=5.00 id_w=0.00 14.03 it/s
step 310200/370000 G=1.488 Dp=0.166 Dm=0.031 cyc_w=5.00 id_w=0.00 14.04 it/s
step 310250/370000 G=2.794 Dp=0.045 Dm=0.030 cyc_w=5.00 id_w=0.00 14.04 it/s
step 310300/370000 G=2.391 Dp=0.104 Dm=0.077 cyc_w=5.00 id_w=0.00 14.04 it/s
step 310350/370000 G=2.045 Dp=0.200 Dm=0.036 cyc_w=5.00 id_w=0.00 14.04 it/s
step 310400/370000 G=1.680 Dp=0.036 Dm=0.045 cyc_w=5.00 id_w=0.00 14.04 it/s
step 310450/370000 G=1.983 Dp=0.144 Dm=0.054 cyc_w=5.00 id_w=0.00 14.04 it/s
step 310500/370000 G=1.274 Dp=0.156 Dm=0.043 cyc_w=5.00 id_w=0.00 14.04 it/s
step 310550/370000 G=2.016 Dp=0.132 Dm=0.034 cyc_w=5.00 id_w=0.00 14.05 it/s
step 310600/370000 G=2.213 Dp=0.101 Dm=0.027 cyc_w=5.00 id_w=0.00 14.05 it/s
step 310650/370000 G=1.806 Dp=0.216 Dm=0.057 cyc_w=5.00 id_w=0.00 14.05 it/s
step 310700/370000 G=1.578 Dp=0.243 Dm=0.024 cyc_w=5.00 id_w=0.00 14.05 it/s
step 310750/370000 G=2.641 Dp=0.064 Dm=0.036 cyc_w=5.00 id_w=0.00 14.05 it/s
step 310800/370000 G=1.796 Dp=0.245 Dm=0.040 cyc_w=5.00 id_w=0.00 14.05 it/s
step 310850/370000 G=1.837 Dp=0.213 Dm=0.061 cyc_w=5.00 id_w=0.00 14.05 it/s
step 310900/370000 G=2.014 Dp=0.158 Dm=0.041 cyc_w=5.00 id_w=0.00 14.06 it/s
step 310950/370000 G=2.011 Dp=0.223 Dm=0.026 cyc_w=5.00 id_w=0.00 14.06 it/s
step 311000/370000 G=1.599 Dp=0.076 Dm=0.044 cyc_w=5.00 id_w=0.00 14.06 it/s
step 311050/370000 G=2.373 Dp=0.242 Dm=0.030 cyc_w=5.00 id_w=0.00 14.06 it/s
step 311100/370000 G=1.567 Dp=0.196 Dm=0.094 cyc_w=5.00 id_w=0.00 14.06 it/s
step 311150/370000 G=2.050 Dp=0.181 Dm=0.050 cyc_w=5.00 id_w=0.00 14.06 it/s
step 311200/370000 G=1.496 Dp=0.113 Dm=0.097 cyc_w=5.00 id_w=0.00 14.06 it/s
step 311250/370000 G=1.967 Dp=0.127 Dm=0.036 cyc_w=5.00 id_w=0.00 14.07 it/s
step 311300/370000 G=2.084 Dp=0.139 Dm=0.046 cyc_w=5.00 id_w=0.00 14.07 it/s
step 311350/370000 G=1.555 Dp=0.182 Dm=0.071 cyc_w=5.00 id_w=0.00 14.07 it/s
step 311400/370000 G=2.160 Dp=0.103 Dm=0.064 cyc_w=5.00 id_w=0.00 14.07 it/s
step 311450/370000 G=2.175 Dp=0.200 Dm=0.107 cyc_w=5.00 id_w=0.00 14.07 it/s
step 311500/370000 G=1.852 Dp=0.214 Dm=0.061 cyc_w=5.00 id_w=0.00 14.07 it/s
step 311550/370000 G=1.362 Dp=0.065 Dm=0.142 cyc_w=5.00 id_w=0.00 14.07 it/s
step 311600/370000 G=1.771 Dp=0.227 Dm=0.073 cyc_w=5.00 id_w=0.00 14.08 it/s
step 311650/370000 G=2.022 Dp=0.212 Dm=0.076 cyc_w=5.00 id_w=0.00 14.08 it/s
step 311700/370000 G=1.917 Dp=0.165 Dm=0.057 cyc_w=5.00 id_w=0.00 14.08 it/s
step 311750/370000 G=2.471 Dp=0.142 Dm=0.034 cyc_w=5.00 id_w=0.00 14.08 it/s
step 311800/370000 G=2.259 Dp=0.221 Dm=0.044 cyc_w=5.00 id_w=0.00 14.08 it/s
step 311850/370000 G=1.874 Dp=0.251 Dm=0.097 cyc_w=5.00 id_w=0.00 14.08 it/s
step 311900/370000 G=1.785 Dp=0.144 Dm=0.033 cyc_w=5.00 id_w=0.00 14.08 it/s
step 311950/370000 G=2.066 Dp=0.120 Dm=0.060 cyc_w=5.00 id_w=0.00 14.09 it/s
step 312000/370000 G=1.918 Dp=0.069 Dm=0.054 cyc_w=5.00 id_w=0.00 14.09 it/s
step 312050/370000 G=1.798 Dp=0.213 Dm=0.050 cyc_w=5.00 id_w=0.00 14.09 it/s
step 312100/370000 G=1.967 Dp=0.204 Dm=0.045 cyc_w=5.00 id_w=0.00 14.09 it/s
step 312150/370000 G=1.509 Dp=0.215 Dm=0.040 cyc_w=5.00 id_w=0.00 14.09 it/s
step 312200/370000 G=2.012 Dp=0.154 Dm=0.035 cyc_w=5.00 id_w=0.00 14.09 it/s
step 312250/370000 G=1.623 Dp=0.148 Dm=0.087 cyc_w=5.00 id_w=0.00 14.09 it/s
step 312300/370000 G=1.553 Dp=0.195 Dm=0.050 cyc_w=5.00 id_w=0.00 14.09 it/s
step 312350/370000 G=2.085 Dp=0.135 Dm=0.043 cyc_w=5.00 id_w=0.00 14.10 it/s
step 312400/370000 G=1.969 Dp=0.227 Dm=0.092 cyc_w=5.00 id_w=0.00 14.10 it/s
step 312450/370000 G=1.929 Dp=0.194 Dm=0.084 cyc_w=5.00 id_w=0.00 14.10 it/s
step 312500/370000 G=1.937 Dp=0.190 Dm=0.045 cyc_w=5.00 id_w=0.00 14.10 it/s
step 312550/370000 G=1.485 Dp=0.146 Dm=0.038 cyc_w=5.00 id_w=0.00 14.10 it/s
step 312600/370000 G=1.565 Dp=0.238 Dm=0.073 cyc_w=5.00 id_w=0.00 14.10 it/s
step 312650/370000 G=1.481 Dp=0.149 Dm=0.065 cyc_w=5.00 id_w=0.00 14.10 it/s
step 312700/370000 G=2.594 Dp=0.150 Dm=0.074 cyc_w=5.00 id_w=0.00 14.11 it/s
step 312750/370000 G=2.099 Dp=0.098 Dm=0.031 cyc_w=5.00 id_w=0.00 14.11 it/s
step 312800/370000 G=1.785 Dp=0.074 Dm=0.098 cyc_w=5.00 id_w=0.00 14.11 it/s
step 312850/370000 G=1.815 Dp=0.159 Dm=0.080 cyc_w=5.00 id_w=0.00 14.11 it/s
step 312900/370000 G=2.173 Dp=0.246 Dm=0.041 cyc_w=5.00 id_w=0.00 14.11 it/s
step 312950/370000 G=1.769 Dp=0.101 Dm=0.035 cyc_w=5.00 id_w=0.00 14.11 it/s
step 313000/370000 G=1.782 Dp=0.278 Dm=0.060 cyc_w=5.00 id_w=0.00 14.11 it/s
step 313050/370000 G=1.923 Dp=0.205 Dm=0.034 cyc_w=5.00 id_w=0.00 14.12 it/s
step 313100/370000 G=2.200 Dp=0.136 Dm=0.047 cyc_w=5.00 id_w=0.00 14.12 it/s
step 313150/370000 G=1.879 Dp=0.227 Dm=0.038 cyc_w=5.00 id_w=0.00 14.12 it/s
step 313200/370000 G=1.577 Dp=0.121 Dm=0.062 cyc_w=5.00 id_w=0.00 14.12 it/s
step 313250/370000 G=1.727 Dp=0.183 Dm=0.058 cyc_w=5.00 id_w=0.00 14.12 it/s
step 313300/370000 G=2.110 Dp=0.242 Dm=0.049 cyc_w=5.00 id_w=0.00 14.12 it/s
step 313350/370000 G=1.874 Dp=0.324 Dm=0.043 cyc_w=5.00 id_w=0.00 14.12 it/s
step 313400/370000 G=1.725 Dp=0.150 Dm=0.077 cyc_w=5.00 id_w=0.00 14.13 it/s
step 313450/370000 G=1.766 Dp=0.081 Dm=0.104 cyc_w=5.00 id_w=0.00 14.13 it/s
step 313500/370000 G=1.629 Dp=0.163 Dm=0.084 cyc_w=5.00 id_w=0.00 14.13 it/s
step 313550/370000 G=1.637 Dp=0.192 Dm=0.115 cyc_w=5.00 id_w=0.00 14.13 it/s
step 313600/370000 G=1.612 Dp=0.163 Dm=0.053 cyc_w=5.00 id_w=0.00 14.13 it/s
step 313650/370000 G=1.905 Dp=0.152 Dm=0.085 cyc_w=5.00 id_w=0.00 14.13 it/s
step 313700/370000 G=2.414 Dp=0.116 Dm=0.168 cyc_w=5.00 id_w=0.00 14.13 it/s
step 313750/370000 G=2.392 Dp=0.142 Dm=0.049 cyc_w=5.00 id_w=0.00 14.14 it/s
step 313800/370000 G=1.942 Dp=0.168 Dm=0.039 cyc_w=5.00 id_w=0.00 14.14 it/s
step 313850/370000 G=1.660 Dp=0.175 Dm=0.033 cyc_w=5.00 id_w=0.00 14.14 it/s
step 313900/370000 G=2.192 Dp=0.137 Dm=0.052 cyc_w=5.00 id_w=0.00 14.14 it/s
step 313950/370000 G=1.849 Dp=0.110 Dm=0.072 cyc_w=5.00 id_w=0.00 14.14 it/s
step 314000/370000 G=1.875 Dp=0.208 Dm=0.038 cyc_w=5.00 id_w=0.00 14.14 it/s
step 314050/370000 G=1.605 Dp=0.164 Dm=0.034 cyc_w=5.00 id_w=0.00 14.14 it/s
step 314100/370000 G=2.760 Dp=0.147 Dm=0.046 cyc_w=5.00 id_w=0.00 14.14 it/s
step 314150/370000 G=2.102 Dp=0.250 Dm=0.099 cyc_w=5.00 id_w=0.00 14.15 it/s
step 314200/370000 G=1.986 Dp=0.210 Dm=0.051 cyc_w=5.00 id_w=0.00 14.15 it/s
step 314250/370000 G=1.805 Dp=0.091 Dm=0.098 cyc_w=5.00 id_w=0.00 14.15 it/s
step 314300/370000 G=1.687 Dp=0.167 Dm=0.109 cyc_w=5.00 id_w=0.00 14.15 it/s
step 314350/370000 G=2.344 Dp=0.137 Dm=0.057 cyc_w=5.00 id_w=0.00 14.15 it/s
step 314400/370000 G=1.563 Dp=0.110 Dm=0.074 cyc_w=5.00 id_w=0.00 14.15 it/s
step 314450/370000 G=1.758 Dp=0.250 Dm=0.105 cyc_w=5.00 id_w=0.00 14.15 it/s
step 314500/370000 G=1.800 Dp=0.124 Dm=0.029 cyc_w=5.00 id_w=0.00 14.16 it/s
step 314550/370000 G=2.048 Dp=0.130 Dm=0.026 cyc_w=5.00 id_w=0.00 14.16 it/s
step 314600/370000 G=1.884 Dp=0.166 Dm=0.028 cyc_w=5.00 id_w=0.00 14.16 it/s
step 314650/370000 G=1.642 Dp=0.187 Dm=0.081 cyc_w=5.00 id_w=0.00 14.16 it/s
step 314700/370000 G=1.680 Dp=0.141 Dm=0.057 cyc_w=5.00 id_w=0.00 14.16 it/s
step 314750/370000 G=1.571 Dp=0.174 Dm=0.045 cyc_w=5.00 id_w=0.00 14.16 it/s
step 314800/370000 G=2.197 Dp=0.229 Dm=0.042 cyc_w=5.00 id_w=0.00 14.16 it/s
step 314850/370000 G=1.684 Dp=0.144 Dm=0.050 cyc_w=5.00 id_w=0.00 14.17 it/s
step 314900/370000 G=2.015 Dp=0.088 Dm=0.064 cyc_w=5.00 id_w=0.00 14.17 it/s
step 314950/370000 G=2.128 Dp=0.155 Dm=0.063 cyc_w=5.00 id_w=0.00 14.17 it/s
step 315000/370000 G=1.807 Dp=0.143 Dm=0.150 cyc_w=5.00 id_w=0.00 14.17 it/s
step 315050/370000 G=2.094 Dp=0.282 Dm=0.038 cyc_w=5.00 id_w=0.00 14.17 it/s
step 315100/370000 G=1.873 Dp=0.178 Dm=0.131 cyc_w=5.00 id_w=0.00 14.17 it/s
step 315150/370000 G=2.189 Dp=0.125 Dm=0.038 cyc_w=5.00 id_w=0.00 14.17 it/s
step 315200/370000 G=1.805 Dp=0.216 Dm=0.092 cyc_w=5.00 id_w=0.00 14.18 it/s
step 315250/370000 G=1.685 Dp=0.066 Dm=0.052 cyc_w=5.00 id_w=0.00 14.18 it/s
step 315300/370000 G=2.108 Dp=0.143 Dm=0.046 cyc_w=5.00 id_w=0.00 14.18 it/s
step 315350/370000 G=1.970 Dp=0.181 Dm=0.033 cyc_w=5.00 id_w=0.00 14.18 it/s
step 315400/370000 G=1.886 Dp=0.160 Dm=0.067 cyc_w=5.00 id_w=0.00 14.18 it/s
step 315450/370000 G=1.683 Dp=0.274 Dm=0.058 cyc_w=5.00 id_w=0.00 14.18 it/s
step 315500/370000 G=2.397 Dp=0.095 Dm=0.055 cyc_w=5.00 id_w=0.00 14.18 it/s
step 315550/370000 G=1.988 Dp=0.109 Dm=0.076 cyc_w=5.00 id_w=0.00 14.19 it/s
step 315600/370000 G=1.573 Dp=0.129 Dm=0.062 cyc_w=5.00 id_w=0.00 14.19 it/s
step 315650/370000 G=1.463 Dp=0.151 Dm=0.291 cyc_w=5.00 id_w=0.00 14.19 it/s
step 315700/370000 G=1.722 Dp=0.208 Dm=0.039 cyc_w=5.00 id_w=0.00 14.19 it/s
step 315750/370000 G=2.026 Dp=0.209 Dm=0.154 cyc_w=5.00 id_w=0.00 14.19 it/s
step 315800/370000 G=1.923 Dp=0.075 Dm=0.055 cyc_w=5.00 id_w=0.00 14.19 it/s
step 315850/370000 G=1.528 Dp=0.251 Dm=0.078 cyc_w=5.00 id_w=0.00 14.19 it/s
step 315900/370000 G=1.763 Dp=0.106 Dm=0.164 cyc_w=5.00 id_w=0.00 14.19 it/s
step 315950/370000 G=2.109 Dp=0.141 Dm=0.169 cyc_w=5.00 id_w=0.00 14.20 it/s
step 316000/370000 G=2.272 Dp=0.139 Dm=0.045 cyc_w=5.00 id_w=0.00 14.20 it/s
step 316050/370000 G=2.449 Dp=0.121 Dm=0.046 cyc_w=5.00 id_w=0.00 14.20 it/s
step 316100/370000 G=1.896 Dp=0.107 Dm=0.085 cyc_w=5.00 id_w=0.00 14.20 it/s
step 316150/370000 G=1.977 Dp=0.325 Dm=0.096 cyc_w=5.00 id_w=0.00 14.20 it/s
step 316200/370000 G=1.994 Dp=0.170 Dm=0.082 cyc_w=5.00 id_w=0.00 14.20 it/s
step 316250/370000 G=1.810 Dp=0.168 Dm=0.048 cyc_w=5.00 id_w=0.00 14.20 it/s
step 316300/370000 G=1.749 Dp=0.278 Dm=0.051 cyc_w=5.00 id_w=0.00 14.21 it/s
step 316350/370000 G=1.689 Dp=0.237 Dm=0.045 cyc_w=5.00 id_w=0.00 14.21 it/s
step 316400/370000 G=1.765 Dp=0.148 Dm=0.066 cyc_w=5.00 id_w=0.00 14.21 it/s
step 316450/370000 G=1.325 Dp=0.174 Dm=0.037 cyc_w=5.00 id_w=0.00 14.21 it/s
step 316500/370000 G=1.634 Dp=0.280 Dm=0.055 cyc_w=5.00 id_w=0.00 14.21 it/s
step 316550/370000 G=2.615 Dp=0.118 Dm=0.072 cyc_w=5.00 id_w=0.00 14.21 it/s
step 316600/370000 G=2.412 Dp=0.077 Dm=0.033 cyc_w=5.00 id_w=0.00 14.21 it/s
step 316650/370000 G=2.011 Dp=0.092 Dm=0.031 cyc_w=5.00 id_w=0.00 14.22 it/s
step 316700/370000 G=1.619 Dp=0.202 Dm=0.035 cyc_w=5.00 id_w=0.00 14.22 it/s
step 316750/370000 G=2.319 Dp=0.129 Dm=0.059 cyc_w=5.00 id_w=0.00 14.22 it/s
step 316800/370000 G=1.800 Dp=0.264 Dm=0.090 cyc_w=5.00 id_w=0.00 14.22 it/s
step 316850/370000 G=2.288 Dp=0.266 Dm=0.100 cyc_w=5.00 id_w=0.00 14.22 it/s
step 316900/370000 G=1.660 Dp=0.165 Dm=0.042 cyc_w=5.00 id_w=0.00 14.22 it/s
step 316950/370000 G=1.930 Dp=0.090 Dm=0.035 cyc_w=5.00 id_w=0.00 14.22 it/s
step 317000/370000 G=2.153 Dp=0.079 Dm=0.071 cyc_w=5.00 id_w=0.00 14.23 it/s
step 317050/370000 G=1.621 Dp=0.226 Dm=0.032 cyc_w=5.00 id_w=0.00 14.23 it/s
step 317100/370000 G=1.701 Dp=0.202 Dm=0.051 cyc_w=5.00 id_w=0.00 14.23 it/s
step 317150/370000 G=1.736 Dp=0.214 Dm=0.057 cyc_w=5.00 id_w=0.00 14.23 it/s
step 317200/370000 G=1.584 Dp=0.168 Dm=0.145 cyc_w=5.00 id_w=0.00 14.23 it/s
step 317250/370000 G=1.924 Dp=0.220 Dm=0.063 cyc_w=5.00 id_w=0.00 14.23 it/s
step 317300/370000 G=1.922 Dp=0.356 Dm=0.032 cyc_w=5.00 id_w=0.00 14.23 it/s
step 317350/370000 G=2.292 Dp=0.248 Dm=0.035 cyc_w=5.00 id_w=0.00 14.23 it/s
step 317400/370000 G=1.329 Dp=0.259 Dm=0.167 cyc_w=5.00 id_w=0.00 14.24 it/s
step 317450/370000 G=1.691 Dp=0.069 Dm=0.036 cyc_w=5.00 id_w=0.00 14.24 it/s
step 317500/370000 G=1.782 Dp=0.092 Dm=0.073 cyc_w=5.00 id_w=0.00 14.24 it/s
step 317550/370000 G=2.010 Dp=0.139 Dm=0.033 cyc_w=5.00 id_w=0.00 14.24 it/s
step 317600/370000 G=1.886 Dp=0.188 Dm=0.099 cyc_w=5.00 id_w=0.00 14.24 it/s
step 317650/370000 G=1.895 Dp=0.183 Dm=0.079 cyc_w=5.00 id_w=0.00 14.24 it/s
step 317700/370000 G=2.002 Dp=0.234 Dm=0.044 cyc_w=5.00 id_w=0.00 14.24 it/s
step 317750/370000 G=2.341 Dp=0.143 Dm=0.088 cyc_w=5.00 id_w=0.00 14.25 it/s
step 317800/370000 G=1.566 Dp=0.182 Dm=0.041 cyc_w=5.00 id_w=0.00 14.25 it/s
step 317850/370000 G=1.603 Dp=0.186 Dm=0.056 cyc_w=5.00 id_w=0.00 14.25 it/s
step 317900/370000 G=2.053 Dp=0.375 Dm=0.075 cyc_w=5.00 id_w=0.00 14.25 it/s
step 317950/370000 G=2.174 Dp=0.218 Dm=0.089 cyc_w=5.00 id_w=0.00 14.25 it/s
step 318000/370000 G=1.670 Dp=0.089 Dm=0.072 cyc_w=5.00 id_w=0.00 14.25 it/s
step 318050/370000 G=1.610 Dp=0.178 Dm=0.060 cyc_w=5.00 id_w=0.00 14.25 it/s
step 318100/370000 G=1.900 Dp=0.296 Dm=0.105 cyc_w=5.00 id_w=0.00 14.26 it/s
step 318150/370000 G=2.086 Dp=0.116 Dm=0.060 cyc_w=5.00 id_w=0.00 14.26 it/s
step 318200/370000 G=2.228 Dp=0.149 Dm=0.067 cyc_w=5.00 id_w=0.00 14.26 it/s
step 318250/370000 G=2.151 Dp=0.157 Dm=0.073 cyc_w=5.00 id_w=0.00 14.26 it/s
step 318300/370000 G=2.412 Dp=0.117 Dm=0.067 cyc_w=5.00 id_w=0.00 14.26 it/s
step 318350/370000 G=2.000 Dp=0.213 Dm=0.065 cyc_w=5.00 id_w=0.00 14.26 it/s
step 318400/370000 G=1.860 Dp=0.192 Dm=0.072 cyc_w=5.00 id_w=0.00 14.26 it/s
step 318450/370000 G=1.853 Dp=0.145 Dm=0.067 cyc_w=5.00 id_w=0.00 14.27 it/s
step 318500/370000 G=1.487 Dp=0.058 Dm=0.098 cyc_w=5.00 id_w=0.00 14.27 it/s
step 318550/370000 G=1.886 Dp=0.284 Dm=0.033 cyc_w=5.00 id_w=0.00 14.27 it/s
step 318600/370000 G=2.018 Dp=0.134 Dm=0.048 cyc_w=5.00 id_w=0.00 14.27 it/s
step 318650/370000 G=1.253 Dp=0.321 Dm=0.079 cyc_w=5.00 id_w=0.00 14.27 it/s
step 318700/370000 G=2.000 Dp=0.104 Dm=0.078 cyc_w=5.00 id_w=0.00 14.27 it/s
step 318750/370000 G=2.064 Dp=0.174 Dm=0.080 cyc_w=5.00 id_w=0.00 14.27 it/s
step 318800/370000 G=2.669 Dp=0.060 Dm=0.033 cyc_w=5.00 id_w=0.00 14.27 it/s
step 318850/370000 G=2.001 Dp=0.264 Dm=0.046 cyc_w=5.00 id_w=0.00 14.28 it/s
step 318900/370000 G=1.558 Dp=0.135 Dm=0.044 cyc_w=5.00 id_w=0.00 14.28 it/s
step 318950/370000 G=1.733 Dp=0.159 Dm=0.059 cyc_w=5.00 id_w=0.00 14.28 it/s
step 319000/370000 G=1.962 Dp=0.196 Dm=0.060 cyc_w=5.00 id_w=0.00 14.28 it/s
step 319050/370000 G=2.003 Dp=0.145 Dm=0.085 cyc_w=5.00 id_w=0.00 14.28 it/s
step 319100/370000 G=2.377 Dp=0.162 Dm=0.069 cyc_w=5.00 id_w=0.00 14.28 it/s
step 319150/370000 G=1.840 Dp=0.182 Dm=0.029 cyc_w=5.00 id_w=0.00 14.28 it/s
step 319200/370000 G=2.060 Dp=0.166 Dm=0.070 cyc_w=5.00 id_w=0.00 14.29 it/s
step 319250/370000 G=1.653 Dp=0.157 Dm=0.067 cyc_w=5.00 id_w=0.00 14.29 it/s
step 319300/370000 G=1.575 Dp=0.136 Dm=0.038 cyc_w=5.00 id_w=0.00 14.29 it/s
step 319350/370000 G=1.783 Dp=0.319 Dm=0.054 cyc_w=5.00 id_w=0.00 14.29 it/s
step 319400/370000 G=2.391 Dp=0.201 Dm=0.140 cyc_w=5.00 id_w=0.00 14.29 it/s
step 319450/370000 G=1.542 Dp=0.179 Dm=0.028 cyc_w=5.00 id_w=0.00 14.29 it/s
step 319500/370000 G=2.022 Dp=0.224 Dm=0.143 cyc_w=5.00 id_w=0.00 14.29 it/s
step 319550/370000 G=1.909 Dp=0.098 Dm=0.061 cyc_w=5.00 id_w=0.00 14.30 it/s
step 319600/370000 G=1.795 Dp=0.189 Dm=0.028 cyc_w=5.00 id_w=0.00 14.30 it/s
step 319650/370000 G=1.982 Dp=0.132 Dm=0.056 cyc_w=5.00 id_w=0.00 14.30 it/s
step 319700/370000 G=2.111 Dp=0.150 Dm=0.106 cyc_w=5.00 id_w=0.00 14.30 it/s
step 319750/370000 G=2.152 Dp=0.156 Dm=0.145 cyc_w=5.00 id_w=0.00 14.30 it/s
step 319800/370000 G=2.317 Dp=0.121 Dm=0.035 cyc_w=5.00 id_w=0.00 14.30 it/s
step 319850/370000 G=1.419 Dp=0.100 Dm=0.209 cyc_w=5.00 id_w=0.00 14.30 it/s
step 319900/370000 G=1.907 Dp=0.218 Dm=0.089 cyc_w=5.00 id_w=0.00 14.30 it/s
step 319950/370000 G=1.845 Dp=0.200 Dm=0.049 cyc_w=5.00 id_w=0.00 14.31 it/s
step 320000/370000 G=2.787 Dp=0.243 Dm=0.039 cyc_w=5.00 id_w=0.00 14.31 it/s
step 320050/370000 G=1.312 Dp=0.223 Dm=0.131 cyc_w=5.00 id_w=0.00 14.31 it/s
step 320100/370000 G=2.068 Dp=0.171 Dm=0.026 cyc_w=5.00 id_w=0.00 14.31 it/s
step 320150/370000 G=1.584 Dp=0.102 Dm=0.055 cyc_w=5.00 id_w=0.00 14.31 it/s
step 320200/370000 G=1.687 Dp=0.266 Dm=0.039 cyc_w=5.00 id_w=0.00 14.31 it/s
step 320250/370000 G=1.778 Dp=0.196 Dm=0.115 cyc_w=5.00 id_w=0.00 14.31 it/s
step 320300/370000 G=1.593 Dp=0.256 Dm=0.052 cyc_w=5.00 id_w=0.00 14.32 it/s
step 320350/370000 G=1.705 Dp=0.138 Dm=0.077 cyc_w=5.00 id_w=0.00 14.32 it/s
step 320400/370000 G=1.798 Dp=0.069 Dm=0.142 cyc_w=5.00 id_w=0.00 14.32 it/s
step 320450/370000 G=2.020 Dp=0.170 Dm=0.081 cyc_w=5.00 id_w=0.00 14.32 it/s
step 320500/370000 G=1.805 Dp=0.237 Dm=0.034 cyc_w=5.00 id_w=0.00 14.32 it/s
step 320550/370000 G=1.795 Dp=0.206 Dm=0.061 cyc_w=5.00 id_w=0.00 14.32 it/s
step 320600/370000 G=1.954 Dp=0.067 Dm=0.055 cyc_w=5.00 id_w=0.00 14.32 it/s
step 320650/370000 G=1.999 Dp=0.094 Dm=0.070 cyc_w=5.00 id_w=0.00 14.33 it/s
step 320700/370000 G=2.513 Dp=0.203 Dm=0.057 cyc_w=5.00 id_w=0.00 14.33 it/s
step 320750/370000 G=1.552 Dp=0.218 Dm=0.044 cyc_w=5.00 id_w=0.00 14.33 it/s
step 320800/370000 G=1.781 Dp=0.097 Dm=0.055 cyc_w=5.00 id_w=0.00 14.33 it/s
step 320850/370000 G=1.694 Dp=0.307 Dm=0.037 cyc_w=5.00 id_w=0.00 14.33 it/s
step 320900/370000 G=2.034 Dp=0.172 Dm=0.060 cyc_w=5.00 id_w=0.00 14.33 it/s
step 320950/370000 G=2.016 Dp=0.183 Dm=0.070 cyc_w=5.00 id_w=0.00 14.33 it/s
step 321000/370000 G=2.013 Dp=0.241 Dm=0.127 cyc_w=5.00 id_w=0.00 14.33 it/s
step 321050/370000 G=2.092 Dp=0.161 Dm=0.101 cyc_w=5.00 id_w=0.00 14.34 it/s
step 321100/370000 G=1.770 Dp=0.221 Dm=0.027 cyc_w=5.00 id_w=0.00 14.34 it/s
step 321150/370000 G=1.826 Dp=0.152 Dm=0.037 cyc_w=5.00 id_w=0.00 14.34 it/s
step 321200/370000 G=1.782 Dp=0.106 Dm=0.054 cyc_w=5.00 id_w=0.00 14.34 it/s
step 321250/370000 G=1.835 Dp=0.126 Dm=0.036 cyc_w=5.00 id_w=0.00 14.34 it/s
step 321300/370000 G=2.171 Dp=0.068 Dm=0.089 cyc_w=5.00 id_w=0.00 14.34 it/s
step 321350/370000 G=1.560 Dp=0.255 Dm=0.144 cyc_w=5.00 id_w=0.00 14.34 it/s
step 321400/370000 G=1.677 Dp=0.292 Dm=0.114 cyc_w=5.00 id_w=0.00 14.35 it/s
step 321450/370000 G=1.490 Dp=0.265 Dm=0.168 cyc_w=5.00 id_w=0.00 14.35 it/s
step 321500/370000 G=1.098 Dp=0.176 Dm=0.088 cyc_w=5.00 id_w=0.00 14.35 it/s
step 321550/370000 G=1.914 Dp=0.059 Dm=0.100 cyc_w=5.00 id_w=0.00 14.35 it/s
step 321600/370000 G=2.210 Dp=0.293 Dm=0.042 cyc_w=5.00 id_w=0.00 14.35 it/s
step 321650/370000 G=2.272 Dp=0.099 Dm=0.045 cyc_w=5.00 id_w=0.00 14.35 it/s
step 321700/370000 G=2.027 Dp=0.179 Dm=0.131 cyc_w=5.00 id_w=0.00 14.35 it/s
step 321750/370000 G=2.173 Dp=0.190 Dm=0.032 cyc_w=5.00 id_w=0.00 14.36 it/s
step 321800/370000 G=1.525 Dp=0.111 Dm=0.041 cyc_w=5.00 id_w=0.00 14.36 it/s
step 321850/370000 G=1.906 Dp=0.107 Dm=0.100 cyc_w=5.00 id_w=0.00 14.36 it/s
step 321900/370000 G=1.541 Dp=0.145 Dm=0.035 cyc_w=5.00 id_w=0.00 14.36 it/s
step 321950/370000 G=2.021 Dp=0.262 Dm=0.041 cyc_w=5.00 id_w=0.00 14.36 it/s
step 322000/370000 G=2.262 Dp=0.201 Dm=0.043 cyc_w=5.00 id_w=0.00 14.36 it/s
step 322050/370000 G=1.837 Dp=0.206 Dm=0.102 cyc_w=5.00 id_w=0.00 14.36 it/s
step 322100/370000 G=1.364 Dp=0.224 Dm=0.052 cyc_w=5.00 id_w=0.00 14.36 it/s
step 322150/370000 G=1.514 Dp=0.290 Dm=0.215 cyc_w=5.00 id_w=0.00 14.37 it/s
step 322200/370000 G=2.240 Dp=0.265 Dm=0.048 cyc_w=5.00 id_w=0.00 14.37 it/s
step 322250/370000 G=2.135 Dp=0.220 Dm=0.026 cyc_w=5.00 id_w=0.00 14.37 it/s
step 322300/370000 G=1.859 Dp=0.272 Dm=0.051 cyc_w=5.00 id_w=0.00 14.37 it/s
step 322350/370000 G=1.845 Dp=0.161 Dm=0.096 cyc_w=5.00 id_w=0.00 14.37 it/s
step 322400/370000 G=2.036 Dp=0.242 Dm=0.049 cyc_w=5.00 id_w=0.00 14.37 it/s
step 322450/370000 G=1.764 Dp=0.208 Dm=0.048 cyc_w=5.00 id_w=0.00 14.37 it/s
step 322500/370000 G=2.168 Dp=0.227 Dm=0.036 cyc_w=5.00 id_w=0.00 14.38 it/s
step 322550/370000 G=1.738 Dp=0.167 Dm=0.033 cyc_w=5.00 id_w=0.00 14.38 it/s
step 322600/370000 G=1.649 Dp=0.172 Dm=0.046 cyc_w=5.00 id_w=0.00 14.38 it/s
step 322650/370000 G=1.942 Dp=0.301 Dm=0.042 cyc_w=5.00 id_w=0.00 14.38 it/s
step 322700/370000 G=1.906 Dp=0.130 Dm=0.032 cyc_w=5.00 id_w=0.00 14.38 it/s
step 322750/370000 G=1.558 Dp=0.200 Dm=0.084 cyc_w=5.00 id_w=0.00 14.38 it/s
step 322800/370000 G=2.233 Dp=0.284 Dm=0.049 cyc_w=5.00 id_w=0.00 14.38 it/s
step 322850/370000 G=1.920 Dp=0.340 Dm=0.044 cyc_w=5.00 id_w=0.00 14.39 it/s
step 322900/370000 G=1.846 Dp=0.223 Dm=0.064 cyc_w=5.00 id_w=0.00 14.39 it/s
step 322950/370000 G=1.507 Dp=0.165 Dm=0.076 cyc_w=5.00 id_w=0.00 14.39 it/s
step 323000/370000 G=1.962 Dp=0.167 Dm=0.085 cyc_w=5.00 id_w=0.00 14.39 it/s
step 323050/370000 G=1.925 Dp=0.129 Dm=0.094 cyc_w=5.00 id_w=0.00 14.39 it/s
step 323100/370000 G=1.732 Dp=0.091 Dm=0.052 cyc_w=5.00 id_w=0.00 14.39 it/s
step 323150/370000 G=1.869 Dp=0.120 Dm=0.075 cyc_w=5.00 id_w=0.00 14.39 it/s
step 323200/370000 G=1.600 Dp=0.141 Dm=0.080 cyc_w=5.00 id_w=0.00 14.39 it/s
step 323250/370000 G=1.713 Dp=0.214 Dm=0.072 cyc_w=5.00 id_w=0.00 14.40 it/s
step 323300/370000 G=1.488 Dp=0.225 Dm=0.111 cyc_w=5.00 id_w=0.00 14.40 it/s
step 323350/370000 G=1.929 Dp=0.227 Dm=0.051 cyc_w=5.00 id_w=0.00 14.40 it/s
step 323400/370000 G=1.443 Dp=0.257 Dm=0.048 cyc_w=5.00 id_w=0.00 14.40 it/s
step 323450/370000 G=1.641 Dp=0.157 Dm=0.048 cyc_w=5.00 id_w=0.00 14.40 it/s
step 323500/370000 G=1.350 Dp=0.169 Dm=0.098 cyc_w=5.00 id_w=0.00 14.40 it/s
step 323550/370000 G=1.826 Dp=0.196 Dm=0.055 cyc_w=5.00 id_w=0.00 14.40 it/s
step 323600/370000 G=1.513 Dp=0.148 Dm=0.076 cyc_w=5.00 id_w=0.00 14.41 it/s
step 323650/370000 G=1.556 Dp=0.165 Dm=0.042 cyc_w=5.00 id_w=0.00 14.41 it/s
step 323700/370000 G=1.674 Dp=0.254 Dm=0.069 cyc_w=5.00 id_w=0.00 14.41 it/s
step 323750/370000 G=1.304 Dp=0.276 Dm=0.195 cyc_w=5.00 id_w=0.00 14.41 it/s
step 323800/370000 G=1.700 Dp=0.118 Dm=0.039 cyc_w=5.00 id_w=0.00 14.41 it/s
step 323850/370000 G=1.746 Dp=0.154 Dm=0.090 cyc_w=5.00 id_w=0.00 14.41 it/s
step 323900/370000 G=2.185 Dp=0.160 Dm=0.032 cyc_w=5.00 id_w=0.00 14.41 it/s
step 323950/370000 G=1.734 Dp=0.235 Dm=0.069 cyc_w=5.00 id_w=0.00 14.42 it/s
step 324000/370000 G=1.588 Dp=0.151 Dm=0.043 cyc_w=5.00 id_w=0.00 14.42 it/s
step 324050/370000 G=2.008 Dp=0.126 Dm=0.058 cyc_w=5.00 id_w=0.00 14.42 it/s
step 324100/370000 G=1.942 Dp=0.114 Dm=0.048 cyc_w=5.00 id_w=0.00 14.42 it/s
step 324150/370000 G=1.866 Dp=0.230 Dm=0.028 cyc_w=5.00 id_w=0.00 14.42 it/s
step 324200/370000 G=2.170 Dp=0.141 Dm=0.038 cyc_w=5.00 id_w=0.00 14.42 it/s
step 324250/370000 G=1.678 Dp=0.228 Dm=0.061 cyc_w=5.00 id_w=0.00 14.42 it/s
step 324300/370000 G=2.077 Dp=0.082 Dm=0.109 cyc_w=5.00 id_w=0.00 14.42 it/s
step 324350/370000 G=1.595 Dp=0.193 Dm=0.074 cyc_w=5.00 id_w=0.00 14.43 it/s
step 324400/370000 G=1.966 Dp=0.126 Dm=0.066 cyc_w=5.00 id_w=0.00 14.43 it/s
step 324450/370000 G=2.122 Dp=0.080 Dm=0.057 cyc_w=5.00 id_w=0.00 14.43 it/s
step 324500/370000 G=1.861 Dp=0.207 Dm=0.109 cyc_w=5.00 id_w=0.00 14.43 it/s
EVAL {"step": 324500, "variant": "ema", "fid_a2b": 98.30922736083514, "fid_b2a": 94.86606892847644, "mifid_a2b": 0.4196101291266417, "mifid_b2a": 0.3912288369573187, "fid": 96.58764814465579, "mifid": 0.40541948304198017, "composite": 48.496533813848885}
EVAL {"step": 324500, "variant": "ema_slow", "fid_a2b": 97.53040650698622, "fid_b2a": 94.6438017847058, "mifid_a2b": 0.4201164298207024, "mifid_b2a": 0.3905243934511126, "fid": 96.08710414584601, "mifid": 0.4053204116359075, "composite": 48.24621227874096}
EVAL {"step": 324500, "variant": "raw", "fid_a2b": 99.93985452700043, "fid_b2a": 94.28683163190429, "mifid_a2b": 0.4213701140426423, "mifid_b2a": 0.3879911426591884, "fid": 97.11334307945236, "mifid": 0.40468062835091534, "composite": 48.75901185390164}
step 324550/370000 G=1.578 Dp=0.182 Dm=0.084 cyc_w=5.00 id_w=0.00 14.40 it/s
step 324600/370000 G=1.858 Dp=0.224 Dm=0.035 cyc_w=5.00 id_w=0.00 14.40 it/s
step 324650/370000 G=1.817 Dp=0.248 Dm=0.052 cyc_w=5.00 id_w=0.00 14.40 it/s
step 324700/370000 G=2.266 Dp=0.172 Dm=0.075 cyc_w=5.00 id_w=0.00 14.41 it/s
step 324750/370000 G=1.924 Dp=0.114 Dm=0.080 cyc_w=5.00 id_w=0.00 14.41 it/s
step 324800/370000 G=1.710 Dp=0.087 Dm=0.051 cyc_w=5.00 id_w=0.00 14.41 it/s
step 324850/370000 G=2.107 Dp=0.157 Dm=0.080 cyc_w=5.00 id_w=0.00 14.41 it/s
step 324900/370000 G=1.594 Dp=0.159 Dm=0.082 cyc_w=5.00 id_w=0.00 14.41 it/s
step 324950/370000 G=1.793 Dp=0.338 Dm=0.029 cyc_w=5.00 id_w=0.00 14.41 it/s
step 325000/370000 G=1.801 Dp=0.140 Dm=0.036 cyc_w=5.00 id_w=0.00 14.41 it/s
step 325050/370000 G=1.845 Dp=0.114 Dm=0.078 cyc_w=5.00 id_w=0.00 14.41 it/s
step 325100/370000 G=2.612 Dp=0.230 Dm=0.105 cyc_w=5.00 id_w=0.00 14.42 it/s
step 325150/370000 G=1.612 Dp=0.106 Dm=0.095 cyc_w=5.00 id_w=0.00 14.42 it/s
step 325200/370000 G=1.884 Dp=0.217 Dm=0.078 cyc_w=5.00 id_w=0.00 14.42 it/s
step 325250/370000 G=2.162 Dp=0.129 Dm=0.112 cyc_w=5.00 id_w=0.00 14.42 it/s
step 325300/370000 G=1.925 Dp=0.119 Dm=0.040 cyc_w=5.00 id_w=0.00 14.42 it/s
step 325350/370000 G=2.216 Dp=0.231 Dm=0.061 cyc_w=5.00 id_w=0.00 14.42 it/s
step 325400/370000 G=1.765 Dp=0.164 Dm=0.051 cyc_w=5.00 id_w=0.00 14.42 it/s
step 325450/370000 G=2.178 Dp=0.234 Dm=0.036 cyc_w=5.00 id_w=0.00 14.43 it/s
step 325500/370000 G=1.454 Dp=0.197 Dm=0.049 cyc_w=5.00 id_w=0.00 14.43 it/s
step 325550/370000 G=1.601 Dp=0.121 Dm=0.092 cyc_w=5.00 id_w=0.00 14.43 it/s
step 325600/370000 G=1.530 Dp=0.168 Dm=0.071 cyc_w=5.00 id_w=0.00 14.43 it/s
step 325650/370000 G=1.865 Dp=0.109 Dm=0.095 cyc_w=5.00 id_w=0.00 14.43 it/s
step 325700/370000 G=1.992 Dp=0.141 Dm=0.129 cyc_w=5.00 id_w=0.00 14.43 it/s
step 325750/370000 G=1.773 Dp=0.050 Dm=0.081 cyc_w=5.00 id_w=0.00 14.43 it/s
step 325800/370000 G=1.664 Dp=0.182 Dm=0.082 cyc_w=5.00 id_w=0.00 14.44 it/s
step 325850/370000 G=2.110 Dp=0.065 Dm=0.062 cyc_w=5.00 id_w=0.00 14.44 it/s
step 325900/370000 G=1.683 Dp=0.138 Dm=0.046 cyc_w=5.00 id_w=0.00 14.44 it/s
step 325950/370000 G=2.473 Dp=0.156 Dm=0.108 cyc_w=5.00 id_w=0.00 14.44 it/s
step 326000/370000 G=2.412 Dp=0.127 Dm=0.049 cyc_w=5.00 id_w=0.00 14.44 it/s
step 326050/370000 G=1.462 Dp=0.111 Dm=0.038 cyc_w=5.00 id_w=0.00 14.44 it/s
step 326100/370000 G=2.093 Dp=0.254 Dm=0.060 cyc_w=5.00 id_w=0.00 14.44 it/s
step 326150/370000 G=1.649 Dp=0.270 Dm=0.073 cyc_w=5.00 id_w=0.00 14.44 it/s
step 326200/370000 G=2.125 Dp=0.262 Dm=0.030 cyc_w=5.00 id_w=0.00 14.45 it/s
step 326250/370000 G=2.367 Dp=0.125 Dm=0.054 cyc_w=5.00 id_w=0.00 14.45 it/s
step 326300/370000 G=1.891 Dp=0.177 Dm=0.055 cyc_w=5.00 id_w=0.00 14.45 it/s
step 326350/370000 G=1.852 Dp=0.157 Dm=0.035 cyc_w=5.00 id_w=0.00 14.45 it/s
step 326400/370000 G=1.712 Dp=0.274 Dm=0.054 cyc_w=5.00 id_w=0.00 14.45 it/s
step 326450/370000 G=2.277 Dp=0.291 Dm=0.067 cyc_w=5.00 id_w=0.00 14.45 it/s
step 326500/370000 G=1.392 Dp=0.143 Dm=0.056 cyc_w=5.00 id_w=0.00 14.45 it/s
step 326550/370000 G=1.454 Dp=0.226 Dm=0.069 cyc_w=5.00 id_w=0.00 14.46 it/s
step 326600/370000 G=2.014 Dp=0.189 Dm=0.070 cyc_w=5.00 id_w=0.00 14.46 it/s
step 326650/370000 G=1.828 Dp=0.199 Dm=0.038 cyc_w=5.00 id_w=0.00 14.46 it/s
step 326700/370000 G=2.113 Dp=0.280 Dm=0.059 cyc_w=5.00 id_w=0.00 14.46 it/s
step 326750/370000 G=2.107 Dp=0.160 Dm=0.049 cyc_w=5.00 id_w=0.00 14.46 it/s
step 326800/370000 G=1.651 Dp=0.153 Dm=0.115 cyc_w=5.00 id_w=0.00 14.46 it/s
step 326850/370000 G=1.830 Dp=0.247 Dm=0.031 cyc_w=5.00 id_w=0.00 14.46 it/s
step 326900/370000 G=1.539 Dp=0.107 Dm=0.044 cyc_w=5.00 id_w=0.00 14.46 it/s
step 326950/370000 G=1.017 Dp=0.080 Dm=0.157 cyc_w=5.00 id_w=0.00 14.47 it/s
step 327000/370000 G=2.164 Dp=0.167 Dm=0.111 cyc_w=5.00 id_w=0.00 14.47 it/s
step 327050/370000 G=2.252 Dp=0.116 Dm=0.040 cyc_w=5.00 id_w=0.00 14.47 it/s
step 327100/370000 G=1.810 Dp=0.097 Dm=0.069 cyc_w=5.00 id_w=0.00 14.47 it/s
step 327150/370000 G=2.513 Dp=0.135 Dm=0.044 cyc_w=5.00 id_w=0.00 14.47 it/s
step 327200/370000 G=1.750 Dp=0.129 Dm=0.062 cyc_w=5.00 id_w=0.00 14.47 it/s
step 327250/370000 G=1.514 Dp=0.120 Dm=0.052 cyc_w=5.00 id_w=0.00 14.47 it/s
step 327300/370000 G=1.347 Dp=0.130 Dm=0.057 cyc_w=5.00 id_w=0.00 14.48 it/s
step 327350/370000 G=1.973 Dp=0.169 Dm=0.029 cyc_w=5.00 id_w=0.00 14.48 it/s
step 327400/370000 G=1.768 Dp=0.108 Dm=0.069 cyc_w=5.00 id_w=0.00 14.48 it/s
step 327450/370000 G=2.365 Dp=0.102 Dm=0.037 cyc_w=5.00 id_w=0.00 14.48 it/s
step 327500/370000 G=1.964 Dp=0.137 Dm=0.041 cyc_w=5.00 id_w=0.00 14.48 it/s
step 327550/370000 G=1.870 Dp=0.210 Dm=0.078 cyc_w=5.00 id_w=0.00 14.48 it/s
step 327600/370000 G=1.775 Dp=0.159 Dm=0.051 cyc_w=5.00 id_w=0.00 14.48 it/s
step 327650/370000 G=1.942 Dp=0.082 Dm=0.041 cyc_w=5.00 id_w=0.00 14.48 it/s
step 327700/370000 G=1.771 Dp=0.239 Dm=0.068 cyc_w=5.00 id_w=0.00 14.49 it/s
step 327750/370000 G=2.072 Dp=0.157 Dm=0.040 cyc_w=5.00 id_w=0.00 14.49 it/s
step 327800/370000 G=1.954 Dp=0.095 Dm=0.077 cyc_w=5.00 id_w=0.00 14.49 it/s
step 327850/370000 G=1.536 Dp=0.196 Dm=0.133 cyc_w=5.00 id_w=0.00 14.49 it/s
step 327900/370000 G=2.200 Dp=0.221 Dm=0.045 cyc_w=5.00 id_w=0.00 14.49 it/s
step 327950/370000 G=1.899 Dp=0.221 Dm=0.042 cyc_w=5.00 id_w=0.00 14.49 it/s
step 328000/370000 G=1.873 Dp=0.118 Dm=0.057 cyc_w=5.00 id_w=0.00 14.49 it/s
step 328050/370000 G=1.970 Dp=0.138 Dm=0.153 cyc_w=5.00 id_w=0.00 14.50 it/s
step 328100/370000 G=1.574 Dp=0.090 Dm=0.050 cyc_w=5.00 id_w=0.00 14.50 it/s
step 328150/370000 G=1.791 Dp=0.151 Dm=0.045 cyc_w=5.00 id_w=0.00 14.50 it/s
step 328200/370000 G=2.419 Dp=0.148 Dm=0.043 cyc_w=5.00 id_w=0.00 14.50 it/s
step 328250/370000 G=1.663 Dp=0.201 Dm=0.074 cyc_w=5.00 id_w=0.00 14.50 it/s
step 328300/370000 G=1.654 Dp=0.169 Dm=0.139 cyc_w=5.00 id_w=0.00 14.50 it/s
step 328350/370000 G=1.708 Dp=0.199 Dm=0.054 cyc_w=5.00 id_w=0.00 14.50 it/s
step 328400/370000 G=1.408 Dp=0.029 Dm=0.027 cyc_w=5.00 id_w=0.00 14.50 it/s
step 328450/370000 G=1.577 Dp=0.182 Dm=0.069 cyc_w=5.00 id_w=0.00 14.51 it/s
step 328500/370000 G=2.106 Dp=0.228 Dm=0.096 cyc_w=5.00 id_w=0.00 14.51 it/s
step 328550/370000 G=2.150 Dp=0.050 Dm=0.031 cyc_w=5.00 id_w=0.00 14.51 it/s
step 328600/370000 G=1.561 Dp=0.121 Dm=0.090 cyc_w=5.00 id_w=0.00 14.51 it/s
step 328650/370000 G=1.963 Dp=0.186 Dm=0.042 cyc_w=5.00 id_w=0.00 14.51 it/s
step 328700/370000 G=1.814 Dp=0.091 Dm=0.064 cyc_w=5.00 id_w=0.00 14.51 it/s
step 328750/370000 G=1.871 Dp=0.149 Dm=0.029 cyc_w=5.00 id_w=0.00 14.51 it/s
step 328800/370000 G=1.315 Dp=0.167 Dm=0.037 cyc_w=5.00 id_w=0.00 14.52 it/s
step 328850/370000 G=2.110 Dp=0.282 Dm=0.063 cyc_w=5.00 id_w=0.00 14.52 it/s
step 328900/370000 G=1.738 Dp=0.299 Dm=0.037 cyc_w=5.00 id_w=0.00 14.52 it/s
step 328950/370000 G=1.443 Dp=0.245 Dm=0.078 cyc_w=5.00 id_w=0.00 14.52 it/s
step 329000/370000 G=1.725 Dp=0.183 Dm=0.079 cyc_w=5.00 id_w=0.00 14.52 it/s
step 329050/370000 G=1.802 Dp=0.237 Dm=0.050 cyc_w=5.00 id_w=0.00 14.52 it/s
step 329100/370000 G=1.893 Dp=0.039 Dm=0.118 cyc_w=5.00 id_w=0.00 14.52 it/s
step 329150/370000 G=1.739 Dp=0.146 Dm=0.079 cyc_w=5.00 id_w=0.00 14.52 it/s
step 329200/370000 G=2.055 Dp=0.139 Dm=0.043 cyc_w=5.00 id_w=0.00 14.53 it/s
step 329250/370000 G=1.713 Dp=0.141 Dm=0.103 cyc_w=5.00 id_w=0.00 14.53 it/s
step 329300/370000 G=1.322 Dp=0.255 Dm=0.061 cyc_w=5.00 id_w=0.00 14.53 it/s
step 329350/370000 G=1.963 Dp=0.135 Dm=0.054 cyc_w=5.00 id_w=0.00 14.53 it/s
step 329400/370000 G=2.047 Dp=0.194 Dm=0.041 cyc_w=5.00 id_w=0.00 14.53 it/s
step 329450/370000 G=1.466 Dp=0.097 Dm=0.098 cyc_w=5.00 id_w=0.00 14.53 it/s
step 329500/370000 G=2.189 Dp=0.148 Dm=0.103 cyc_w=5.00 id_w=0.00 14.53 it/s
step 329550/370000 G=1.885 Dp=0.147 Dm=0.033 cyc_w=5.00 id_w=0.00 14.54 it/s
step 329600/370000 G=2.177 Dp=0.191 Dm=0.054 cyc_w=5.00 id_w=0.00 14.54 it/s
step 329650/370000 G=1.963 Dp=0.172 Dm=0.059 cyc_w=5.00 id_w=0.00 14.54 it/s
step 329700/370000 G=1.710 Dp=0.114 Dm=0.066 cyc_w=5.00 id_w=0.00 14.54 it/s
step 329750/370000 G=1.728 Dp=0.093 Dm=0.039 cyc_w=5.00 id_w=0.00 14.54 it/s
step 329800/370000 G=1.770 Dp=0.174 Dm=0.051 cyc_w=5.00 id_w=0.00 14.54 it/s
step 329850/370000 G=1.659 Dp=0.156 Dm=0.056 cyc_w=5.00 id_w=0.00 14.54 it/s
step 329900/370000 G=2.103 Dp=0.224 Dm=0.040 cyc_w=5.00 id_w=0.00 14.54 it/s
step 329950/370000 G=1.955 Dp=0.084 Dm=0.137 cyc_w=5.00 id_w=0.00 14.55 it/s
step 330000/370000 G=2.049 Dp=0.270 Dm=0.047 cyc_w=5.00 id_w=0.00 14.55 it/s
step 330050/370000 G=1.886 Dp=0.187 Dm=0.087 cyc_w=5.00 id_w=0.00 14.55 it/s
step 330100/370000 G=1.749 Dp=0.133 Dm=0.075 cyc_w=5.00 id_w=0.00 14.55 it/s
step 330150/370000 G=1.615 Dp=0.187 Dm=0.081 cyc_w=5.00 id_w=0.00 14.55 it/s
step 330200/370000 G=1.956 Dp=0.334 Dm=0.048 cyc_w=5.00 id_w=0.00 14.55 it/s
step 330250/370000 G=1.929 Dp=0.129 Dm=0.058 cyc_w=5.00 id_w=0.00 14.55 it/s
step 330300/370000 G=1.814 Dp=0.182 Dm=0.028 cyc_w=5.00 id_w=0.00 14.56 it/s
step 330350/370000 G=1.638 Dp=0.269 Dm=0.073 cyc_w=5.00 id_w=0.00 14.56 it/s
step 330400/370000 G=1.686 Dp=0.199 Dm=0.073 cyc_w=5.00 id_w=0.00 14.56 it/s
step 330450/370000 G=1.553 Dp=0.167 Dm=0.067 cyc_w=5.00 id_w=0.00 14.56 it/s
step 330500/370000 G=1.594 Dp=0.169 Dm=0.095 cyc_w=5.00 id_w=0.00 14.56 it/s
step 330550/370000 G=1.933 Dp=0.100 Dm=0.076 cyc_w=5.00 id_w=0.00 14.56 it/s
step 330600/370000 G=1.597 Dp=0.201 Dm=0.136 cyc_w=5.00 id_w=0.00 14.56 it/s
step 330650/370000 G=1.994 Dp=0.176 Dm=0.028 cyc_w=5.00 id_w=0.00 14.56 it/s
step 330700/370000 G=1.724 Dp=0.128 Dm=0.090 cyc_w=5.00 id_w=0.00 14.57 it/s
step 330750/370000 G=1.957 Dp=0.210 Dm=0.047 cyc_w=5.00 id_w=0.00 14.57 it/s
step 330800/370000 G=1.811 Dp=0.124 Dm=0.080 cyc_w=5.00 id_w=0.00 14.57 it/s
step 330850/370000 G=1.959 Dp=0.193 Dm=0.049 cyc_w=5.00 id_w=0.00 14.57 it/s
step 330900/370000 G=1.981 Dp=0.157 Dm=0.035 cyc_w=5.00 id_w=0.00 14.57 it/s
step 330950/370000 G=1.538 Dp=0.254 Dm=0.059 cyc_w=5.00 id_w=0.00 14.57 it/s
step 331000/370000 G=2.315 Dp=0.117 Dm=0.098 cyc_w=5.00 id_w=0.00 14.57 it/s
step 331050/370000 G=1.657 Dp=0.177 Dm=0.075 cyc_w=5.00 id_w=0.00 14.58 it/s
step 331100/370000 G=1.919 Dp=0.113 Dm=0.044 cyc_w=5.00 id_w=0.00 14.58 it/s
step 331150/370000 G=2.014 Dp=0.219 Dm=0.057 cyc_w=5.00 id_w=0.00 14.58 it/s
step 331200/370000 G=2.161 Dp=0.092 Dm=0.025 cyc_w=5.00 id_w=0.00 14.58 it/s
step 331250/370000 G=2.026 Dp=0.195 Dm=0.075 cyc_w=5.00 id_w=0.00 14.58 it/s
step 331300/370000 G=2.275 Dp=0.240 Dm=0.062 cyc_w=5.00 id_w=0.00 14.58 it/s
step 331350/370000 G=1.992 Dp=0.174 Dm=0.030 cyc_w=5.00 id_w=0.00 14.58 it/s
step 331400/370000 G=1.754 Dp=0.324 Dm=0.056 cyc_w=5.00 id_w=0.00 14.58 it/s
step 331450/370000 G=1.533 Dp=0.229 Dm=0.079 cyc_w=5.00 id_w=0.00 14.59 it/s
step 331500/370000 G=2.316 Dp=0.062 Dm=0.062 cyc_w=5.00 id_w=0.00 14.59 it/s
step 331550/370000 G=2.130 Dp=0.211 Dm=0.042 cyc_w=5.00 id_w=0.00 14.59 it/s
step 331600/370000 G=1.542 Dp=0.205 Dm=0.075 cyc_w=5.00 id_w=0.00 14.59 it/s
step 331650/370000 G=1.683 Dp=0.110 Dm=0.156 cyc_w=5.00 id_w=0.00 14.59 it/s
step 331700/370000 G=2.247 Dp=0.106 Dm=0.051 cyc_w=5.00 id_w=0.00 14.59 it/s
step 331750/370000 G=1.630 Dp=0.129 Dm=0.062 cyc_w=5.00 id_w=0.00 14.59 it/s
step 331800/370000 G=2.123 Dp=0.253 Dm=0.105 cyc_w=5.00 id_w=0.00 14.60 it/s
step 331850/370000 G=2.025 Dp=0.175 Dm=0.035 cyc_w=5.00 id_w=0.00 14.60 it/s
step 331900/370000 G=2.027 Dp=0.185 Dm=0.036 cyc_w=5.00 id_w=0.00 14.60 it/s
step 331950/370000 G=2.121 Dp=0.275 Dm=0.045 cyc_w=5.00 id_w=0.00 14.60 it/s
step 332000/370000 G=1.644 Dp=0.313 Dm=0.020 cyc_w=5.00 id_w=0.00 14.60 it/s
step 332050/370000 G=1.598 Dp=0.312 Dm=0.140 cyc_w=5.00 id_w=0.00 14.60 it/s
step 332100/370000 G=1.691 Dp=0.214 Dm=0.118 cyc_w=5.00 id_w=0.00 14.60 it/s
step 332150/370000 G=2.013 Dp=0.228 Dm=0.047 cyc_w=5.00 id_w=0.00 14.60 it/s
step 332200/370000 G=1.859 Dp=0.082 Dm=0.069 cyc_w=5.00 id_w=0.00 14.61 it/s
step 332250/370000 G=1.902 Dp=0.215 Dm=0.029 cyc_w=5.00 id_w=0.00 14.61 it/s
step 332300/370000 G=1.576 Dp=0.246 Dm=0.125 cyc_w=5.00 id_w=0.00 14.61 it/s
step 332350/370000 G=2.439 Dp=0.093 Dm=0.039 cyc_w=5.00 id_w=0.00 14.61 it/s
step 332400/370000 G=1.784 Dp=0.200 Dm=0.035 cyc_w=5.00 id_w=0.00 14.61 it/s
step 332450/370000 G=1.835 Dp=0.151 Dm=0.032 cyc_w=5.00 id_w=0.00 14.61 it/s
step 332500/370000 G=1.592 Dp=0.210 Dm=0.048 cyc_w=5.00 id_w=0.00 14.61 it/s
step 332550/370000 G=1.664 Dp=0.183 Dm=0.049 cyc_w=5.00 id_w=0.00 14.62 it/s
step 332600/370000 G=2.032 Dp=0.196 Dm=0.120 cyc_w=5.00 id_w=0.00 14.62 it/s
step 332650/370000 G=1.786 Dp=0.166 Dm=0.077 cyc_w=5.00 id_w=0.00 14.62 it/s
step 332700/370000 G=2.226 Dp=0.272 Dm=0.133 cyc_w=5.00 id_w=0.00 14.62 it/s
step 332750/370000 G=1.300 Dp=0.178 Dm=0.091 cyc_w=5.00 id_w=0.00 14.62 it/s
step 332800/370000 G=1.616 Dp=0.289 Dm=0.084 cyc_w=5.00 id_w=0.00 14.62 it/s
step 332850/370000 G=1.984 Dp=0.132 Dm=0.062 cyc_w=5.00 id_w=0.00 14.62 it/s
step 332900/370000 G=1.736 Dp=0.139 Dm=0.079 cyc_w=5.00 id_w=0.00 14.62 it/s
step 332950/370000 G=1.829 Dp=0.229 Dm=0.058 cyc_w=5.00 id_w=0.00 14.63 it/s
step 333000/370000 G=2.370 Dp=0.131 Dm=0.118 cyc_w=5.00 id_w=0.00 14.63 it/s
step 333050/370000 G=1.791 Dp=0.190 Dm=0.100 cyc_w=5.00 id_w=0.00 14.63 it/s
step 333100/370000 G=2.053 Dp=0.145 Dm=0.094 cyc_w=5.00 id_w=0.00 14.63 it/s
step 333150/370000 G=1.882 Dp=0.235 Dm=0.121 cyc_w=5.00 id_w=0.00 14.63 it/s
step 333200/370000 G=1.621 Dp=0.130 Dm=0.044 cyc_w=5.00 id_w=0.00 14.63 it/s
step 333250/370000 G=1.708 Dp=0.186 Dm=0.079 cyc_w=5.00 id_w=0.00 14.63 it/s
step 333300/370000 G=1.861 Dp=0.091 Dm=0.101 cyc_w=5.00 id_w=0.00 14.63 it/s
step 333350/370000 G=2.107 Dp=0.252 Dm=0.075 cyc_w=5.00 id_w=0.00 14.64 it/s
step 333400/370000 G=1.511 Dp=0.179 Dm=0.034 cyc_w=5.00 id_w=0.00 14.64 it/s
step 333450/370000 G=2.105 Dp=0.092 Dm=0.057 cyc_w=5.00 id_w=0.00 14.64 it/s
step 333500/370000 G=1.814 Dp=0.137 Dm=0.042 cyc_w=5.00 id_w=0.00 14.64 it/s
step 333550/370000 G=2.181 Dp=0.159 Dm=0.075 cyc_w=5.00 id_w=0.00 14.64 it/s
step 333600/370000 G=2.366 Dp=0.401 Dm=0.049 cyc_w=5.00 id_w=0.00 14.64 it/s
step 333650/370000 G=2.125 Dp=0.091 Dm=0.072 cyc_w=5.00 id_w=0.00 14.64 it/s
step 333700/370000 G=1.744 Dp=0.248 Dm=0.031 cyc_w=5.00 id_w=0.00 14.65 it/s
step 333750/370000 G=1.624 Dp=0.097 Dm=0.054 cyc_w=5.00 id_w=0.00 14.65 it/s
step 333800/370000 G=1.713 Dp=0.231 Dm=0.096 cyc_w=5.00 id_w=0.00 14.65 it/s
step 333850/370000 G=2.107 Dp=0.213 Dm=0.035 cyc_w=5.00 id_w=0.00 14.65 it/s
step 333900/370000 G=2.024 Dp=0.106 Dm=0.104 cyc_w=5.00 id_w=0.00 14.65 it/s
step 333950/370000 G=1.931 Dp=0.253 Dm=0.085 cyc_w=5.00 id_w=0.00 14.65 it/s
step 334000/370000 G=2.370 Dp=0.170 Dm=0.021 cyc_w=5.00 id_w=0.00 14.65 it/s
step 334050/370000 G=1.517 Dp=0.202 Dm=0.053 cyc_w=5.00 id_w=0.00 14.65 it/s
step 334100/370000 G=1.958 Dp=0.233 Dm=0.026 cyc_w=5.00 id_w=0.00 14.66 it/s
step 334150/370000 G=2.549 Dp=0.066 Dm=0.051 cyc_w=5.00 id_w=0.00 14.66 it/s
step 334200/370000 G=2.123 Dp=0.201 Dm=0.110 cyc_w=5.00 id_w=0.00 14.66 it/s
step 334250/370000 G=1.517 Dp=0.331 Dm=0.057 cyc_w=5.00 id_w=0.00 14.66 it/s
step 334300/370000 G=1.941 Dp=0.175 Dm=0.064 cyc_w=5.00 id_w=0.00 14.66 it/s
step 334350/370000 G=1.683 Dp=0.158 Dm=0.067 cyc_w=5.00 id_w=0.00 14.66 it/s
step 334400/370000 G=1.824 Dp=0.208 Dm=0.064 cyc_w=5.00 id_w=0.00 14.66 it/s
step 334450/370000 G=1.646 Dp=0.225 Dm=0.033 cyc_w=5.00 id_w=0.00 14.67 it/s
step 334500/370000 G=1.595 Dp=0.314 Dm=0.111 cyc_w=5.00 id_w=0.00 14.67 it/s
step 334550/370000 G=2.010 Dp=0.195 Dm=0.092 cyc_w=5.00 id_w=0.00 14.67 it/s
step 334600/370000 G=1.762 Dp=0.154 Dm=0.049 cyc_w=5.00 id_w=0.00 14.67 it/s
step 334650/370000 G=2.109 Dp=0.168 Dm=0.048 cyc_w=5.00 id_w=0.00 14.67 it/s
step 334700/370000 G=2.040 Dp=0.214 Dm=0.063 cyc_w=5.00 id_w=0.00 14.67 it/s
step 334750/370000 G=1.788 Dp=0.233 Dm=0.070 cyc_w=5.00 id_w=0.00 14.67 it/s
step 334800/370000 G=1.444 Dp=0.176 Dm=0.072 cyc_w=5.00 id_w=0.00 14.67 it/s
step 334850/370000 G=1.494 Dp=0.246 Dm=0.037 cyc_w=5.00 id_w=0.00 14.68 it/s
step 334900/370000 G=1.606 Dp=0.239 Dm=0.103 cyc_w=5.00 id_w=0.00 14.68 it/s
step 334950/370000 G=2.015 Dp=0.243 Dm=0.036 cyc_w=5.00 id_w=0.00 14.68 it/s
step 335000/370000 G=1.830 Dp=0.200 Dm=0.039 cyc_w=5.00 id_w=0.00 14.68 it/s
step 335050/370000 G=1.589 Dp=0.247 Dm=0.095 cyc_w=5.00 id_w=0.00 14.68 it/s
step 335100/370000 G=2.022 Dp=0.171 Dm=0.048 cyc_w=5.00 id_w=0.00 14.68 it/s
step 335150/370000 G=1.958 Dp=0.118 Dm=0.047 cyc_w=5.00 id_w=0.00 14.68 it/s
step 335200/370000 G=1.885 Dp=0.204 Dm=0.064 cyc_w=5.00 id_w=0.00 14.69 it/s
step 335250/370000 G=1.711 Dp=0.211 Dm=0.055 cyc_w=5.00 id_w=0.00 14.69 it/s
step 335300/370000 G=2.007 Dp=0.127 Dm=0.056 cyc_w=5.00 id_w=0.00 14.69 it/s
step 335350/370000 G=1.694 Dp=0.131 Dm=0.065 cyc_w=5.00 id_w=0.00 14.69 it/s
step 335400/370000 G=1.779 Dp=0.189 Dm=0.030 cyc_w=5.00 id_w=0.00 14.69 it/s
step 335450/370000 G=1.876 Dp=0.156 Dm=0.057 cyc_w=5.00 id_w=0.00 14.69 it/s
step 335500/370000 G=1.558 Dp=0.199 Dm=0.117 cyc_w=5.00 id_w=0.00 14.69 it/s
step 335550/370000 G=2.134 Dp=0.133 Dm=0.069 cyc_w=5.00 id_w=0.00 14.69 it/s
step 335600/370000 G=2.166 Dp=0.076 Dm=0.031 cyc_w=5.00 id_w=0.00 14.70 it/s
step 335650/370000 G=1.823 Dp=0.214 Dm=0.057 cyc_w=5.00 id_w=0.00 14.70 it/s
step 335700/370000 G=2.027 Dp=0.088 Dm=0.036 cyc_w=5.00 id_w=0.00 14.70 it/s
step 335750/370000 G=1.780 Dp=0.195 Dm=0.073 cyc_w=5.00 id_w=0.00 14.70 it/s
step 335800/370000 G=1.836 Dp=0.096 Dm=0.040 cyc_w=5.00 id_w=0.00 14.70 it/s
step 335850/370000 G=2.608 Dp=0.141 Dm=0.116 cyc_w=5.00 id_w=0.00 14.70 it/s
step 335900/370000 G=1.500 Dp=0.149 Dm=0.070 cyc_w=5.00 id_w=0.00 14.70 it/s
step 335950/370000 G=1.926 Dp=0.095 Dm=0.041 cyc_w=5.00 id_w=0.00 14.70 it/s
step 336000/370000 G=1.873 Dp=0.270 Dm=0.073 cyc_w=5.00 id_w=0.00 14.71 it/s
step 336050/370000 G=1.712 Dp=0.214 Dm=0.090 cyc_w=5.00 id_w=0.00 14.71 it/s
step 336100/370000 G=1.942 Dp=0.108 Dm=0.042 cyc_w=5.00 id_w=0.00 14.71 it/s
step 336150/370000 G=1.781 Dp=0.280 Dm=0.069 cyc_w=5.00 id_w=0.00 14.71 it/s
step 336200/370000 G=1.894 Dp=0.233 Dm=0.028 cyc_w=5.00 id_w=0.00 14.71 it/s
step 336250/370000 G=2.088 Dp=0.257 Dm=0.030 cyc_w=5.00 id_w=0.00 14.71 it/s
step 336300/370000 G=1.851 Dp=0.240 Dm=0.077 cyc_w=5.00 id_w=0.00 14.71 it/s
step 336350/370000 G=1.630 Dp=0.133 Dm=0.043 cyc_w=5.00 id_w=0.00 14.72 it/s
step 336400/370000 G=2.069 Dp=0.138 Dm=0.139 cyc_w=5.00 id_w=0.00 14.72 it/s
step 336450/370000 G=2.114 Dp=0.174 Dm=0.031 cyc_w=5.00 id_w=0.00 14.72 it/s
step 336500/370000 G=1.664 Dp=0.147 Dm=0.054 cyc_w=5.00 id_w=0.00 14.72 it/s
step 336550/370000 G=1.350 Dp=0.274 Dm=0.020 cyc_w=5.00 id_w=0.00 14.72 it/s
step 336600/370000 G=1.989 Dp=0.118 Dm=0.067 cyc_w=5.00 id_w=0.00 14.72 it/s
step 336650/370000 G=1.752 Dp=0.198 Dm=0.084 cyc_w=5.00 id_w=0.00 14.72 it/s
step 336700/370000 G=2.065 Dp=0.265 Dm=0.036 cyc_w=5.00 id_w=0.00 14.72 it/s
step 336750/370000 G=2.207 Dp=0.231 Dm=0.050 cyc_w=5.00 id_w=0.00 14.73 it/s
step 336800/370000 G=2.149 Dp=0.217 Dm=0.059 cyc_w=5.00 id_w=0.00 14.73 it/s
step 336850/370000 G=2.062 Dp=0.260 Dm=0.066 cyc_w=5.00 id_w=0.00 14.73 it/s
step 336900/370000 G=2.288 Dp=0.302 Dm=0.049 cyc_w=5.00 id_w=0.00 14.73 it/s
step 336950/370000 G=1.752 Dp=0.112 Dm=0.035 cyc_w=5.00 id_w=0.00 14.73 it/s
step 337000/370000 G=2.113 Dp=0.212 Dm=0.102 cyc_w=5.00 id_w=0.00 14.73 it/s
step 337050/370000 G=2.100 Dp=0.160 Dm=0.054 cyc_w=5.00 id_w=0.00 14.73 it/s
step 337100/370000 G=2.194 Dp=0.173 Dm=0.028 cyc_w=5.00 id_w=0.00 14.73 it/s
step 337150/370000 G=2.121 Dp=0.109 Dm=0.041 cyc_w=5.00 id_w=0.00 14.74 it/s
step 337200/370000 G=1.952 Dp=0.257 Dm=0.087 cyc_w=5.00 id_w=0.00 14.74 it/s
step 337250/370000 G=1.832 Dp=0.206 Dm=0.035 cyc_w=5.00 id_w=0.00 14.74 it/s
step 337300/370000 G=1.495 Dp=0.172 Dm=0.106 cyc_w=5.00 id_w=0.00 14.74 it/s
step 337350/370000 G=1.679 Dp=0.228 Dm=0.103 cyc_w=5.00 id_w=0.00 14.74 it/s
step 337400/370000 G=2.167 Dp=0.257 Dm=0.049 cyc_w=5.00 id_w=0.00 14.74 it/s
step 337450/370000 G=2.022 Dp=0.138 Dm=0.053 cyc_w=5.00 id_w=0.00 14.74 it/s
step 337500/370000 G=1.973 Dp=0.247 Dm=0.099 cyc_w=5.00 id_w=0.00 14.75 it/s
step 337550/370000 G=1.799 Dp=0.145 Dm=0.071 cyc_w=5.00 id_w=0.00 14.75 it/s
step 337600/370000 G=1.933 Dp=0.266 Dm=0.049 cyc_w=5.00 id_w=0.00 14.75 it/s
step 337650/370000 G=1.987 Dp=0.164 Dm=0.035 cyc_w=5.00 id_w=0.00 14.75 it/s
step 337700/370000 G=1.814 Dp=0.138 Dm=0.054 cyc_w=5.00 id_w=0.00 14.75 it/s
step 337750/370000 G=1.885 Dp=0.156 Dm=0.046 cyc_w=5.00 id_w=0.00 14.75 it/s
step 337800/370000 G=1.988 Dp=0.297 Dm=0.059 cyc_w=5.00 id_w=0.00 14.75 it/s
step 337850/370000 G=1.543 Dp=0.280 Dm=0.060 cyc_w=5.00 id_w=0.00 14.75 it/s
step 337900/370000 G=1.812 Dp=0.346 Dm=0.106 cyc_w=5.00 id_w=0.00 14.76 it/s
step 337950/370000 G=2.257 Dp=0.110 Dm=0.065 cyc_w=5.00 id_w=0.00 14.76 it/s
step 338000/370000 G=1.862 Dp=0.148 Dm=0.102 cyc_w=5.00 id_w=0.00 14.76 it/s
step 338050/370000 G=1.607 Dp=0.107 Dm=0.090 cyc_w=5.00 id_w=0.00 14.76 it/s
step 338100/370000 G=2.168 Dp=0.124 Dm=0.027 cyc_w=5.00 id_w=0.00 14.76 it/s
step 338150/370000 G=2.691 Dp=0.190 Dm=0.114 cyc_w=5.00 id_w=0.00 14.76 it/s
step 338200/370000 G=1.889 Dp=0.266 Dm=0.059 cyc_w=5.00 id_w=0.00 14.76 it/s
step 338250/370000 G=2.094 Dp=0.226 Dm=0.131 cyc_w=5.00 id_w=0.00 14.77 it/s
step 338300/370000 G=2.046 Dp=0.130 Dm=0.034 cyc_w=5.00 id_w=0.00 14.77 it/s
step 338350/370000 G=1.684 Dp=0.044 Dm=0.129 cyc_w=5.00 id_w=0.00 14.77 it/s
step 338400/370000 G=1.665 Dp=0.233 Dm=0.060 cyc_w=5.00 id_w=0.00 14.77 it/s
step 338450/370000 G=1.548 Dp=0.089 Dm=0.098 cyc_w=5.00 id_w=0.00 14.77 it/s
step 338500/370000 G=2.268 Dp=0.158 Dm=0.070 cyc_w=5.00 id_w=0.00 14.77 it/s
step 338550/370000 G=1.681 Dp=0.217 Dm=0.083 cyc_w=5.00 id_w=0.00 14.77 it/s
step 338600/370000 G=1.630 Dp=0.158 Dm=0.222 cyc_w=5.00 id_w=0.00 14.77 it/s
step 338650/370000 G=1.867 Dp=0.217 Dm=0.044 cyc_w=5.00 id_w=0.00 14.78 it/s
step 338700/370000 G=1.567 Dp=0.166 Dm=0.070 cyc_w=5.00 id_w=0.00 14.78 it/s
step 338750/370000 G=2.211 Dp=0.154 Dm=0.167 cyc_w=5.00 id_w=0.00 14.78 it/s
step 338800/370000 G=1.741 Dp=0.159 Dm=0.029 cyc_w=5.00 id_w=0.00 14.78 it/s
step 338850/370000 G=1.522 Dp=0.127 Dm=0.069 cyc_w=5.00 id_w=0.00 14.78 it/s
step 338900/370000 G=1.675 Dp=0.277 Dm=0.043 cyc_w=5.00 id_w=0.00 14.78 it/s
step 338950/370000 G=1.445 Dp=0.135 Dm=0.039 cyc_w=5.00 id_w=0.00 14.78 it/s
step 339000/370000 G=2.619 Dp=0.219 Dm=0.044 cyc_w=5.00 id_w=0.00 14.78 it/s
step 339050/370000 G=1.987 Dp=0.209 Dm=0.044 cyc_w=5.00 id_w=0.00 14.79 it/s
step 339100/370000 G=1.943 Dp=0.101 Dm=0.132 cyc_w=5.00 id_w=0.00 14.79 it/s
step 339150/370000 G=2.275 Dp=0.130 Dm=0.090 cyc_w=5.00 id_w=0.00 14.79 it/s
step 339200/370000 G=1.416 Dp=0.132 Dm=0.098 cyc_w=5.00 id_w=0.00 14.79 it/s
step 339250/370000 G=1.856 Dp=0.243 Dm=0.109 cyc_w=5.00 id_w=0.00 14.79 it/s
EVAL {"step": 339250, "variant": "ema", "fid_a2b": 98.0124542373454, "fid_b2a": 94.89275161432144, "mifid_a2b": 0.41926990279594695, "mifid_b2a": 0.3919409968248251, "fid": 96.45260292583342, "mifid": 0.40560544981038604, "composite": 48.4291041878219}
EVAL {"step": 339250, "variant": "ema_slow", "fid_a2b": 97.64610576676539, "fid_b2a": 94.4262766461097, "mifid_a2b": 0.42050932775298955, "mifid_b2a": 0.39062354753803724, "fid": 96.03619120643754, "mifid": 0.40556643764551337, "composite": 48.22087882204153}
EVAL {"step": 339250, "variant": "raw", "fid_a2b": 98.01233277726858, "fid_b2a": 94.6463511656121, "mifid_a2b": 0.41880090475610504, "mifid_b2a": 0.3923455771816118, "fid": 96.32934197144034, "mifid": 0.4055732409688584, "composite": 48.3674576062046}
step 339300/370000 G=1.797 Dp=0.198 Dm=0.061 cyc_w=5.00 id_w=0.00 14.76 it/s
step 339350/370000 G=1.864 Dp=0.292 Dm=0.046 cyc_w=5.00 id_w=0.00 14.76 it/s
step 339400/370000 G=2.161 Dp=0.077 Dm=0.051 cyc_w=5.00 id_w=0.00 14.77 it/s
step 339450/370000 G=1.455 Dp=0.156 Dm=0.092 cyc_w=5.00 id_w=0.00 14.77 it/s
step 339500/370000 G=1.919 Dp=0.141 Dm=0.069 cyc_w=5.00 id_w=0.00 14.77 it/s
step 339550/370000 G=1.136 Dp=0.141 Dm=0.051 cyc_w=5.00 id_w=0.00 14.77 it/s
step 339600/370000 G=1.854 Dp=0.138 Dm=0.065 cyc_w=5.00 id_w=0.00 14.77 it/s
step 339650/370000 G=2.113 Dp=0.125 Dm=0.115 cyc_w=5.00 id_w=0.00 14.77 it/s
step 339700/370000 G=1.942 Dp=0.182 Dm=0.025 cyc_w=5.00 id_w=0.00 14.77 it/s
step 339750/370000 G=1.502 Dp=0.172 Dm=0.108 cyc_w=5.00 id_w=0.00 14.77 it/s
step 339800/370000 G=1.757 Dp=0.181 Dm=0.053 cyc_w=5.00 id_w=0.00 14.78 it/s
step 339850/370000 G=1.883 Dp=0.160 Dm=0.097 cyc_w=5.00 id_w=0.00 14.78 it/s
step 339900/370000 G=1.872 Dp=0.080 Dm=0.029 cyc_w=5.00 id_w=0.00 14.78 it/s
step 339950/370000 G=1.651 Dp=0.210 Dm=0.072 cyc_w=5.00 id_w=0.00 14.78 it/s
step 340000/370000 G=1.910 Dp=0.194 Dm=0.061 cyc_w=5.00 id_w=0.00 14.78 it/s
step 340050/370000 G=2.185 Dp=0.100 Dm=0.072 cyc_w=5.00 id_w=0.00 14.78 it/s
step 340100/370000 G=1.821 Dp=0.268 Dm=0.033 cyc_w=5.00 id_w=0.00 14.78 it/s
step 340150/370000 G=1.966 Dp=0.137 Dm=0.027 cyc_w=5.00 id_w=0.00 14.78 it/s
step 340200/370000 G=2.206 Dp=0.176 Dm=0.034 cyc_w=5.00 id_w=0.00 14.79 it/s
step 340250/370000 G=1.758 Dp=0.236 Dm=0.023 cyc_w=5.00 id_w=0.00 14.79 it/s
step 340300/370000 G=1.843 Dp=0.094 Dm=0.024 cyc_w=5.00 id_w=0.00 14.79 it/s
step 340350/370000 G=2.018 Dp=0.250 Dm=0.049 cyc_w=5.00 id_w=0.00 14.79 it/s
step 340400/370000 G=1.604 Dp=0.191 Dm=0.039 cyc_w=5.00 id_w=0.00 14.79 it/s
step 340450/370000 G=1.977 Dp=0.151 Dm=0.073 cyc_w=5.00 id_w=0.00 14.79 it/s
step 340500/370000 G=2.034 Dp=0.033 Dm=0.133 cyc_w=5.00 id_w=0.00 14.79 it/s
step 340550/370000 G=2.016 Dp=0.197 Dm=0.040 cyc_w=5.00 id_w=0.00 14.80 it/s
step 340600/370000 G=1.811 Dp=0.328 Dm=0.047 cyc_w=5.00 id_w=0.00 14.80 it/s
step 340650/370000 G=2.075 Dp=0.222 Dm=0.065 cyc_w=5.00 id_w=0.00 14.80 it/s
step 340700/370000 G=2.112 Dp=0.113 Dm=0.066 cyc_w=5.00 id_w=0.00 14.80 it/s
step 340750/370000 G=1.528 Dp=0.132 Dm=0.035 cyc_w=5.00 id_w=0.00 14.80 it/s
step 340800/370000 G=1.782 Dp=0.053 Dm=0.030 cyc_w=5.00 id_w=0.00 14.80 it/s
step 340850/370000 G=1.723 Dp=0.155 Dm=0.065 cyc_w=5.00 id_w=0.00 14.80 it/s
step 340900/370000 G=1.791 Dp=0.313 Dm=0.084 cyc_w=5.00 id_w=0.00 14.80 it/s
step 340950/370000 G=1.438 Dp=0.278 Dm=0.029 cyc_w=5.00 id_w=0.00 14.81 it/s
step 341000/370000 G=1.674 Dp=0.177 Dm=0.040 cyc_w=5.00 id_w=0.00 14.81 it/s
step 341050/370000 G=1.968 Dp=0.119 Dm=0.067 cyc_w=5.00 id_w=0.00 14.81 it/s
step 341100/370000 G=1.616 Dp=0.108 Dm=0.049 cyc_w=5.00 id_w=0.00 14.81 it/s
step 341150/370000 G=1.807 Dp=0.170 Dm=0.078 cyc_w=5.00 id_w=0.00 14.81 it/s
step 341200/370000 G=1.570 Dp=0.114 Dm=0.098 cyc_w=5.00 id_w=0.00 14.81 it/s
step 341250/370000 G=1.307 Dp=0.117 Dm=0.031 cyc_w=5.00 id_w=0.00 14.81 it/s
step 341300/370000 G=1.781 Dp=0.107 Dm=0.031 cyc_w=5.00 id_w=0.00 14.81 it/s
step 341350/370000 G=1.984 Dp=0.170 Dm=0.039 cyc_w=5.00 id_w=0.00 14.82 it/s
step 341400/370000 G=2.504 Dp=0.072 Dm=0.078 cyc_w=5.00 id_w=0.00 14.82 it/s
step 341450/370000 G=1.410 Dp=0.171 Dm=0.050 cyc_w=5.00 id_w=0.00 14.82 it/s
step 341500/370000 G=1.849 Dp=0.206 Dm=0.063 cyc_w=5.00 id_w=0.00 14.82 it/s
step 341550/370000 G=2.049 Dp=0.192 Dm=0.077 cyc_w=5.00 id_w=0.00 14.82 it/s
step 341600/370000 G=1.777 Dp=0.119 Dm=0.032 cyc_w=5.00 id_w=0.00 14.82 it/s
step 341650/370000 G=1.939 Dp=0.174 Dm=0.131 cyc_w=5.00 id_w=0.00 14.82 it/s
step 341700/370000 G=1.537 Dp=0.155 Dm=0.101 cyc_w=5.00 id_w=0.00 14.82 it/s
step 341750/370000 G=1.815 Dp=0.118 Dm=0.034 cyc_w=5.00 id_w=0.00 14.83 it/s
step 341800/370000 G=2.078 Dp=0.138 Dm=0.051 cyc_w=5.00 id_w=0.00 14.83 it/s
step 341850/370000 G=2.290 Dp=0.165 Dm=0.046 cyc_w=5.00 id_w=0.00 14.83 it/s
step 341900/370000 G=2.006 Dp=0.217 Dm=0.102 cyc_w=5.00 id_w=0.00 14.83 it/s
step 341950/370000 G=1.993 Dp=0.217 Dm=0.046 cyc_w=5.00 id_w=0.00 14.83 it/s
step 342000/370000 G=1.934 Dp=0.292 Dm=0.036 cyc_w=5.00 id_w=0.00 14.83 it/s
step 342050/370000 G=2.307 Dp=0.059 Dm=0.080 cyc_w=5.00 id_w=0.00 14.83 it/s
step 342100/370000 G=2.426 Dp=0.155 Dm=0.106 cyc_w=5.00 id_w=0.00 14.84 it/s
step 342150/370000 G=2.411 Dp=0.097 Dm=0.051 cyc_w=5.00 id_w=0.00 14.84 it/s
step 342200/370000 G=1.794 Dp=0.382 Dm=0.033 cyc_w=5.00 id_w=0.00 14.84 it/s
step 342250/370000 G=1.869 Dp=0.103 Dm=0.075 cyc_w=5.00 id_w=0.00 14.84 it/s
step 342300/370000 G=1.821 Dp=0.139 Dm=0.031 cyc_w=5.00 id_w=0.00 14.84 it/s
step 342350/370000 G=2.180 Dp=0.161 Dm=0.025 cyc_w=5.00 id_w=0.00 14.84 it/s
step 342400/370000 G=2.149 Dp=0.096 Dm=0.063 cyc_w=5.00 id_w=0.00 14.84 it/s
step 342450/370000 G=1.822 Dp=0.322 Dm=0.029 cyc_w=5.00 id_w=0.00 14.84 it/s
step 342500/370000 G=1.442 Dp=0.091 Dm=0.061 cyc_w=5.00 id_w=0.00 14.85 it/s
step 342550/370000 G=1.910 Dp=0.296 Dm=0.093 cyc_w=5.00 id_w=0.00 14.85 it/s
step 342600/370000 G=1.739 Dp=0.193 Dm=0.050 cyc_w=5.00 id_w=0.00 14.85 it/s
step 342650/370000 G=1.969 Dp=0.229 Dm=0.037 cyc_w=5.00 id_w=0.00 14.85 it/s
step 342700/370000 G=1.669 Dp=0.138 Dm=0.078 cyc_w=5.00 id_w=0.00 14.85 it/s
step 342750/370000 G=2.099 Dp=0.240 Dm=0.099 cyc_w=5.00 id_w=0.00 14.85 it/s
step 342800/370000 G=1.944 Dp=0.154 Dm=0.053 cyc_w=5.00 id_w=0.00 14.85 it/s
step 342850/370000 G=1.627 Dp=0.124 Dm=0.079 cyc_w=5.00 id_w=0.00 14.85 it/s
step 342900/370000 G=1.739 Dp=0.181 Dm=0.073 cyc_w=5.00 id_w=0.00 14.86 it/s
step 342950/370000 G=1.671 Dp=0.117 Dm=0.102 cyc_w=5.00 id_w=0.00 14.86 it/s
step 343000/370000 G=1.928 Dp=0.221 Dm=0.039 cyc_w=5.00 id_w=0.00 14.86 it/s
step 343050/370000 G=2.164 Dp=0.202 Dm=0.029 cyc_w=5.00 id_w=0.00 14.86 it/s
step 343100/370000 G=1.690 Dp=0.257 Dm=0.062 cyc_w=5.00 id_w=0.00 14.86 it/s
step 343150/370000 G=1.761 Dp=0.105 Dm=0.043 cyc_w=5.00 id_w=0.00 14.86 it/s
step 343200/370000 G=2.236 Dp=0.147 Dm=0.034 cyc_w=5.00 id_w=0.00 14.86 it/s
step 343250/370000 G=1.799 Dp=0.217 Dm=0.057 cyc_w=5.00 id_w=0.00 14.86 it/s
step 343300/370000 G=1.883 Dp=0.132 Dm=0.057 cyc_w=5.00 id_w=0.00 14.87 it/s
step 343350/370000 G=2.360 Dp=0.110 Dm=0.044 cyc_w=5.00 id_w=0.00 14.87 it/s
step 343400/370000 G=1.698 Dp=0.269 Dm=0.100 cyc_w=5.00 id_w=0.00 14.87 it/s
step 343450/370000 G=2.081 Dp=0.147 Dm=0.043 cyc_w=5.00 id_w=0.00 14.87 it/s
step 343500/370000 G=1.433 Dp=0.083 Dm=0.032 cyc_w=5.00 id_w=0.00 14.87 it/s
step 343550/370000 G=2.039 Dp=0.096 Dm=0.107 cyc_w=5.00 id_w=0.00 14.87 it/s
step 343600/370000 G=2.025 Dp=0.218 Dm=0.032 cyc_w=5.00 id_w=0.00 14.87 it/s
step 343650/370000 G=1.810 Dp=0.140 Dm=0.044 cyc_w=5.00 id_w=0.00 14.88 it/s
step 343700/370000 G=1.440 Dp=0.233 Dm=0.081 cyc_w=5.00 id_w=0.00 14.88 it/s
step 343750/370000 G=1.918 Dp=0.306 Dm=0.063 cyc_w=5.00 id_w=0.00 14.88 it/s
step 343800/370000 G=1.794 Dp=0.151 Dm=0.068 cyc_w=5.00 id_w=0.00 14.88 it/s
step 343850/370000 G=2.177 Dp=0.111 Dm=0.054 cyc_w=5.00 id_w=0.00 14.88 it/s
step 343900/370000 G=1.837 Dp=0.233 Dm=0.052 cyc_w=5.00 id_w=0.00 14.88 it/s
step 343950/370000 G=1.750 Dp=0.138 Dm=0.042 cyc_w=5.00 id_w=0.00 14.88 it/s
step 344000/370000 G=2.301 Dp=0.181 Dm=0.069 cyc_w=5.00 id_w=0.00 14.88 it/s
step 344050/370000 G=1.695 Dp=0.304 Dm=0.039 cyc_w=5.00 id_w=0.00 14.89 it/s
step 344100/370000 G=1.528 Dp=0.169 Dm=0.122 cyc_w=5.00 id_w=0.00 14.89 it/s
step 344150/370000 G=1.809 Dp=0.141 Dm=0.081 cyc_w=5.00 id_w=0.00 14.89 it/s
step 344200/370000 G=1.729 Dp=0.109 Dm=0.050 cyc_w=5.00 id_w=0.00 14.89 it/s
step 344250/370000 G=1.701 Dp=0.103 Dm=0.050 cyc_w=5.00 id_w=0.00 14.89 it/s
step 344300/370000 G=2.079 Dp=0.231 Dm=0.028 cyc_w=5.00 id_w=0.00 14.89 it/s
step 344350/370000 G=1.651 Dp=0.249 Dm=0.023 cyc_w=5.00 id_w=0.00 14.89 it/s
step 344400/370000 G=1.941 Dp=0.078 Dm=0.075 cyc_w=5.00 id_w=0.00 14.89 it/s
step 344450/370000 G=2.185 Dp=0.152 Dm=0.062 cyc_w=5.00 id_w=0.00 14.90 it/s
step 344500/370000 G=1.466 Dp=0.209 Dm=0.086 cyc_w=5.00 id_w=0.00 14.90 it/s
step 344550/370000 G=1.866 Dp=0.181 Dm=0.024 cyc_w=5.00 id_w=0.00 14.90 it/s
step 344600/370000 G=1.770 Dp=0.219 Dm=0.085 cyc_w=5.00 id_w=0.00 14.90 it/s
step 344650/370000 G=1.693 Dp=0.105 Dm=0.147 cyc_w=5.00 id_w=0.00 14.90 it/s
step 344700/370000 G=1.950 Dp=0.103 Dm=0.061 cyc_w=5.00 id_w=0.00 14.90 it/s
step 344750/370000 G=2.359 Dp=0.247 Dm=0.043 cyc_w=5.00 id_w=0.00 14.90 it/s
step 344800/370000 G=2.037 Dp=0.269 Dm=0.051 cyc_w=5.00 id_w=0.00 14.91 it/s
step 344850/370000 G=1.805 Dp=0.230 Dm=0.066 cyc_w=5.00 id_w=0.00 14.91 it/s
step 344900/370000 G=1.863 Dp=0.112 Dm=0.056 cyc_w=5.00 id_w=0.00 14.91 it/s
step 344950/370000 G=2.110 Dp=0.109 Dm=0.048 cyc_w=5.00 id_w=0.00 14.91 it/s
step 345000/370000 G=2.257 Dp=0.316 Dm=0.060 cyc_w=5.00 id_w=0.00 14.91 it/s
step 345050/370000 G=1.689 Dp=0.169 Dm=0.037 cyc_w=5.00 id_w=0.00 14.91 it/s
step 345100/370000 G=2.470 Dp=0.258 Dm=0.090 cyc_w=5.00 id_w=0.00 14.91 it/s
step 345150/370000 G=1.489 Dp=0.224 Dm=0.047 cyc_w=5.00 id_w=0.00 14.91 it/s
step 345200/370000 G=2.176 Dp=0.160 Dm=0.049 cyc_w=5.00 id_w=0.00 14.92 it/s
step 345250/370000 G=2.161 Dp=0.148 Dm=0.036 cyc_w=5.00 id_w=0.00 14.92 it/s
step 345300/370000 G=1.651 Dp=0.175 Dm=0.031 cyc_w=5.00 id_w=0.00 14.92 it/s
step 345350/370000 G=2.020 Dp=0.155 Dm=0.158 cyc_w=5.00 id_w=0.00 14.92 it/s
step 345400/370000 G=1.440 Dp=0.218 Dm=0.065 cyc_w=5.00 id_w=0.00 14.92 it/s
step 345450/370000 G=2.197 Dp=0.129 Dm=0.045 cyc_w=5.00 id_w=0.00 14.92 it/s
step 345500/370000 G=2.007 Dp=0.160 Dm=0.042 cyc_w=5.00 id_w=0.00 14.92 it/s
step 345550/370000 G=2.095 Dp=0.199 Dm=0.028 cyc_w=5.00 id_w=0.00 14.92 it/s
step 345600/370000 G=1.937 Dp=0.087 Dm=0.027 cyc_w=5.00 id_w=0.00 14.93 it/s
step 345650/370000 G=1.855 Dp=0.097 Dm=0.080 cyc_w=5.00 id_w=0.00 14.93 it/s
step 345700/370000 G=1.563 Dp=0.251 Dm=0.091 cyc_w=5.00 id_w=0.00 14.93 it/s
step 345750/370000 G=2.393 Dp=0.184 Dm=0.097 cyc_w=5.00 id_w=0.00 14.93 it/s
step 345800/370000 G=1.723 Dp=0.173 Dm=0.075 cyc_w=5.00 id_w=0.00 14.93 it/s
step 345850/370000 G=1.810 Dp=0.111 Dm=0.064 cyc_w=5.00 id_w=0.00 14.93 it/s
step 345900/370000 G=1.687 Dp=0.110 Dm=0.023 cyc_w=5.00 id_w=0.00 14.93 it/s
step 345950/370000 G=1.778 Dp=0.236 Dm=0.083 cyc_w=5.00 id_w=0.00 14.93 it/s
step 346000/370000 G=1.793 Dp=0.164 Dm=0.034 cyc_w=5.00 id_w=0.00 14.94 it/s
step 346050/370000 G=1.651 Dp=0.232 Dm=0.075 cyc_w=5.00 id_w=0.00 14.94 it/s
step 346100/370000 G=1.482 Dp=0.286 Dm=0.093 cyc_w=5.00 id_w=0.00 14.94 it/s
step 346150/370000 G=1.147 Dp=0.086 Dm=0.062 cyc_w=5.00 id_w=0.00 14.94 it/s
step 346200/370000 G=2.126 Dp=0.087 Dm=0.061 cyc_w=5.00 id_w=0.00 14.94 it/s
step 346250/370000 G=1.511 Dp=0.212 Dm=0.078 cyc_w=5.00 id_w=0.00 14.94 it/s
step 346300/370000 G=2.160 Dp=0.094 Dm=0.101 cyc_w=5.00 id_w=0.00 14.94 it/s
step 346350/370000 G=2.230 Dp=0.091 Dm=0.041 cyc_w=5.00 id_w=0.00 14.94 it/s
step 346400/370000 G=1.348 Dp=0.149 Dm=0.045 cyc_w=5.00 id_w=0.00 14.95 it/s
step 346450/370000 G=2.233 Dp=0.191 Dm=0.108 cyc_w=5.00 id_w=0.00 14.95 it/s
step 346500/370000 G=2.265 Dp=0.174 Dm=0.046 cyc_w=5.00 id_w=0.00 14.95 it/s
step 346550/370000 G=2.303 Dp=0.201 Dm=0.083 cyc_w=5.00 id_w=0.00 14.95 it/s
step 346600/370000 G=2.164 Dp=0.179 Dm=0.044 cyc_w=5.00 id_w=0.00 14.95 it/s
step 346650/370000 G=2.120 Dp=0.217 Dm=0.053 cyc_w=5.00 id_w=0.00 14.95 it/s
step 346700/370000 G=2.005 Dp=0.124 Dm=0.040 cyc_w=5.00 id_w=0.00 14.95 it/s
step 346750/370000 G=1.952 Dp=0.099 Dm=0.044 cyc_w=5.00 id_w=0.00 14.96 it/s
step 346800/370000 G=2.020 Dp=0.191 Dm=0.036 cyc_w=5.00 id_w=0.00 14.96 it/s
step 346850/370000 G=2.264 Dp=0.132 Dm=0.174 cyc_w=5.00 id_w=0.00 14.96 it/s
step 346900/370000 G=1.506 Dp=0.264 Dm=0.097 cyc_w=5.00 id_w=0.00 14.96 it/s
step 346950/370000 G=1.541 Dp=0.305 Dm=0.040 cyc_w=5.00 id_w=0.00 14.96 it/s
step 347000/370000 G=1.603 Dp=0.276 Dm=0.036 cyc_w=5.00 id_w=0.00 14.96 it/s
step 347050/370000 G=1.577 Dp=0.128 Dm=0.066 cyc_w=5.00 id_w=0.00 14.96 it/s
step 347100/370000 G=1.627 Dp=0.195 Dm=0.045 cyc_w=5.00 id_w=0.00 14.96 it/s
step 347150/370000 G=1.814 Dp=0.213 Dm=0.116 cyc_w=5.00 id_w=0.00 14.97 it/s
step 347200/370000 G=1.446 Dp=0.135 Dm=0.052 cyc_w=5.00 id_w=0.00 14.97 it/s
step 347250/370000 G=1.683 Dp=0.199 Dm=0.026 cyc_w=5.00 id_w=0.00 14.97 it/s
step 347300/370000 G=2.075 Dp=0.118 Dm=0.045 cyc_w=5.00 id_w=0.00 14.97 it/s
step 347350/370000 G=2.388 Dp=0.116 Dm=0.042 cyc_w=5.00 id_w=0.00 14.97 it/s
step 347400/370000 G=1.831 Dp=0.173 Dm=0.087 cyc_w=5.00 id_w=0.00 14.97 it/s
step 347450/370000 G=2.137 Dp=0.095 Dm=0.027 cyc_w=5.00 id_w=0.00 14.97 it/s
step 347500/370000 G=1.809 Dp=0.160 Dm=0.042 cyc_w=5.00 id_w=0.00 14.97 it/s
step 347550/370000 G=2.328 Dp=0.180 Dm=0.104 cyc_w=5.00 id_w=0.00 14.98 it/s
step 347600/370000 G=1.821 Dp=0.179 Dm=0.116 cyc_w=5.00 id_w=0.00 14.98 it/s
step 347650/370000 G=2.097 Dp=0.183 Dm=0.053 cyc_w=5.00 id_w=0.00 14.98 it/s
step 347700/370000 G=2.052 Dp=0.091 Dm=0.049 cyc_w=5.00 id_w=0.00 14.98 it/s
step 347750/370000 G=2.060 Dp=0.166 Dm=0.035 cyc_w=5.00 id_w=0.00 14.98 it/s
step 347800/370000 G=1.609 Dp=0.229 Dm=0.145 cyc_w=5.00 id_w=0.00 14.98 it/s
step 347850/370000 G=2.076 Dp=0.141 Dm=0.033 cyc_w=5.00 id_w=0.00 14.98 it/s
step 347900/370000 G=1.778 Dp=0.127 Dm=0.074 cyc_w=5.00 id_w=0.00 14.98 it/s
step 347950/370000 G=1.834 Dp=0.316 Dm=0.066 cyc_w=5.00 id_w=0.00 14.99 it/s
step 348000/370000 G=2.462 Dp=0.131 Dm=0.030 cyc_w=5.00 id_w=0.00 14.99 it/s
step 348050/370000 G=2.358 Dp=0.195 Dm=0.038 cyc_w=5.00 id_w=0.00 14.99 it/s
step 348100/370000 G=1.744 Dp=0.292 Dm=0.066 cyc_w=5.00 id_w=0.00 14.99 it/s
step 348150/370000 G=1.803 Dp=0.172 Dm=0.232 cyc_w=5.00 id_w=0.00 14.99 it/s
step 348200/370000 G=1.729 Dp=0.303 Dm=0.044 cyc_w=5.00 id_w=0.00 14.99 it/s
step 348250/370000 G=1.479 Dp=0.294 Dm=0.114 cyc_w=5.00 id_w=0.00 14.99 it/s
step 348300/370000 G=2.175 Dp=0.198 Dm=0.035 cyc_w=5.00 id_w=0.00 14.99 it/s
step 348350/370000 G=1.802 Dp=0.245 Dm=0.051 cyc_w=5.00 id_w=0.00 15.00 it/s
step 348400/370000 G=1.775 Dp=0.209 Dm=0.033 cyc_w=5.00 id_w=0.00 15.00 it/s
step 348450/370000 G=2.266 Dp=0.202 Dm=0.125 cyc_w=5.00 id_w=0.00 15.00 it/s
step 348500/370000 G=2.077 Dp=0.083 Dm=0.027 cyc_w=5.00 id_w=0.00 15.00 it/s
step 348550/370000 G=1.712 Dp=0.226 Dm=0.029 cyc_w=5.00 id_w=0.00 15.00 it/s
step 348600/370000 G=2.532 Dp=0.100 Dm=0.089 cyc_w=5.00 id_w=0.00 15.00 it/s
step 348650/370000 G=1.718 Dp=0.159 Dm=0.072 cyc_w=5.00 id_w=0.00 15.00 it/s
step 348700/370000 G=1.614 Dp=0.131 Dm=0.024 cyc_w=5.00 id_w=0.00 15.01 it/s
step 348750/370000 G=1.562 Dp=0.148 Dm=0.032 cyc_w=5.00 id_w=0.00 15.01 it/s
step 348800/370000 G=1.840 Dp=0.205 Dm=0.028 cyc_w=5.00 id_w=0.00 15.01 it/s
step 348850/370000 G=1.961 Dp=0.100 Dm=0.091 cyc_w=5.00 id_w=0.00 15.01 it/s
step 348900/370000 G=1.837 Dp=0.122 Dm=0.043 cyc_w=5.00 id_w=0.00 15.01 it/s
step 348950/370000 G=1.543 Dp=0.230 Dm=0.071 cyc_w=5.00 id_w=0.00 15.01 it/s
step 349000/370000 G=2.284 Dp=0.073 Dm=0.055 cyc_w=5.00 id_w=0.00 15.01 it/s
step 349050/370000 G=1.641 Dp=0.135 Dm=0.069 cyc_w=5.00 id_w=0.00 15.01 it/s
step 349100/370000 G=1.694 Dp=0.087 Dm=0.035 cyc_w=5.00 id_w=0.00 15.02 it/s
step 349150/370000 G=1.540 Dp=0.125 Dm=0.153 cyc_w=5.00 id_w=0.00 15.02 it/s
step 349200/370000 G=2.285 Dp=0.134 Dm=0.019 cyc_w=5.00 id_w=0.00 15.02 it/s
step 349250/370000 G=2.071 Dp=0.085 Dm=0.057 cyc_w=5.00 id_w=0.00 15.02 it/s
step 349300/370000 G=1.749 Dp=0.237 Dm=0.038 cyc_w=5.00 id_w=0.00 15.02 it/s
step 349350/370000 G=1.839 Dp=0.247 Dm=0.034 cyc_w=5.00 id_w=0.00 15.02 it/s
step 349400/370000 G=2.197 Dp=0.240 Dm=0.062 cyc_w=5.00 id_w=0.00 15.02 it/s
step 349450/370000 G=1.846 Dp=0.188 Dm=0.067 cyc_w=5.00 id_w=0.00 15.02 it/s
step 349500/370000 G=1.735 Dp=0.179 Dm=0.073 cyc_w=5.00 id_w=0.00 15.03 it/s
step 349550/370000 G=1.736 Dp=0.193 Dm=0.106 cyc_w=5.00 id_w=0.00 15.03 it/s
step 349600/370000 G=1.628 Dp=0.161 Dm=0.090 cyc_w=5.00 id_w=0.00 15.03 it/s
step 349650/370000 G=1.930 Dp=0.131 Dm=0.097 cyc_w=5.00 id_w=0.00 15.03 it/s
step 349700/370000 G=2.054 Dp=0.124 Dm=0.042 cyc_w=5.00 id_w=0.00 15.03 it/s
step 349750/370000 G=1.765 Dp=0.209 Dm=0.036 cyc_w=5.00 id_w=0.00 15.03 it/s
step 349800/370000 G=1.614 Dp=0.253 Dm=0.046 cyc_w=5.00 id_w=0.00 15.03 it/s
step 349850/370000 G=1.541 Dp=0.143 Dm=0.027 cyc_w=5.00 id_w=0.00 15.03 it/s
step 349900/370000 G=2.023 Dp=0.151 Dm=0.114 cyc_w=5.00 id_w=0.00 15.04 it/s
step 349950/370000 G=2.361 Dp=0.169 Dm=0.046 cyc_w=5.00 id_w=0.00 15.04 it/s
step 350000/370000 G=1.701 Dp=0.112 Dm=0.041 cyc_w=5.00 id_w=0.00 15.04 it/s
step 350050/370000 G=2.016 Dp=0.285 Dm=0.067 cyc_w=5.00 id_w=0.00 15.04 it/s
step 350100/370000 G=2.157 Dp=0.159 Dm=0.059 cyc_w=5.00 id_w=0.00 15.04 it/s
step 350150/370000 G=1.762 Dp=0.175 Dm=0.036 cyc_w=5.00 id_w=0.00 15.04 it/s
step 350200/370000 G=1.854 Dp=0.189 Dm=0.092 cyc_w=5.00 id_w=0.00 15.04 it/s
step 350250/370000 G=1.906 Dp=0.204 Dm=0.052 cyc_w=5.00 id_w=0.00 15.04 it/s
step 350300/370000 G=2.328 Dp=0.235 Dm=0.035 cyc_w=5.00 id_w=0.00 15.05 it/s
step 350350/370000 G=1.694 Dp=0.210 Dm=0.041 cyc_w=5.00 id_w=0.00 15.05 it/s
step 350400/370000 G=2.055 Dp=0.178 Dm=0.067 cyc_w=5.00 id_w=0.00 15.05 it/s
step 350450/370000 G=1.924 Dp=0.199 Dm=0.076 cyc_w=5.00 id_w=0.00 15.05 it/s
step 350500/370000 G=1.325 Dp=0.127 Dm=0.101 cyc_w=5.00 id_w=0.00 15.05 it/s
step 350550/370000 G=2.048 Dp=0.110 Dm=0.219 cyc_w=5.00 id_w=0.00 15.05 it/s
step 350600/370000 G=1.808 Dp=0.241 Dm=0.072 cyc_w=5.00 id_w=0.00 15.05 it/s
step 350650/370000 G=2.265 Dp=0.165 Dm=0.059 cyc_w=5.00 id_w=0.00 15.05 it/s
step 350700/370000 G=1.766 Dp=0.186 Dm=0.036 cyc_w=5.00 id_w=0.00 15.06 it/s
step 350750/370000 G=1.999 Dp=0.182 Dm=0.037 cyc_w=5.00 id_w=0.00 15.06 it/s
step 350800/370000 G=1.659 Dp=0.201 Dm=0.060 cyc_w=5.00 id_w=0.00 15.06 it/s
step 350850/370000 G=1.782 Dp=0.220 Dm=0.029 cyc_w=5.00 id_w=0.00 15.06 it/s
step 350900/370000 G=2.493 Dp=0.096 Dm=0.065 cyc_w=5.00 id_w=0.00 15.06 it/s
step 350950/370000 G=2.608 Dp=0.239 Dm=0.037 cyc_w=5.00 id_w=0.00 15.06 it/s
step 351000/370000 G=1.475 Dp=0.272 Dm=0.039 cyc_w=5.00 id_w=0.00 15.06 it/s
step 351050/370000 G=1.492 Dp=0.227 Dm=0.051 cyc_w=5.00 id_w=0.00 15.06 it/s
step 351100/370000 G=2.140 Dp=0.192 Dm=0.041 cyc_w=5.00 id_w=0.00 15.07 it/s
step 351150/370000 G=2.083 Dp=0.212 Dm=0.059 cyc_w=5.00 id_w=0.00 15.07 it/s
step 351200/370000 G=1.846 Dp=0.210 Dm=0.050 cyc_w=5.00 id_w=0.00 15.07 it/s
step 351250/370000 G=1.666 Dp=0.068 Dm=0.056 cyc_w=5.00 id_w=0.00 15.07 it/s
step 351300/370000 G=1.844 Dp=0.158 Dm=0.077 cyc_w=5.00 id_w=0.00 15.07 it/s
step 351350/370000 G=1.844 Dp=0.168 Dm=0.051 cyc_w=5.00 id_w=0.00 15.07 it/s
step 351400/370000 G=1.913 Dp=0.204 Dm=0.069 cyc_w=5.00 id_w=0.00 15.07 it/s
step 351450/370000 G=2.162 Dp=0.167 Dm=0.047 cyc_w=5.00 id_w=0.00 15.07 it/s
step 351500/370000 G=2.138 Dp=0.236 Dm=0.061 cyc_w=5.00 id_w=0.00 15.08 it/s
step 351550/370000 G=1.632 Dp=0.205 Dm=0.031 cyc_w=5.00 id_w=0.00 15.08 it/s
step 351600/370000 G=1.515 Dp=0.173 Dm=0.027 cyc_w=5.00 id_w=0.00 15.08 it/s
step 351650/370000 G=2.465 Dp=0.084 Dm=0.034 cyc_w=5.00 id_w=0.00 15.08 it/s
step 351700/370000 G=1.777 Dp=0.210 Dm=0.054 cyc_w=5.00 id_w=0.00 15.08 it/s
step 351750/370000 G=1.861 Dp=0.183 Dm=0.048 cyc_w=5.00 id_w=0.00 15.08 it/s
step 351800/370000 G=2.366 Dp=0.095 Dm=0.075 cyc_w=5.00 id_w=0.00 15.08 it/s
step 351850/370000 G=2.061 Dp=0.223 Dm=0.131 cyc_w=5.00 id_w=0.00 15.09 it/s
step 351900/370000 G=2.289 Dp=0.200 Dm=0.044 cyc_w=5.00 id_w=0.00 15.09 it/s
step 351950/370000 G=1.460 Dp=0.256 Dm=0.068 cyc_w=5.00 id_w=0.00 15.09 it/s
step 352000/370000 G=1.616 Dp=0.176 Dm=0.058 cyc_w=5.00 id_w=0.00 15.09 it/s
step 352050/370000 G=1.520 Dp=0.161 Dm=0.050 cyc_w=5.00 id_w=0.00 15.09 it/s
step 352100/370000 G=1.792 Dp=0.250 Dm=0.048 cyc_w=5.00 id_w=0.00 15.09 it/s
step 352150/370000 G=1.510 Dp=0.180 Dm=0.070 cyc_w=5.00 id_w=0.00 15.09 it/s
step 352200/370000 G=1.987 Dp=0.122 Dm=0.089 cyc_w=5.00 id_w=0.00 15.09 it/s
step 352250/370000 G=1.846 Dp=0.112 Dm=0.051 cyc_w=5.00 id_w=0.00 15.09 it/s
step 352300/370000 G=2.227 Dp=0.115 Dm=0.037 cyc_w=5.00 id_w=0.00 15.10 it/s
step 352350/370000 G=2.042 Dp=0.109 Dm=0.036 cyc_w=5.00 id_w=0.00 15.10 it/s
step 352400/370000 G=2.047 Dp=0.240 Dm=0.045 cyc_w=5.00 id_w=0.00 15.10 it/s
step 352450/370000 G=2.163 Dp=0.161 Dm=0.068 cyc_w=5.00 id_w=0.00 15.10 it/s
step 352500/370000 G=1.660 Dp=0.232 Dm=0.070 cyc_w=5.00 id_w=0.00 15.10 it/s
step 352550/370000 G=2.128 Dp=0.154 Dm=0.085 cyc_w=5.00 id_w=0.00 15.10 it/s
step 352600/370000 G=2.368 Dp=0.111 Dm=0.128 cyc_w=5.00 id_w=0.00 15.10 it/s
step 352650/370000 G=1.831 Dp=0.180 Dm=0.065 cyc_w=5.00 id_w=0.00 15.11 it/s
step 352700/370000 G=1.705 Dp=0.216 Dm=0.025 cyc_w=5.00 id_w=0.00 15.11 it/s
step 352750/370000 G=1.808 Dp=0.248 Dm=0.052 cyc_w=5.00 id_w=0.00 15.11 it/s
step 352800/370000 G=2.106 Dp=0.130 Dm=0.066 cyc_w=5.00 id_w=0.00 15.11 it/s
step 352850/370000 G=2.239 Dp=0.145 Dm=0.055 cyc_w=5.00 id_w=0.00 15.11 it/s
step 352900/370000 G=2.115 Dp=0.206 Dm=0.034 cyc_w=5.00 id_w=0.00 15.11 it/s
step 352950/370000 G=1.683 Dp=0.235 Dm=0.095 cyc_w=5.00 id_w=0.00 15.11 it/s
step 353000/370000 G=1.926 Dp=0.095 Dm=0.052 cyc_w=5.00 id_w=0.00 15.11 it/s
step 353050/370000 G=1.943 Dp=0.201 Dm=0.060 cyc_w=5.00 id_w=0.00 15.12 it/s
step 353100/370000 G=1.646 Dp=0.175 Dm=0.053 cyc_w=5.00 id_w=0.00 15.12 it/s
step 353150/370000 G=1.927 Dp=0.206 Dm=0.033 cyc_w=5.00 id_w=0.00 15.12 it/s
step 353200/370000 G=1.843 Dp=0.109 Dm=0.086 cyc_w=5.00 id_w=0.00 15.12 it/s
step 353250/370000 G=1.798 Dp=0.281 Dm=0.057 cyc_w=5.00 id_w=0.00 15.12 it/s
step 353300/370000 G=1.900 Dp=0.237 Dm=0.027 cyc_w=5.00 id_w=0.00 15.12 it/s
step 353350/370000 G=1.692 Dp=0.130 Dm=0.044 cyc_w=5.00 id_w=0.00 15.12 it/s
step 353400/370000 G=2.221 Dp=0.133 Dm=0.042 cyc_w=5.00 id_w=0.00 15.12 it/s
step 353450/370000 G=2.262 Dp=0.153 Dm=0.061 cyc_w=5.00 id_w=0.00 15.13 it/s
step 353500/370000 G=2.088 Dp=0.083 Dm=0.044 cyc_w=5.00 id_w=0.00 15.13 it/s
step 353550/370000 G=2.116 Dp=0.211 Dm=0.070 cyc_w=5.00 id_w=0.00 15.13 it/s
step 353600/370000 G=1.763 Dp=0.178 Dm=0.070 cyc_w=5.00 id_w=0.00 15.13 it/s
step 353650/370000 G=1.945 Dp=0.180 Dm=0.055 cyc_w=5.00 id_w=0.00 15.13 it/s
step 353700/370000 G=1.660 Dp=0.204 Dm=0.045 cyc_w=5.00 id_w=0.00 15.13 it/s
step 353750/370000 G=1.615 Dp=0.121 Dm=0.036 cyc_w=5.00 id_w=0.00 15.13 it/s
step 353800/370000 G=2.026 Dp=0.244 Dm=0.141 cyc_w=5.00 id_w=0.00 15.13 it/s
step 353850/370000 G=1.985 Dp=0.120 Dm=0.026 cyc_w=5.00 id_w=0.00 15.14 it/s
step 353900/370000 G=1.950 Dp=0.227 Dm=0.024 cyc_w=5.00 id_w=0.00 15.14 it/s
step 353950/370000 G=1.738 Dp=0.155 Dm=0.026 cyc_w=5.00 id_w=0.00 15.14 it/s
step 354000/370000 G=1.912 Dp=0.250 Dm=0.067 cyc_w=5.00 id_w=0.00 15.14 it/s
EVAL {"step": 354000, "variant": "ema", "fid_a2b": 98.38887573024644, "fid_b2a": 95.48342235226744, "mifid_a2b": 0.41973611361398616, "mifid_b2a": 0.3911371807547466, "fid": 96.93614904125694, "mifid": 0.4054366471843664, "composite": 48.67079284422065}
EVAL {"step": 354000, "variant": "ema_slow", "fid_a2b": 98.00596255079864, "fid_b2a": 95.18386533858742, "mifid_a2b": 0.41973180111025316, "mifid_b2a": 0.3909551543527215, "fid": 96.59491394469303, "mifid": 0.4053434777314873, "composite": 48.50012871121226}
EVAL {"step": 354000, "variant": "raw", "fid_a2b": 98.39268718479633, "fid_b2a": 96.43223707747134, "mifid_a2b": 0.42069907207122825, "mifid_b2a": 0.3908534993297177, "fid": 97.41246213113384, "mifid": 0.40577628570047297, "composite": 48.90911920841715}
step 354050/370000 G=2.382 Dp=0.151 Dm=0.076 cyc_w=5.00 id_w=0.00 15.11 it/s
step 354100/370000 G=2.308 Dp=0.205 Dm=0.039 cyc_w=5.00 id_w=0.00 15.11 it/s
step 354150/370000 G=1.893 Dp=0.252 Dm=0.074 cyc_w=5.00 id_w=0.00 15.11 it/s
step 354200/370000 G=1.711 Dp=0.192 Dm=0.116 cyc_w=5.00 id_w=0.00 15.11 it/s
step 354250/370000 G=1.818 Dp=0.132 Dm=0.055 cyc_w=5.00 id_w=0.00 15.11 it/s
step 354300/370000 G=1.795 Dp=0.296 Dm=0.059 cyc_w=5.00 id_w=0.00 15.12 it/s
step 354350/370000 G=2.252 Dp=0.290 Dm=0.089 cyc_w=5.00 id_w=0.00 15.12 it/s
step 354400/370000 G=2.138 Dp=0.117 Dm=0.037 cyc_w=5.00 id_w=0.00 15.12 it/s
step 354450/370000 G=2.015 Dp=0.231 Dm=0.062 cyc_w=5.00 id_w=0.00 15.12 it/s
step 354500/370000 G=1.209 Dp=0.104 Dm=0.283 cyc_w=5.00 id_w=0.00 15.12 it/s
step 354550/370000 G=2.008 Dp=0.167 Dm=0.092 cyc_w=5.00 id_w=0.00 15.12 it/s
step 354600/370000 G=2.019 Dp=0.167 Dm=0.044 cyc_w=5.00 id_w=0.00 15.12 it/s
step 354650/370000 G=1.620 Dp=0.245 Dm=0.035 cyc_w=5.00 id_w=0.00 15.13 it/s
step 354700/370000 G=2.190 Dp=0.200 Dm=0.053 cyc_w=5.00 id_w=0.00 15.13 it/s
step 354750/370000 G=1.958 Dp=0.222 Dm=0.045 cyc_w=5.00 id_w=0.00 15.13 it/s
step 354800/370000 G=1.668 Dp=0.123 Dm=0.050 cyc_w=5.00 id_w=0.00 15.13 it/s
step 354850/370000 G=1.685 Dp=0.206 Dm=0.052 cyc_w=5.00 id_w=0.00 15.13 it/s
step 354900/370000 G=1.777 Dp=0.164 Dm=0.074 cyc_w=5.00 id_w=0.00 15.13 it/s
step 354950/370000 G=1.797 Dp=0.321 Dm=0.026 cyc_w=5.00 id_w=0.00 15.13 it/s
step 355000/370000 G=2.032 Dp=0.106 Dm=0.048 cyc_w=5.00 id_w=0.00 15.13 it/s
step 355050/370000 G=1.281 Dp=0.184 Dm=0.035 cyc_w=5.00 id_w=0.00 15.13 it/s
step 355100/370000 G=1.966 Dp=0.112 Dm=0.074 cyc_w=5.00 id_w=0.00 15.14 it/s
step 355150/370000 G=1.634 Dp=0.143 Dm=0.038 cyc_w=5.00 id_w=0.00 15.14 it/s
step 355200/370000 G=1.895 Dp=0.128 Dm=0.085 cyc_w=5.00 id_w=0.00 15.14 it/s
step 355250/370000 G=1.781 Dp=0.212 Dm=0.057 cyc_w=5.00 id_w=0.00 15.14 it/s
step 355300/370000 G=2.144 Dp=0.176 Dm=0.075 cyc_w=5.00 id_w=0.00 15.14 it/s
step 355350/370000 G=1.794 Dp=0.095 Dm=0.025 cyc_w=5.00 id_w=0.00 15.14 it/s
step 355400/370000 G=1.833 Dp=0.192 Dm=0.030 cyc_w=5.00 id_w=0.00 15.14 it/s
step 355450/370000 G=1.992 Dp=0.178 Dm=0.045 cyc_w=5.00 id_w=0.00 15.15 it/s
step 355500/370000 G=2.292 Dp=0.153 Dm=0.061 cyc_w=5.00 id_w=0.00 15.15 it/s
step 355550/370000 G=1.795 Dp=0.148 Dm=0.032 cyc_w=5.00 id_w=0.00 15.15 it/s
step 355600/370000 G=2.031 Dp=0.112 Dm=0.103 cyc_w=5.00 id_w=0.00 15.15 it/s
step 355650/370000 G=1.808 Dp=0.256 Dm=0.036 cyc_w=5.00 id_w=0.00 15.15 it/s
step 355700/370000 G=1.883 Dp=0.118 Dm=0.075 cyc_w=5.00 id_w=0.00 15.15 it/s
step 355750/370000 G=1.927 Dp=0.275 Dm=0.028 cyc_w=5.00 id_w=0.00 15.15 it/s
step 355800/370000 G=2.047 Dp=0.150 Dm=0.067 cyc_w=5.00 id_w=0.00 15.15 it/s
step 355850/370000 G=2.027 Dp=0.167 Dm=0.060 cyc_w=5.00 id_w=0.00 15.16 it/s
step 355900/370000 G=1.993 Dp=0.129 Dm=0.072 cyc_w=5.00 id_w=0.00 15.16 it/s
step 355950/370000 G=2.295 Dp=0.112 Dm=0.079 cyc_w=5.00 id_w=0.00 15.16 it/s
step 356000/370000 G=1.895 Dp=0.168 Dm=0.141 cyc_w=5.00 id_w=0.00 15.16 it/s
step 356050/370000 G=2.476 Dp=0.121 Dm=0.082 cyc_w=5.00 id_w=0.00 15.16 it/s
step 356100/370000 G=1.671 Dp=0.185 Dm=0.045 cyc_w=5.00 id_w=0.00 15.16 it/s
step 356150/370000 G=2.116 Dp=0.083 Dm=0.079 cyc_w=5.00 id_w=0.00 15.16 it/s
step 356200/370000 G=1.979 Dp=0.129 Dm=0.033 cyc_w=5.00 id_w=0.00 15.16 it/s
step 356250/370000 G=1.886 Dp=0.197 Dm=0.064 cyc_w=5.00 id_w=0.00 15.17 it/s
step 356300/370000 G=1.598 Dp=0.151 Dm=0.073 cyc_w=5.00 id_w=0.00 15.17 it/s
step 356350/370000 G=1.625 Dp=0.196 Dm=0.075 cyc_w=5.00 id_w=0.00 15.17 it/s
step 356400/370000 G=2.317 Dp=0.152 Dm=0.027 cyc_w=5.00 id_w=0.00 15.17 it/s
step 356450/370000 G=2.285 Dp=0.113 Dm=0.063 cyc_w=5.00 id_w=0.00 15.17 it/s
step 356500/370000 G=2.240 Dp=0.113 Dm=0.101 cyc_w=5.00 id_w=0.00 15.17 it/s
step 356550/370000 G=2.027 Dp=0.291 Dm=0.090 cyc_w=5.00 id_w=0.00 15.17 it/s
step 356600/370000 G=1.961 Dp=0.110 Dm=0.036 cyc_w=5.00 id_w=0.00 15.17 it/s
step 356650/370000 G=1.943 Dp=0.249 Dm=0.085 cyc_w=5.00 id_w=0.00 15.18 it/s
step 356700/370000 G=2.393 Dp=0.189 Dm=0.034 cyc_w=5.00 id_w=0.00 15.18 it/s
step 356750/370000 G=1.590 Dp=0.172 Dm=0.102 cyc_w=5.00 id_w=0.00 15.18 it/s
step 356800/370000 G=2.401 Dp=0.136 Dm=0.039 cyc_w=5.00 id_w=0.00 15.18 it/s
step 356850/370000 G=1.627 Dp=0.198 Dm=0.050 cyc_w=5.00 id_w=0.00 15.18 it/s
step 356900/370000 G=1.671 Dp=0.171 Dm=0.061 cyc_w=5.00 id_w=0.00 15.18 it/s
step 356950/370000 G=1.658 Dp=0.071 Dm=0.052 cyc_w=5.00 id_w=0.00 15.18 it/s
step 357000/370000 G=2.136 Dp=0.230 Dm=0.034 cyc_w=5.00 id_w=0.00 15.18 it/s
step 357050/370000 G=2.180 Dp=0.182 Dm=0.087 cyc_w=5.00 id_w=0.00 15.19 it/s
step 357100/370000 G=1.943 Dp=0.172 Dm=0.036 cyc_w=5.00 id_w=0.00 15.19 it/s
step 357150/370000 G=1.861 Dp=0.126 Dm=0.029 cyc_w=5.00 id_w=0.00 15.19 it/s
step 357200/370000 G=1.790 Dp=0.195 Dm=0.066 cyc_w=5.00 id_w=0.00 15.19 it/s
step 357250/370000 G=1.679 Dp=0.191 Dm=0.056 cyc_w=5.00 id_w=0.00 15.19 it/s
step 357300/370000 G=1.688 Dp=0.089 Dm=0.036 cyc_w=5.00 id_w=0.00 15.19 it/s
step 357350/370000 G=1.450 Dp=0.199 Dm=0.081 cyc_w=5.00 id_w=0.00 15.19 it/s
step 357400/370000 G=1.774 Dp=0.095 Dm=0.043 cyc_w=5.00 id_w=0.00 15.19 it/s
step 357450/370000 G=1.729 Dp=0.134 Dm=0.055 cyc_w=5.00 id_w=0.00 15.20 it/s
step 357500/370000 G=1.625 Dp=0.133 Dm=0.131 cyc_w=5.00 id_w=0.00 15.20 it/s
step 357550/370000 G=2.179 Dp=0.112 Dm=0.041 cyc_w=5.00 id_w=0.00 15.20 it/s
step 357600/370000 G=1.939 Dp=0.262 Dm=0.061 cyc_w=5.00 id_w=0.00 15.20 it/s
step 357650/370000 G=1.530 Dp=0.272 Dm=0.075 cyc_w=5.00 id_w=0.00 15.20 it/s
step 357700/370000 G=1.981 Dp=0.149 Dm=0.032 cyc_w=5.00 id_w=0.00 15.20 it/s
step 357750/370000 G=1.897 Dp=0.295 Dm=0.051 cyc_w=5.00 id_w=0.00 15.20 it/s
step 357800/370000 G=1.816 Dp=0.165 Dm=0.035 cyc_w=5.00 id_w=0.00 15.20 it/s
step 357850/370000 G=1.985 Dp=0.149 Dm=0.091 cyc_w=5.00 id_w=0.00 15.21 it/s
step 357900/370000 G=2.117 Dp=0.085 Dm=0.044 cyc_w=5.00 id_w=0.00 15.21 it/s
step 357950/370000 G=1.597 Dp=0.256 Dm=0.038 cyc_w=5.00 id_w=0.00 15.21 it/s
step 358000/370000 G=2.132 Dp=0.123 Dm=0.070 cyc_w=5.00 id_w=0.00 15.21 it/s
step 358050/370000 G=1.801 Dp=0.147 Dm=0.024 cyc_w=5.00 id_w=0.00 15.21 it/s
step 358100/370000 G=2.051 Dp=0.125 Dm=0.045 cyc_w=5.00 id_w=0.00 15.21 it/s
step 358150/370000 G=1.895 Dp=0.220 Dm=0.115 cyc_w=5.00 id_w=0.00 15.21 it/s
step 358200/370000 G=1.890 Dp=0.192 Dm=0.032 cyc_w=5.00 id_w=0.00 15.21 it/s
step 358250/370000 G=1.781 Dp=0.272 Dm=0.074 cyc_w=5.00 id_w=0.00 15.22 it/s
step 358300/370000 G=2.084 Dp=0.236 Dm=0.073 cyc_w=5.00 id_w=0.00 15.22 it/s
step 358350/370000 G=1.972 Dp=0.084 Dm=0.074 cyc_w=5.00 id_w=0.00 15.22 it/s
step 358400/370000 G=2.050 Dp=0.206 Dm=0.080 cyc_w=5.00 id_w=0.00 15.22 it/s
step 358450/370000 G=1.736 Dp=0.172 Dm=0.029 cyc_w=5.00 id_w=0.00 15.22 it/s
step 358500/370000 G=1.832 Dp=0.204 Dm=0.040 cyc_w=5.00 id_w=0.00 15.22 it/s
step 358550/370000 G=1.990 Dp=0.128 Dm=0.076 cyc_w=5.00 id_w=0.00 15.22 it/s
step 358600/370000 G=1.411 Dp=0.148 Dm=0.039 cyc_w=5.00 id_w=0.00 15.22 it/s
step 358650/370000 G=2.026 Dp=0.300 Dm=0.032 cyc_w=5.00 id_w=0.00 15.23 it/s
step 358700/370000 G=1.941 Dp=0.108 Dm=0.061 cyc_w=5.00 id_w=0.00 15.23 it/s
step 358750/370000 G=2.140 Dp=0.281 Dm=0.098 cyc_w=5.00 id_w=0.00 15.23 it/s
step 358800/370000 G=1.868 Dp=0.114 Dm=0.158 cyc_w=5.00 id_w=0.00 15.23 it/s
step 358850/370000 G=1.866 Dp=0.195 Dm=0.050 cyc_w=5.00 id_w=0.00 15.23 it/s
step 358900/370000 G=1.807 Dp=0.257 Dm=0.053 cyc_w=5.00 id_w=0.00 15.23 it/s
step 358950/370000 G=1.794 Dp=0.129 Dm=0.038 cyc_w=5.00 id_w=0.00 15.23 it/s
step 359000/370000 G=2.173 Dp=0.145 Dm=0.035 cyc_w=5.00 id_w=0.00 15.23 it/s
step 359050/370000 G=1.924 Dp=0.299 Dm=0.037 cyc_w=5.00 id_w=0.00 15.23 it/s
step 359100/370000 G=1.343 Dp=0.109 Dm=0.058 cyc_w=5.00 id_w=0.00 15.24 it/s
step 359150/370000 G=1.826 Dp=0.188 Dm=0.037 cyc_w=5.00 id_w=0.00 15.24 it/s
step 359200/370000 G=1.763 Dp=0.172 Dm=0.043 cyc_w=5.00 id_w=0.00 15.24 it/s
step 359250/370000 G=2.000 Dp=0.163 Dm=0.119 cyc_w=5.00 id_w=0.00 15.24 it/s
step 359300/370000 G=2.147 Dp=0.100 Dm=0.075 cyc_w=5.00 id_w=0.00 15.24 it/s
step 359350/370000 G=2.163 Dp=0.141 Dm=0.034 cyc_w=5.00 id_w=0.00 15.24 it/s
step 359400/370000 G=2.282 Dp=0.130 Dm=0.073 cyc_w=5.00 id_w=0.00 15.24 it/s
step 359450/370000 G=2.214 Dp=0.166 Dm=0.053 cyc_w=5.00 id_w=0.00 15.24 it/s
step 359500/370000 G=1.958 Dp=0.154 Dm=0.065 cyc_w=5.00 id_w=0.00 15.25 it/s
step 359550/370000 G=1.797 Dp=0.158 Dm=0.070 cyc_w=5.00 id_w=0.00 15.25 it/s
step 359600/370000 G=1.792 Dp=0.150 Dm=0.051 cyc_w=5.00 id_w=0.00 15.25 it/s
step 359650/370000 G=1.869 Dp=0.268 Dm=0.068 cyc_w=5.00 id_w=0.00 15.25 it/s
step 359700/370000 G=1.396 Dp=0.113 Dm=0.044 cyc_w=5.00 id_w=0.00 15.25 it/s
step 359750/370000 G=1.740 Dp=0.156 Dm=0.086 cyc_w=5.00 id_w=0.00 15.25 it/s
step 359800/370000 G=1.804 Dp=0.195 Dm=0.043 cyc_w=5.00 id_w=0.00 15.25 it/s
step 359850/370000 G=1.302 Dp=0.097 Dm=0.092 cyc_w=5.00 id_w=0.00 15.26 it/s
step 359900/370000 G=1.798 Dp=0.227 Dm=0.068 cyc_w=5.00 id_w=0.00 15.26 it/s
step 359950/370000 G=2.257 Dp=0.106 Dm=0.028 cyc_w=5.00 id_w=0.00 15.26 it/s
step 360000/370000 G=1.861 Dp=0.155 Dm=0.054 cyc_w=5.00 id_w=0.00 15.26 it/s
step 360050/370000 G=1.868 Dp=0.119 Dm=0.091 cyc_w=5.00 id_w=0.00 15.26 it/s
step 360100/370000 G=1.687 Dp=0.241 Dm=0.066 cyc_w=5.00 id_w=0.00 15.26 it/s
step 360150/370000 G=1.505 Dp=0.104 Dm=0.087 cyc_w=5.00 id_w=0.00 15.26 it/s
step 360200/370000 G=1.830 Dp=0.178 Dm=0.067 cyc_w=5.00 id_w=0.00 15.26 it/s
step 360250/370000 G=2.646 Dp=0.095 Dm=0.043 cyc_w=5.00 id_w=0.00 15.26 it/s
step 360300/370000 G=1.882 Dp=0.118 Dm=0.049 cyc_w=5.00 id_w=0.00 15.27 it/s
step 360350/370000 G=1.643 Dp=0.184 Dm=0.062 cyc_w=5.00 id_w=0.00 15.27 it/s
step 360400/370000 G=1.544 Dp=0.202 Dm=0.039 cyc_w=5.00 id_w=0.00 15.27 it/s
step 360450/370000 G=1.718 Dp=0.150 Dm=0.049 cyc_w=5.00 id_w=0.00 15.27 it/s
step 360500/370000 G=1.872 Dp=0.235 Dm=0.041 cyc_w=5.00 id_w=0.00 15.27 it/s
step 360550/370000 G=2.159 Dp=0.169 Dm=0.062 cyc_w=5.00 id_w=0.00 15.27 it/s
step 360600/370000 G=1.681 Dp=0.249 Dm=0.086 cyc_w=5.00 id_w=0.00 15.27 it/s
step 360650/370000 G=1.612 Dp=0.161 Dm=0.031 cyc_w=5.00 id_w=0.00 15.27 it/s
step 360700/370000 G=1.478 Dp=0.188 Dm=0.079 cyc_w=5.00 id_w=0.00 15.28 it/s
step 360750/370000 G=2.032 Dp=0.108 Dm=0.041 cyc_w=5.00 id_w=0.00 15.28 it/s
step 360800/370000 G=1.538 Dp=0.189 Dm=0.081 cyc_w=5.00 id_w=0.00 15.28 it/s
step 360850/370000 G=1.746 Dp=0.134 Dm=0.070 cyc_w=5.00 id_w=0.00 15.28 it/s
step 360900/370000 G=2.019 Dp=0.196 Dm=0.096 cyc_w=5.00 id_w=0.00 15.28 it/s
step 360950/370000 G=1.643 Dp=0.098 Dm=0.071 cyc_w=5.00 id_w=0.00 15.28 it/s
step 361000/370000 G=1.884 Dp=0.159 Dm=0.040 cyc_w=5.00 id_w=0.00 15.28 it/s
step 361050/370000 G=1.725 Dp=0.131 Dm=0.114 cyc_w=5.00 id_w=0.00 15.28 it/s
step 361100/370000 G=2.076 Dp=0.076 Dm=0.103 cyc_w=5.00 id_w=0.00 15.29 it/s
step 361150/370000 G=1.486 Dp=0.251 Dm=0.082 cyc_w=5.00 id_w=0.00 15.29 it/s
step 361200/370000 G=2.116 Dp=0.130 Dm=0.101 cyc_w=5.00 id_w=0.00 15.29 it/s
step 361250/370000 G=1.805 Dp=0.103 Dm=0.047 cyc_w=5.00 id_w=0.00 15.29 it/s
step 361300/370000 G=2.170 Dp=0.222 Dm=0.053 cyc_w=5.00 id_w=0.00 15.29 it/s
step 361350/370000 G=2.210 Dp=0.143 Dm=0.047 cyc_w=5.00 id_w=0.00 15.29 it/s
step 361400/370000 G=1.477 Dp=0.209 Dm=0.089 cyc_w=5.00 id_w=0.00 15.29 it/s
step 361450/370000 G=1.872 Dp=0.181 Dm=0.039 cyc_w=5.00 id_w=0.00 15.29 it/s
step 361500/370000 G=1.690 Dp=0.120 Dm=0.025 cyc_w=5.00 id_w=0.00 15.30 it/s
step 361550/370000 G=1.859 Dp=0.153 Dm=0.040 cyc_w=5.00 id_w=0.00 15.30 it/s
step 361600/370000 G=1.995 Dp=0.235 Dm=0.098 cyc_w=5.00 id_w=0.00 15.30 it/s
step 361650/370000 G=1.962 Dp=0.169 Dm=0.043 cyc_w=5.00 id_w=0.00 15.30 it/s
step 361700/370000 G=2.051 Dp=0.132 Dm=0.053 cyc_w=5.00 id_w=0.00 15.30 it/s
step 361750/370000 G=1.514 Dp=0.151 Dm=0.087 cyc_w=5.00 id_w=0.00 15.30 it/s
step 361800/370000 G=2.462 Dp=0.195 Dm=0.039 cyc_w=5.00 id_w=0.00 15.30 it/s
step 361850/370000 G=2.157 Dp=0.131 Dm=0.052 cyc_w=5.00 id_w=0.00 15.30 it/s
step 361900/370000 G=2.171 Dp=0.267 Dm=0.033 cyc_w=5.00 id_w=0.00 15.31 it/s
step 361950/370000 G=2.427 Dp=0.147 Dm=0.075 cyc_w=5.00 id_w=0.00 15.31 it/s
step 362000/370000 G=2.409 Dp=0.106 Dm=0.063 cyc_w=5.00 id_w=0.00 15.31 it/s
step 362050/370000 G=1.848 Dp=0.110 Dm=0.108 cyc_w=5.00 id_w=0.00 15.31 it/s
step 362100/370000 G=2.315 Dp=0.184 Dm=0.039 cyc_w=5.00 id_w=0.00 15.31 it/s
step 362150/370000 G=2.290 Dp=0.075 Dm=0.037 cyc_w=5.00 id_w=0.00 15.31 it/s
step 362200/370000 G=2.216 Dp=0.289 Dm=0.040 cyc_w=5.00 id_w=0.00 15.31 it/s
step 362250/370000 G=1.605 Dp=0.194 Dm=0.068 cyc_w=5.00 id_w=0.00 15.31 it/s
step 362300/370000 G=1.917 Dp=0.247 Dm=0.067 cyc_w=5.00 id_w=0.00 15.32 it/s
step 362350/370000 G=1.976 Dp=0.202 Dm=0.070 cyc_w=5.00 id_w=0.00 15.32 it/s
step 362400/370000 G=2.262 Dp=0.124 Dm=0.105 cyc_w=5.00 id_w=0.00 15.32 it/s
step 362450/370000 G=1.718 Dp=0.119 Dm=0.063 cyc_w=5.00 id_w=0.00 15.32 it/s
step 362500/370000 G=1.783 Dp=0.116 Dm=0.073 cyc_w=5.00 id_w=0.00 15.32 it/s
step 362550/370000 G=1.692 Dp=0.232 Dm=0.078 cyc_w=5.00 id_w=0.00 15.32 it/s
step 362600/370000 G=1.605 Dp=0.085 Dm=0.076 cyc_w=5.00 id_w=0.00 15.32 it/s
step 362650/370000 G=1.774 Dp=0.088 Dm=0.041 cyc_w=5.00 id_w=0.00 15.32 it/s
step 362700/370000 G=2.009 Dp=0.077 Dm=0.056 cyc_w=5.00 id_w=0.00 15.33 it/s
step 362750/370000 G=2.107 Dp=0.234 Dm=0.040 cyc_w=5.00 id_w=0.00 15.33 it/s
step 362800/370000 G=2.005 Dp=0.224 Dm=0.049 cyc_w=5.00 id_w=0.00 15.33 it/s
step 362850/370000 G=2.152 Dp=0.145 Dm=0.048 cyc_w=5.00 id_w=0.00 15.33 it/s
step 362900/370000 G=2.103 Dp=0.134 Dm=0.043 cyc_w=5.00 id_w=0.00 15.33 it/s
step 362950/370000 G=1.774 Dp=0.191 Dm=0.125 cyc_w=5.00 id_w=0.00 15.33 it/s
step 363000/370000 G=2.197 Dp=0.069 Dm=0.036 cyc_w=5.00 id_w=0.00 15.33 it/s
step 363050/370000 G=1.978 Dp=0.218 Dm=0.034 cyc_w=5.00 id_w=0.00 15.33 it/s
step 363100/370000 G=1.677 Dp=0.092 Dm=0.066 cyc_w=5.00 id_w=0.00 15.34 it/s
step 363150/370000 G=1.663 Dp=0.111 Dm=0.075 cyc_w=5.00 id_w=0.00 15.34 it/s
step 363200/370000 G=1.944 Dp=0.179 Dm=0.055 cyc_w=5.00 id_w=0.00 15.34 it/s
step 363250/370000 G=1.916 Dp=0.178 Dm=0.094 cyc_w=5.00 id_w=0.00 15.34 it/s
step 363300/370000 G=2.052 Dp=0.113 Dm=0.081 cyc_w=5.00 id_w=0.00 15.34 it/s
step 363350/370000 G=1.894 Dp=0.239 Dm=0.052 cyc_w=5.00 id_w=0.00 15.34 it/s
step 363400/370000 G=1.781 Dp=0.203 Dm=0.060 cyc_w=5.00 id_w=0.00 15.34 it/s
step 363450/370000 G=1.831 Dp=0.174 Dm=0.107 cyc_w=5.00 id_w=0.00 15.34 it/s
step 363500/370000 G=1.955 Dp=0.144 Dm=0.041 cyc_w=5.00 id_w=0.00 15.35 it/s
step 363550/370000 G=1.989 Dp=0.243 Dm=0.084 cyc_w=5.00 id_w=0.00 15.35 it/s
step 363600/370000 G=1.984 Dp=0.169 Dm=0.038 cyc_w=5.00 id_w=0.00 15.35 it/s
step 363650/370000 G=1.896 Dp=0.185 Dm=0.030 cyc_w=5.00 id_w=0.00 15.35 it/s
step 363700/370000 G=1.919 Dp=0.084 Dm=0.040 cyc_w=5.00 id_w=0.00 15.35 it/s
step 363750/370000 G=1.581 Dp=0.134 Dm=0.062 cyc_w=5.00 id_w=0.00 15.35 it/s
step 363800/370000 G=2.001 Dp=0.217 Dm=0.070 cyc_w=5.00 id_w=0.00 15.35 it/s
step 363850/370000 G=2.067 Dp=0.273 Dm=0.067 cyc_w=5.00 id_w=0.00 15.35 it/s
step 363900/370000 G=2.243 Dp=0.232 Dm=0.030 cyc_w=5.00 id_w=0.00 15.36 it/s
step 363950/370000 G=1.497 Dp=0.241 Dm=0.032 cyc_w=5.00 id_w=0.00 15.36 it/s
step 364000/370000 G=1.685 Dp=0.135 Dm=0.084 cyc_w=5.00 id_w=0.00 15.36 it/s
step 364050/370000 G=1.716 Dp=0.137 Dm=0.055 cyc_w=5.00 id_w=0.00 15.36 it/s
step 364100/370000 G=1.703 Dp=0.249 Dm=0.046 cyc_w=5.00 id_w=0.00 15.36 it/s
step 364150/370000 G=1.861 Dp=0.091 Dm=0.051 cyc_w=5.00 id_w=0.00 15.36 it/s
step 364200/370000 G=2.166 Dp=0.257 Dm=0.058 cyc_w=5.00 id_w=0.00 15.36 it/s
step 364250/370000 G=1.543 Dp=0.112 Dm=0.069 cyc_w=5.00 id_w=0.00 15.36 it/s
step 364300/370000 G=1.638 Dp=0.171 Dm=0.036 cyc_w=5.00 id_w=0.00 15.36 it/s
step 364350/370000 G=2.134 Dp=0.151 Dm=0.058 cyc_w=5.00 id_w=0.00 15.37 it/s
step 364400/370000 G=2.455 Dp=0.266 Dm=0.092 cyc_w=5.00 id_w=0.00 15.37 it/s
step 364450/370000 G=1.929 Dp=0.201 Dm=0.049 cyc_w=5.00 id_w=0.00 15.37 it/s
step 364500/370000 G=1.797 Dp=0.179 Dm=0.022 cyc_w=5.00 id_w=0.00 15.37 it/s
step 364550/370000 G=2.056 Dp=0.125 Dm=0.046 cyc_w=5.00 id_w=0.00 15.37 it/s
step 364600/370000 G=1.810 Dp=0.286 Dm=0.034 cyc_w=5.00 id_w=0.00 15.37 it/s
step 364650/370000 G=1.735 Dp=0.091 Dm=0.075 cyc_w=5.00 id_w=0.00 15.37 it/s
step 364700/370000 G=2.224 Dp=0.226 Dm=0.039 cyc_w=5.00 id_w=0.00 15.37 it/s
step 364750/370000 G=1.940 Dp=0.168 Dm=0.043 cyc_w=5.00 id_w=0.00 15.38 it/s
step 364800/370000 G=2.083 Dp=0.198 Dm=0.072 cyc_w=5.00 id_w=0.00 15.38 it/s
step 364850/370000 G=1.981 Dp=0.195 Dm=0.040 cyc_w=5.00 id_w=0.00 15.38 it/s
step 364900/370000 G=1.951 Dp=0.130 Dm=0.064 cyc_w=5.00 id_w=0.00 15.38 it/s
step 364950/370000 G=2.228 Dp=0.223 Dm=0.033 cyc_w=5.00 id_w=0.00 15.38 it/s
step 365000/370000 G=1.810 Dp=0.220 Dm=0.037 cyc_w=5.00 id_w=0.00 15.38 it/s
step 365050/370000 G=1.658 Dp=0.164 Dm=0.053 cyc_w=5.00 id_w=0.00 15.38 it/s
step 365100/370000 G=1.267 Dp=0.125 Dm=0.093 cyc_w=5.00 id_w=0.00 15.38 it/s
step 365150/370000 G=1.968 Dp=0.255 Dm=0.088 cyc_w=5.00 id_w=0.00 15.39 it/s
step 365200/370000 G=1.877 Dp=0.215 Dm=0.097 cyc_w=5.00 id_w=0.00 15.39 it/s
step 365250/370000 G=2.160 Dp=0.250 Dm=0.032 cyc_w=5.00 id_w=0.00 15.39 it/s
step 365300/370000 G=1.726 Dp=0.209 Dm=0.053 cyc_w=5.00 id_w=0.00 15.39 it/s
step 365350/370000 G=2.157 Dp=0.115 Dm=0.053 cyc_w=5.00 id_w=0.00 15.39 it/s
step 365400/370000 G=1.615 Dp=0.168 Dm=0.049 cyc_w=5.00 id_w=0.00 15.39 it/s
step 365450/370000 G=1.392 Dp=0.236 Dm=0.057 cyc_w=5.00 id_w=0.00 15.39 it/s
step 365500/370000 G=1.861 Dp=0.112 Dm=0.031 cyc_w=5.00 id_w=0.00 15.39 it/s
step 365550/370000 G=2.120 Dp=0.159 Dm=0.032 cyc_w=5.00 id_w=0.00 15.40 it/s
step 365600/370000 G=2.928 Dp=0.055 Dm=0.031 cyc_w=5.00 id_w=0.00 15.40 it/s
step 365650/370000 G=1.552 Dp=0.302 Dm=0.052 cyc_w=5.00 id_w=0.00 15.40 it/s
step 365700/370000 G=2.214 Dp=0.179 Dm=0.043 cyc_w=5.00 id_w=0.00 15.40 it/s
step 365750/370000 G=1.981 Dp=0.183 Dm=0.121 cyc_w=5.00 id_w=0.00 15.40 it/s
step 365800/370000 G=1.556 Dp=0.124 Dm=0.049 cyc_w=5.00 id_w=0.00 15.40 it/s
step 365850/370000 G=1.861 Dp=0.147 Dm=0.061 cyc_w=5.00 id_w=0.00 15.40 it/s
step 365900/370000 G=1.772 Dp=0.118 Dm=0.045 cyc_w=5.00 id_w=0.00 15.40 it/s
step 365950/370000 G=1.949 Dp=0.164 Dm=0.036 cyc_w=5.00 id_w=0.00 15.41 it/s
step 366000/370000 G=1.776 Dp=0.163 Dm=0.032 cyc_w=5.00 id_w=0.00 15.41 it/s
step 366050/370000 G=2.111 Dp=0.100 Dm=0.068 cyc_w=5.00 id_w=0.00 15.41 it/s
step 366100/370000 G=2.318 Dp=0.119 Dm=0.096 cyc_w=5.00 id_w=0.00 15.41 it/s
step 366150/370000 G=1.749 Dp=0.091 Dm=0.042 cyc_w=5.00 id_w=0.00 15.41 it/s
step 366200/370000 G=1.993 Dp=0.115 Dm=0.053 cyc_w=5.00 id_w=0.00 15.41 it/s
step 366250/370000 G=1.874 Dp=0.186 Dm=0.038 cyc_w=5.00 id_w=0.00 15.41 it/s
step 366300/370000 G=2.063 Dp=0.167 Dm=0.072 cyc_w=5.00 id_w=0.00 15.41 it/s
step 366350/370000 G=1.720 Dp=0.227 Dm=0.065 cyc_w=5.00 id_w=0.00 15.42 it/s
step 366400/370000 G=1.481 Dp=0.244 Dm=0.058 cyc_w=5.00 id_w=0.00 15.42 it/s
step 366450/370000 G=2.021 Dp=0.273 Dm=0.052 cyc_w=5.00 id_w=0.00 15.42 it/s
step 366500/370000 G=2.233 Dp=0.168 Dm=0.050 cyc_w=5.00 id_w=0.00 15.42 it/s
step 366550/370000 G=1.619 Dp=0.242 Dm=0.067 cyc_w=5.00 id_w=0.00 15.42 it/s
step 366600/370000 G=1.796 Dp=0.237 Dm=0.084 cyc_w=5.00 id_w=0.00 15.42 it/s
step 366650/370000 G=1.972 Dp=0.164 Dm=0.039 cyc_w=5.00 id_w=0.00 15.42 it/s
step 366700/370000 G=1.793 Dp=0.138 Dm=0.040 cyc_w=5.00 id_w=0.00 15.42 it/s
step 366750/370000 G=2.279 Dp=0.150 Dm=0.032 cyc_w=5.00 id_w=0.00 15.43 it/s
step 366800/370000 G=1.581 Dp=0.220 Dm=0.035 cyc_w=5.00 id_w=0.00 15.43 it/s
step 366850/370000 G=1.402 Dp=0.229 Dm=0.129 cyc_w=5.00 id_w=0.00 15.43 it/s
step 366900/370000 G=2.186 Dp=0.133 Dm=0.036 cyc_w=5.00 id_w=0.00 15.43 it/s
step 366950/370000 G=1.900 Dp=0.177 Dm=0.041 cyc_w=5.00 id_w=0.00 15.43 it/s
step 367000/370000 G=1.484 Dp=0.137 Dm=0.069 cyc_w=5.00 id_w=0.00 15.43 it/s
step 367050/370000 G=1.918 Dp=0.078 Dm=0.043 cyc_w=5.00 id_w=0.00 15.43 it/s
step 367100/370000 G=2.177 Dp=0.177 Dm=0.035 cyc_w=5.00 id_w=0.00 15.43 it/s
step 367150/370000 G=1.486 Dp=0.159 Dm=0.121 cyc_w=5.00 id_w=0.00 15.43 it/s
step 367200/370000 G=1.581 Dp=0.134 Dm=0.051 cyc_w=5.00 id_w=0.00 15.44 it/s
step 367250/370000 G=1.879 Dp=0.201 Dm=0.031 cyc_w=5.00 id_w=0.00 15.44 it/s
step 367300/370000 G=1.958 Dp=0.152 Dm=0.028 cyc_w=5.00 id_w=0.00 15.44 it/s
step 367350/370000 G=2.018 Dp=0.256 Dm=0.052 cyc_w=5.00 id_w=0.00 15.44 it/s
step 367400/370000 G=1.920 Dp=0.075 Dm=0.029 cyc_w=5.00 id_w=0.00 15.44 it/s
step 367450/370000 G=1.871 Dp=0.098 Dm=0.041 cyc_w=5.00 id_w=0.00 15.44 it/s
step 367500/370000 G=2.222 Dp=0.119 Dm=0.021 cyc_w=5.00 id_w=0.00 15.44 it/s
step 367550/370000 G=1.508 Dp=0.125 Dm=0.079 cyc_w=5.00 id_w=0.00 15.44 it/s
step 367600/370000 G=2.785 Dp=0.078 Dm=0.047 cyc_w=5.00 id_w=0.00 15.45 it/s
step 367650/370000 G=1.730 Dp=0.094 Dm=0.072 cyc_w=5.00 id_w=0.00 15.45 it/s
step 367700/370000 G=1.996 Dp=0.139 Dm=0.029 cyc_w=5.00 id_w=0.00 15.45 it/s
step 367750/370000 G=2.103 Dp=0.216 Dm=0.052 cyc_w=5.00 id_w=0.00 15.45 it/s
step 367800/370000 G=2.126 Dp=0.135 Dm=0.032 cyc_w=5.00 id_w=0.00 15.45 it/s
step 367850/370000 G=1.965 Dp=0.236 Dm=0.086 cyc_w=5.00 id_w=0.00 15.45 it/s
step 367900/370000 G=2.037 Dp=0.151 Dm=0.027 cyc_w=5.00 id_w=0.00 15.45 it/s
step 367950/370000 G=1.655 Dp=0.098 Dm=0.146 cyc_w=5.00 id_w=0.00 15.45 it/s
step 368000/370000 G=1.759 Dp=0.257 Dm=0.127 cyc_w=5.00 id_w=0.00 15.46 it/s
step 368050/370000 G=1.628 Dp=0.129 Dm=0.030 cyc_w=5.00 id_w=0.00 15.46 it/s
step 368100/370000 G=1.775 Dp=0.190 Dm=0.037 cyc_w=5.00 id_w=0.00 15.46 it/s
step 368150/370000 G=1.780 Dp=0.145 Dm=0.103 cyc_w=5.00 id_w=0.00 15.46 it/s
step 368200/370000 G=1.601 Dp=0.167 Dm=0.055 cyc_w=5.00 id_w=0.00 15.46 it/s
step 368250/370000 G=1.418 Dp=0.294 Dm=0.039 cyc_w=5.00 id_w=0.00 15.46 it/s
step 368300/370000 G=1.911 Dp=0.177 Dm=0.045 cyc_w=5.00 id_w=0.00 15.46 it/s
step 368350/370000 G=2.014 Dp=0.208 Dm=0.042 cyc_w=5.00 id_w=0.00 15.46 it/s
step 368400/370000 G=1.421 Dp=0.198 Dm=0.098 cyc_w=5.00 id_w=0.00 15.47 it/s
step 368450/370000 G=1.464 Dp=0.070 Dm=0.044 cyc_w=5.00 id_w=0.00 15.47 it/s
step 368500/370000 G=1.735 Dp=0.167 Dm=0.035 cyc_w=5.00 id_w=0.00 15.47 it/s
step 368550/370000 G=1.913 Dp=0.127 Dm=0.044 cyc_w=5.00 id_w=0.00 15.47 it/s
step 368600/370000 G=1.815 Dp=0.227 Dm=0.104 cyc_w=5.00 id_w=0.00 15.47 it/s
step 368650/370000 G=2.223 Dp=0.123 Dm=0.146 cyc_w=5.00 id_w=0.00 15.47 it/s
step 368700/370000 G=2.102 Dp=0.217 Dm=0.075 cyc_w=5.00 id_w=0.00 15.47 it/s
step 368750/370000 G=1.748 Dp=0.191 Dm=0.035 cyc_w=5.00 id_w=0.00 15.47 it/s
EVAL {"step": 368750, "variant": "ema", "fid_a2b": 98.6690231534442, "fid_b2a": 94.772126778137, "mifid_a2b": 0.42055991824587663, "mifid_b2a": 0.38887457199477365, "fid": 96.7205749657906, "mifid": 0.40471724512032514, "composite": 48.562646105455464}
EVAL {"step": 368750, "variant": "ema_slow", "fid_a2b": 98.51445939426458, "fid_b2a": 94.91597564977894, "mifid_a2b": 0.4209558235630737, "mifid_b2a": 0.390199991947131, "fid": 96.71521752202176, "mifid": 0.4055779077551024, "composite": 48.56039771488843}
EVAL {"step": 368750, "variant": "raw", "fid_a2b": 98.67155103444826, "fid_b2a": 94.80760831164532, "mifid_a2b": 0.4201316818382658, "mifid_b2a": 0.3899309766542667, "fid": 96.73957967304679, "mifid": 0.4050313292462663, "composite": 48.57230550114653}
step 368800/370000 G=1.788 Dp=0.145 Dm=0.053 cyc_w=5.00 id_w=0.00 15.44 it/s
step 368850/370000 G=1.895 Dp=0.164 Dm=0.038 cyc_w=5.00 id_w=0.00 15.45 it/s
step 368900/370000 G=1.505 Dp=0.148 Dm=0.028 cyc_w=5.00 id_w=0.00 15.45 it/s
step 368950/370000 G=2.171 Dp=0.127 Dm=0.088 cyc_w=5.00 id_w=0.00 15.45 it/s
step 369000/370000 G=1.491 Dp=0.101 Dm=0.062 cyc_w=5.00 id_w=0.00 15.45 it/s
step 369050/370000 G=2.141 Dp=0.176 Dm=0.043 cyc_w=5.00 id_w=0.00 15.45 it/s
step 369100/370000 G=1.727 Dp=0.293 Dm=0.053 cyc_w=5.00 id_w=0.00 15.45 it/s
step 369150/370000 G=1.536 Dp=0.140 Dm=0.108 cyc_w=5.00 id_w=0.00 15.45 it/s
step 369200/370000 G=1.575 Dp=0.092 Dm=0.090 cyc_w=5.00 id_w=0.00 15.45 it/s
step 369250/370000 G=1.883 Dp=0.145 Dm=0.070 cyc_w=5.00 id_w=0.00 15.46 it/s
step 369300/370000 G=1.949 Dp=0.206 Dm=0.026 cyc_w=5.00 id_w=0.00 15.46 it/s
step 369350/370000 G=1.645 Dp=0.092 Dm=0.074 cyc_w=5.00 id_w=0.00 15.46 it/s
step 369400/370000 G=1.494 Dp=0.099 Dm=0.073 cyc_w=5.00 id_w=0.00 15.46 it/s
step 369450/370000 G=2.269 Dp=0.119 Dm=0.041 cyc_w=5.00 id_w=0.00 15.46 it/s
step 369500/370000 G=1.709 Dp=0.266 Dm=0.059 cyc_w=5.00 id_w=0.00 15.46 it/s
step 369550/370000 G=1.886 Dp=0.086 Dm=0.081 cyc_w=5.00 id_w=0.00 15.46 it/s
step 369600/370000 G=1.776 Dp=0.097 Dm=0.043 cyc_w=5.00 id_w=0.00 15.46 it/s
step 369650/370000 G=1.847 Dp=0.064 Dm=0.048 cyc_w=5.00 id_w=0.00 15.47 it/s
step 369700/370000 G=1.836 Dp=0.174 Dm=0.085 cyc_w=5.00 id_w=0.00 15.47 it/s
step 369750/370000 G=1.788 Dp=0.123 Dm=0.082 cyc_w=5.00 id_w=0.00 15.47 it/s
step 369800/370000 G=1.614 Dp=0.188 Dm=0.055 cyc_w=5.00 id_w=0.00 15.47 it/s
step 369850/370000 G=1.778 Dp=0.134 Dm=0.063 cyc_w=5.00 id_w=0.00 15.47 it/s
step 369900/370000 G=2.210 Dp=0.172 Dm=0.044 cyc_w=5.00 id_w=0.00 15.47 it/s
step 369950/370000 G=1.790 Dp=0.200 Dm=0.030 cyc_w=5.00 id_w=0.00 15.47 it/s
step 370000/370000 G=1.804 Dp=0.203 Dm=0.128 cyc_w=5.00 id_w=0.00 15.47 it/s
EVAL {"step": 370000, "variant": "ema", "fid_a2b": 98.82007149832421, "fid_b2a": 94.84683965639901, "mifid_a2b": 0.4198317143119462, "mifid_b2a": 0.38971360461168136, "fid": 96.8334555773616, "mifid": 0.4047726594618138, "composite": 48.61911411841171}
EVAL {"step": 370000, "variant": "ema_slow", "fid_a2b": 98.46765202934574, "fid_b2a": 94.94216591744292, "mifid_a2b": 0.4207559963506116, "mifid_b2a": 0.38953886597871834, "fid": 96.70490897339434, "mifid": 0.405147431164665, "composite": 48.5550282022795}
EVAL {"step": 370000, "variant": "raw", "fid_a2b": 98.7551000261049, "fid_b2a": 94.65028942948805, "mifid_a2b": 0.4204336986565101, "mifid_b2a": 0.3896402487781113, "fid": 96.70269472779648, "mifid": 0.40503697371731073, "composite": 48.5538658507569}
{
  "trainer": "cyclegan_push_v1",
  "status": "completed",
  "completed_updates": 370000,
  "best": {
    "step": 221250,
    "variant": "ema_slow",
    "fid_a2b": 95.87804001420324,
    "fid_b2a": 93.48982717843126,
    "mifid_a2b": 0.41510431708184165,
    "mifid_b2a": 0.394342721868295,
    "fid": 94.68393359631725,
    "mifid": 0.40472351947506835,
    "composite": 47.54432855789616
  },
  "nan_events": 0,
  "training_seconds": 22294.551738388836,
  "push_config": {
    "steps": 370000,
    "learning_rate": 0.0001,
    "beta1": 0.5,
    "beta2": 0.999,
    "constant_fraction": 0.5,
    "cycle_start": 5.0,
    "cycle_end": 5.0,
    "identity_start": 0.0,
    "identity_end": 0.0,
    "weight_ramp_steps": 0,
    "extra_scales": 0,
    "d_warmup_steps": 0,
    "aug_monet": "translation",
    "aug_photo": "",
    "flip_equivariance": 0.0,
    "ema_beta": 0.999,
    "ema_slow_beta": 0.9999,
    "replay_size": 50,
    "eval_every": 14750,
    "checkpoint_every": 1000,
    "log_every": 50,
    "precision": "bf16",
    "seed": 2342,
    "data": "all",
    "jpeg_quality": 75,
    "jpeg_subsampling": 2,
    "eval_variants": "ema,ema_slow,raw",
    "train_view": "resize286",
    "batch_size": 1,
    "cycle_lowpass": 0,
    "cycle_detail": 1.0,
    "cycle_photo_scale": 1.0,
    "cycle_monet_scale": 1.0,
    "nce_weight": 0.0,
    "nce_idt_weight": 0.0,
    "nce_layers": "0,4,8,12,16",
    "nce_patches": 256,
    "nce_tau": 0.07,
    "r1_gamma": 0.0,
    "r1_every": 4,
    "d_noise_start": 0.0,
    "d_noise_end": 0.0,
    "prefetch": 3,
    "warmup_steps": 1000
  },
  "data_counts": {
    "photo": 7038,
    "monet": 300
  },
  "init_sha256": "2e8274b8ba19edd95823a4b838755c35286ca3e99e91f680ade688e447da8310",
  "best_checkpoint": "/workspace/Part3_Push_5090/work/arms/b1_c5/best.pt"
}
