test_index,label,probability_positive,prediction
0,1,0.9977152347564697,1
1,1,0.9823383688926697,1
2,1,0.9917005896568298,1
3,0,0.00011189544602530077,0
4,1,0.9996201992034912,1
5,1,0.9973657727241516,1
6,0,0.00995174702256918,0
7,1,0.9613389372825623,1
8,1,0.9962355494499207,1
9,1,0.9740707874298096,1
10,1,0.6480774283409119,1
11,1,0.9994996786117554,1
12,1,0.9975737929344177,1
13,1,0.5696244239807129,1
14,0,0.06421025842428207,0
15,1,0.8394580483436584,1
16,1,0.9042778015136719,1
17,0,0.020272687077522278,0
18,1,0.9885391592979431,1
19,1,0.49262940883636475,0
20,1,0.9958657026290894,1
21,1,0.9948268532752991,1
22,1,0.9491878747940063,1
23,1,0.9999998807907104,1
24,1,0.9999957084655762,1
25,0,0.09713540226221085,0
26,1,0.9941399097442627,1
27,0,0.002628764370456338,0
28,1,0.9992663264274597,1
29,1,0.9969486594200134,1
30,0,0.005355748813599348,0
31,1,0.9822284579277039,1
32,1,0.8807260990142822,1
33,0,0.048714783042669296,0
34,0,0.0032406470272690058,0
35,0,2.60320957750082e-05,0
36,0,7.845715117582586e-06,0
37,0,0.042249616235494614,0
38,0,0.08901527523994446,0
39,0,0.15644225478172302,0
40,1,0.9746861457824707,1
41,0,0.019689759239554405,0
42,1,0.9999542236328125,1
43,0,0.04479076340794563,0
44,0,0.17304566502571106,0
45,0,0.02406342141330242,0
46,0,0.002461967058479786,0
47,1,0.9643517136573792,1
48,1,0.9999926090240479,1
49,0,0.15076512098312378,0
50,0,0.01035581436008215,0
51,1,1.0,1
52,0,0.003029055893421173,0
53,1,0.995682954788208,1
54,0,0.02052184008061886,0
55,0,1.1388080878305118e-07,0
56,1,0.9999568462371826,1
57,0,0.013226840645074844,0
58,0,0.004177647177129984,0
59,1,0.8857448697090149,1
60,1,0.9999916553497314,1
61,0,0.7222718000411987,1
62,1,0.9897796511650085,1
63,1,0.8853262662887573,1
64,0,0.0001369361561955884,0
65,1,0.9982995390892029,1
66,0,0.002206547651439905,0
67,1,0.983803927898407,1
68,1,0.9994497895240784,1
69,1,0.9999992847442627,1
70,0,0.02132200077176094,0
71,0,0.8751788139343262,1
72,0,0.34287452697753906,0
73,1,0.9777590036392212,1
74,0,0.0007189506432041526,0
75,0,0.006135893519967794,0
76,0,0.008155547082424164,0
77,0,0.016845807433128357,0
78,0,0.6044251322746277,1
79,0,0.014463244937360287,0
80,1,0.7233060002326965,1
81,1,0.7400356531143188,1
82,1,0.999367892742157,1
83,0,0.017510617151856422,0
84,1,0.9700525403022766,1
85,0,0.005275660194456577,0
86,0,0.08946056663990021,0
87,0,0.22983767092227936,0
88,0,0.526195764541626,1
89,0,0.0008802677621133626,0
90,0,0.30537354946136475,0
91,0,0.0150026585906744,0
92,0,0.007137498818337917,0
93,1,0.9663131833076477,1
94,0,0.7686017155647278,1
95,0,0.22863008081912994,0
96,1,0.9999264478683472,1
97,0,0.14630143344402313,0
98,0,0.08000390976667404,0
99,1,0.999977707862854,1
100,0,0.09989895671606064,0
101,0,0.015200137160718441,0
102,1,0.9999693632125854,1
103,0,0.680836021900177,1
104,0,0.08524111658334732,0
105,1,0.99994957447052,1
106,1,0.9999243021011353,1
107,0,0.0385432243347168,0
108,1,0.13036945462226868,0
109,1,0.8392043709754944,1
110,1,0.9999903440475464,1
111,1,0.9999997615814209,1
112,1,0.6489654779434204,1
113,0,0.02813844569027424,0
114,1,0.9940117001533508,1
115,0,0.0024755403865128756,0
116,1,0.9466603398323059,1
117,0,0.0003937816363759339,0
118,1,0.9985315799713135,1
119,0,0.00973486341536045,0
120,1,0.9999998807907104,1
121,0,0.00023164509912021458,0
122,1,0.9998390674591064,1
123,1,0.8863512277603149,1
124,0,0.015510745346546173,0
125,0,0.0010127379791811109,0
126,1,0.80577152967453,1
127,0,0.0012416152749210596,0
128,1,0.9965221881866455,1
129,0,0.003350106766447425,0
130,0,0.3358777165412903,0
131,0,4.6965890732053595e-08,0
132,0,0.039874639362096786,0
133,1,0.966128408908844,1
134,0,0.07381945848464966,0
135,0,0.12043756991624832,0
136,0,0.033353306353092194,0
137,0,0.044240012764930725,0
138,1,0.4203181266784668,0
139,0,0.0687413141131401,0
140,1,0.9999973773956299,1
141,1,0.9645359516143799,1
142,1,0.9975317716598511,1
143,1,0.9999984502792358,1
144,1,0.9964770674705505,1
145,1,0.9917861819267273,1
146,1,0.9999942779541016,1
147,1,0.9986175298690796,1
148,0,0.11015325039625168,0
149,1,0.9993187189102173,1
150,1,0.9801029562950134,1
151,0,0.4982251524925232,0
152,0,0.03772880882024765,0
153,1,0.9862798452377319,1
154,0,0.8269560933113098,1
155,1,0.9997166991233826,1
156,0,3.3742189771146514e-06,0
157,0,0.16969743371009827,0
158,1,0.9924708604812622,1
159,1,0.9838468432426453,1
160,1,0.8715817928314209,1
161,0,0.08835336565971375,0
162,0,0.583106517791748,1
163,0,0.006070164032280445,0
164,0,0.3207533061504364,0
165,0,0.1918148696422577,0
166,0,0.021076707169413567,0
167,0,0.0010481172939762473,0
168,1,0.9962474703788757,1
169,1,0.9166526198387146,1
170,1,0.9994980096817017,1
171,1,0.9852167367935181,1
172,1,0.9864344596862793,1
173,1,0.9992913007736206,1
174,1,0.9911379218101501,1
175,0,0.010837692767381668,0
176,0,0.1889735758304596,0
177,0,0.0011169625213369727,0
178,0,0.047350406646728516,0
179,1,0.9885932207107544,1
180,0,0.030908549204468727,0
181,1,0.9999897480010986,1
182,0,0.004914386663585901,0
183,1,0.9987872242927551,1
184,1,0.9982049465179443,1
185,0,0.18578322231769562,0
186,0,0.005475913640111685,0
187,0,0.004659818019717932,0
188,1,0.9873051047325134,1
189,0,0.15190772712230682,0
190,0,0.03189823776483536,0
191,1,0.9748870730400085,1
192,1,0.6206206679344177,1
193,0,0.08461444824934006,0
194,0,0.024676794186234474,0
195,1,0.999345600605011,1
196,1,0.9913961291313171,1
197,0,0.295255571603775,0
198,1,0.9999939203262329,1
199,0,0.32110434770584106,0
200,0,0.9060957431793213,1
201,0,0.014155120588839054,0
202,1,0.9999876022338867,1
203,1,0.9999856948852539,1
204,1,0.9998067021369934,1
205,0,0.1278398483991623,0
206,0,0.003733640303835273,0
207,0,0.5973609089851379,1
208,1,0.9614661931991577,1
209,0,0.12579458951950073,0
210,0,0.043824851512908936,0
211,0,3.675499101518653e-05,0
212,0,0.043849457055330276,0
213,1,0.9431635737419128,1
214,0,0.16648797690868378,0
215,1,0.9998007416725159,1
216,1,0.995613694190979,1
217,1,0.9627282023429871,1
218,0,0.4316100776195526,0
219,1,0.950133204460144,1
220,0,0.0005951063358224928,0
221,0,0.014380592852830887,0
222,0,0.056079328060150146,0
223,1,0.961665689945221,1
224,1,0.9982374906539917,1
225,0,0.018492823466658592,0
226,1,0.3275114595890045,0
227,0,0.005834180396050215,0
228,1,0.9998501539230347,1
229,0,0.020610889419913292,0
230,1,0.9753254055976868,1
231,1,0.8409686088562012,1
232,1,0.9980877041816711,1
233,0,0.05056707188487053,0
234,0,0.014060838147997856,0
235,1,0.9972642660140991,1
236,0,0.005272430833429098,0
237,1,0.9209280014038086,1
238,0,0.00044619134860113263,0
239,1,0.982352077960968,1
240,1,0.9995211362838745,1
241,0,0.011165104806423187,0
242,1,0.9953708052635193,1
243,0,0.27340003848075867,0
244,0,0.006813824642449617,0
245,1,0.49313807487487793,0
246,1,0.999976396560669,1
247,0,0.00014740211190655828,0
248,0,0.018908454105257988,0
249,0,0.025395523756742477,0
250,0,0.008304418064653873,0
251,1,0.9654005765914917,1
252,0,0.35458454489707947,0
253,0,0.3162820637226105,0
254,0,0.5920785665512085,1
255,0,0.8755201697349548,1
256,1,0.9467479586601257,1
257,1,0.9770961403846741,1
258,0,0.0023811429273337126,0
259,0,0.12884944677352905,0
260,1,1.0,1
261,0,0.01290501095354557,0
262,0,0.43241825699806213,0
263,1,0.9792250990867615,1
264,0,0.00010642266715876758,0
265,1,0.8367205262184143,1
266,1,0.5345571041107178,1
267,0,0.003963444381952286,0
268,1,0.9994387030601501,1
269,1,1.0,1
270,0,0.29461273550987244,0
271,0,0.0035254396498203278,0
272,1,0.9814171195030212,1
273,0,0.1138131245970726,0
274,0,0.21732419729232788,0
275,1,0.9413164854049683,1
276,1,0.9837878942489624,1
277,0,0.1455378383398056,0
278,1,0.9991928935050964,1
279,0,0.0018134794663637877,0
280,0,0.0005492681520991027,0
281,1,0.9992368221282959,1
282,0,0.3379306495189667,0
283,0,9.82973779173335e-06,0
284,0,0.6580460667610168,1
285,0,0.050488267093896866,0
286,0,0.014461198821663857,0
287,0,0.024732602760195732,0
288,1,0.9601920247077942,1
289,1,0.9696571826934814,1
290,1,0.9903764128684998,1
291,0,2.640477305249078e-06,0
292,0,0.06090182065963745,0
293,1,0.9205609560012817,1
294,0,0.14749202132225037,0
295,1,0.9996682405471802,1
296,0,0.005744151305407286,0
297,1,0.9994444251060486,1
298,1,0.9804310202598572,1
299,1,0.9869924783706665,1
300,0,0.025580964982509613,0
301,1,0.9990041851997375,1
302,1,0.9969672560691833,1
303,0,0.036001820117235184,0
304,1,0.9492092132568359,1
305,0,0.021000565961003304,0
306,0,0.5516022443771362,1
307,0,0.006033759564161301,0
308,1,0.9999997615814209,1
309,1,0.9755061864852905,1
310,1,0.9982379674911499,1
311,1,0.8194090723991394,1
312,1,0.9830339550971985,1
313,1,0.9963145852088928,1
314,1,0.9198498129844666,1
315,1,0.7952582836151123,1
316,0,0.027506673708558083,0
317,0,0.0004543015966191888,0
318,0,0.10446235537528992,0
319,1,0.24502645432949066,0
320,1,0.9999086856842041,1
321,0,0.06835900247097015,0
322,1,0.9980252981185913,1
323,0,0.5522671937942505,1
324,0,0.04246308654546738,0
325,0,0.010859070345759392,0
326,0,0.0059701004065573215,0
327,1,0.9866421222686768,1
328,1,0.9891709685325623,1
329,0,0.013398376293480396,0
330,0,0.24967332184314728,0
331,1,0.9555474519729614,1
332,1,0.7158092856407166,1
333,0,0.028469137847423553,0
334,1,1.0,1
335,1,0.3362593352794647,0
336,1,0.999998927116394,1
337,0,0.06554685533046722,0
338,1,0.8255912661552429,1
339,0,0.002049151575192809,0
340,0,0.3188723623752594,0
341,1,0.4289224147796631,0
342,0,0.09932447224855423,0
343,1,0.9470139741897583,1
344,0,0.24399946630001068,0
345,1,0.9042686223983765,1
346,0,0.01048138365149498,0
347,0,0.003015211783349514,0
348,0,0.05053586885333061,0
349,0,0.04955306649208069,0
350,0,0.08758027851581573,0
351,0,0.0014374670572578907,0
352,0,0.03771199658513069,0
353,0,0.009883886203169823,0
354,0,0.00014204802573658526,0
355,0,0.09172360599040985,0
356,0,0.0018346842844039202,0
357,1,0.9998501539230347,1
358,0,0.0005052280030213296,0
359,1,0.9250022768974304,1
360,1,0.8617719411849976,1
361,1,0.999992847442627,1
362,1,0.9995020627975464,1
363,0,0.3811269998550415,0
364,0,3.509532234602375e-06,0
365,1,0.9999103546142578,1
366,0,0.002635822631418705,0
367,1,0.8205589652061462,1
368,0,1.2351582881819922e-05,0
369,0,0.22952891886234283,0
370,0,1.462990894651739e-06,0
371,0,0.0001605283614480868,0
372,0,0.0052453288808465,0
373,1,0.7908024191856384,1
374,0,9.701470116851851e-05,0
375,0,0.04524741694331169,0
376,1,0.999990701675415,1
377,0,0.053277306258678436,0
378,1,0.9950954914093018,1
379,0,0.00021286257833708078,0
380,1,0.9999468326568604,1
381,0,6.227644888667783e-08,0
382,0,8.635508856968954e-05,0
383,0,0.5017234683036804,1
384,1,0.996507465839386,1
385,0,0.004855034407228231,0
386,1,0.9848830103874207,1
387,1,0.9014877676963806,1
388,0,0.20516397058963776,0
389,1,0.7974544167518616,1
390,1,0.9988897442817688,1
391,0,0.04409519582986832,0
392,1,0.9762177467346191,1
393,1,0.9907596111297607,1
394,0,0.6108545660972595,1
395,0,0.0004024662484880537,0
396,1,0.9967897534370422,1
397,0,0.6671210527420044,1
398,1,0.9995391368865967,1
399,1,0.8080150485038757,1
400,0,0.6589475274085999,1
401,0,0.0006084947963245213,0
402,1,0.9992656111717224,1
403,0,0.4244703948497772,0
404,1,0.8240822553634644,1
405,0,0.04192538186907768,0
406,1,0.9156826138496399,1
407,1,0.9817467927932739,1
408,1,0.9873255491256714,1
409,1,0.970858097076416,1
410,1,0.5894240736961365,1
411,0,0.0012362371198832989,0
412,1,0.9963420033454895,1
413,0,0.0034211166203022003,0
414,0,0.0002903761633206159,0
415,1,0.9977748990058899,1
416,0,0.02791949361562729,0
417,0,0.0001616894151084125,0
418,0,0.04203866794705391,0
419,1,0.9975290894508362,1
420,0,0.48858946561813354,0
421,1,0.5799229741096497,1
422,1,0.9969989061355591,1
423,1,0.8397365808486938,1
424,1,0.9996397495269775,1
425,1,0.6280173063278198,1
426,0,0.0011489454191178083,0
427,1,0.9867554306983948,1
428,0,0.0003030840598512441,0
429,1,0.9549828767776489,1
430,1,0.9941270351409912,1
431,0,0.0006202689255587757,0
432,0,8.223207987612113e-05,0
433,0,0.22109152376651764,0
434,1,0.9383268356323242,1
435,0,0.39810046553611755,0
436,0,0.003062422387301922,0
437,0,0.004182140808552504,0
438,1,0.9625295996665955,1
439,0,0.01595337875187397,0
440,1,0.950765073299408,1
441,0,0.03544340655207634,0
442,1,0.6745860576629639,1
443,1,0.9118620157241821,1
444,0,0.0025177092757076025,0
445,1,0.9999194145202637,1
446,0,0.027014922350645065,0
447,0,0.5954763889312744,1
448,0,0.02736862562596798,0
449,1,0.9842460751533508,1
450,1,0.9960283041000366,1
451,0,2.5472514722513218e-11,0
452,0,0.006669879425317049,0
453,0,0.014235660433769226,0
454,0,0.33172789216041565,0
455,1,0.2635208070278168,0
456,1,0.9285340905189514,1
457,1,0.3962950110435486,0
458,0,0.0002395970659563318,0
459,0,0.07712598145008087,0
460,0,0.0007386632496491075,0
461,0,0.0005335384630598128,0
462,0,0.6362819671630859,1
463,0,0.0005691126571036875,0
464,0,0.008677059784531593,0
465,1,0.9884788393974304,1
466,1,0.971864640712738,1
467,0,0.5064398050308228,1
468,1,0.9979531764984131,1
469,1,0.971636950969696,1
470,1,0.9988357424736023,1
471,1,0.9836469292640686,1
472,1,0.4826882481575012,0
473,1,0.5468153357505798,1
474,0,0.08576996624469757,0
475,0,0.01115971989929676,0
476,1,0.9999417066574097,1
477,1,0.892729640007019,1
478,1,0.9682700037956238,1
479,0,0.6585988402366638,1
480,1,0.9888991713523865,1
481,0,1.312959341248643e-07,0
482,1,0.9762894511222839,1
483,0,0.023168843239545822,0
484,1,0.984203577041626,1
485,0,0.017496544867753983,0
486,1,0.9987868666648865,1
487,0,0.14505071938037872,0
488,1,0.9974702596664429,1
489,1,0.9985873699188232,1
490,1,0.999914288520813,1
491,1,0.99826580286026,1
492,1,0.07495195418596268,0
493,1,0.9921848177909851,1
494,1,0.08686395734548569,0
495,1,0.8425993323326111,1
496,1,0.9207957983016968,1
497,1,0.6993555426597595,1
498,0,0.04806695878505707,0
499,1,0.976487398147583,1
500,1,0.732317328453064,1
501,1,0.9597392678260803,1
502,1,1.0,1
503,1,0.9572160840034485,1
504,0,0.13062220811843872,0
505,0,0.01645594649016857,0
506,1,0.9983019828796387,1
507,0,0.14941737055778503,0
508,0,0.0011565308086574078,0
509,1,0.9736807346343994,1
510,1,0.9399060606956482,1
511,1,0.9063704609870911,1
512,0,0.003068977501243353,0
513,1,0.9885149598121643,1
514,0,0.06571833044290543,0
515,1,0.12133828550577164,0
516,0,1.3335557014215738e-05,0
517,0,0.001255956245586276,0
518,0,0.0025285398587584496,0
519,1,0.9989953637123108,1
520,0,0.1432032734155655,0
521,0,9.162739843304735e-06,0
522,0,0.04270941764116287,0
523,1,0.9559527635574341,1
524,1,0.9845594763755798,1
525,1,0.999354898929596,1
526,0,0.06357954442501068,0
527,0,0.3209184408187866,0
528,1,0.9999991655349731,1
529,0,8.182010060409084e-05,0
530,1,0.9441099166870117,1
531,0,0.005057514179497957,0
532,1,0.999998927116394,1
533,0,0.15262620151042938,0
534,0,0.45200315117836,0
535,0,0.0001250542263733223,0
536,1,0.9948744177818298,1
537,1,0.9987993240356445,1
538,1,0.9421412348747253,1
539,0,1.2896975022158585e-05,0
540,1,0.9884244203567505,1
541,0,0.004542401526123285,0
542,0,0.17753823101520538,0
543,1,0.9328346848487854,1
544,1,1.0,1
545,0,0.00766972079873085,0
546,0,0.0012963851913809776,0
547,1,0.9993187189102173,1
548,1,0.9785035252571106,1
549,1,0.7836925983428955,1
550,0,0.0007214538054540753,0
551,0,0.0959094688296318,0
552,0,0.3815755844116211,0
553,1,0.9623991847038269,1
554,1,0.9799959063529968,1
555,0,0.03524162620306015,0
556,1,0.9622389674186707,1
557,0,0.8811401128768921,1
558,1,0.9933386445045471,1
559,0,0.18958163261413574,0
560,1,0.9997183680534363,1
561,1,0.9987162351608276,1
562,0,0.13474532961845398,0
563,1,0.998803973197937,1
564,0,0.0009277968783862889,0
565,1,0.9976465106010437,1
566,0,0.0012620468623936176,0
567,0,0.011793103069067001,0
568,0,0.026274213567376137,0
569,0,0.04300098866224289,0
570,0,0.0002053604112006724,0
571,0,0.0023145258892327547,0
572,0,0.03166823461651802,0
573,0,0.0009165948140434921,0
574,1,0.9998922348022461,1
575,0,0.38459959626197815,0
576,1,0.9990910291671753,1
577,1,0.9999997615814209,1
578,0,0.01332240179181099,0
579,1,0.9982097148895264,1
580,0,0.09553969651460648,0
581,0,0.003844338469207287,0
582,0,0.03832288086414337,0
583,1,0.9583255648612976,1
584,1,0.9998133778572083,1
585,1,0.980177640914917,1
586,1,0.6268271207809448,1
587,0,0.24797654151916504,0
588,0,0.13504286110401154,0
589,0,1.834880640672054e-05,0
590,1,0.9235551357269287,1
591,1,0.5505015254020691,1
592,0,0.04132574051618576,0
593,0,0.11060384660959244,0
594,1,0.9988382458686829,1
595,1,0.5978772044181824,1
596,1,0.9999954700469971,1
597,0,0.0015877148834988475,0
598,1,0.7313404083251953,1
599,1,0.9891146421432495,1
600,0,0.0016891395207494497,0
601,1,0.9961305856704712,1
602,0,0.0005442708497866988,0
603,0,1.7020634004438762e-06,0
604,1,0.9999798536300659,1
605,1,0.9930704236030579,1
606,0,0.003915128763765097,0
607,1,0.9839067459106445,1
608,1,0.9997714161872864,1
609,1,0.9990321397781372,1
610,0,0.23761801421642303,0
611,1,0.9999977350234985,1
612,0,0.02771500125527382,0
613,0,0.006119598634541035,0
614,0,0.026836516335606575,0
615,1,0.30568259954452515,0
616,0,0.01005745679140091,0
617,0,0.02308645099401474,0
618,0,0.02830337919294834,0
619,1,0.9996583461761475,1
620,1,0.4785626530647278,0
621,1,0.9011727571487427,1
622,1,0.9991779923439026,1
623,1,0.9998651742935181,1
624,1,0.9304624199867249,1
625,1,0.9986069798469543,1
626,1,0.999929666519165,1
627,0,0.2103516012430191,0
628,1,0.9263849854469299,1
629,1,0.994681179523468,1
630,1,0.9986181259155273,1
631,0,0.37170013785362244,0
632,0,0.27117642760276794,0
633,0,0.46430152654647827,0
634,1,0.631018340587616,1
635,0,0.041623394936323166,0
636,0,0.3100844621658325,0
637,1,0.9995668530464172,1
638,1,0.9443448781967163,1
639,0,0.021946508437395096,0
640,1,0.9803880453109741,1
641,1,0.16838225722312927,0
642,1,0.9308926463127136,1
643,1,0.9987320303916931,1
644,1,0.8936956524848938,1
645,0,0.2417113482952118,0
646,1,0.9999700784683228,1
647,1,0.9986876845359802,1
648,0,0.16682234406471252,0
649,0,0.0004541613452602178,0
650,1,0.5418624877929688,1
651,0,0.047552015632390976,0
652,1,0.99240642786026,1
653,0,3.9663696952629834e-05,0
654,1,0.999969482421875,1
655,0,0.0015433664666488767,0
656,0,0.32272231578826904,0
657,0,0.08766071498394012,0
658,1,0.9998657703399658,1
659,1,0.9986627101898193,1
660,0,9.632829460315406e-05,0
661,1,0.9962128400802612,1
662,1,0.8141176700592041,1
663,1,0.9998213648796082,1
664,0,1.1799857929872815e-05,0
665,0,0.31379854679107666,0
666,0,0.09329977631568909,0
667,1,0.9950681924819946,1
668,0,0.14307568967342377,0
669,1,0.9616185426712036,1
670,1,0.9986861348152161,1
671,0,0.04413062334060669,0
672,1,0.9989449381828308,1
673,0,0.9527046084403992,1
674,1,0.9610024690628052,1
675,0,0.0008245213539339602,0
676,1,0.8503827452659607,1
677,1,0.21316692233085632,0
678,1,0.9999111890792847,1
679,1,0.9225736856460571,1
680,1,0.9952723383903503,1
681,1,0.9949823021888733,1
682,0,0.06294719129800797,0
683,0,0.024182690307497978,0
684,0,0.024474667385220528,0
685,0,0.00023553230857942253,0
686,1,0.9969151020050049,1
687,0,0.02334032766520977,0
688,1,0.7432106137275696,1
689,0,0.00162597990129143,0
690,1,0.9687241911888123,1
691,1,0.9764772057533264,1
692,0,0.03413788229227066,0
693,0,0.27241817116737366,0
694,1,0.9877739548683167,1
695,0,3.613314402173273e-05,0
696,1,0.15556317567825317,0
697,0,0.2757635712623596,0
698,0,0.0014357679756358266,0
699,0,0.0006145791267044842,0
700,1,0.8574647903442383,1
701,1,0.9745141267776489,1
702,1,0.8805422186851501,1
703,1,0.9879187941551208,1
704,1,0.6436954736709595,1
705,1,0.9311509132385254,1
706,0,0.026847178116440773,0
707,1,0.9997145533561707,1
708,1,0.9026259183883667,1
709,0,0.0003301049000583589,0
710,1,0.9990397095680237,1
711,0,0.004521895200014114,0
712,1,0.9923505187034607,1
713,0,0.018203379586338997,0
714,0,0.16965161263942719,0
715,1,0.9981645941734314,1
716,0,0.047539375722408295,0
717,1,0.8089887499809265,1
718,1,0.9999997615814209,1
719,1,0.7204249501228333,1
720,1,0.25078946352005005,0
721,0,0.5753682851791382,1
722,1,0.999630331993103,1
723,1,0.9999794960021973,1
724,0,0.10564138740301132,0
725,1,0.9378006458282471,1
726,0,0.035910554230213165,0
727,1,0.9334354400634766,1
728,1,0.6816492080688477,1
729,1,0.9910920262336731,1
730,1,0.9872910380363464,1
731,0,0.0006160367629490793,0
732,0,2.069651117153626e-09,0
733,1,0.9999628067016602,1
734,1,0.9917963743209839,1
735,0,0.7337388396263123,1
736,0,3.1539082101517124e-07,0
737,1,0.6419032216072083,1
738,0,0.1434129923582077,0
739,1,0.9013954997062683,1
740,1,0.9999334812164307,1
741,0,0.1156330481171608,0
742,1,0.38813528418540955,0
743,1,0.9719188213348389,1
744,1,0.9901572465896606,1
745,1,0.9983432292938232,1
746,1,0.589977502822876,1
747,1,0.4460982382297516,0
748,0,0.12486326694488525,0
749,0,0.04000134766101837,0
750,1,0.9416205286979675,1
751,0,0.20360766351222992,0
752,0,0.10558408498764038,0
753,0,0.1601104587316513,0
754,1,0.9624038934707642,1
755,0,0.008585278876125813,0
756,0,0.00010068048868561164,0
757,0,0.2891892194747925,0
758,1,0.9232702255249023,1
759,1,0.997621476650238,1
760,1,0.9927970767021179,1
761,0,0.003066552570089698,0
762,0,0.08612208813428879,0
763,0,0.002453920664265752,0
764,0,0.023508954793214798,0
765,0,0.004431841429322958,0
766,1,0.8121699094772339,1
767,1,0.9939980506896973,1
768,0,0.00022670807084068656,0
769,0,0.1360524743795395,0
770,0,0.01926088146865368,0
771,0,0.025151332840323448,0
772,0,0.060163434594869614,0
773,1,0.6825496554374695,1
774,1,0.0689273402094841,0
775,0,0.342017263174057,0
776,1,0.9516758918762207,1
777,1,0.9981948733329773,1
778,0,0.0006326310685835779,0
779,1,0.8296318650245667,1
780,0,0.2087823450565338,0
781,0,0.0012286221608519554,0
782,1,0.9815943241119385,1
783,1,0.9973370432853699,1
784,0,0.0007221974083222449,0
785,1,0.3300403654575348,0
786,1,0.9772858023643494,1
787,0,0.001444327994249761,0
788,1,0.9926328063011169,1
789,0,0.0009851495269685984,0
790,1,0.9997064471244812,1
791,0,4.476684262044728e-05,0
792,0,0.002473947824910283,0
793,0,0.0010274989763274789,0
794,0,0.046720921993255615,0
795,0,0.1271340548992157,0
796,0,0.02925950661301613,0
797,0,0.006182187702506781,0
798,0,0.009983140975236893,0
799,0,0.20791882276535034,0
800,0,0.008600897155702114,0
801,0,0.014817977324128151,0
802,1,0.994438648223877,1
803,0,0.012805761769413948,0
804,0,1.393042657582555e-05,0
805,1,0.9021863341331482,1
806,0,0.0024620534386485815,0
807,1,0.9652252793312073,1
808,0,0.0019776904955506325,0
809,0,0.05068791285157204,0
810,0,0.008630406111478806,0
811,0,0.0013480648631229997,0
812,0,0.0737767294049263,0
813,1,0.9963791966438293,1
814,0,0.08766696602106094,0
815,1,0.9999097585678101,1
816,1,0.9946880340576172,1
817,1,0.9996674060821533,1
818,0,0.03638635203242302,0
819,1,0.9995952248573303,1
820,1,0.9824391603469849,1
821,0,0.00033205802901647985,0
822,0,0.1874070018529892,0
823,0,0.26208338141441345,0
824,0,0.09710153937339783,0
825,1,0.8987476825714111,1
826,1,0.9817174673080444,1
827,1,0.9997187256813049,1
828,0,0.12039950489997864,0
829,0,0.0439055860042572,0
830,1,0.800779402256012,1
831,1,0.9994018077850342,1
832,1,0.9077708721160889,1
833,1,0.9989989399909973,1
834,0,0.005688371602445841,0
835,1,0.9972163438796997,1
836,0,0.4818999469280243,0
837,0,0.009930454194545746,0
838,1,0.9847232103347778,1
839,0,0.005573166999965906,0
840,1,0.9156611561775208,1
841,0,0.9209577441215515,1
842,0,0.0017141004791483283,0
843,0,0.0366840660572052,0
844,1,0.5331077575683594,1
845,1,1.0,1
846,0,0.008163553662598133,0
847,0,0.3797878324985504,0
848,1,0.9998924732208252,1
849,0,0.011873629875481129,0
850,0,0.003299237694591284,0
851,1,0.9972538352012634,1
852,0,0.0026152345817536116,0
853,0,0.027343934401869774,0
854,1,0.10750708729028702,0
855,1,0.3932020962238312,0
856,0,0.010475357063114643,0
857,1,0.9998459815979004,1
858,0,0.026140626519918442,0
859,1,0.41745948791503906,0
860,0,0.0003739525855053216,0
861,0,0.004841483663767576,0
862,1,0.9909607768058777,1
863,0,0.6596183180809021,1
864,0,0.0011134190717712045,0
865,1,0.9653586745262146,1
866,1,0.9999688863754272,1
867,0,0.019140047952532768,0
868,1,0.9999285936355591,1
869,0,0.003996527753770351,0
870,0,0.011239632032811642,0
871,1,0.5928457379341125,1
872,0,0.019808782264590263,0
873,0,0.14547599852085114,0
874,0,0.11027342826128006,0
875,0,0.013800821267068386,0
876,1,0.7522995471954346,1
877,1,1.0,1
878,1,0.9592112302780151,1
879,0,0.062033526599407196,0
880,0,0.15653212368488312,0
881,0,0.04661125689744949,0
882,0,0.2122601568698883,0
883,1,0.9986044764518738,1
884,0,0.19562435150146484,0
885,1,0.7689933180809021,1
886,1,0.9575124979019165,1
887,1,0.9306831955909729,1
888,0,0.002731568180024624,0
889,1,0.9971978664398193,1
890,1,0.9709210991859436,1
891,0,0.09757456928491592,0
892,1,0.9998440742492676,1
893,0,0.001354349311441183,0
894,0,0.002785003511235118,0
895,0,0.3359827399253845,0
896,0,0.2045537382364273,0
897,0,0.0060407244600355625,0
898,0,0.029986223205924034,0
899,1,0.999529242515564,1
900,0,0.8507829904556274,1
901,1,0.9972891807556152,1
902,1,0.9999994039535522,1
903,0,0.006191435270011425,0
904,0,8.16922402009368e-05,0
905,0,0.036576271057128906,0
906,1,0.9965084195137024,1
907,0,0.002844414906576276,0
908,1,0.9987154006958008,1
909,0,0.00015298742800951004,0
910,0,0.003724396927282214,0
911,1,0.8426777720451355,1
912,0,1.3718475140589437e-11,0
913,0,0.5332001447677612,1
914,1,0.15260502696037292,0
915,1,0.999988317489624,1
916,1,0.7055749297142029,1
917,1,0.811516523361206,1
918,1,0.9998083710670471,1
919,0,0.00034750625491142273,0
920,1,0.352781742811203,0
921,1,0.9984385371208191,1
922,0,0.015976503491401672,0
923,1,0.9979180693626404,1
924,0,0.00492948479950428,0
925,1,0.45417195558547974,0
926,1,0.9968236684799194,1
927,0,0.8920832872390747,1
928,1,0.9992420673370361,1
929,1,0.989956259727478,1
930,1,0.8498377203941345,1
931,0,0.029517652466893196,0
932,1,0.7024264335632324,1
933,0,0.8621666431427002,1
934,1,0.9999309778213501,1
935,0,0.2305079847574234,0
936,1,0.9999990463256836,1
937,0,0.2052825689315796,0
938,1,0.9997541308403015,1
939,0,0.05448861047625542,0
940,0,0.62814861536026,1
941,0,0.8836435675621033,1
942,0,0.03775463253259659,0
943,0,0.46924591064453125,0
944,1,0.9967693090438843,1
945,1,0.9754554033279419,1
946,0,0.010144325904548168,0
947,1,0.9878101348876953,1
948,0,0.03624050319194794,0
949,0,0.01776791922748089,0
950,0,0.03203050419688225,0
951,1,0.9351891279220581,1
952,0,0.02307920902967453,0
953,1,0.5798476934432983,1
954,1,0.3015386164188385,0
955,0,0.0078145582228899,0
956,0,0.05163121223449707,0
957,0,0.056251633912324905,0
958,1,0.9735779762268066,1
959,1,0.9999042749404907,1
960,0,0.7657604217529297,1
961,1,0.999758780002594,1
962,0,0.005656157620251179,0
963,0,0.041220907121896744,0
964,0,0.0685679093003273,0
965,0,0.000961890968028456,0
966,0,0.019474901258945465,0
967,1,0.9977942705154419,1
968,1,0.903662919998169,1
969,0,0.23675541579723358,0
970,1,0.874261736869812,1
971,0,0.002155250869691372,0
972,1,0.9995081424713135,1
973,1,0.9999661445617676,1
974,1,0.9982240796089172,1
975,1,0.9929827451705933,1
976,1,0.9999366998672485,1
977,1,0.505773663520813,1
978,1,0.9966437816619873,1
979,0,0.0004055718600284308,0
980,1,0.9999345541000366,1
981,1,0.3331735134124756,0
982,1,0.9676550030708313,1
983,1,0.3820384740829468,0
984,0,0.15140783786773682,0
985,1,0.9999227523803711,1
986,1,0.9988259673118591,1
987,1,0.4587906002998352,0
988,1,0.999467670917511,1
989,0,0.9999985694885254,1
990,1,0.99919193983078,1
991,0,0.015441028401255608,0
992,0,0.11609961837530136,0
993,1,0.9258707165718079,1
994,1,0.9781885147094727,1
995,1,0.9999902248382568,1
996,1,0.9992130994796753,1
997,1,0.9172555804252625,1
998,0,0.7633835673332214,1
999,0,0.006249527912586927,0
1000,1,0.9946241974830627,1
1001,1,0.929961085319519,1
1002,0,0.015090294182300568,0
1003,0,0.2177070528268814,0
1004,0,0.5232223272323608,1
1005,1,0.6251857280731201,1
1006,1,0.9978389143943787,1
1007,0,0.6960225701332092,1
1008,1,0.9961202144622803,1
1009,0,0.015087047591805458,0
1010,0,7.1202885010279715e-06,0
1011,0,0.028017302975058556,0
1012,1,0.7425233721733093,1
1013,0,0.31550467014312744,0
1014,1,0.7212187051773071,1
1015,0,0.33833086490631104,0
1016,0,0.02783956192433834,0
1017,1,0.9806548357009888,1
1018,0,0.08635954558849335,0
1019,1,0.7288044691085815,1
1020,0,0.09867490082979202,0
1021,0,0.008176366798579693,0
1022,0,0.04519382864236832,0
1023,0,0.15280698239803314,0
1024,1,0.9998261332511902,1
1025,0,0.07495405524969101,0
1026,0,0.0025457225274294615,0
1027,1,0.9353801608085632,1
1028,1,0.9173911213874817,1
1029,1,0.9924172163009644,1
1030,1,0.9964040517807007,1
1031,1,0.9999401569366455,1
1032,1,0.14651036262512207,0
1033,0,0.0032202687580138445,0
1034,1,0.9999488592147827,1
1035,1,0.9970822930335999,1
1036,1,0.8474521636962891,1
1037,1,0.9912567138671875,1
1038,0,0.09292168915271759,0
1039,1,0.9223518371582031,1
1040,0,0.018540147691965103,0
1041,1,0.9909530878067017,1
1042,0,0.9165356159210205,1
1043,1,0.8373189568519592,1
1044,1,0.9999997615814209,1
1045,1,0.9861438274383545,1
1046,0,0.2710098624229431,0
1047,1,0.9955363273620605,1
1048,1,0.9993763566017151,1
1049,1,0.9989696741104126,1
1050,1,0.997347354888916,1
1051,0,0.0017651476664468646,0
1052,0,0.02383205108344555,0
1053,0,0.24081562459468842,0
1054,1,0.9780028462409973,1
1055,1,0.9693922996520996,1
1056,1,0.9999282360076904,1
1057,1,0.9001579284667969,1
1058,1,0.8564009070396423,1
1059,0,0.09471150487661362,0
1060,0,0.10785496234893799,0
1061,1,0.981289267539978,1
1062,1,0.9109726548194885,1
1063,0,0.0045975674875080585,0
1064,1,0.0007799757295288146,0
1065,0,0.39733681082725525,0
1066,0,0.03216565400362015,0
1067,0,0.26737180352211,0
1068,0,0.00037614937173202634,0
1069,1,0.9869124889373779,1
1070,1,0.9799453020095825,1
1071,1,0.5640885233879089,1
1072,1,0.9999998807907104,1
1073,0,0.004105577245354652,0
1074,0,0.19141708314418793,0
1075,1,0.7801852226257324,1
1076,0,0.031144484877586365,0
1077,0,0.008129486814141273,0
1078,1,0.10651373118162155,0
1079,0,0.0009516761638224125,0
1080,1,0.9988914132118225,1
1081,1,0.2398458868265152,0
1082,0,0.0004456780734471977,0
1083,0,0.18593594431877136,0
1084,0,0.5964324474334717,1
1085,0,0.038578376173973083,0
1086,1,0.9843927621841431,1
1087,0,0.09555486589670181,0
1088,0,0.07673518359661102,0
1089,1,0.9998998641967773,1
1090,1,0.9317843914031982,1
1091,0,0.00028320294222794473,0
1092,1,0.999826967716217,1
1093,0,0.049587417393922806,0
1094,0,0.3379972279071808,0
1095,1,0.3742251992225647,0
1096,0,0.0002469150931574404,0
1097,1,0.9961197376251221,1
1098,0,0.03586752712726593,0
1099,1,1.0,1
1100,0,0.028484782204031944,0
1101,1,0.9977303147315979,1
1102,1,0.5249170660972595,1
1103,1,0.503412127494812,1
1104,1,0.861809253692627,1
1105,0,0.8684006929397583,1
1106,1,0.9999996423721313,1
1107,1,0.9999616146087646,1
1108,0,0.10478902608156204,0
1109,1,0.9918537735939026,1
1110,1,0.9266019463539124,1
1111,0,0.050345852971076965,0
1112,1,0.9999071359634399,1
1113,1,0.9999996423721313,1
1114,0,0.028566459193825722,0
1115,0,8.157041884260252e-05,0
1116,0,0.0010866578668355942,0
1117,0,0.14184048771858215,0
1118,0,0.16516785323619843,0
1119,0,0.006442404817789793,0
1120,0,0.004429690074175596,0
1121,0,9.222181688528508e-05,0
1122,1,0.9160847067832947,1
1123,1,0.9744651317596436,1
1124,1,0.9834160804748535,1
1125,0,0.00913770031183958,0
1126,1,0.8726548552513123,1
1127,0,0.2883070409297943,0
1128,1,0.998989999294281,1
1129,0,0.0013112444430589676,0
1130,1,0.9971127510070801,1
1131,0,0.025145653635263443,0
1132,1,0.9999898672103882,1
1133,1,0.9998863935470581,1
1134,0,0.7402818202972412,1
1135,0,0.18367378413677216,0
1136,0,0.006311947945505381,0
1137,0,0.00017418622155673802,0
1138,0,0.00011668411752907559,0
1139,0,1.9606941350502893e-05,0
1140,0,0.0003239085781387985,0
1141,0,0.26664361357688904,0
1142,1,0.9662776589393616,1
1143,0,0.0019947781693190336,0
1144,1,0.9357881546020508,1
1145,1,0.9501559138298035,1
1146,0,0.004168535582721233,0
1147,1,0.9977734684944153,1
1148,0,0.2728709578514099,0
1149,0,0.34956976771354675,0
1150,0,0.007472524885088205,0
1151,0,0.0721295177936554,0
1152,1,0.8679438829421997,1
1153,1,0.9909079074859619,1
1154,0,0.06494590640068054,0
1155,0,0.1302575021982193,0
1156,1,0.9969682097434998,1
1157,0,0.031199833378195763,0
1158,1,1.0,1
1159,0,0.13550016283988953,0
1160,1,0.7734823822975159,1
1161,0,0.006691652815788984,0
1162,0,0.16578403115272522,0
1163,1,0.9950857758522034,1
1164,1,0.850193202495575,1
1165,0,0.11505933851003647,0
1166,1,0.9986925721168518,1
1167,0,0.02497275546193123,0
1168,0,0.0021067624911665916,0
1169,0,0.0035702972672879696,0
1170,1,0.851398229598999,1
1171,1,0.8751598000526428,1
1172,1,0.9771231412887573,1
1173,0,0.3775143623352051,0
1174,0,0.0035995456855744123,0
1175,1,0.9481591582298279,1
1176,1,0.9913142323493958,1
1177,1,0.9287896752357483,1
1178,1,0.934857189655304,1
1179,1,0.9998394250869751,1
1180,0,0.059701330959796906,0
1181,0,0.05742793157696724,0
1182,0,0.012659226544201374,0
1183,0,0.000788537843618542,0
1184,0,0.39618101716041565,0
1185,0,0.11979866027832031,0
1186,0,0.0007438559550791979,0
1187,1,0.28636378049850464,0
1188,1,0.3022753894329071,0
1189,0,2.711050728976261e-05,0
1190,1,0.9974905252456665,1
1191,1,0.9474519491195679,1
1192,1,0.9998956918716431,1
1193,1,0.9883646965026855,1
1194,1,0.9983224272727966,1
1195,0,0.014537983573973179,0
1196,0,0.004940296057611704,0
1197,1,0.9468219876289368,1
1198,0,0.2122323215007782,0
1199,0,0.0035095317289233208,0
1200,1,0.9945205450057983,1
1201,0,0.0005564213497564197,0
1202,0,0.0025169618893414736,0
1203,1,0.9796887040138245,1
1204,0,0.016479309648275375,0
1205,1,0.9549347162246704,1
1206,0,0.30616888403892517,0
1207,1,0.9609745144844055,1
1208,0,0.06535514444112778,0
1209,0,0.012903876602649689,0
1210,0,0.2794613242149353,0
1211,0,0.5834696292877197,1
1212,0,0.0009641324286349118,0
1213,0,0.0019931450951844454,0
1214,0,0.0012158527970314026,0
1215,1,0.9994125366210938,1
1216,0,0.5868513584136963,1
1217,0,0.01354228612035513,0
1218,1,0.08923716098070145,0
1219,1,0.9971545934677124,1
1220,0,0.04425739496946335,0
1221,0,0.0024350062012672424,0
1222,1,0.9992682337760925,1
1223,0,0.009522228501737118,0
1224,0,0.08316172659397125,0
1225,0,0.16265100240707397,0
1226,1,0.9976686835289001,1
1227,0,0.019427021965384483,0
1228,0,0.3055752217769623,0
1229,1,0.9999592304229736,1
1230,1,0.7104836702346802,1
1231,0,0.1283472180366516,0
1232,0,0.06678920239210129,0
1233,1,0.8409456014633179,1
1234,0,0.7607813477516174,1
1235,0,0.0006702706450596452,0
1236,0,0.5332868695259094,1
1237,1,0.933343231678009,1
1238,1,0.9999256134033203,1
1239,1,0.9702041149139404,1
1240,1,0.9997939467430115,1
1241,1,0.9999951124191284,1
1242,0,0.005201584659516811,0
1243,0,0.0014423913089558482,0
1244,1,0.9790558218955994,1
1245,1,0.9457951188087463,1
1246,1,0.9988670349121094,1
1247,1,0.9567775130271912,1
1248,0,0.236283540725708,0
1249,1,0.9936973452568054,1
1250,1,0.9671139121055603,1
1251,1,0.9999488592147827,1
1252,0,0.20544148981571198,0
1253,1,0.969925045967102,1
1254,1,0.9992567896842957,1
1255,1,0.997222900390625,1
1256,1,0.9347243309020996,1
1257,1,0.810337245464325,1
1258,1,0.7864684462547302,1
1259,1,1.0,1
1260,1,0.01635325513780117,0
1261,1,0.9914105534553528,1
1262,1,0.991174042224884,1
1263,0,0.013040395453572273,0
1264,0,0.20445616543293,0
1265,0,0.01891893334686756,0
1266,0,1.1681811884045601e-05,0
1267,0,0.011993193067610264,0
1268,0,0.003851654939353466,0
1269,0,0.0021038514096289873,0
1270,1,0.7676407694816589,1
1271,1,0.037844933569431305,0
1272,0,0.004877206403762102,0
1273,1,0.7912383675575256,1
1274,0,0.05140124261379242,0
1275,1,0.9858209490776062,1
1276,0,0.007929392158985138,0
1277,1,0.8677464127540588,1
1278,0,0.18146556615829468,0
1279,1,0.001023795222863555,0
1280,0,0.0037434054538607597,0
1281,1,0.9955568909645081,1
1282,0,0.005866456311196089,0
1283,0,0.0006780073163099587,0
1284,1,0.9812007546424866,1
1285,0,0.12443775683641434,0
1286,0,0.05696317180991173,0
1287,0,0.00172908091917634,0
1288,0,9.98756368062459e-05,0
1289,1,0.9648157358169556,1
1290,0,0.12042541801929474,0
1291,0,0.06619825214147568,0
1292,1,0.9996411800384521,1
1293,1,0.994927167892456,1
1294,0,0.0004776787827722728,0
1295,0,0.00012182186765130609,0
1296,0,0.0001955109619302675,0
1297,1,0.9857942461967468,1
1298,1,0.9980043768882751,1
1299,1,0.9350997805595398,1
1300,1,0.9378100633621216,1
1301,1,0.9993963241577148,1
1302,1,0.8004546761512756,1
1303,1,0.6773731708526611,1
1304,1,0.9978945851325989,1
1305,1,0.9999815225601196,1
1306,0,0.018244389444589615,0
1307,0,0.04814403876662254,0
1308,0,0.01109706237912178,0
1309,1,0.9999972581863403,1
1310,0,0.1334122121334076,0
1311,0,0.003301898017525673,0
1312,1,0.9926338791847229,1
1313,0,0.03735305368900299,0
1314,0,0.028762999922037125,0
1315,1,0.9999382495880127,1
1316,1,0.9922702312469482,1
1317,0,0.000241155328694731,0
1318,0,0.000528366828802973,0
1319,0,0.016864636912941933,0
1320,1,0.8035721182823181,1
1321,0,0.023821625858545303,0
1322,1,0.5975283980369568,1
1323,1,0.4103876054286957,0
1324,0,3.9154765545390546e-05,0
1325,1,0.9961841702461243,1
1326,1,0.8088028430938721,1
1327,0,0.27085310220718384,0
1328,0,0.029238685965538025,0
1329,1,0.9979063272476196,1
1330,1,0.9968532919883728,1
1331,1,0.9781072735786438,1
1332,1,0.9993409514427185,1
1333,0,0.35628217458724976,0
1334,0,0.007721525616943836,0
1335,0,0.8987182974815369,1
1336,1,0.9999862909317017,1
1337,1,0.7900548577308655,1
1338,0,1.2305917152843904e-05,0
1339,0,0.12521298229694366,0
1340,1,0.9898762106895447,1
1341,0,0.0038690122310072184,0
1342,1,0.9923670887947083,1
1343,1,0.8983041644096375,1
1344,1,0.9996926784515381,1
1345,0,4.191589687252417e-05,0
1346,0,0.002500693779438734,0
1347,0,0.004574669525027275,0
1348,1,0.8136266469955444,1
1349,1,0.9755898118019104,1
1350,0,0.9090386033058167,1
1351,1,0.9999979734420776,1
1352,0,0.01842651329934597,0
1353,0,0.11593928933143616,0
1354,0,0.05532822012901306,0
1355,1,0.9992677569389343,1
1356,0,0.1539151817560196,0
1357,0,0.021716337651014328,0
1358,1,0.596547544002533,1
1359,1,0.9865574240684509,1
1360,1,0.9908406138420105,1
1361,1,0.9963990449905396,1
1362,0,0.08178813010454178,0
1363,0,0.3462158739566803,0
1364,0,0.032555028796195984,0
1365,0,0.025898125022649765,0
1366,0,0.17783311009407043,0
1367,0,0.01950562372803688,0
1368,1,0.9916049242019653,1
1369,0,0.0005444902926683426,0
1370,1,0.9995893836021423,1
1371,1,0.6788809299468994,1
1372,0,0.020620588213205338,0
1373,0,0.0005013852496631444,0
1374,0,0.03195861354470253,0
1375,0,0.017360886558890343,0
1376,0,7.027416722849011e-05,0
1377,1,0.9999959468841553,1
1378,1,0.9966844916343689,1
1379,0,0.2303602248430252,0
1380,1,0.9991788268089294,1
1381,1,0.8427404165267944,1
1382,0,0.038997408002614975,0
1383,0,0.00011680456373142079,0
1384,1,1.0,1
1385,0,0.0001725304318824783,0
1386,1,0.958952784538269,1
1387,0,0.07442204654216766,0
1388,0,0.08126816153526306,0
1389,0,0.034453824162483215,0
1390,0,0.004139076918363571,0
1391,1,0.8816666007041931,1
1392,0,0.027143124490976334,0
1393,1,0.999916672706604,1
1394,0,0.020981857553124428,0
1395,1,0.8846135139465332,1
1396,1,0.9999979734420776,1
1397,1,0.9993071556091309,1
1398,1,0.9993821382522583,1
1399,1,0.8775938153266907,1
1400,1,0.9999592304229736,1
1401,1,0.9996213912963867,1
1402,1,0.9120827913284302,1
1403,0,0.021063322201371193,0
1404,1,0.9937886595726013,1
1405,0,0.014840345829725266,0
1406,1,0.9937353730201721,1
1407,0,0.0017009449657052755,0
1408,0,0.013851619325578213,0
1409,1,0.99432772397995,1
1410,1,0.9999550580978394,1
1411,0,0.03530910983681679,0
1412,1,0.9788868427276611,1
1413,0,0.05782759562134743,0
1414,0,0.031017757952213287,0
1415,1,0.8713713884353638,1
1416,1,0.8814911842346191,1
1417,1,0.9996106028556824,1
1418,0,0.005815453361719847,0
1419,0,0.013520008884370327,0
1420,1,0.1327349841594696,0
1421,1,0.9999406337738037,1
1422,0,0.002203103620558977,0
1423,0,0.07311948388814926,0
1424,1,0.9091694355010986,1
1425,0,0.05670681968331337,0
1426,1,0.999944806098938,1
1427,0,0.17833290994167328,0
1428,0,0.0011405101977288723,0
1429,1,0.06956344097852707,0
1430,0,0.034128338098526,0
1431,0,0.20708972215652466,0
1432,0,0.006450222805142403,0
1433,0,0.0014601724687963724,0
1434,0,0.0003622783988248557,0
1435,1,0.9884812831878662,1
1436,1,0.9924348592758179,1
1437,1,0.9933835864067078,1
1438,0,0.015812987461686134,0
1439,1,0.9956337809562683,1
1440,0,0.548041045665741,1
1441,0,0.004731269087642431,0
1442,1,0.9893108606338501,1
1443,0,0.00021665162057615817,0
1444,1,0.9945446252822876,1
1445,1,0.6021310687065125,1
1446,0,0.02992982231080532,0
1447,0,0.009418962523341179,0
1448,1,0.9946892261505127,1
1449,0,0.2310434877872467,0
1450,1,0.9997050166130066,1
1451,1,0.8697473406791687,1
1452,0,0.00817170087248087,0
1453,1,0.9997691512107849,1
1454,0,0.00033316726330667734,0
1455,0,0.006028105970472097,0
1456,0,0.011755607090890408,0
1457,0,0.49141353368759155,0
1458,0,0.010313867591321468,0
1459,0,0.0770912766456604,0
1460,1,0.9794225096702576,1
1461,0,0.046736788004636765,0
1462,1,0.8796998858451843,1
1463,1,0.9998890161514282,1
1464,1,0.9998917579650879,1
1465,0,0.9719573259353638,1
1466,0,0.0038853550795465708,0
1467,0,0.0014005396515130997,0
1468,0,0.1056794598698616,0
1469,0,0.04810048267245293,0
1470,1,0.9330634474754333,1
1471,0,0.010468986816704273,0
1472,1,0.9577363729476929,1
1473,0,0.026805363595485687,0
1474,0,0.6273453831672668,1
1475,1,0.755488395690918,1
1476,1,0.6122122406959534,1
1477,0,0.600005567073822,1
1478,0,0.18633514642715454,0
1479,0,0.04081692546606064,0
1480,0,0.03950869292020798,0
1481,0,0.9350276589393616,1
1482,1,0.9999929666519165,1
1483,0,0.001081189839169383,0
1484,1,0.997623860836029,1
1485,0,0.002123793587088585,0
1486,0,0.07699639350175858,0
1487,0,0.0022585338447242975,0
1488,1,0.9784305095672607,1
1489,1,0.9999901056289673,1
1490,1,0.9962292313575745,1
1491,1,0.9912119507789612,1
1492,0,0.4000713527202606,0
1493,0,0.11111553758382797,0
1494,0,0.022352950647473335,0
1495,1,0.8570534586906433,1
1496,1,0.9982545971870422,1
1497,0,0.011014905758202076,0
1498,1,0.9823366403579712,1
1499,1,0.996833860874176,1
1500,0,0.06780817359685898,0
1501,1,0.9951303005218506,1
1502,1,0.9999336004257202,1
1503,1,0.9992152452468872,1
1504,1,0.999951958656311,1
1505,0,0.09244155883789062,0
1506,0,0.002121521160006523,0
1507,0,0.030606945976614952,0
1508,0,0.024526042863726616,0
1509,0,0.02038043737411499,0
1510,0,0.034934647381305695,0
1511,1,1.0,1
1512,0,0.09338729083538055,0
1513,0,0.006478754337877035,0
1514,1,0.9887569546699524,1
1515,0,0.004981804173439741,0
1516,1,0.9806731939315796,1
1517,1,0.8726775050163269,1
1518,0,0.007445594761520624,0
1519,1,0.9999990463256836,1
1520,1,0.9996328353881836,1
1521,0,0.05531572178006172,0
1522,1,0.4013816714286804,0
1523,1,0.7151424884796143,1
1524,1,0.9793930053710938,1
1525,0,0.003932910971343517,0
1526,1,0.08715005964040756,0
1527,0,0.0002899310493376106,0
1528,1,0.9939579963684082,1
1529,0,0.005829602014273405,0
1530,1,0.9779015779495239,1
1531,1,0.9972667694091797,1
1532,1,0.999997615814209,1
1533,0,0.09447796642780304,0
1534,1,0.3899086117744446,0
1535,0,0.08714266866445541,0
1536,0,0.06289685517549515,0
1537,1,0.5021218061447144,1
1538,0,4.259536217432469e-05,0
1539,0,0.0003703710390254855,0
1540,1,0.9999974966049194,1
1541,1,0.9868043661117554,1
1542,0,0.2818091809749603,0
1543,1,0.9996017813682556,1
1544,1,0.9992148876190186,1
1545,1,0.982466995716095,1
1546,0,0.015079807490110397,0
1547,0,0.09077674895524979,0
1548,1,0.655509352684021,1
1549,0,0.006007216405123472,0
1550,1,0.9949500560760498,1
1551,0,0.31650233268737793,0
1552,1,0.7017094492912292,1
1553,0,0.0035150707699358463,0
1554,1,0.9939501285552979,1
1555,1,0.9925111532211304,1
1556,0,0.01872396469116211,0
1557,0,0.06791888922452927,0
1558,0,0.004621792584657669,0
1559,0,0.008099217899143696,0
1560,1,0.8366899490356445,1
1561,0,0.011212288402020931,0
1562,1,0.42350950837135315,0
1563,1,0.955390214920044,1
1564,0,0.009564944542944431,0
1565,1,0.9998025298118591,1
1566,1,0.9960787892341614,1
1567,1,0.9298227429389954,1
1568,1,0.8551138043403625,1
1569,0,0.17595863342285156,0
1570,1,0.8583583831787109,1
1571,0,0.023037375882267952,0
1572,0,0.046004533767700195,0
1573,0,0.008624891750514507,0
1574,0,0.02648903615772724,0
1575,1,0.17603126168251038,0
1576,0,0.15250445902347565,0
1577,0,0.014554730616509914,0
1578,1,0.9999980926513672,1
1579,0,0.0004556070198304951,0
1580,0,0.037740085273981094,0
1581,1,0.760240912437439,1
1582,0,0.013051938265562057,0
1583,0,0.019275756552815437,0
1584,1,0.9516296982765198,1
1585,0,0.003741901135072112,0
1586,0,0.14366810023784637,0
1587,0,1.0527472937837956e-07,0
1588,1,0.9045674800872803,1
1589,0,2.8675910925812786e-06,0
1590,1,0.8701276183128357,1
1591,1,0.9828885793685913,1
1592,1,0.7497053742408752,1
1593,0,0.12263859063386917,0
1594,0,0.002109495922923088,0
1595,1,0.9999427795410156,1
1596,1,0.9958953857421875,1
1597,1,0.9726030826568604,1
1598,0,0.05472831800580025,0
1599,0,0.10917927324771881,0
1600,0,0.020417269319295883,0
1601,1,0.9999996423721313,1
1602,0,0.04256489500403404,0
1603,0,0.30510133504867554,0
1604,1,0.9654832482337952,1
1605,1,0.004942221101373434,0
1606,1,0.9301524758338928,1
1607,1,0.9999890327453613,1
1608,0,0.04257583990693092,0
1609,0,0.07612526416778564,0
1610,0,0.005774264689534903,0
1611,0,0.32936814427375793,0
1612,1,0.9743579626083374,1
1613,0,2.7935717298532836e-05,0
1614,1,0.934266209602356,1
1615,1,0.9165183901786804,1
1616,0,0.0034202260430902243,0
1617,0,4.4498865463538095e-05,0
1618,0,0.0689324364066124,0
1619,0,0.24976935982704163,0
1620,0,0.001242598402313888,0
1621,1,0.7772545218467712,1
1622,0,0.008787927217781544,0
1623,0,0.043249838054180145,0
1624,0,0.018984060734510422,0
1625,1,0.9982926249504089,1
1626,0,0.005788909271359444,0
1627,0,0.02184499055147171,0
1628,0,0.0026612759102135897,0
1629,0,0.02024274319410324,0
1630,1,0.8236499428749084,1
1631,1,0.5065624713897705,1
1632,0,0.11597957462072372,0
1633,0,0.008069274015724659,0
1634,0,0.02100588008761406,0
1635,1,0.7413891553878784,1
1636,1,0.9995427131652832,1
1637,1,0.18777695298194885,0
1638,0,0.007980392314493656,0
1639,0,0.0013207764131948352,0
1640,1,0.999997615814209,1
1641,1,0.9999712705612183,1
1642,1,0.834618091583252,1
1643,0,0.17334866523742676,0
1644,0,9.184952068608254e-05,0
1645,0,0.032436709851026535,0
1646,1,0.934550940990448,1
1647,0,0.03705352172255516,0
1648,0,0.13631753623485565,0
1649,0,0.0019929951522499323,0
1650,1,0.852027416229248,1
1651,1,0.9949226975440979,1
1652,0,2.54049136856338e-05,0
1653,1,0.9999958276748657,1
1654,0,0.011380840092897415,0
1655,1,0.9871728420257568,1
1656,0,0.2832013964653015,0
1657,0,0.07408200204372406,0
1658,0,0.0067413803189992905,0
1659,1,0.9239776134490967,1
1660,1,0.875756025314331,1
1661,1,0.9973140358924866,1
1662,0,0.3471794128417969,0
1663,0,0.01730712503194809,0
1664,0,3.3402480426047987e-07,0
1665,1,0.4727810025215149,0
1666,0,0.5673155784606934,1
1667,0,0.03121999464929104,0
1668,0,0.015007514506578445,0
1669,0,0.6939139366149902,1
1670,1,0.9319884181022644,1
1671,1,0.04147223383188248,0
1672,0,0.4959040582180023,0
1673,1,0.9945210218429565,1
1674,0,0.14961543679237366,0
1675,1,0.8797872066497803,1
1676,0,0.003661133348941803,0
1677,0,5.7505320000927895e-05,0
1678,0,0.09011760354042053,0
1679,0,0.0001045982280629687,0
1680,0,0.38876503705978394,0
1681,1,0.5696879029273987,1
1682,1,0.3974400460720062,0
1683,0,0.03179476410150528,0
1684,0,0.394522100687027,0
1685,0,0.010426299646496773,0
1686,0,0.0014593723462894559,0
1687,1,0.998939573764801,1
1688,1,0.9999397993087769,1
1689,0,0.011734952218830585,0
1690,0,0.02609231136739254,0
1691,0,0.05903191491961479,0
1692,0,0.004270843230187893,0
1693,1,0.907328724861145,1
1694,0,0.3463408946990967,0
1695,1,0.9695426225662231,1
1696,1,0.9897741079330444,1
1697,1,0.7214549779891968,1
1698,1,0.6818690299987793,1
1699,1,0.9935263395309448,1
1700,0,0.10017324984073639,0
1701,1,0.5345155596733093,1
1702,1,0.03393326327204704,0
1703,0,0.08472451567649841,0
1704,1,1.0,1
1705,0,0.16420215368270874,0
1706,1,0.5227242708206177,1
1707,1,0.9999983310699463,1
1708,0,0.5222815871238708,1
1709,1,0.9999675750732422,1
1710,0,6.169392552379804e-09,0
1711,0,0.04247576743364334,0
1712,1,0.9911351203918457,1
1713,1,0.9971603155136108,1
1714,1,0.9994656443595886,1
1715,0,0.02009531669318676,0
1716,0,0.013689843937754631,0
1717,0,0.005038195289671421,0
1718,1,0.9806734323501587,1
1719,0,0.001321298535913229,0
1720,1,0.9571086168289185,1
1721,0,0.13413454592227936,0
1722,0,0.8267390727996826,1
1723,1,0.9100534915924072,1
1724,1,0.26705020666122437,0
1725,1,0.2900194227695465,0
1726,1,0.9517953991889954,1
1727,1,0.9998905658721924,1
1728,1,0.9791392683982849,1
1729,0,0.011445644311606884,0
1730,0,0.37973737716674805,0
1731,1,0.14904779195785522,0
1732,0,2.6467714633326977e-05,0
1733,0,0.6524232625961304,1
1734,1,0.35082074999809265,0
1735,1,0.8362686038017273,1
1736,0,0.038749419152736664,0
1737,1,0.9961026906967163,1
1738,0,3.412955629755743e-05,0
1739,0,0.13684724271297455,0
1740,1,0.9999070167541504,1
1741,1,0.9984721541404724,1
1742,0,0.002886443166062236,0
1743,1,0.9999896287918091,1
1744,0,0.0004290158103685826,0
1745,1,0.9995707869529724,1
1746,1,0.9313709735870361,1
1747,0,0.07662470638751984,0
1748,0,0.0006769545143470168,0
1749,1,0.9993118047714233,1
1750,0,0.11398288607597351,0
1751,1,0.9998737573623657,1
1752,0,0.0019177913200110197,0
1753,0,0.09774971008300781,0
1754,1,0.5982294082641602,1
1755,0,0.5164018273353577,1
1756,1,0.9917725920677185,1
1757,1,0.9636973738670349,1
1758,1,0.9999998807907104,1
1759,0,0.7041454911231995,1
1760,1,0.9794108867645264,1
1761,0,0.03607871010899544,0
1762,1,0.9996172189712524,1
1763,1,0.7201313376426697,1
1764,1,0.9999986886978149,1
1765,0,0.6694056391716003,1
1766,1,0.9820871949195862,1
1767,1,0.9234938621520996,1
1768,0,0.030426202341914177,0
1769,0,0.00394270708784461,0
1770,1,0.991727352142334,1
1771,0,0.32924914360046387,0
1772,0,0.05999825894832611,0
1773,0,0.010486111044883728,0
1774,0,0.0004018254403490573,0
1775,0,0.06353481858968735,0
1776,0,0.026141442358493805,0
1777,0,0.5172627568244934,1
1778,0,0.0014310089172795415,0
1779,0,0.13106873631477356,0
1780,0,0.15113499760627747,0
1781,0,0.0009442263399250805,0
1782,1,0.6617250442504883,1
1783,0,6.469829531852156e-05,0
1784,0,0.005653683561831713,0
1785,1,0.9963349103927612,1
1786,0,0.002206819597631693,0
1787,0,0.0003217529447283596,0
1788,1,0.7965632081031799,1
1789,1,0.14827027916908264,0
1790,0,0.002222075592726469,0
1791,1,0.993676483631134,1
1792,1,0.9970020651817322,1
1793,0,0.00023931557370815426,0
1794,0,0.001711328630335629,0
1795,0,0.013749276287853718,0
1796,0,0.16967929899692535,0
1797,1,0.9999924898147583,1
1798,1,0.9989550113677979,1
1799,0,0.5456768870353699,1
1800,0,0.8236002922058105,1
1801,0,0.030715221539139748,0
1802,1,0.9999688863754272,1
1803,0,0.10547027736902237,0
1804,0,0.002184981480240822,0
1805,1,0.9767681360244751,1
1806,0,0.08966689556837082,0
1807,0,0.02346351556479931,0
1808,0,0.053354114294052124,0
1809,0,0.6189755797386169,1
1810,0,0.006310010328888893,0
1811,0,0.6182892918586731,1
1812,0,1.903576048789546e-05,0
1813,0,0.002965847495943308,0
1814,0,0.0028439750894904137,0
1815,1,0.643757700920105,1
1816,0,0.0154502522200346,0
1817,1,0.7363091111183167,1
1818,1,0.9678059220314026,1
1819,0,0.010215108282864094,0
1820,1,0.8255882859230042,1
1821,1,0.9999842643737793,1
1822,1,0.98785001039505,1
1823,1,0.9568119049072266,1
1824,1,0.8230932354927063,1
1825,1,0.9978477954864502,1
1826,0,0.06078613921999931,0
1827,0,0.00026954649365507066,0
1828,1,0.7469989061355591,1
1829,1,0.9999260902404785,1
1830,0,0.004192081745713949,0
1831,0,0.008167164400219917,0
1832,1,0.998264729976654,1
1833,1,0.5837421417236328,1
1834,1,0.8567197918891907,1
1835,1,0.9999853372573853,1
1836,1,0.9999991655349731,1
1837,1,0.9993718266487122,1
1838,1,0.9325513243675232,1
1839,1,0.8226928114891052,1
1840,1,0.9888647794723511,1
1841,1,0.8748524785041809,1
1842,0,0.003248431021347642,0
1843,0,0.00034872323158197105,0
1844,0,0.0399433933198452,0
1845,1,0.9972234964370728,1
1846,1,0.25246673822402954,0
1847,0,3.859756179735996e-05,0
1848,1,0.9967895150184631,1
1849,0,0.13400422036647797,0
1850,0,0.0005490608746185899,0
1851,1,0.3793860375881195,0
1852,1,0.9858211874961853,1
1853,0,0.0011923812562599778,0
1854,0,0.998846173286438,1
1855,0,0.07216645777225494,0
1856,0,5.836059699504403e-06,0
1857,1,0.8756330013275146,1
1858,0,0.01859583705663681,0
1859,1,0.2834004759788513,0
1860,0,0.01765824481844902,0
1861,0,0.22263024747371674,0
1862,1,0.9997716546058655,1
1863,1,0.9714804291725159,1
1864,1,0.9991175532341003,1
1865,1,0.986386775970459,1
1866,1,0.10857148468494415,0
1867,0,0.0026299734599888325,0
1868,1,0.9295519590377808,1
1869,0,0.39284294843673706,0
1870,0,0.027134831994771957,0
1871,0,0.019688626751303673,0
1872,1,0.02554372139275074,0
1873,1,0.9967285394668579,1
1874,1,1.0,1
1875,0,0.09208591282367706,0
1876,1,0.8814642429351807,1
1877,0,0.010858030989766121,0
1878,1,1.0,1
1879,0,0.06501306593418121,0
1880,0,0.007427377626299858,0
1881,1,0.06475958228111267,0
1882,1,0.5715959072113037,1
1883,0,0.2697051167488098,0
1884,1,0.9950506091117859,1
1885,1,0.9999992847442627,1
1886,0,0.008857420645654202,0
1887,1,0.9983738660812378,1
1888,0,0.010672545991837978,0
1889,0,0.1499333381652832,0
1890,1,0.9805768132209778,1
1891,0,0.12282126396894455,0
1892,1,0.9939243197441101,1
1893,1,0.9952274560928345,1
1894,1,0.9681951999664307,1
1895,1,0.9999992847442627,1
1896,0,0.35135695338249207,0
1897,0,0.006993075832724571,0
1898,1,0.9780853986740112,1
1899,0,0.05895340442657471,0
1900,0,0.03999847173690796,0
1901,1,0.9445396661758423,1
1902,1,0.9993100166320801,1
1903,1,1.0,1
1904,0,0.44821369647979736,0
1905,1,0.32054129242897034,0
1906,0,0.053681593388319016,0
1907,1,0.9998959302902222,1
1908,0,0.07277705520391464,0
1909,1,0.9999183416366577,1
1910,0,0.6187657117843628,1
1911,0,0.17401231825351715,0
1912,0,0.004595641046762466,0
1913,0,0.02563410997390747,0
1914,1,1.0,1
1915,0,0.03384731709957123,0
1916,1,0.40760377049446106,0
1917,0,0.43025755882263184,0
1918,0,0.03860947862267494,0
1919,0,0.1402578055858612,0
1920,0,0.03249318152666092,0
1921,0,0.0018606687663123012,0
1922,1,0.9838739633560181,1
1923,0,0.5584638118743896,1
1924,0,0.6455413103103638,1
1925,0,0.001299807452596724,0
1926,0,0.003995794802904129,0
1927,0,0.04786274582147598,0
1928,0,0.5832732319831848,1
1929,0,0.3828583061695099,0
1930,1,0.9999988079071045,1
1931,1,0.7916046380996704,1
1932,1,0.900650680065155,1
1933,0,0.004580045118927956,0
1934,1,8.493398695463839e-07,0
1935,1,0.99985671043396,1
1936,0,0.008295104838907719,0
1937,1,0.9936935305595398,1
1938,0,0.0018680149223655462,0
1939,1,0.7780119180679321,1
1940,1,0.9999926090240479,1
1941,1,0.02304695174098015,0
1942,0,0.00021516039851121604,0
1943,1,0.3249572515487671,0
1944,0,0.868576169013977,1
1945,1,0.9999995231628418,1
1946,0,0.028698841109871864,0
1947,0,0.0002636849239934236,0
1948,0,0.10911370068788528,0
1949,0,0.07786914706230164,0
1950,0,0.0071037630550563335,0
1951,0,0.5004675388336182,1
1952,0,0.0011841896921396255,0
1953,1,0.30335724353790283,0
1954,1,0.9980589747428894,1
1955,1,0.9994425177574158,1
1956,0,0.021278992295265198,0
1957,1,0.9434501528739929,1
1958,1,0.9956976175308228,1
1959,1,0.8496055006980896,1
1960,0,0.24218325316905975,0
1961,1,0.9711481928825378,1
1962,0,0.000853990379255265,0
1963,0,0.00018865223682951182,0
1964,1,0.9733483195304871,1
1965,0,0.6113104224205017,1
1966,1,1.0,1
1967,1,0.9898239970207214,1
1968,1,0.4536914527416229,0
1969,1,0.5034869313240051,1
1970,0,0.008618137799203396,0
1971,1,0.3500692546367645,0
1972,0,0.04976900666952133,0
1973,0,0.24513688683509827,0
1974,0,0.06260284036397934,0
1975,0,0.37599629163742065,0
1976,1,0.8479637503623962,1
1977,1,0.9147367477416992,1
1978,1,0.4981473982334137,0
1979,0,0.067365862429142,0
1980,0,0.14748036861419678,0
1981,0,0.008333618752658367,0
1982,1,0.9952437281608582,1
1983,1,0.9999034404754639,1
1984,1,0.7801942229270935,1
1985,1,0.9901594519615173,1
1986,0,0.01034111063927412,0
1987,1,0.9999258518218994,1
1988,1,0.995821475982666,1
1989,1,0.9847826361656189,1
1990,0,0.09885521978139877,0
1991,0,0.4119585454463959,0
1992,1,0.9740741848945618,1
1993,1,0.9179058074951172,1
1994,1,0.9892743229866028,1
1995,1,0.9947953820228577,1
1996,0,0.6276304721832275,1
1997,0,0.12102460861206055,0
1998,0,0.1917157769203186,0
1999,1,0.9963078498840332,1
2000,1,0.9533815383911133,1
2001,0,0.03541181609034538,0
2002,0,0.0056754834949970245,0
2003,0,0.0038217194378376007,0
2004,0,0.07701438665390015,0
2005,0,0.2640693187713623,0
2006,1,0.9999783039093018,1
2007,1,1.0,1
2008,0,0.1527635157108307,0
2009,1,0.9706313610076904,1
2010,0,0.08313032239675522,0
2011,0,0.06320402026176453,0
2012,1,0.9995601773262024,1
2013,0,0.0011314362054690719,0
2014,0,1.1088429346273188e-05,0
2015,1,0.8680002689361572,1
2016,0,0.00864571426063776,0
2017,0,0.001723966677673161,0
2018,1,0.9999884366989136,1
2019,1,0.999593198299408,1
2020,0,0.19459761679172516,0
2021,1,0.9999791383743286,1
2022,0,0.011355026625096798,0
2023,0,0.4930567443370819,0
2024,1,0.9541170001029968,1
2025,0,0.01989583671092987,0
2026,1,0.9562795758247375,1
2027,0,0.15766064822673798,0
2028,0,0.004651627037674189,0
2029,1,0.9560397267341614,1
2030,1,0.9999403953552246,1
2031,1,0.9999896287918091,1
2032,1,0.7835656404495239,1
2033,1,0.9277041554450989,1
2034,1,0.9606236815452576,1
2035,1,0.9714615345001221,1
2036,0,0.15456616878509521,0
2037,0,0.5061328411102295,1
2038,0,0.057266540825366974,0
2039,0,0.12756945192813873,0
2040,1,0.9999955892562866,1
2041,1,0.9696422815322876,1
2042,0,0.1094835177063942,0
2043,0,0.029974989593029022,0
2044,0,0.3144413232803345,0
2045,1,0.08371113985776901,0
2046,1,0.9995318651199341,1
2047,0,0.1909041702747345,0
2048,0,0.03506745398044586,0
2049,0,0.030380267649888992,0
2050,1,0.8315092325210571,1
2051,1,0.991288423538208,1
2052,0,0.9615964889526367,1
2053,1,0.9564105272293091,1
2054,0,0.9108572602272034,1
2055,1,0.9918212890625,1
2056,0,0.02147672325372696,0
2057,1,0.9961114525794983,1
2058,1,0.9277278780937195,1
2059,1,0.991450846195221,1
2060,1,0.8773382306098938,1
2061,1,0.7913733124732971,1
2062,1,0.9772154688835144,1
2063,0,0.0007389733800664544,0
2064,1,0.9995514750480652,1
2065,1,0.9948438405990601,1
2066,1,0.9543386101722717,1
2067,0,0.0048126340843737125,0
2068,0,0.10937110334634781,0
2069,1,0.9964543581008911,1
2070,1,0.8062906265258789,1
2071,1,0.9978867173194885,1
2072,1,0.8735907673835754,1
2073,0,0.01431164238601923,0
2074,1,0.9837456941604614,1
2075,1,0.9980042576789856,1
2076,0,0.06650857627391815,0
2077,1,0.9964260458946228,1
2078,1,0.9911216497421265,1
2079,1,0.6725603342056274,1
2080,0,0.5150049924850464,1
2081,0,0.013867370784282684,0
2082,0,0.008901656605303288,0
2083,0,0.010895012877881527,0
2084,1,0.9627633094787598,1
2085,1,0.6973084211349487,1
2086,1,0.6730251312255859,1
2087,1,0.9999943971633911,1
2088,0,0.17638854682445526,0
2089,0,0.26538121700286865,0
2090,1,0.9928326606750488,1
2091,1,0.10308961570262909,0
2092,0,0.00031952265999279916,0
2093,1,0.695762038230896,1
2094,0,4.519712820183486e-05,0
2095,1,0.09259985387325287,0
2096,1,0.9998698234558105,1
2097,0,3.272199364801054e-06,0
2098,1,0.999508261680603,1
2099,1,0.9253501296043396,1
2100,0,0.007747028023004532,0
2101,0,0.017893429845571518,0
2102,1,0.9991258978843689,1
2103,0,0.0014400964137166739,0
2104,1,0.9969578981399536,1
2105,1,0.8665091395378113,1
2106,1,0.5936778783798218,1
2107,0,0.005716721992939711,0
2108,0,0.005448289681226015,0
2109,0,0.7784680128097534,1
2110,1,0.9994996786117554,1
2111,0,0.06501271575689316,0
2112,0,0.7808835506439209,1
2113,0,0.038412146270275116,0
2114,1,0.9812528491020203,1
2115,0,0.0002778009802568704,0
2116,1,0.9385905265808105,1
2117,0,0.006756994873285294,0
2118,1,0.2623845338821411,0
2119,0,0.21874451637268066,0
2120,0,0.012121276929974556,0
2121,0,0.1523546278476715,0
2122,0,0.6041952967643738,1
2123,1,0.9999696016311646,1
2124,0,0.07693907618522644,0
2125,0,0.006654154974967241,0
2126,1,0.912517249584198,1
2127,0,0.0024475115351378918,0
2128,1,0.7595455050468445,1
2129,1,0.9969022274017334,1
2130,1,0.9858028888702393,1
2131,1,0.536203920841217,1
2132,0,0.27008378505706787,0
2133,1,0.9891852140426636,1
2134,0,0.12963439524173737,0
2135,0,0.19287975132465363,0
2136,1,0.9746468663215637,1
2137,0,0.0451517291367054,0
2138,1,0.9708778858184814,1
2139,0,0.0032708225771784782,0
2140,0,0.05898914858698845,0
2141,0,0.1751585453748703,0
2142,1,0.996248185634613,1
2143,1,0.9648154377937317,1
2144,0,5.022034019930288e-05,0
2145,0,0.2827724516391754,0
2146,1,0.960364818572998,1
2147,1,0.9893418550491333,1
2148,1,0.9966901540756226,1
2149,1,0.9987378716468811,1
2150,0,0.4013296961784363,0
2151,0,0.013316618278622627,0
2152,0,0.021905768662691116,0
2153,1,0.9990444779396057,1
2154,1,0.9991768002510071,1
2155,1,0.9999908208847046,1
2156,0,0.5674299001693726,1
2157,0,0.2084924727678299,0
2158,0,0.1385670304298401,0
2159,0,0.05758078768849373,0
2160,0,0.7407381534576416,1
2161,0,0.015347474254667759,0
2162,0,0.0015039680292829871,0
2163,1,0.9998492002487183,1
2164,1,0.9806689620018005,1
2165,1,0.9513933062553406,1
2166,1,0.9999991655349731,1
2167,0,0.03306126594543457,0
2168,1,0.8166488409042358,1
2169,1,0.9999972581863403,1
2170,0,0.0388367734849453,0
2171,1,0.9121327996253967,1
2172,0,0.04711674898862839,0
2173,0,0.010416426695883274,0
2174,0,0.46706143021583557,0
2175,0,0.1645352691411972,0
2176,1,0.9992423057556152,1
2177,0,0.11531093716621399,0
2178,0,0.0033909594640135765,0
2179,0,0.023749954998493195,0
2180,0,0.13249288499355316,0
2181,1,0.9997754693031311,1
2182,1,0.8959387540817261,1
2183,0,0.003251014044508338,0
2184,1,0.23583880066871643,0
2185,1,0.9998902082443237,1
2186,0,5.483205445244721e-09,0
2187,0,0.011159556917846203,0
2188,0,0.05953044816851616,0
2189,0,0.0010064106900244951,0
2190,1,0.8303459882736206,1
2191,1,0.7587506771087646,1
2192,1,0.9980436563491821,1
2193,1,0.9998295307159424,1
2194,0,0.6703619956970215,1
2195,1,0.9973135590553284,1
2196,0,0.01935618370771408,0
2197,1,0.964158833026886,1
2198,0,0.008133632130920887,0
2199,1,0.9242532849311829,1
2200,1,0.9986938834190369,1
2201,0,0.05156687647104263,0
2202,0,0.00042597876745276153,0
2203,0,3.149683470837772e-05,0
2204,1,0.7826756238937378,1
2205,1,0.9999924898147583,1
2206,1,0.9942944645881653,1
2207,1,0.9977795481681824,1
2208,1,0.9999721050262451,1
2209,0,0.0887780636548996,0
2210,1,0.932669460773468,1
2211,0,0.0003118175081908703,0
2212,0,0.014869969338178635,0
2213,0,0.01826561614871025,0
2214,1,0.7995927929878235,1
2215,0,0.0087744714692235,0
2216,0,9.787001908989623e-05,0
2217,1,0.7347057461738586,1
2218,0,0.04542796313762665,0
2219,1,0.9998897314071655,1
2220,0,0.0041307066567242146,0
2221,0,0.004345483612269163,0
2222,1,0.8848689198493958,1
2223,1,0.7915749549865723,1
2224,1,0.8002740144729614,1
2225,1,0.9373747706413269,1
2226,1,0.9917142987251282,1
2227,0,1.0961117368424311e-05,0
2228,0,0.004992041736841202,0
2229,1,0.67391437292099,1
2230,1,0.9898861646652222,1
2231,1,0.532979428768158,1
2232,1,0.3307042419910431,0
2233,1,0.9994909763336182,1
2234,0,1.2660243520201675e-08,0
2235,0,0.01796279288828373,0
2236,0,0.003831112990155816,0
2237,0,0.9571621417999268,1
2238,0,4.123708640690893e-05,0
2239,1,0.8041576743125916,1
2240,1,0.9999880790710449,1
2241,1,0.9971519708633423,1
2242,1,0.3122750222682953,0
2243,1,0.9792636036872864,1
2244,0,0.0063139996491372585,0
2245,0,0.018346011638641357,0
2246,0,0.10106286406517029,0
2247,0,0.0028881332837045193,0
2248,1,0.9944873452186584,1
2249,0,0.01795927993953228,0
2250,0,0.020176993682980537,0
2251,0,0.0019470963161438704,0
2252,0,0.02920469082891941,0
2253,1,0.8996176719665527,1
2254,0,0.17643074691295624,0
2255,1,0.3907085061073303,0
2256,1,0.9979234933853149,1
2257,0,0.0001376736763631925,0
2258,0,0.1134677603840828,0
2259,0,0.03403976932168007,0
2260,0,0.12278994172811508,0
2261,1,0.9999028444290161,1
2262,1,0.9999644756317139,1
2263,0,0.5466179847717285,1
2264,0,0.1067645326256752,0
2265,1,0.9996678829193115,1
2266,1,0.9536747336387634,1
2267,1,0.9997482895851135,1
2268,0,0.007302166428416967,0
2269,0,0.11802735179662704,0
2270,1,0.8582825064659119,1
2271,1,0.9996490478515625,1
2272,1,0.9791436791419983,1
2273,1,0.5653530359268188,1
2274,0,0.00015868931950535625,0
2275,1,0.8497371673583984,1
2276,0,0.06134139746427536,0
2277,1,0.9897394776344299,1
2278,0,0.31268420815467834,0
2279,1,0.9999960660934448,1
2280,1,0.9768198132514954,1
2281,1,0.9992761015892029,1
2282,0,0.01285644806921482,0
2283,0,0.045650728046894073,0
2284,0,0.077886663377285,0
2285,1,0.8622614741325378,1
2286,1,0.9965128302574158,1
2287,0,0.0027358424849808216,0
2288,1,0.5435866713523865,1
2289,0,0.11283653974533081,0
2290,1,0.22517605125904083,0
2291,0,0.0002677325683180243,0
2292,0,0.047604192048311234,0
2293,0,0.012483978644013405,0
2294,1,0.8904464840888977,1
2295,1,0.9685539603233337,1
2296,0,0.0054189059883356094,0
2297,1,0.88947993516922,1
2298,0,0.038273800164461136,0
2299,0,0.0117676742374897,0
2300,1,0.8838472366333008,1
2301,1,0.3266814351081848,0
2302,0,0.974380373954773,1
2303,1,0.9812295436859131,1
2304,1,0.804914653301239,1
2305,1,0.921011745929718,1
2306,0,0.005373773165047169,0
2307,0,0.04786210507154465,0
2308,1,0.9215137362480164,1
2309,1,0.9599291682243347,1
2310,1,0.9961370825767517,1
2311,1,0.9949883222579956,1
2312,1,0.5313541889190674,1
2313,1,0.8425995707511902,1
2314,1,0.9489597678184509,1
2315,1,0.9407030940055847,1
2316,0,5.0973179895663634e-05,0
2317,1,0.998011589050293,1
2318,0,0.2631663382053375,0
2319,1,0.9999997615814209,1
2320,1,0.9106737971305847,1
2321,1,0.9968949556350708,1
2322,0,0.25692132115364075,0
2323,1,0.6819396615028381,1
2324,0,0.002595155267044902,0
2325,1,0.3711300492286682,0
2326,0,0.5242848992347717,1
2327,0,0.0026952929329127073,0
2328,0,0.12154319882392883,0
2329,0,0.17349615693092346,0
2330,1,0.9894401431083679,1
2331,0,0.017757069319486618,0
2332,1,0.9950243830680847,1
2333,1,0.9710255265235901,1
2334,1,0.9823206663131714,1
2335,1,0.9979515671730042,1
2336,1,0.8482937216758728,1
2337,1,0.974100649356842,1
2338,0,0.10268858820199966,0
2339,0,0.0026803966611623764,0
2340,1,0.8310304880142212,1
2341,0,0.1188075989484787,0
2342,1,0.9277910590171814,1
2343,1,0.9999192953109741,1
2344,1,0.9513260126113892,1
2345,1,0.9843782782554626,1
2346,0,0.050486255437135696,0
2347,0,0.013465437106788158,0
2348,1,0.9967617392539978,1
2349,0,0.06751148402690887,0
2350,1,0.9946889877319336,1
2351,0,0.9939006567001343,1
2352,1,0.9572433829307556,1
2353,1,0.9724393486976624,1
2354,0,0.01940707117319107,0
2355,0,0.0022010679822415113,0
2356,1,0.9998644590377808,1
2357,0,0.11613904684782028,0
2358,0,0.02427382580935955,0
2359,0,0.7109292149543762,1
2360,1,0.8727195858955383,1
2361,1,0.9932500123977661,1
2362,0,0.007867783308029175,0
2363,0,0.00024611689150333405,0
2364,1,0.99092698097229,1
2365,0,0.0773085355758667,0
2366,1,0.9714505672454834,1
2367,0,0.008564923889935017,0
2368,0,0.11946973949670792,0
2369,0,0.019148049876093864,0
2370,0,0.1091841533780098,0
2371,0,0.003434183541685343,0
2372,1,0.9934849143028259,1
2373,1,0.5846025347709656,1
2374,1,0.8499835133552551,1
2375,0,0.026178201660513878,0
2376,0,0.0017498820088803768,0
2377,0,0.08658193796873093,0
2378,0,0.02272872067987919,0
2379,0,0.6792287826538086,1
2380,1,0.908549427986145,1
2381,0,0.007082545664161444,0
2382,0,0.04822840914130211,0
2383,1,0.9858019948005676,1
2384,0,0.24027423560619354,0
2385,1,0.8234859704971313,1
2386,0,0.0017501652473583817,0
2387,1,0.449747771024704,0
2388,0,0.40323564410209656,0
2389,1,0.999993085861206,1
2390,1,0.9757265448570251,1
2391,1,0.9998146891593933,1
2392,0,0.06589069217443466,0
2393,1,0.9993706345558167,1
2394,1,0.9973371624946594,1
2395,0,0.4393443763256073,0
2396,0,0.005764212924987078,0
2397,0,0.0034957907628268003,0
2398,0,0.14595279097557068,0
2399,0,0.013909591361880302,0
2400,0,0.09714982658624649,0
2401,1,0.9975152015686035,1
2402,0,0.04912842437624931,0
2403,1,0.9733362793922424,1
2404,0,0.39708980917930603,0
2405,1,0.9849724173545837,1
2406,0,0.14542700350284576,0
2407,0,0.0012683613458648324,0
2408,0,0.44323861598968506,0
2409,1,0.9963147044181824,1
2410,1,0.9520491361618042,1
2411,0,0.0008992754155769944,0
2412,0,0.2789746820926666,0
2413,1,0.8339149951934814,1
2414,1,0.9596154689788818,1
2415,0,0.7735590934753418,1
2416,1,0.923467218875885,1
2417,0,0.9129202961921692,1
2418,0,0.008990737609565258,0
2419,1,0.27632957696914673,0
2420,1,0.980840265750885,1
2421,1,0.477791965007782,0
2422,0,0.03153355419635773,0
2423,1,0.9999873638153076,1
2424,1,0.9425634145736694,1
2425,1,0.9966716766357422,1
2426,1,0.994807779788971,1
2427,1,0.988927960395813,1
2428,1,0.7640093564987183,1
2429,0,0.04955039173364639,0
2430,0,0.009734418243169785,0
2431,1,0.730144202709198,1
2432,1,0.7699436545372009,1
2433,0,0.01676630787551403,0
2434,1,0.9869231581687927,1
2435,1,0.92966228723526,1
2436,1,0.10094600170850754,0
2437,1,0.6609896421432495,1
2438,1,0.7591484189033508,1
2439,0,3.377662665116077e-07,0
2440,0,0.04748396947979927,0
2441,0,0.995220959186554,1
2442,1,0.9999955892562866,1
2443,1,0.9948500990867615,1
2444,1,0.9765847325325012,1
2445,0,0.637274444103241,1
2446,0,0.013044139370322227,0
2447,0,0.566520094871521,1
2448,0,2.0238314391463064e-05,0
2449,1,0.5993428826332092,1
2450,1,0.9959174990653992,1
2451,0,0.08611893653869629,0
2452,1,0.9990384578704834,1
2453,0,0.007191574666649103,0
2454,0,0.0002390469453530386,0
2455,1,0.9999997615814209,1
2456,0,0.00023399587371386588,0
2457,0,0.017272375524044037,0
2458,0,0.0012824018485844135,0
2459,0,0.0126831429079175,0
2460,1,0.8199848532676697,1
2461,1,0.8774644136428833,1
2462,0,0.016939280554652214,0
2463,1,0.967761754989624,1
2464,1,0.9995805621147156,1
2465,1,1.0,1
2466,1,0.9777994751930237,1
2467,0,0.03441113233566284,0
2468,0,0.13954925537109375,0
2469,0,0.16265520453453064,0
2470,0,0.0007484037196263671,0
2471,1,0.9993994235992432,1
2472,0,0.08850567787885666,0
2473,0,0.14722222089767456,0
2474,1,0.9993639588356018,1
2475,1,0.5922714471817017,1
2476,0,0.00303532462567091,0
2477,0,0.0004332401731517166,0
2478,1,0.9968500733375549,1
2479,0,0.11332979798316956,0
2480,0,0.00032856984762474895,0
2481,0,0.593177318572998,1
2482,0,0.02055910974740982,0
2483,1,0.771351158618927,1
2484,0,0.013386889360845089,0
2485,1,0.9781121015548706,1
2486,1,0.9998242259025574,1
2487,1,0.9504050016403198,1
2488,1,0.9988173842430115,1
2489,0,0.4635579586029053,0
2490,1,0.7259150743484497,1
2491,1,0.8933860063552856,1
2492,0,0.018199816346168518,0
2493,0,0.113604336977005,0
2494,0,0.05116162449121475,0
2495,1,0.9979597330093384,1
2496,1,0.1333150416612625,0
2497,1,0.9702082872390747,1
2498,1,0.9225566983222961,1
2499,0,0.003647296456620097,0
2500,0,0.007954495958983898,0
2501,1,0.9998937845230103,1
2502,0,0.550809383392334,1
2503,0,0.8734083771705627,1
2504,1,0.9999457597732544,1
2505,1,0.999972939491272,1
2506,0,0.0024113995023071766,0
2507,0,0.003642590017989278,0
2508,1,0.9187161326408386,1
2509,0,0.023699073120951653,0
2510,0,0.001065775635652244,0
2511,1,0.9999700784683228,1
2512,0,0.14794161915779114,0
2513,1,0.9918920993804932,1
2514,1,0.993782103061676,1
2515,1,0.6864074468612671,1
2516,0,1.0045831004390493e-05,0
2517,0,0.001809728448279202,0
2518,1,0.9987943172454834,1
2519,1,0.9780891537666321,1
2520,0,0.0002507634926587343,0
2521,1,0.9525845050811768,1
2522,1,0.9392046928405762,1
2523,1,0.9999914169311523,1
2524,1,0.8114539980888367,1
2525,1,0.9997281432151794,1
2526,1,0.9996970891952515,1
2527,1,0.4301110804080963,0
2528,1,0.9994214773178101,1
2529,1,0.9983142614364624,1
2530,0,0.0019581757951527834,0
2531,1,0.9975245594978333,1
2532,1,0.613183856010437,1
2533,0,0.0017696947325021029,0
2534,1,0.934341549873352,1
2535,0,0.0003842776350211352,0
2536,1,0.9496863484382629,1
2537,0,0.1096348986029625,0
2538,1,0.9852724671363831,1
2539,1,0.9294050335884094,1
2540,1,0.6375389695167542,1
2541,0,0.17964240908622742,0
2542,1,0.9373049139976501,1
2543,1,0.9777853488922119,1
2544,1,0.9849509000778198,1
2545,0,3.766686962336507e-09,0
2546,1,0.965448260307312,1
2547,0,0.04433543607592583,0
2548,0,0.002258989494293928,0
2549,0,0.1267998367547989,0
2550,1,0.9559270739555359,1
2551,0,0.14126095175743103,0
2552,1,0.30062490701675415,0
2553,1,0.9691698551177979,1
2554,0,0.04979243129491806,0
2555,1,0.9999175071716309,1
2556,1,1.0,1
2557,0,0.023068074136972427,0
2558,1,0.50417160987854,1
2559,1,0.9840642213821411,1
2560,1,0.999685525894165,1
2561,0,0.014451219700276852,0
2562,0,0.2965926229953766,0
2563,0,0.012748477049171925,0
2564,0,0.13872180879116058,0
2565,0,0.020009305328130722,0
2566,0,0.24462497234344482,0
2567,0,0.06340666860342026,0
2568,1,0.9978926777839661,1
2569,0,1.1713387948475429e-06,0
2570,0,0.2749583423137665,0
2571,0,0.03283544257283211,0
2572,1,0.9876887202262878,1
2573,0,0.03824279084801674,0
2574,1,0.9678325057029724,1
2575,0,0.007679543923586607,0
2576,0,0.004990658722817898,0
2577,1,0.9986585378646851,1
2578,1,0.999575674533844,1
2579,1,0.9800882935523987,1
2580,0,0.04962223395705223,0
2581,1,0.9035119414329529,1
2582,0,0.05927271023392677,0
2583,1,0.9966756105422974,1
2584,0,0.28355827927589417,0
2585,1,0.9999964237213135,1
2586,0,0.038708966225385666,0
2587,1,0.7088012099266052,1
2588,1,1.0,1
2589,0,0.002402078127488494,0
2590,0,0.5019446611404419,1
2591,0,0.06258578598499298,0
2592,1,0.9950752854347229,1
2593,0,0.7215245366096497,1
2594,0,8.233308108174242e-06,0
2595,1,0.9883191585540771,1
2596,1,0.9996819496154785,1
2597,1,0.999976396560669,1
2598,1,0.999981164932251,1
2599,1,0.9919276237487793,1
2600,0,0.010376354679465294,0
2601,1,0.9990584254264832,1
2602,0,0.05053916573524475,0
2603,1,0.9768086671829224,1
2604,1,0.18090178072452545,0
2605,1,0.5303788185119629,1
2606,0,0.015379205346107483,0
2607,1,0.9875230193138123,1
2608,0,0.00480937585234642,0
2609,0,0.060877881944179535,0
2610,1,0.9266497492790222,1
2611,1,0.8930637836456299,1
2612,1,0.997786283493042,1
2613,1,0.9981265664100647,1
2614,0,0.026844598352909088,0
2615,0,0.00234121922403574,0
2616,0,0.010152693837881088,0
2617,1,0.13000091910362244,0
2618,0,0.008261148817837238,0
2619,1,0.6039745211601257,1
2620,1,0.6427077054977417,1
2621,0,0.018303122371435165,0
2622,0,0.250853031873703,0
2623,1,0.14190733432769775,0
2624,0,0.010426915250718594,0
2625,1,0.7888675332069397,1
2626,0,0.02641730010509491,0
2627,0,0.00578950485214591,0
2628,0,0.6292343139648438,1
2629,1,0.9976569414138794,1
2630,1,0.9990909099578857,1
2631,1,0.9729368686676025,1
2632,1,0.6378440260887146,1
2633,0,0.005361273884773254,0
2634,0,0.006306787487119436,0
2635,0,0.11452827602624893,0
2636,1,0.9999933242797852,1
2637,1,0.5113379955291748,1
2638,0,0.005644611082971096,0
2639,0,0.0009602490463294089,0
2640,1,0.9999963045120239,1
2641,0,0.10313636064529419,0
2642,1,0.9536145925521851,1
2643,0,0.25845006108283997,0
2644,0,0.04607219621539116,0
2645,0,0.05409092828631401,0
2646,1,0.972474992275238,1
2647,1,0.9808489680290222,1
2648,1,0.9986023306846619,1
2649,1,0.9984265565872192,1
2650,1,0.9952119588851929,1
2651,0,0.6483840942382812,1
2652,1,0.9991868138313293,1
2653,1,0.8752401471138,1
2654,0,0.07938095927238464,0
2655,1,0.9897906184196472,1
2656,1,0.5453916788101196,1
2657,0,0.019679149612784386,0
2658,0,0.3878338932991028,0
2659,0,0.0007704722811467946,0
2660,0,0.00854243990033865,0
2661,0,0.24513471126556396,0
2662,1,0.9999969005584717,1
2663,0,0.002818172564730048,0
2664,1,0.9219852089881897,1
2665,1,0.9894457459449768,1
2666,1,0.9884215593338013,1
2667,0,5.857124961039517e-06,0
2668,0,0.0435979962348938,0
2669,1,0.8476651310920715,1
2670,0,0.08910103142261505,0
2671,0,0.00760467117652297,0
2672,1,0.5749688744544983,1
2673,1,0.9998515844345093,1
2674,1,0.9951382279396057,1
2675,0,0.19280248880386353,0
2676,1,0.9998337030410767,1
2677,1,0.9999861717224121,1
2678,1,0.7981333136558533,1
2679,1,0.03606956824660301,0
2680,1,0.9972265362739563,1
2681,0,0.010586299933493137,0
2682,0,4.003556455245416e-07,0
2683,0,2.060219230770599e-05,0
2684,1,0.9926002025604248,1
2685,1,0.9996272325515747,1
2686,0,0.0022961522918194532,0
2687,1,0.9881569743156433,1
2688,0,0.021810924634337425,0
2689,1,0.07979065179824829,0
2690,0,2.409573608019855e-05,0
2691,0,0.15157510340213776,0
2692,0,0.0010416434379294515,0
2693,0,5.589105421677232e-05,0
2694,1,0.9926832318305969,1
2695,1,0.9916037917137146,1
2696,0,0.009724613279104233,0
2697,1,0.9955614805221558,1
2698,0,0.005020827986299992,0
2699,0,0.8357827067375183,1
2700,0,0.09581777453422546,0
2701,0,7.202636334113777e-05,0
2702,0,0.007761974819004536,0
2703,0,0.0025421457830816507,0
2704,0,0.0004374993441160768,0
2705,1,0.9895464777946472,1
2706,0,0.05440354347229004,0
2707,1,0.9673650860786438,1
2708,0,8.15575840533711e-05,0
2709,1,0.7170831561088562,1
2710,1,1.0,1
2711,1,0.7568634152412415,1
2712,1,0.9831969738006592,1
2713,0,0.0004822115588467568,0
2714,1,0.9579428434371948,1
2715,1,0.4438510835170746,0
2716,0,0.13319005072116852,0
2717,0,0.00012968039663974196,0
2718,1,0.9526945352554321,1
2719,1,0.9757797718048096,1
2720,1,0.9871091842651367,1
2721,1,0.9754653573036194,1
2722,0,0.02845749445259571,0
2723,1,0.5434368252754211,1
2724,1,0.7863037586212158,1
2725,0,0.03338093310594559,0
2726,0,0.06403134018182755,0
2727,1,0.9712661504745483,1
2728,0,0.3860267698764801,0
2729,1,0.9809839725494385,1
2730,0,0.014781282283365726,0
2731,0,0.022140301764011383,0
2732,0,0.009099776856601238,0
2733,0,0.2659258246421814,0
2734,1,0.9974789023399353,1
2735,0,0.15429456532001495,0
2736,1,0.9866167306900024,1
2737,0,0.007082485128194094,0
2738,0,0.0038527934812009335,0
2739,1,0.9988805651664734,1
2740,0,0.41204336285591125,0
2741,0,0.13103196024894714,0
2742,1,0.9976848363876343,1
2743,1,0.9999938011169434,1
2744,0,0.0036850995384156704,0
2745,1,0.9932113885879517,1
2746,1,0.8612704277038574,1
2747,0,0.0006583642098121345,0
2748,0,0.0010674623772501945,0
2749,1,0.9999723434448242,1
2750,1,0.880681574344635,1
2751,0,0.14509668946266174,0
2752,0,0.13343441486358643,0
2753,0,0.061624132096767426,0
2754,0,0.15069948136806488,0
2755,1,0.9517619609832764,1
2756,1,0.8529778122901917,1
2757,1,0.8226130604743958,1
2758,0,0.09828546643257141,0
2759,1,0.12356353551149368,0
2760,1,0.9998051524162292,1
2761,1,0.9892492294311523,1
2762,1,0.9999696016311646,1
2763,1,0.8509963750839233,1
2764,1,0.9945585131645203,1
2765,1,0.9999207258224487,1
2766,0,0.2872353196144104,0
2767,1,0.9050741195678711,1
2768,1,0.9999992847442627,1
2769,0,0.006384623236954212,0
2770,1,0.9999672174453735,1
2771,0,0.011777853593230247,0
2772,0,0.005781792104244232,0
2773,1,0.02449999377131462,0
2774,1,0.5438433289527893,1
2775,1,0.9926272034645081,1
2776,0,0.22583794593811035,0
2777,1,0.9981619715690613,1
2778,1,0.9978439807891846,1
2779,0,0.039269354194402695,0
2780,0,0.0011353802401572466,0
2781,0,0.03236998990178108,0
2782,1,0.9986817240715027,1
2783,0,0.9661530256271362,1
2784,0,0.020208781585097313,0
2785,0,0.0011615200201049447,0
2786,1,0.999474823474884,1
2787,1,0.9449484348297119,1
2788,0,0.41174203157424927,0
2789,1,0.45415765047073364,0
2790,0,0.02941625379025936,0
2791,1,0.991589367389679,1
2792,0,0.0006296136998571455,0
2793,1,0.930742084980011,1
2794,0,0.03385165333747864,0
2795,1,0.9882472157478333,1
2796,0,0.00037335435627028346,0
2797,0,0.1282966136932373,0
2798,1,0.9205458760261536,1
2799,0,0.036768004298210144,0
2800,1,0.9769513010978699,1
2801,1,0.8446338772773743,1
2802,1,0.6947562098503113,1
2803,0,0.8763699531555176,1
2804,1,0.9987049102783203,1
2805,0,0.12098708748817444,0
2806,0,0.010157233104109764,0
2807,0,0.019427599385380745,0
2808,1,0.9850752353668213,1
2809,1,0.9998898506164551,1
2810,1,0.9977286458015442,1
2811,1,0.9998471736907959,1
2812,0,0.19602878391742706,0
2813,1,0.08455967158079147,0
2814,0,0.0008837751811370254,0
2815,1,0.606783390045166,1
2816,1,1.0,1
2817,1,0.9997785687446594,1
2818,1,0.9842253923416138,1
2819,0,0.03327338770031929,0
2820,1,0.22731412947177887,0
2821,0,0.13280367851257324,0
2822,0,0.04864820837974548,0
2823,1,0.9146233797073364,1
2824,1,0.7480961084365845,1
2825,1,0.983797013759613,1
2826,0,0.012742872349917889,0
2827,1,0.9815407991409302,1
2828,1,0.9382563829421997,1
2829,1,0.8843397498130798,1
2830,0,0.07102543860673904,0
2831,0,0.8308290243148804,1
2832,1,0.9819627404212952,1
2833,1,0.9999635219573975,1
2834,1,0.999988317489624,1
2835,0,0.2663772404193878,0
2836,0,0.2134561538696289,0
2837,1,1.0,1
2838,0,0.0352049395442009,0
2839,0,0.0034940685145556927,0
2840,1,0.9334359765052795,1
2841,1,0.9996073842048645,1
2842,0,0.0008210433879867196,0
2843,0,0.02995329350233078,0
2844,1,0.6918857097625732,1
2845,0,0.1747831553220749,0
2846,1,0.9925321936607361,1
2847,0,0.22519437968730927,0
2848,0,0.015383178368210793,0
2849,0,0.225425586104393,0
2850,0,0.00019385386258363724,0
2851,1,0.5958724617958069,1
2852,1,0.9948028326034546,1
2853,1,0.9057056903839111,1
2854,0,0.038042448461055756,0
2855,1,0.9994660019874573,1
2856,0,0.312208354473114,0
2857,1,0.9986457228660583,1
2858,1,0.8305479884147644,1
2859,0,0.7534956336021423,1
2860,1,0.9999942779541016,1
2861,0,0.035002682358026505,0
2862,0,0.11167033761739731,0
2863,1,0.12908373773097992,0
2864,1,0.5056699514389038,1
2865,0,0.02008054032921791,0
2866,1,0.9999988079071045,1
2867,0,0.0027191329281777143,0
2868,0,0.262832909822464,0
2869,1,0.9999978542327881,1
2870,1,0.9923962950706482,1
2871,1,0.8905251622200012,1
2872,1,0.8570724129676819,1
2873,1,0.9909583330154419,1
2874,0,0.013154599815607071,0
2875,1,0.9682764410972595,1
2876,0,0.04652238264679909,0
2877,0,0.08314056694507599,0
2878,0,0.00610488373786211,0
2879,1,0.858276903629303,1
2880,1,0.9998539686203003,1
2881,1,0.9872854351997375,1
2882,1,0.9874913692474365,1
2883,1,0.7986472845077515,1
2884,0,0.10718771815299988,0
2885,1,0.983184278011322,1
2886,0,0.0009527780348435044,0
2887,1,0.9648454785346985,1
2888,1,0.7547968029975891,1
2889,0,0.02249712310731411,0
2890,0,0.11972064524888992,0
2891,0,0.011614668183028698,0
2892,0,1.1213850484637078e-05,0
2893,1,0.9030183553695679,1
2894,1,0.9997268319129944,1
2895,1,0.6254357099533081,1
2896,1,0.9956466555595398,1
2897,1,0.7993764281272888,1
2898,1,0.79754638671875,1
2899,1,0.8493481874465942,1
2900,0,0.14575597643852234,0
2901,1,1.0,1
2902,0,0.00015241825894918293,0
2903,0,0.5891588926315308,1
2904,1,0.7270718812942505,1
2905,0,0.13757529854774475,0
2906,1,0.9964606165885925,1
2907,1,0.9936058521270752,1
2908,0,0.24415749311447144,0
2909,1,0.9999953508377075,1
2910,0,0.0635044202208519,0
2911,1,0.9745684862136841,1
2912,0,0.04014531522989273,0
2913,0,0.0787142738699913,0
2914,1,0.9995691180229187,1
2915,1,0.9972374439239502,1
2916,0,0.16284210979938507,0
2917,1,0.9979977011680603,1
2918,0,0.4335024058818817,0
2919,1,0.9921780228614807,1
2920,0,0.11088480800390244,0
2921,1,0.4580308496952057,0
2922,1,0.4666731655597687,0
2923,1,0.9994800686836243,1
2924,0,0.019374221563339233,0
2925,0,0.001064287731423974,0
2926,0,0.5148960947990417,1
2927,0,0.048777393996715546,0
2928,1,0.7841421961784363,1
2929,1,0.985933244228363,1
2930,0,0.8210452795028687,1
2931,0,0.07152059674263,0
2932,0,0.16289855539798737,0
2933,1,0.9999974966049194,1
2934,1,0.9999570846557617,1
2935,0,0.029531436040997505,0
2936,0,0.0008233998087234795,0
2937,1,0.7395662069320679,1
2938,1,0.9239373207092285,1
2939,1,0.8639820218086243,1
2940,0,0.0031277581583708525,0
2941,1,0.9922519326210022,1
2942,1,0.8624287247657776,1
2943,0,0.0640549436211586,0
2944,1,0.5881655216217041,1
2945,1,0.38069504499435425,0
2946,0,0.055941030383110046,0
2947,0,0.0023263455368578434,0
2948,0,2.8554952223203145e-05,0
2949,1,0.9999932050704956,1
2950,1,0.9625080227851868,1
2951,0,0.0006047139759175479,0
2952,0,0.898791491985321,1
2953,1,0.822559654712677,1
2954,1,0.9997898936271667,1
2955,1,0.9708263874053955,1
2956,0,0.00040553166763857007,0
2957,0,0.01406145840883255,0
2958,1,0.9871535897254944,1
2959,0,0.020797599107027054,0
2960,1,0.9844133853912354,1
2961,0,3.2008764527802214e-09,0
2962,1,0.9274064898490906,1
2963,1,0.9920737743377686,1
2964,1,0.9997991919517517,1
2965,1,0.9942904710769653,1
2966,1,0.9874516129493713,1
2967,1,0.9999945163726807,1
2968,0,0.16878922283649445,0
2969,1,0.3087930381298065,0
2970,1,0.9997870326042175,1
2971,0,0.3326735198497772,0
2972,1,0.998531699180603,1
2973,0,0.00940974336117506,0
2974,0,0.11716022342443466,0
2975,1,0.9794580936431885,1
2976,1,1.0,1
2977,0,0.24541378021240234,0
2978,1,0.9957284331321716,1
2979,1,0.9999996423721313,1
2980,1,1.0,1
2981,0,0.0012275944463908672,0
2982,1,0.9882552623748779,1
2983,0,0.7720251083374023,1
2984,0,0.002444986719638109,0
2985,1,0.9634288549423218,1
2986,1,0.9999995231628418,1
2987,0,0.004890656564384699,0
2988,1,0.8375243544578552,1
2989,0,0.013670009560883045,0
2990,0,0.003945434931665659,0
2991,1,0.5715075135231018,1
2992,1,0.9972149133682251,1
2993,1,0.8167495727539062,1
2994,0,0.3795742094516754,0
2995,1,0.9999754428863525,1
2996,0,0.9093038439750671,1
2997,1,0.8845691680908203,1
2998,0,0.013566488400101662,0
2999,0,0.057250749319791794,0
3000,0,0.0026871636509895325,0
3001,1,1.0,1
3002,0,0.10294829308986664,0
3003,1,0.9999686479568481,1
3004,0,0.3756577670574188,0
3005,0,1.625728351939415e-08,0
3006,0,0.00040435290429741144,0
3007,0,0.019532540813088417,0
3008,0,0.31455186009407043,0
3009,1,0.42802348732948303,0
3010,1,0.9999375343322754,1
3011,0,0.7730862498283386,1
3012,1,0.9995077848434448,1
3013,1,0.9713847637176514,1
3014,1,0.6635180711746216,1
3015,0,1.8487795614419156e-06,0
3016,1,0.720361590385437,1
3017,1,0.994831919670105,1
3018,0,0.00011108407488791272,0
3019,1,0.9905818700790405,1
3020,0,0.022778360173106194,0
3021,0,0.670525312423706,1
3022,1,0.643953263759613,1
3023,0,0.005195254925638437,0
3024,1,0.9727328419685364,1
3025,1,0.9999806880950928,1
3026,1,0.9886321425437927,1
3027,1,0.9557160139083862,1
3028,0,0.9705955386161804,1
3029,1,0.9967775940895081,1
3030,0,0.003894522786140442,0
3031,0,0.10678759217262268,0
3032,0,0.5483366250991821,1
3033,0,0.0018805661238729954,0
3034,0,0.019495626911520958,0
3035,0,0.09026318043470383,0
3036,1,0.9779389500617981,1
3037,0,0.00028887594817206264,0
3038,0,0.011714077554643154,0
3039,0,0.07135684788227081,0
3040,1,0.9847478270530701,1
3041,0,0.020122548565268517,0
3042,1,0.9808057546615601,1
3043,0,0.028340013697743416,0
3044,0,0.004511381033807993,0
3045,1,0.9974209070205688,1
3046,0,0.039479635655879974,0
3047,0,0.029513049870729446,0
3048,0,0.029849298298358917,0
3049,0,0.0008365612593479455,0
3050,0,0.06533026695251465,0
3051,0,0.0004918765625916421,0
3052,1,0.9802298545837402,1
3053,1,0.99558025598526,1
3054,0,0.057260967791080475,0
3055,0,0.008242269977927208,0
3056,1,0.9966824650764465,1
3057,0,0.00019351702940184623,0
3058,0,0.3612108528614044,0
3059,1,0.9947230815887451,1
3060,1,0.2581026554107666,0
3061,1,0.9909204244613647,1
3062,1,0.9925756454467773,1
3063,1,0.9960456490516663,1
3064,0,0.6928945779800415,1
3065,1,0.9999706745147705,1
3066,0,0.00501041766256094,0
3067,0,0.00043122516945004463,0
3068,1,0.9228658676147461,1
3069,0,0.023672696202993393,0
3070,0,0.02218949794769287,0
3071,0,0.0042840768583118916,0
3072,0,0.02780897542834282,0
3073,1,0.9928200840950012,1
3074,0,0.0005551843205466866,0
3075,1,0.6512367725372314,1
3076,1,0.9774200916290283,1
3077,1,0.9987322688102722,1
3078,1,0.9990242719650269,1
3079,0,0.00029187745531089604,0
3080,0,0.17304988205432892,0
3081,0,0.351591557264328,0
3082,1,0.32508519291877747,0
3083,0,0.002193558495491743,0
3084,1,0.979373574256897,1
3085,1,0.9998914003372192,1
3086,1,0.938585638999939,1
3087,1,0.995334804058075,1
3088,0,0.0034294899087399244,0
3089,0,0.003518905956298113,0
3090,1,0.9868848323822021,1
3091,1,0.962605357170105,1
3092,0,0.15139725804328918,0
3093,1,0.9999959468841553,1
3094,1,0.9468939304351807,1
3095,1,0.9990090131759644,1
3096,1,0.9998214840888977,1
3097,0,0.010405818931758404,0
3098,1,0.9759206771850586,1
3099,0,0.02470511756837368,0
3100,1,0.9992295503616333,1
3101,1,0.9269227981567383,1
3102,0,0.48434188961982727,0
3103,0,0.04094211757183075,0
3104,1,0.8938602805137634,1
3105,1,0.8402565717697144,1
3106,1,0.9999998807907104,1
3107,1,0.8633608222007751,1
3108,0,0.001291722059249878,0
3109,0,0.01241343468427658,0
3110,0,0.02594812586903572,0
3111,1,0.9977689981460571,1
3112,0,0.40765678882598877,0
3113,1,0.9181615114212036,1
3114,1,0.9767482280731201,1
3115,1,0.9922582507133484,1
3116,1,0.9599600434303284,1
3117,0,0.004449752159416676,0
3118,0,0.16480183601379395,0
3119,0,0.019773811101913452,0
3120,0,0.008533826097846031,0
3121,0,0.8088558912277222,1
3122,0,0.010333286598324776,0
3123,1,0.8213067650794983,1
3124,0,0.0007592167821712792,0
3125,1,0.8423145413398743,1
3126,0,0.0005303055513650179,0
3127,0,0.38640478253364563,0
3128,0,0.10784594714641571,0
3129,0,0.004904623609036207,0
3130,0,0.0014196619158610702,0
3131,0,0.05215901881456375,0
3132,0,0.25356659293174744,0
3133,0,0.008692249655723572,0
3134,1,0.9997733235359192,1
3135,0,0.013013248331844807,0
3136,1,0.983578085899353,1
3137,0,0.17845742404460907,0
3138,1,0.9999814033508301,1
3139,0,0.08071596920490265,0
3140,0,0.1871398687362671,0
3141,0,0.3287777304649353,0
3142,0,0.0019504339434206486,0
3143,0,0.0066773416474461555,0
3144,0,0.02031835727393627,0
3145,1,0.9856262803077698,1
3146,1,0.9994662404060364,1
3147,0,0.04822195693850517,0
3148,1,0.9999736547470093,1
3149,0,0.028878260403871536,0
3150,0,0.052581291645765305,0
3151,1,0.8665905594825745,1
3152,1,0.9363922476768494,1
3153,0,4.865912117679727e-08,0
3154,0,0.920130729675293,1
3155,1,0.7934538125991821,1
3156,1,0.9855857491493225,1
3157,0,0.16446542739868164,0
3158,1,0.9994975328445435,1
3159,0,3.365983616276935e-07,0
3160,1,0.8349461555480957,1
3161,0,1.2356074421404628e-06,0
3162,0,0.028603149577975273,0
3163,0,0.016143260523676872,0
3164,0,0.03928811103105545,0
3165,1,0.670081377029419,1
3166,1,0.9981051683425903,1
3167,1,0.9999610185623169,1
3168,0,0.3313353657722473,0
3169,0,0.645373523235321,1
3170,1,0.9980779886245728,1
3171,1,0.9604798555374146,1
3172,0,0.11393626779317856,0
3173,0,0.2795363962650299,0
3174,0,0.16938063502311707,0
3175,0,0.26106107234954834,0
3176,0,0.00375956017524004,0
3177,1,0.990532636642456,1
3178,0,0.3768327832221985,0
3179,0,0.5843033194541931,1
3180,0,0.33958521485328674,0
3181,0,0.00015095178969204426,0
3182,1,0.9997089505195618,1
3183,0,0.014612608589231968,0
3184,0,0.03323063999414444,0
3185,1,0.8120717406272888,1
3186,0,0.3078170418739319,0
3187,1,0.999987006187439,1
3188,1,0.964052677154541,1
3189,1,0.7857261300086975,1
3190,1,0.975807785987854,1
3191,1,0.9984707236289978,1
3192,0,0.0006578978500328958,0
3193,0,0.003563834819942713,0
3194,1,0.9485247731208801,1
3195,1,0.8597725033760071,1
3196,0,0.012946984730660915,0
3197,0,0.3410935699939728,0
3198,1,0.9942842125892639,1
3199,0,0.003168833674862981,0
3200,0,0.005651206709444523,0
3201,0,0.0005656087305396795,0
3202,1,0.9792936444282532,1
3203,1,0.9835839867591858,1
3204,0,0.04773997887969017,0
3205,0,0.022263552993535995,0
3206,0,0.5965802669525146,1
3207,1,0.9308879971504211,1
3208,1,0.7863219976425171,1
3209,0,0.0024376772344112396,0
3210,1,0.9929705262184143,1
3211,1,0.07779178768396378,0
3212,1,0.9938181042671204,1
3213,1,0.9990876913070679,1
3214,0,0.03644612058997154,0
3215,1,0.9970077872276306,1
3216,0,0.00038177892565727234,0
3217,0,0.001204043161123991,0
3218,1,0.995681643486023,1
3219,0,0.0019994606263935566,0
3220,1,0.8868160247802734,1
3221,0,0.7454882264137268,1
3222,1,0.5347020626068115,1
3223,0,0.0003282457764726132,0
3224,0,0.9885271787643433,1
3225,1,0.7899371385574341,1
3226,1,0.9993320107460022,1
3227,1,0.9999809265136719,1
3228,0,0.014845025725662708,0
3229,0,0.2794358432292938,0
3230,1,0.999988317489624,1
3231,0,0.22032460570335388,0
3232,1,0.9968830943107605,1
3233,0,0.026768101379275322,0
3234,0,0.16020531952381134,0
3235,0,0.09951898455619812,0
3236,0,0.0006093060947023332,0
3237,1,0.9950439929962158,1
3238,1,0.999267041683197,1
3239,1,0.9957177042961121,1
3240,1,0.9995111227035522,1
3241,0,0.000128360086819157,0
3242,0,0.47880998253822327,0
3243,0,0.18528394401073456,0
3244,1,0.9488154053688049,1
3245,0,0.0027655961457639933,0
3246,0,0.010923939757049084,0
3247,1,0.9944702386856079,1
3248,1,0.9854878783226013,1
3249,0,0.14400894939899445,0
3250,0,8.424166298937052e-05,0
3251,1,0.9999909400939941,1
3252,0,0.819619357585907,1
3253,1,0.9999996423721313,1
3254,1,0.9670149087905884,1
3255,1,0.9955424666404724,1
3256,1,0.7459866404533386,1
3257,0,0.04877438396215439,0
3258,0,0.23732821643352509,0
3259,1,0.9989482760429382,1
3260,0,0.13410934805870056,0
3261,0,0.241349458694458,0
3262,0,0.2775198221206665,0
3263,0,0.03755843639373779,0
3264,0,0.0015124607598409057,0
3265,0,0.0004377976292744279,0
3266,0,0.04031193256378174,0
3267,0,0.02460566535592079,0
3268,0,0.02184564806520939,0
3269,1,0.9994457364082336,1
3270,0,0.0031612198799848557,0
3271,0,0.5467138290405273,1
3272,0,0.0002495644730515778,0
3273,0,0.024901889264583588,0
3274,1,0.9991512298583984,1
3275,0,0.565558910369873,1
3276,0,0.002249091165140271,0
3277,0,0.0013722145231440663,0
3278,1,0.9999997615814209,1
3279,0,0.0002168723731301725,0
3280,1,0.9997484087944031,1
3281,0,0.0096254488453269,0
3282,1,0.9998395442962646,1
3283,0,0.04613662511110306,0
3284,0,0.015330370515584946,0
3285,0,0.014961802400648594,0
3286,0,0.0016187678556889296,0
3287,1,0.9788251519203186,1
3288,0,0.6496840715408325,1
3289,0,0.10028733313083649,0
3290,0,0.1139695793390274,0
3291,1,0.9978432655334473,1
3292,0,0.003886449383571744,0
3293,1,0.9941344857215881,1
3294,1,0.8465708494186401,1
3295,1,0.9994545578956604,1
3296,1,0.9983505010604858,1
3297,0,0.018825646489858627,0
3298,0,0.008482563309371471,0
3299,1,0.9946364760398865,1
3300,0,0.0010463697835803032,0
3301,0,0.0023661262821406126,0
3302,1,0.8986344337463379,1
3303,0,0.04440319165587425,0
3304,0,0.0026435088366270065,0
3305,0,0.0031933600548654795,0
3306,1,0.9999998807907104,1
3307,1,0.4587517976760864,0
3308,0,0.01532882358878851,0
3309,1,0.9532451629638672,1
3310,1,0.9999997615814209,1
3311,1,0.9981362819671631,1
3312,1,0.9974863529205322,1
3313,0,0.014722131192684174,0
3314,1,0.3892372250556946,0
3315,0,0.00010411598486825824,0
3316,1,0.9964643716812134,1
3317,1,0.9759216904640198,1
3318,0,0.019342394545674324,0
3319,0,0.02392149157822132,0
3320,0,0.07383506000041962,0
3321,0,0.7057127356529236,1
3322,0,0.030827762559056282,0
3323,1,0.987174391746521,1
3324,1,0.597541868686676,1
3325,0,0.00027880712877959013,0
3326,0,0.05973510816693306,0
3327,0,0.09142857789993286,0
3328,1,0.99930739402771,1
3329,0,0.8515790700912476,1
3330,0,0.13227693736553192,0
3331,1,0.9938662648200989,1
3332,1,0.6741313934326172,1
3333,1,0.5632909536361694,1
3334,1,0.9461979866027832,1
3335,1,0.33619892597198486,0
3336,0,0.0008241957984864712,0
3337,1,0.9660851359367371,1
3338,0,0.0768851712346077,0
3339,1,0.9999892711639404,1
3340,0,0.020901067182421684,0
3341,0,0.05872261896729469,0
3342,0,0.14147700369358063,0
3343,1,0.9974926710128784,1
3344,1,0.819054901599884,1
3345,1,0.5652170777320862,1
3346,0,0.021202651783823967,0
3347,0,0.00742529658600688,0
3348,0,0.03609820082783699,0
3349,1,0.9949741363525391,1
3350,1,0.9523453116416931,1
3351,1,0.9408746361732483,1
3352,1,0.9998119473457336,1
3353,1,0.9628119468688965,1
3354,0,0.005084770265966654,0
3355,0,0.21888794004917145,0
3356,1,0.9998986721038818,1
3357,1,0.9719696044921875,1
3358,0,0.5460842847824097,1
3359,1,0.966655433177948,1
3360,0,0.014923738315701485,0
3361,0,3.4050528483930975e-05,0
3362,1,0.9125097393989563,1
3363,1,0.9921207427978516,1
3364,0,0.4678030014038086,0
3365,0,0.07857152819633484,0
3366,1,0.46726953983306885,0
3367,0,0.541281521320343,1
3368,0,0.03532419353723526,0
3369,0,0.017036419361829758,0
3370,0,0.7872746586799622,1
3371,0,0.002528247656300664,0
3372,0,0.044958457350730896,0
3373,1,0.3252755105495453,0
3374,1,0.9988804459571838,1
3375,1,0.995923638343811,1
3376,1,0.9670287370681763,1
3377,1,0.8562389612197876,1
3378,1,0.7934479713439941,1
3379,0,0.010815085843205452,0
3380,0,0.5356675982475281,1
3381,1,0.9886521697044373,1
3382,1,0.9732322692871094,1
3383,0,7.45892248232849e-05,0
3384,1,0.8290708661079407,1
3385,1,0.9999105930328369,1
3386,0,0.00456214277073741,0
3387,1,0.9649385213851929,1
3388,0,0.008241173811256886,0
3389,0,0.06486131995916367,0
3390,0,0.08451951295137405,0
3391,1,0.9969992637634277,1
3392,0,0.7536589503288269,1
3393,0,1.306652029597899e-05,0
3394,1,1.0,1
3395,0,0.018464550375938416,0
3396,0,4.744154466607142e-06,0
3397,0,0.09730623662471771,0
3398,1,0.9990079998970032,1
3399,1,0.752307116985321,1
3400,0,0.004925762768834829,0
3401,1,0.9970327615737915,1
3402,1,0.9453891515731812,1
3403,0,0.07081260532140732,0
3404,1,0.9578094482421875,1
3405,0,0.03136265277862549,0
3406,1,0.9931881427764893,1
3407,1,0.9897350072860718,1
3408,1,0.9987132549285889,1
3409,0,0.12093658000230789,0
3410,1,0.7172352075576782,1
3411,0,0.00020022736862301826,0
3412,0,0.006012206897139549,0
3413,0,0.01985853724181652,0
3414,1,0.9935046434402466,1
3415,1,0.8695734143257141,1
3416,1,0.9310658574104309,1
3417,0,0.9999967813491821,1
3418,0,0.43435999751091003,0
3419,0,0.023670298978686333,0
3420,0,0.00043186015682294965,0
3421,0,0.019650310277938843,0
3422,0,0.0005376326735131443,0
3423,1,0.9999876022338867,1
3424,1,0.10072506219148636,0
3425,0,5.388155113905668e-05,0
3426,1,0.9983572363853455,1
3427,1,0.6999207139015198,1
3428,1,0.9963011741638184,1
3429,1,0.9980990290641785,1
3430,0,0.01903694123029709,0
3431,1,0.9844297170639038,1
3432,1,0.9933732748031616,1
3433,0,0.01377807930111885,0
3434,0,0.0055416543036699295,0
3435,0,0.09983255714178085,0
3436,0,0.0008607227355241776,0
3437,1,0.97719806432724,1
3438,0,0.27313584089279175,0
3439,1,0.7151530385017395,1
3440,0,0.002033558674156666,0
3441,1,0.8679516911506653,1
3442,1,0.5419884920120239,1
3443,1,0.5469713807106018,1
3444,0,0.06426888704299927,0
3445,1,0.47969889640808105,0
3446,1,0.9981371164321899,1
3447,1,0.9999896287918091,1
3448,1,1.0,1
3449,0,0.3265872299671173,0
3450,1,0.9999198913574219,1
3451,1,0.8267184495925903,1
3452,0,0.05624952167272568,0
3453,0,0.03346513211727142,0
3454,0,0.17834611237049103,0
3455,0,0.0036900260020047426,0
3456,1,0.9999977350234985,1
3457,0,0.11712458729743958,0
3458,0,0.0061733112670481205,0
3459,1,0.982050895690918,1
3460,0,0.011646932922303677,0
3461,1,0.1970563381910324,0
3462,1,0.9843692779541016,1
3463,1,0.9491970539093018,1
3464,1,0.7351126074790955,1
3465,1,1.0,1
3466,1,0.9892979860305786,1
3467,0,0.1120070070028305,0
3468,0,0.3317762315273285,0
3469,0,0.8673438429832458,1
3470,0,0.10259903967380524,0
3471,1,0.997542142868042,1
3472,1,0.5850319266319275,1
3473,0,0.03177988529205322,0
3474,0,0.06483551859855652,0
3475,0,0.007531545590609312,0
3476,0,0.0680743008852005,0
3477,0,0.17300735414028168,0
3478,1,0.9614915251731873,1
3479,0,0.01361874770373106,0
3480,0,0.6551146507263184,1
3481,0,0.052822694182395935,0
3482,1,0.9989393353462219,1
3483,0,0.0015219257911667228,0
3484,0,0.03894228860735893,0
3485,1,0.47392329573631287,0
3486,0,0.028003593906760216,0
3487,0,0.024682365357875824,0
3488,0,0.0018582474440336227,0
3489,0,0.0014553000219166279,0
3490,0,0.013602454215288162,0
3491,0,0.08779147267341614,0
3492,1,0.9999998807907104,1
3493,1,1.0,1
3494,0,0.042371202260255814,0
3495,1,0.8013015389442444,1
3496,0,0.06305767595767975,0
3497,0,0.16520243883132935,0
3498,1,0.8754677772521973,1
3499,0,0.14040754735469818,0
3500,1,0.9996253252029419,1
3501,0,0.002349796472117305,0
3502,0,0.09185285121202469,0
3503,1,0.99985671043396,1
3504,1,0.9065818190574646,1
3505,0,0.0003902367316186428,0
3506,0,0.00991352554410696,0
3507,0,0.12174871563911438,0
3508,1,0.9983208775520325,1
3509,0,3.436711608628684e-07,0
3510,1,0.9995632767677307,1
3511,0,0.005496943835169077,0
3512,1,0.9997938275337219,1
3513,1,0.9973233342170715,1
3514,1,0.9853419065475464,1
3515,1,0.9267936944961548,1
3516,0,0.002949000336229801,0
3517,0,0.011538902297616005,0
3518,1,0.3776841461658478,0
3519,1,0.9991525411605835,1
3520,0,0.07688974589109421,0
3521,1,0.9193004965782166,1
3522,0,0.08886755257844925,0
3523,1,0.9987437129020691,1
3524,1,0.9994474053382874,1
3525,0,0.0035767932422459126,0
3526,1,0.9489943385124207,1
3527,0,0.003211821662262082,0
3528,0,0.4857296943664551,0
3529,1,0.9306824803352356,1
3530,0,6.321582077362109e-06,0
3531,1,0.9775595664978027,1
3532,1,1.0,1
3533,1,0.8686676621437073,1
3534,1,0.9801390171051025,1
3535,0,0.034074410796165466,0
3536,0,0.0003923442563973367,0
3537,0,0.003540595294907689,0
3538,1,0.9997552037239075,1
3539,0,0.18290483951568604,0
3540,1,0.9938070178031921,1
3541,0,0.06907685846090317,0
3542,0,0.020418422296643257,0
3543,1,0.8230769634246826,1
3544,0,0.04577454552054405,0
3545,0,0.00036678218748420477,0
3546,0,0.0008379246573895216,0
3547,0,0.06636274605989456,0
3548,0,0.0007311238441616297,0
3549,0,0.0031963838264346123,0
3550,1,0.9042647480964661,1
3551,0,0.7336322665214539,1
3552,0,0.028347952291369438,0
3553,0,0.4590725004673004,0
3554,1,0.9799206852912903,1
3555,0,2.9826387617504224e-06,0
3556,1,0.9991757273674011,1
3557,0,0.07333412766456604,0
3558,0,0.00532797584310174,0
3559,0,0.9391655325889587,1
3560,1,0.9994509816169739,1
3561,0,0.004510888829827309,0
3562,1,0.007521451450884342,0
3563,0,0.007407651282846928,0
3564,0,0.19866758584976196,0
3565,0,0.0044889384880661964,0
3566,1,0.9910907745361328,1
3567,1,0.9995360374450684,1
3568,1,0.1064203754067421,0
3569,0,0.02942112274467945,0
3570,0,0.07873888313770294,0
3571,1,0.6669163107872009,1
3572,0,0.0012425434542819858,0
3573,0,0.0008332787547260523,0
3574,0,0.025503043085336685,0
3575,1,0.5691351890563965,1
3576,0,0.015148937702178955,0
3577,0,0.0011623462196439505,0
3578,1,0.5145139098167419,1
3579,1,0.9928182363510132,1
3580,1,0.9992259740829468,1
3581,0,0.03157586231827736,0
3582,1,0.9894657135009766,1
3583,0,0.027317263185977936,0
3584,0,0.7170591950416565,1
3585,0,0.02067781612277031,0
3586,1,0.9958082437515259,1
3587,0,0.013890865258872509,0
3588,0,0.4935353100299835,0
3589,1,0.585882306098938,1
3590,1,0.9959149956703186,1
3591,1,0.5549847483634949,1
3592,0,0.02745278738439083,0
3593,0,0.009449724107980728,0
3594,1,0.9999914169311523,1
3595,1,0.9126758575439453,1
3596,0,0.8888581991195679,1
3597,0,0.03133261203765869,0
3598,0,0.004765331745147705,0
3599,1,0.9270806908607483,1
3600,1,0.999903678894043,1
3601,1,0.25884586572647095,0
3602,0,0.04190818592905998,0
3603,1,0.9966402053833008,1
3604,1,0.9998773336410522,1
3605,1,0.9994056224822998,1
3606,1,0.999771773815155,1
3607,1,0.9983888864517212,1
3608,0,0.031944431364536285,0
3609,0,0.00030607759254053235,0
3610,0,0.009892850182950497,0
3611,0,0.2084251344203949,0
3612,1,1.0,1
3613,1,0.9996216297149658,1
3614,1,0.9961280822753906,1
3615,0,0.7979846596717834,1
3616,1,0.33008527755737305,0
3617,0,0.005355434026569128,0
3618,0,0.8957775235176086,1
3619,1,0.9324546456336975,1
3620,1,0.9997066855430603,1
3621,1,0.9662654995918274,1
3622,1,0.9999778270721436,1
3623,1,0.1334858238697052,0
3624,1,0.9915627241134644,1
3625,0,0.6766067147254944,1
3626,1,0.9583008289337158,1
3627,0,0.01990523375570774,0
3628,1,0.971167266368866,1
3629,1,0.8405935168266296,1
3630,1,0.761461079120636,1
3631,0,0.0062658595852553844,0
3632,1,0.9985684156417847,1
3633,0,0.004606492817401886,0
3634,1,0.7463595271110535,1
3635,1,0.9903432130813599,1
3636,0,0.2616388201713562,0
3637,0,0.002965325955301523,0
3638,1,0.9996076226234436,1
3639,0,0.0011042052647098899,0
3640,1,0.9279432892799377,1
3641,0,0.004993249662220478,0
3642,0,0.0780436247587204,0
3643,0,0.0022929213009774685,0
3644,0,0.6983423233032227,1
3645,0,0.010621268302202225,0
3646,0,0.049571193754673004,0
3647,1,0.6068187952041626,1
3648,0,0.009280288591980934,0
3649,0,0.15700899064540863,0
3650,1,0.7351762056350708,1
3651,1,0.9993597865104675,1
3652,0,0.009877664037048817,0
3653,0,0.3740217089653015,0
3654,1,0.9999967813491821,1
3655,0,0.0019156658090651035,0
3656,0,4.985235500498675e-05,0
3657,0,0.06031551957130432,0
3658,0,0.00922041479498148,0
3659,1,0.6124671101570129,1
3660,1,0.9999878406524658,1
3661,0,0.08402200043201447,0
3662,0,0.030023517087101936,0
3663,0,4.6368462790269405e-05,0
3664,1,0.9996205568313599,1
3665,1,0.9999144077301025,1
3666,1,0.9999995231628418,1
3667,1,0.8736667037010193,1
3668,1,0.9976546168327332,1
3669,1,0.9362003803253174,1
3670,1,0.999977707862854,1
3671,1,0.8541073203086853,1
3672,1,0.9358618259429932,1
3673,1,0.9181994795799255,1
3674,0,0.033127378672361374,0
3675,1,0.9997802376747131,1
3676,1,0.9991351962089539,1
3677,1,0.9623935222625732,1
3678,1,0.9991061091423035,1
3679,1,0.9951670169830322,1
3680,0,0.21998633444309235,0
3681,0,0.01061814185231924,0
3682,0,0.02710091695189476,0
3683,1,0.9535179734230042,1
3684,0,0.004462027456611395,0
3685,1,0.9934240579605103,1
3686,0,0.009559710510075092,0
3687,0,0.05495566129684448,0
3688,1,0.8918099403381348,1
3689,1,0.9998461008071899,1
3690,0,0.016504723578691483,0
3691,1,0.9994975328445435,1
3692,0,0.03391227126121521,0
3693,0,0.000450153776910156,0
3694,0,0.17803633213043213,0
3695,0,0.49780359864234924,0
3696,0,0.12965621054172516,0
3697,1,0.9796807169914246,1
3698,1,0.7180739045143127,1
3699,0,0.09319613873958588,0
3700,1,0.9998002648353577,1
3701,1,0.9992628693580627,1
3702,1,0.9999997615814209,1
3703,0,0.027622446417808533,0
3704,0,0.00011941773118451238,0
3705,0,0.13382641971111298,0
3706,1,0.6719344258308411,1
3707,1,0.960701048374176,1
3708,0,0.022841423749923706,0
3709,1,0.9707339406013489,1
3710,0,0.04607784003019333,0
3711,0,0.18918129801750183,0
3712,0,0.027431011199951172,0
3713,1,0.993060827255249,1
3714,1,0.9994207620620728,1
3715,1,0.9957624077796936,1
3716,0,0.0024019901175051928,0
3717,1,1.0,1
3718,1,0.9927994012832642,1
3719,1,0.9997085928916931,1
3720,1,0.8517012000083923,1
3721,1,0.8068477511405945,1
3722,0,0.019986575469374657,0
3723,1,0.0007443470531143248,0
3724,1,0.9999946355819702,1
3725,1,0.9502443671226501,1
3726,1,0.9877234697341919,1
3727,1,0.9969772100448608,1
3728,1,0.9988847374916077,1
3729,1,0.8980984687805176,1
3730,1,0.9885785579681396,1
3731,0,0.008993218652904034,0
3732,1,0.9994725584983826,1
3733,0,0.011000796221196651,0
3734,1,0.9954582452774048,1
3735,1,0.7617281079292297,1
3736,0,0.03986828029155731,0
3737,1,0.3751402497291565,0
3738,0,0.0638042688369751,0
3739,0,0.03562915325164795,0
3740,1,0.5177552700042725,1
3741,1,0.2076113075017929,0
3742,1,0.999783456325531,1
3743,1,0.9999740123748779,1
3744,1,0.9892691969871521,1
3745,1,0.572711169719696,1
3746,1,0.9128744602203369,1
3747,1,0.9997212290763855,1
3748,1,0.4323124587535858,0
3749,0,0.11798756569623947,0
3750,0,0.003401306224986911,0
3751,1,0.9971615076065063,1
3752,1,0.9369525909423828,1
3753,1,0.6088457703590393,1
3754,0,0.00038989237509667873,0
3755,1,0.8898584246635437,1
3756,0,0.01411580853164196,0
3757,0,0.0017023019026964903,0
3758,0,0.14235925674438477,0
3759,1,0.9999885559082031,1
3760,0,0.0028626960702240467,0
3761,0,0.0008338344050571322,0
3762,0,0.013774853199720383,0
3763,0,0.15052872896194458,0
3764,0,0.3391081988811493,0
3765,0,0.0044403537176549435,0
3766,1,0.9998579025268555,1
3767,0,0.26835307478904724,0
3768,0,0.1528254598379135,0
3769,1,0.9855620265007019,1
3770,1,0.9898166656494141,1
3771,1,0.6056040525436401,1
3772,0,0.009565373882651329,0
3773,0,0.04394438862800598,0
3774,0,0.0059392559342086315,0
3775,1,0.999876856803894,1
3776,1,0.9732674956321716,1
3777,1,0.9999969005584717,1
3778,0,0.003500755876302719,0
3779,0,0.000359544123057276,0
3780,0,2.023620982072316e-05,0
3781,0,0.009479434229433537,0
3782,0,0.2234649956226349,0
3783,1,0.7395283579826355,1
3784,0,0.005804700311273336,0
3785,1,0.9752358198165894,1
3786,1,0.9768884181976318,1
3787,1,0.9217934608459473,1
3788,0,0.0003614096494857222,0
3789,0,0.6032787561416626,1
3790,1,0.9835464954376221,1
3791,1,0.9949007034301758,1
3792,0,0.010098577477037907,0
3793,1,0.9998576641082764,1
3794,0,0.003868663217872381,0
3795,0,0.00012147988309152424,0
3796,0,0.018584484234452248,0
3797,0,0.015768004581332207,0
3798,1,0.9333699941635132,1
3799,1,0.6778665781021118,1
3800,1,0.9996479749679565,1
3801,0,0.005852351896464825,0
3802,0,0.05716148018836975,0
3803,0,0.0008907035226002336,0
3804,0,0.00370622961781919,0
3805,1,0.9998000264167786,1
3806,1,0.9302274584770203,1
3807,1,0.5737853050231934,1
3808,1,0.49182525277137756,0
3809,0,0.8054801225662231,1
3810,1,0.999261200428009,1
3811,1,0.15415051579475403,0
3812,0,0.2830379903316498,0
3813,0,0.011791269294917583,0
3814,0,0.00013336530537344515,0
3815,0,0.08251823484897614,0
3816,0,5.7060449762502685e-05,0
3817,1,0.9965057373046875,1
3818,0,0.5476030111312866,1
3819,1,0.1961788386106491,0
3820,0,0.20349198579788208,0
3821,1,0.8870287537574768,1
3822,1,0.9996660947799683,1
3823,0,0.0008806217811070383,0
3824,0,0.001618197769857943,0
3825,1,0.9989922642707825,1
3826,1,0.9999957084655762,1
3827,1,0.9904234409332275,1
3828,1,0.9848983883857727,1
3829,1,0.9999994039535522,1
3830,1,0.9724931120872498,1
3831,1,0.9046509861946106,1
3832,0,0.0026558744721114635,0
3833,1,0.9570339322090149,1
3834,1,0.9983697533607483,1
3835,0,0.316726952791214,0
3836,0,0.02287176437675953,0
3837,1,0.9938947558403015,1
3838,1,0.6500151753425598,1
3839,1,0.9240135550498962,1
3840,1,0.9951027631759644,1
3841,0,0.020424610003829002,0
3842,0,0.13715705275535583,0
3843,1,0.9758636951446533,1
3844,0,0.010657945647835732,0
3845,0,0.6304978728294373,1
3846,1,0.20743528008460999,0
3847,1,0.9852243661880493,1
3848,0,0.004072560463100672,0
3849,1,0.9976010918617249,1
3850,1,0.7857837080955505,1
3851,1,0.9997568726539612,1
3852,0,0.04416856914758682,0
3853,1,0.9895390868186951,1
3854,1,0.9950054287910461,1
3855,0,0.3461182415485382,0
3856,1,0.993121325969696,1
3857,1,0.9940571784973145,1
3858,0,0.00019848925876431167,0
3859,1,0.8028040528297424,1
3860,0,0.0029441742226481438,0
3861,0,0.10782624036073685,0
3862,1,0.8552675843238831,1
3863,1,0.9214152693748474,1
3864,1,0.8656867742538452,1
3865,0,0.056051041930913925,0
3866,1,0.7909368276596069,1
3867,0,0.03191271424293518,0
3868,1,0.9996498823165894,1
3869,1,0.9218350052833557,1
3870,1,0.9935203194618225,1
3871,1,0.9999732971191406,1
3872,1,0.7605792880058289,1
3873,0,1.8120863387594e-05,0
3874,1,0.9905955791473389,1
3875,0,0.03691010922193527,0
3876,0,0.0001073551902663894,0
3877,1,0.8847251534461975,1
3878,1,0.9994321465492249,1
3879,0,0.047212760895490646,0
3880,1,0.9731332659721375,1
3881,0,0.009965573437511921,0
3882,1,0.9833219051361084,1
3883,1,0.9802656769752502,1
3884,0,0.03253605216741562,0
3885,0,0.6755959987640381,1
3886,1,0.9890457391738892,1
3887,0,0.010587338358163834,0
3888,0,0.35242241621017456,0
3889,0,0.013394776731729507,0
3890,0,0.0656304582953453,0
3891,0,0.0001772409596014768,0
3892,0,0.0025124968960881233,0
3893,0,0.7929677367210388,1
3894,1,0.23573273420333862,0
3895,0,0.0006583284121006727,0
3896,1,0.9999973773956299,1
3897,1,0.9183775186538696,1
3898,1,0.9993292093276978,1
3899,0,0.016228286549448967,0
3900,1,0.9322460293769836,1
3901,1,0.99998939037323,1
3902,1,0.9986652135848999,1
3903,0,0.00021468887280207127,0
3904,0,0.00012821072596125305,0
3905,1,0.9852182269096375,1
3906,1,0.5848891139030457,1
3907,0,0.0032671557273715734,0
3908,1,0.7023068070411682,1
3909,0,1.0206141269009095e-05,0
3910,0,0.0004712419759016484,0
3911,1,0.9799715876579285,1
3912,1,0.9656340479850769,1
3913,0,0.007452830206602812,0
3914,0,0.008843785151839256,0
3915,1,0.9607751965522766,1
3916,0,0.00444585457444191,0
3917,0,0.29503878951072693,0
3918,0,0.032787568867206573,0
3919,0,0.5723896026611328,1
3920,0,3.747842356460751e-06,0
3921,0,0.0007169282762333751,0
3922,1,0.6270446181297302,1
3923,0,0.057666074484586716,0
3924,0,0.00017179040878545493,0
3925,0,0.0920664593577385,0
3926,1,0.9693776369094849,1
3927,1,0.7216475009918213,1
3928,0,0.09846339374780655,0
3929,0,0.008475619368255138,0
3930,0,3.4050642625516048e-06,0
3931,0,0.011305489577353,0
3932,0,0.23872993886470795,0
3933,1,0.3972603380680084,0
3934,1,0.6159281730651855,1
3935,1,0.9999940395355225,1
3936,0,0.00014366628602147102,0
3937,1,0.9518855214118958,1
3938,0,0.06686749309301376,0
3939,1,0.9632755517959595,1
3940,0,0.018035888671875,0
3941,1,0.9942137598991394,1
3942,0,0.010975155979394913,0
3943,0,0.17603977024555206,0
3944,0,0.040419306606054306,0
3945,0,0.07716396450996399,0
3946,0,0.22108730673789978,0
3947,1,0.12149917334318161,0
3948,0,0.02854704111814499,0
3949,1,0.9999997615814209,1
3950,1,0.9999984502792358,1
3951,0,0.8761156797409058,1
3952,1,0.9998905658721924,1
3953,0,0.0035478416830301285,0
3954,0,0.006250689271837473,0
3955,0,0.031168591231107712,0
3956,0,0.05560227110981941,0
3957,1,0.9999725818634033,1
3958,1,0.565039873123169,1
3959,1,0.4847343862056732,0
3960,1,0.9296934008598328,1
3961,1,0.9943065047264099,1
3962,1,0.9352203011512756,1
3963,0,0.7205638289451599,1
3964,0,1.6509049601154402e-05,0
3965,1,0.9999969005584717,1
3966,1,0.570404589176178,1
3967,0,0.025292066857218742,0
3968,0,0.22482752799987793,0
3969,1,0.6828349232673645,1
3970,0,0.08529146015644073,0
3971,1,0.9749475717544556,1
3972,1,0.600550651550293,1
3973,0,0.006018082611262798,0
3974,1,0.9999871253967285,1
3975,0,1.972637846847647e-06,0
3976,1,0.985665500164032,1
3977,1,0.9965410828590393,1
3978,0,0.6831327676773071,1
3979,0,0.010553769767284393,0
3980,1,0.9999955892562866,1
3981,1,0.8396870493888855,1
3982,0,0.5027645826339722,1
3983,0,0.003532472299411893,0
3984,1,0.9929654598236084,1
3985,1,0.9986498951911926,1
3986,1,0.7156460881233215,1
3987,1,0.9223179221153259,1
3988,1,0.9940288066864014,1
3989,0,2.5112009097938426e-05,0
3990,0,0.003657600376754999,0
3991,1,0.9288160800933838,1
3992,1,0.9751425385475159,1
3993,1,0.9786327481269836,1
3994,1,0.9297025203704834,1
3995,1,0.9988904595375061,1
3996,1,0.8653194904327393,1
3997,1,0.9873079657554626,1
3998,0,0.511720597743988,1
3999,0,0.08305037766695023,0
4000,1,0.9999986886978149,1
4001,0,0.19784672558307648,0
4002,1,0.4121161699295044,0
4003,0,0.0869453102350235,0
4004,1,1.0,1
4005,0,0.30824166536331177,0
4006,1,0.9984539747238159,1
4007,1,0.8880203366279602,1
4008,0,0.012342528440058231,0
4009,0,3.160662890877575e-05,0
4010,0,0.00368887628428638,0
4011,0,0.0047136107459664345,0
4012,0,3.2048548746388406e-05,0
4013,0,0.2033170908689499,0
4014,0,0.7746112942695618,1
4015,0,0.04675304517149925,0
4016,0,0.03546270728111267,0
4017,1,0.8898510336875916,1
4018,0,0.10188557952642441,0
4019,1,0.9892043471336365,1
4020,1,0.9803153872489929,1
4021,1,0.9973974227905273,1
4022,1,0.9998345375061035,1
4023,0,0.003855581395328045,0
4024,1,0.9882503747940063,1
4025,1,0.9998964071273804,1
4026,0,0.08813095092773438,0
4027,0,0.018327917903661728,0
4028,1,0.9993652701377869,1
4029,0,0.003227510489523411,0
4030,0,2.821795169438701e-05,0
4031,0,0.007699806243181229,0
4032,0,0.07133755832910538,0
4033,1,0.8195585608482361,1
4034,0,0.009487935341894627,0
4035,0,0.00660468777641654,0
4036,1,0.7838629484176636,1
4037,1,0.9924214482307434,1
4038,0,0.018117208033800125,0
4039,0,0.34766191244125366,0
4040,0,0.2335945963859558,0
4041,1,0.019122406840324402,0
4042,1,0.9972360730171204,1
4043,1,0.9613499641418457,1
4044,1,0.9974430799484253,1
4045,1,0.9919945001602173,1
4046,0,4.740183001672449e-08,0
4047,0,0.011461127549409866,0
4048,0,0.0004019901971332729,0
4049,1,0.9907671809196472,1
4050,1,0.9746300578117371,1
4051,1,0.8183043599128723,1
4052,1,0.6475152373313904,1
4053,1,1.0,1
4054,0,0.04240608215332031,0
4055,0,0.00800341833382845,0
4056,1,1.0,1
4057,0,6.016819679643959e-05,0
4058,0,0.003596865339204669,0
4059,0,0.023606279864907265,0
4060,1,0.9999573230743408,1
4061,0,0.004045379348099232,0
4062,1,0.6339030861854553,1
4063,1,0.9998158812522888,1
4064,0,0.0038990743923932314,0
4065,1,0.8789900541305542,1
4066,0,0.0070954072289168835,0
4067,0,0.1511467546224594,0
4068,0,0.009951121173799038,0
4069,1,0.8900105953216553,1
4070,0,0.0002825629198923707,0
4071,0,0.019179895520210266,0
4072,0,0.007331805769354105,0
4073,1,0.7041622400283813,1
4074,0,0.01072787307202816,0
4075,1,0.5766115188598633,1
4076,1,0.9999996423721313,1
4077,1,0.9780047535896301,1
4078,1,0.9999947547912598,1
4079,0,0.9998674392700195,1
4080,0,9.431114449398592e-05,0
4081,0,0.00035280786687508225,0
4082,0,0.00813068263232708,0
4083,1,0.9999951124191284,1
4084,1,0.4352301359176636,0
4085,0,0.12319181859493256,0
4086,0,0.16345477104187012,0
4087,0,0.006035950966179371,0
4088,1,0.9999963045120239,1
4089,0,0.0214175283908844,0
4090,0,0.3218477964401245,0
4091,0,0.03148128092288971,0
4092,0,0.2256796956062317,0
4093,1,0.9996609687805176,1
4094,1,0.9335338473320007,1
4095,1,0.9695572257041931,1
4096,0,0.00026060824166052043,0
4097,0,0.7606887221336365,1
4098,0,0.2669832706451416,0
4099,0,0.030994495376944542,0
4100,1,0.9997286200523376,1
4101,0,0.008466116152703762,0
4102,0,0.17823484539985657,0
4103,0,0.013493604026734829,0
4104,0,0.4962761402130127,0
4105,1,0.9870162606239319,1
4106,0,0.039238281548023224,0
4107,1,0.9872867465019226,1
4108,1,1.0,1
4109,1,0.9996289014816284,1
4110,0,0.016722297295928,0
4111,1,0.9999972581863403,1
4112,0,0.06651795655488968,0
4113,1,0.9384118318557739,1
4114,0,0.028261736035346985,0
4115,0,0.035374078899621964,0
4116,1,0.9999954700469971,1
4117,0,0.687961757183075,1
4118,1,0.6397838592529297,1
4119,0,0.006683094426989555,0
4120,0,0.020040661096572876,0
4121,0,0.0028486372902989388,0
4122,1,0.9972533583641052,1
4123,1,0.9790170788764954,1
4124,1,0.8155555725097656,1
4125,1,0.9170134663581848,1
4126,0,0.19705091416835785,0
4127,0,0.24891851842403412,0
4128,0,0.029098600149154663,0
4129,1,0.9995434880256653,1
4130,0,0.7244980931282043,1
4131,0,0.0005836794734932482,0
4132,1,0.9882533550262451,1
4133,0,0.016333667561411858,0
4134,1,0.6348181366920471,1
4135,1,0.8704727292060852,1
4136,0,0.0025167118292301893,0
4137,1,0.9408525228500366,1
4138,1,0.9019810557365417,1
4139,0,0.10530994087457657,0
4140,0,0.07230571657419205,0
4141,1,0.9877191781997681,1
4142,1,0.9834020137786865,1
4143,0,0.09438661485910416,0
4144,0,6.112089613452554e-05,0
4145,0,0.12743966281414032,0
4146,1,0.8243141174316406,1
4147,0,0.0064030722714960575,0
4148,0,0.04326888546347618,0
4149,1,0.9753943681716919,1
4150,1,0.24619077146053314,0
4151,0,0.0006111683906055987,0
4152,1,0.999904990196228,1
4153,0,0.002216341206803918,0
4154,0,0.036155618727207184,0
4155,1,0.8872396945953369,1
4156,1,0.5334309339523315,1
4157,0,0.012107308022677898,0
4158,1,0.39733341336250305,0
4159,0,4.520935371983565e-18,0
4160,1,0.9843854308128357,1
4161,1,0.9891853332519531,1
4162,0,0.08506029099225998,0
4163,0,0.11587299406528473,0
4164,0,0.03939292952418327,0
4165,0,0.004308215342462063,0
4166,1,0.7330602407455444,1
4167,1,1.0,1
4168,0,0.07990387082099915,0
4169,1,0.9987952709197998,1
4170,1,0.9961943626403809,1
4171,0,0.5481652617454529,1
4172,0,0.017410021275281906,0
4173,1,0.9995821118354797,1
4174,0,0.07908442616462708,0
4175,1,0.9967228770256042,1
4176,0,0.787102460861206,1
4177,1,0.9610956311225891,1
4178,0,0.002097622025758028,0
4179,1,0.9715911149978638,1
4180,0,0.0018840341363102198,0
4181,1,0.9202225804328918,1
4182,1,0.5136334896087646,1
4183,0,0.08734304457902908,0
4184,0,0.0033206159714609385,0
4185,1,0.9593813419342041,1
4186,0,0.12443781644105911,0
4187,0,0.060825202614068985,0
4188,0,1.0629739335854538e-05,0
4189,1,0.9999257326126099,1
4190,1,0.9999637603759766,1
4191,1,0.9999853372573853,1
4192,1,0.7124965786933899,1
4193,0,0.0022148475982248783,0
4194,0,0.211256206035614,0
4195,0,0.002000035485252738,0
4196,1,0.9989443421363831,1
4197,0,0.008706513792276382,0
4198,1,0.9999707937240601,1
4199,0,0.29649513959884644,0
4200,0,9.059343574335799e-05,0
4201,1,0.5679379105567932,1
4202,1,0.9979935884475708,1
4203,0,0.09963112324476242,0
4204,0,0.019647112116217613,0
4205,1,0.921149492263794,1
4206,0,9.720602247398347e-05,0
4207,1,0.9376049637794495,1
4208,0,0.2959136366844177,0
4209,1,0.9999688863754272,1
4210,0,0.0005019535892643034,0
4211,0,0.1520673930644989,0
4212,0,0.24637854099273682,0
4213,1,0.19083768129348755,0
4214,0,0.016443919390439987,0
4215,0,0.6445396542549133,1
4216,0,0.006076399236917496,0
4217,0,3.059971277252771e-05,0
4218,0,0.00010535278852330521,0
4219,0,0.22117115557193756,0
4220,1,0.9384989738464355,1
4221,1,0.9108985662460327,1
4222,0,0.12928669154644012,0
4223,1,0.9968254566192627,1
4224,0,0.0027052422519773245,0
4225,1,0.9845610857009888,1
4226,0,0.04013003408908844,0
4227,0,2.469483661116101e-06,0
4228,0,0.16979633271694183,0
4229,1,0.8831942081451416,1
4230,0,0.023792600259184837,0
4231,0,2.5282674869231414e-06,0
4232,0,0.000619605416432023,0
4233,1,0.6099066138267517,1
4234,0,0.011965923011302948,0
4235,0,0.040345873683691025,0
4236,0,0.12299567461013794,0
4237,0,0.2508535087108612,0
4238,1,0.9831795692443848,1
4239,0,0.0009750948520377278,0
4240,0,0.005168681964278221,0
4241,1,0.9912962913513184,1
4242,0,0.002691163681447506,0
4243,0,0.0034656920470297337,0
4244,0,1.0595354069664609e-06,0
4245,1,0.8786703944206238,1
4246,0,0.20349429547786713,0
4247,0,0.05085410922765732,0
4248,0,0.13409698009490967,0
4249,0,0.05025643855333328,0
4250,0,0.011614516377449036,0
4251,1,0.9440253376960754,1
4252,1,0.6164785027503967,1
4253,1,0.8081696033477783,1
4254,1,0.9999934434890747,1
4255,0,0.00023208060883916914,0
4256,0,0.06771517544984818,0
4257,0,0.09434860199689865,0
4258,0,0.32442137598991394,0
4259,0,4.681526115746237e-05,0
4260,0,0.1664467304944992,0
4261,1,0.9959061145782471,1
4262,0,0.020637569949030876,0
4263,1,0.9674955010414124,1
4264,1,0.8642876148223877,1
4265,0,0.011685991659760475,0
4266,0,0.12238924950361252,0
4267,0,0.006353956647217274,0
4268,1,0.5830760598182678,1
4269,0,0.7952333688735962,1
4270,1,0.9944918155670166,1
4271,0,0.14992406964302063,0
4272,0,0.01923520863056183,0
4273,1,0.9968599081039429,1
4274,1,0.8325778245925903,1
4275,0,0.10040857642889023,0
4276,0,0.5988864898681641,1
4277,0,0.03931671380996704,0
4278,1,0.9990001320838928,1
4279,1,0.9993873834609985,1
4280,1,0.9662745594978333,1
4281,1,0.9997413754463196,1
4282,0,0.43183860182762146,0
4283,1,0.8547588586807251,1
4284,1,0.9873991012573242,1
4285,0,0.0013318525161594152,0
4286,0,0.40762460231781006,0
4287,0,0.0067429132759571075,0
4288,1,0.9762829542160034,1
4289,0,0.008433153852820396,0
4290,1,0.8196142315864563,1
4291,1,0.9939619898796082,1
4292,0,7.052181899780408e-05,0
4293,0,0.11697018891572952,0
4294,1,0.996221661567688,1
4295,0,0.3651573359966278,0
4296,1,0.4185749888420105,0
4297,0,0.21358415484428406,0
4298,1,0.9956560134887695,1
4299,0,0.0023311178665608168,0
4300,0,0.0014753442956134677,0
4301,1,0.9999961853027344,1
4302,0,0.17598721385002136,0
4303,1,0.9381071925163269,1
4304,0,0.013701394200325012,0
4305,0,0.3410537838935852,0
4306,1,0.8096868991851807,1
4307,1,0.9908181428909302,1
4308,1,0.7862257957458496,1
4309,0,0.000873591925483197,0
4310,0,0.010718726553022861,0
4311,1,0.7923744320869446,1
4312,1,1.0,1
4313,0,0.0008771723369136453,0
4314,1,0.9281620383262634,1
4315,0,0.00021577344159595668,0
4316,0,0.13298319280147552,0
4317,0,5.221281753620133e-05,0
4318,1,0.5602495074272156,1
4319,0,0.16552379727363586,0
4320,1,0.9959378242492676,1
4321,1,0.9992294311523438,1
4322,0,0.0005149852950125933,0
4323,0,0.03840048611164093,0
4324,1,0.41168203949928284,0
4325,0,0.001155106001533568,0
4326,1,0.9554978609085083,1
4327,1,0.9932510256767273,1
4328,1,0.9996732473373413,1
4329,1,0.9695752263069153,1
4330,0,0.1349351704120636,0
4331,1,0.9999319314956665,1
4332,0,0.0054529327899217606,0
4333,1,0.899188220500946,1
4334,1,0.9998703002929688,1
4335,0,0.46074193716049194,0
4336,1,0.1482694000005722,0
4337,0,0.31034794449806213,0
4338,1,0.12138058245182037,0
4339,1,0.9518216848373413,1
4340,0,0.06219964101910591,0
4341,1,0.8241416215896606,1
4342,0,0.202947199344635,0
4343,0,0.005161476321518421,0
4344,1,0.8475515842437744,1
4345,0,0.0793195590376854,0
4346,1,0.9966511130332947,1
4347,1,0.9999821186065674,1
4348,1,0.9999749660491943,1
4349,1,0.9893156290054321,1
4350,0,0.018106767907738686,0
4351,1,0.9994291663169861,1
4352,1,0.5515025854110718,1
4353,0,0.08082357794046402,0
4354,0,0.005945103242993355,0
4355,1,0.6801533699035645,1
4356,0,0.0016204547137022018,0
4357,1,0.6503934860229492,1
4358,1,1.0,1
4359,1,0.9987949132919312,1
4360,0,0.02320251613855362,0
4361,0,0.00013981939991936088,0
4362,1,0.8742124438285828,1
4363,1,0.9994664788246155,1
4364,1,0.5070382952690125,1
4365,1,0.8476030826568604,1
4366,1,0.20318885147571564,0
4367,1,0.9999643564224243,1
4368,1,0.8992653489112854,1
4369,1,0.9999980926513672,1
4370,0,0.5056887865066528,1
4371,0,0.22336216270923615,0
4372,1,0.9892571568489075,1
4373,0,0.0006249675061553717,0
4374,0,0.039928629994392395,0
4375,1,0.9999532699584961,1
4376,0,0.0006085841450840235,0
4377,0,0.00392488855868578,0
4378,1,0.9997809529304504,1
4379,1,0.9999873638153076,1
4380,1,0.9961262345314026,1
4381,0,0.18139970302581787,0
4382,0,0.010835116729140282,0
4383,0,0.021945536136627197,0
4384,0,0.024758195504546165,0
4385,0,0.3815619647502899,0
4386,0,0.3044227659702301,0
4387,1,0.9783687591552734,1
4388,0,0.14001935720443726,0
4389,1,0.7226584553718567,1
4390,0,0.0852682888507843,0
4391,1,0.9999963045120239,1
4392,0,0.006181639619171619,0
4393,1,0.9927794337272644,1
4394,0,0.0004842340713366866,0
4395,0,0.08208522945642471,0
4396,0,0.030502842739224434,0
4397,0,0.026708675548434258,0
4398,0,0.04668547958135605,0
4399,0,0.0412885844707489,0
4400,1,0.9868038296699524,1
4401,0,0.6025066375732422,1
4402,1,0.12043004482984543,0
4403,1,0.9991681575775146,1
4404,0,0.01699051633477211,0
4405,1,0.9111037850379944,1
4406,0,0.0017936715157702565,0
4407,0,0.0028592790476977825,0
4408,1,0.7139778137207031,1
4409,0,0.004046447109431028,0
4410,1,0.9999972581863403,1
4411,1,0.9992006421089172,1
4412,0,0.01885456219315529,0
4413,0,0.016472401097416878,0
4414,1,0.9999967813491821,1
4415,1,0.9574946761131287,1
4416,1,0.9996631145477295,1
4417,0,8.241162504418753e-06,0
4418,0,0.0030047371983528137,0
4419,1,0.9997186064720154,1
4420,0,0.033948227763175964,0
4421,1,0.8666276335716248,1
4422,1,0.998119056224823,1
4423,0,0.0031679223757237196,0
4424,1,0.9047267436981201,1
4425,1,0.9926308393478394,1
4426,1,0.9632400274276733,1
4427,1,0.9630668759346008,1
4428,1,0.5405941605567932,1
4429,1,0.6637226343154907,1
4430,0,0.0010521855438128114,0
4431,1,0.9568144083023071,1
4432,1,0.9878557324409485,1
4433,0,0.05762632563710213,0
4434,1,0.8358187675476074,1
4435,0,0.031353432685136795,0
4436,0,0.23260724544525146,0
4437,0,0.18697243928909302,0
4438,0,0.4120773673057556,0
4439,1,0.9999996423721313,1
4440,0,0.027721481397747993,0
4441,0,0.0006500174640677869,0
4442,1,1.0,1
4443,0,0.012365654110908508,0
4444,1,0.9996778964996338,1
4445,1,0.11779584735631943,0
4446,0,0.07685168087482452,0
4447,1,0.9999492168426514,1
4448,1,0.899728536605835,1
4449,0,0.009806769900023937,0
4450,0,0.020728683099150658,0
4451,1,0.9892910122871399,1
4452,0,0.044743213802576065,0
4453,1,0.998694121837616,1
4454,0,0.18473230302333832,0
4455,1,0.7682645320892334,1
4456,0,0.3578486442565918,0
4457,0,1.2463637176551856e-05,0
4458,1,0.9993658661842346,1
4459,0,0.09548147022724152,0
4460,1,0.99631267786026,1
4461,1,0.7942794561386108,1
4462,0,0.19234010577201843,0
4463,0,0.013498200103640556,0
4464,0,0.019937098026275635,0
4465,1,0.4874939024448395,0
4466,1,0.9999998807907104,1
4467,1,0.9989076852798462,1
4468,1,0.9918667674064636,1
4469,1,0.999995231628418,1
4470,1,0.6392484307289124,1
4471,0,0.715072512626648,1
4472,0,0.01627526991069317,0
4473,0,0.027373600751161575,0
4474,1,0.997793436050415,1
4475,0,0.0027348173316568136,0
4476,0,0.08628188818693161,0
4477,1,0.9204661846160889,1
4478,1,0.3765743672847748,0
4479,1,0.9483157992362976,1
4480,1,0.9953781366348267,1
4481,1,0.9998750686645508,1
4482,1,0.9998546838760376,1
4483,1,0.9399406313896179,1
4484,1,0.9981617331504822,1
4485,1,0.9196785688400269,1
4486,1,0.894975483417511,1
4487,0,0.2270113229751587,0
4488,0,0.032222699373960495,0
4489,1,0.9981562495231628,1
4490,1,0.6337789297103882,1
4491,0,0.5305501222610474,1
4492,0,0.015722550451755524,0
4493,0,0.006883630063384771,0
4494,0,0.0141554931178689,0
4495,0,0.016464686021208763,0
4496,1,0.3554433584213257,0
4497,0,0.08126194030046463,0
4498,1,0.9414664506912231,1
4499,1,0.9922171831130981,1
4500,1,0.8436282873153687,1
4501,0,0.138570174574852,0
4502,0,0.04400542005896568,0
4503,0,0.11454186588525772,0
4504,1,0.9458678960800171,1
4505,1,0.6464928984642029,1
4506,0,0.013569410890340805,0
4507,0,0.14598587155342102,0
4508,1,0.9538474082946777,1
4509,1,0.9950087070465088,1
4510,1,0.9602649807929993,1
4511,1,0.2796391546726227,0
4512,1,0.8287467956542969,1
4513,0,0.0066270288079977036,0
4514,0,0.03007870353758335,0
4515,0,0.12026181817054749,0
4516,1,0.9997432827949524,1
4517,1,0.960084855556488,1
4518,0,0.045501332730054855,0
4519,0,0.07748862355947495,0
4520,0,0.013246209360659122,0
4521,0,0.008361908607184887,0
4522,0,0.005865160375833511,0
4523,0,0.9034816026687622,1
4524,1,0.958121120929718,1
4525,1,0.9997803568840027,1
4526,1,0.9999797344207764,1
4527,0,0.24007795751094818,0
4528,0,0.12728172540664673,0
4529,0,0.9501233696937561,1
4530,0,0.0018046931363642216,0
4531,1,0.7119098901748657,1
4532,0,0.0024819213431328535,0
4533,1,0.9980515241622925,1
4534,0,0.0022719348780810833,0
4535,0,0.13546417653560638,0
4536,1,0.9781596064567566,1
4537,1,0.9990618824958801,1
4538,1,0.6908005475997925,1
4539,1,0.9719054102897644,1
4540,0,0.5669426321983337,1
4541,0,0.04408928379416466,0
4542,1,0.9958363771438599,1
4543,1,0.9871556758880615,1
4544,0,0.00010479050251888111,0
4545,0,0.227888286113739,0
4546,0,0.0065421899780631065,0
4547,0,4.581164440853325e-12,0
4548,1,0.8565754890441895,1
4549,0,0.0015533402329310775,0
4550,0,0.35522720217704773,0
4551,0,0.04207218810915947,0
4552,0,0.998925507068634,1
4553,1,0.9956653714179993,1
4554,1,0.9998373985290527,1
4555,0,0.0006279563531279564,0
4556,0,0.2691388726234436,0
4557,0,0.3333185017108917,0
4558,1,0.08758753538131714,0
4559,0,0.21724379062652588,0
4560,0,0.0005295670707710087,0
4561,1,0.9716783761978149,1
4562,1,0.96303790807724,1
4563,1,0.30044955015182495,0
4564,1,0.9825431108474731,1
4565,1,0.9102652668952942,1
4566,0,0.021375572308897972,0
4567,0,0.0016231832560151815,0
4568,1,0.8654595613479614,1
4569,1,0.9992184638977051,1
4570,1,0.9482958316802979,1
4571,1,0.8712428212165833,1
4572,0,0.00026656300178729,0
4573,1,0.9917505383491516,1
4574,1,0.4432891011238098,0
4575,0,0.014545186422765255,0
4576,0,0.15507633984088898,0
4577,0,0.36145180463790894,0
4578,1,0.3434455692768097,0
4579,0,0.0036774587351828814,0
4580,0,0.6633567214012146,1
4581,0,0.9550033211708069,1
4582,1,0.9662600755691528,1
4583,0,0.013939591124653816,0
4584,1,0.9997318387031555,1
4585,1,0.999626874923706,1
4586,0,0.04867061972618103,0
4587,1,0.9993553757667542,1
4588,1,0.9426619410514832,1
4589,1,0.9488049149513245,1
4590,0,0.0599040724337101,0
4591,1,0.9087304472923279,1
4592,1,0.7116691470146179,1
4593,0,0.016934415325522423,0
4594,0,0.09793606400489807,0
4595,1,0.9591165781021118,1
4596,0,0.003915074747055769,0
4597,1,0.9999864101409912,1
4598,0,0.0429803840816021,0
4599,0,0.0018387027084827423,0
4600,0,0.0023578584659844637,0
4601,1,0.9677793383598328,1
4602,0,0.021547283977270126,0
4603,0,0.2315492480993271,0
4604,1,0.9955942034721375,1
4605,1,0.8752607703208923,1
4606,1,0.5701900124549866,1
4607,1,0.9885845184326172,1
4608,0,0.02234247326850891,0
4609,1,0.6476554870605469,1
4610,1,0.9999942779541016,1
4611,1,0.9199104309082031,1
4612,0,0.026535455137491226,0
4613,0,0.0083793755620718,0
4614,0,4.5364628022070974e-05,0
4615,1,0.7849063277244568,1
4616,0,0.08150645345449448,0
4617,1,0.9985827207565308,1
4618,1,0.9999827146530151,1
4619,1,0.9974343180656433,1
4620,0,0.09790860861539841,0
4621,1,0.9992051720619202,1
4622,0,0.05287884548306465,0
4623,0,0.171629399061203,0
4624,0,0.9758529663085938,1
4625,1,0.9446970224380493,1
4626,1,0.9848794341087341,1
4627,0,0.0006363294669426978,0
4628,0,0.08008328080177307,0
4629,0,0.0011455073254182935,0
4630,0,0.027956439182162285,0
4631,0,0.18299150466918945,0
4632,0,0.019370626658201218,0
4633,0,0.42789074778556824,0
4634,0,0.03132488951086998,0
4635,1,0.9999995231628418,1
4636,0,0.18910419940948486,0
4637,0,0.01270083524286747,0
4638,1,1.0,1
4639,0,0.37386956810951233,0
4640,1,0.9838953614234924,1
4641,0,0.027146466076374054,0
4642,0,0.012417012825608253,0
4643,0,0.3808123767375946,0
4644,0,0.41493114829063416,0
4645,1,0.9990906715393066,1
4646,0,0.007468850817531347,0
4647,0,0.07798086106777191,0
4648,1,0.9985791444778442,1
4649,1,0.9992831349372864,1
4650,0,0.0012938898289576173,0
4651,0,0.006510962266474962,0
4652,1,0.9804890155792236,1
4653,0,0.030247269198298454,0
4654,0,0.10822988301515579,0
4655,0,0.4152151644229889,0
4656,1,0.952526330947876,1
4657,0,0.10417988151311874,0
4658,1,0.9601048827171326,1
4659,1,0.9869733452796936,1
4660,0,5.3464198572328314e-05,0
4661,0,0.025170810520648956,0
4662,0,0.3739374279975891,0
4663,1,0.9817237854003906,1
4664,1,0.9996399879455566,1
4665,1,0.71785569190979,1
4666,1,0.9847298264503479,1
4667,1,0.9998470544815063,1
4668,0,0.017275752499699593,0
4669,0,0.0013269425835460424,0
4670,0,0.010375205427408218,0
4671,0,0.017691727727651596,0
4672,1,0.8565852642059326,1
4673,1,0.9811967015266418,1
4674,0,0.016193745657801628,0
4675,0,0.14833509922027588,0
4676,1,0.9896237254142761,1
4677,0,0.026130517944693565,0
4678,1,0.9368389844894409,1
4679,0,0.003071556333452463,0
4680,0,0.8122036457061768,1
4681,0,0.44049420952796936,0
4682,0,0.011052753776311874,0
4683,0,0.09078218042850494,0
4684,0,1.6594764247201965e-06,0
4685,0,0.4569249153137207,0
4686,1,0.9991806149482727,1
4687,1,0.7729251384735107,1
4688,1,0.9975466132164001,1
4689,0,0.049808621406555176,0
4690,1,0.9787124395370483,1
4691,0,3.347171877976507e-05,0
4692,0,0.9121357798576355,1
4693,0,7.023718353593722e-05,0
4694,0,0.004446757957339287,0
4695,0,0.4119202792644501,0
4696,1,0.9987634420394897,1
4697,1,0.9936967492103577,1
4698,1,0.9998862743377686,1
4699,0,0.040177106857299805,0
4700,1,0.9339849352836609,1
4701,1,0.8667008876800537,1
4702,0,0.010069949552416801,0
4703,1,0.9960796236991882,1
4704,1,0.9837086796760559,1
4705,1,0.9932721257209778,1
4706,0,0.1677754819393158,0
4707,1,0.7396346926689148,1
4708,1,0.9935896396636963,1
4709,0,0.019570812582969666,0
4710,1,0.6847071051597595,1
4711,1,0.9818913340568542,1
4712,1,0.9982103109359741,1
4713,0,0.030127521604299545,0
4714,1,0.9991825222969055,1
4715,1,0.9999880790710449,1
4716,1,0.999839186668396,1
4717,1,0.9444657564163208,1
4718,0,0.21538370847702026,0
4719,1,0.8816960453987122,1
4720,0,0.014049180783331394,0
4721,0,0.06741198152303696,0
4722,0,0.12242966145277023,0
4723,1,0.9316650629043579,1
4724,1,0.8928329348564148,1
4725,0,0.08495299518108368,0
4726,0,0.2518003284931183,0
4727,0,0.0010408617090433836,0
4728,0,0.1313936561346054,0
4729,1,0.9909255504608154,1
4730,1,0.9999958276748657,1
4731,1,0.931108832359314,1
4732,1,0.9999933242797852,1
4733,1,0.9884653091430664,1
4734,0,0.04306880384683609,0
4735,0,0.00022022931079845876,0
4736,0,0.10382133722305298,0
4737,1,0.9777301549911499,1
4738,0,0.23196187615394592,0
4739,0,0.000953132112044841,0
4740,1,0.2046065479516983,0
4741,1,0.99363774061203,1
4742,1,0.25032171607017517,0
4743,1,0.940527617931366,1
4744,1,0.897366464138031,1
4745,1,0.9862725734710693,1
4746,1,0.9761258363723755,1
4747,1,0.997955322265625,1
4748,0,0.042540840804576874,0
4749,1,0.992486834526062,1
4750,1,0.9999614953994751,1
4751,0,0.15263964235782623,0
4752,0,0.006818340625613928,0
4753,0,1.9357645953380226e-17,0
4754,1,0.999824583530426,1
4755,1,0.999782145023346,1
4756,0,0.004180230665951967,0
4757,0,0.0008043614798225462,0
4758,0,0.0003821530845016241,0
4759,1,0.9993613362312317,1
4760,0,0.008635205216705799,0
4761,0,0.01418991107493639,0
4762,0,0.06085336580872536,0
4763,1,0.7697216272354126,1
4764,0,0.01942887157201767,0
4765,0,0.8050693869590759,1
4766,1,1.0,1
4767,0,0.11098399758338928,0
4768,0,0.1837306171655655,0
4769,1,0.9917457699775696,1
4770,0,0.7384786605834961,1
4771,1,0.9907965660095215,1
4772,0,0.09060130268335342,0
4773,0,0.10248485952615738,0
4774,0,0.0017202359158545732,0
4775,0,0.0008493030327372253,0
4776,0,0.017945634201169014,0
4777,0,0.02381812036037445,0
4778,1,0.9806404113769531,1
4779,1,0.9967358708381653,1
4780,0,0.21537375450134277,0
4781,1,0.44516825675964355,0
4782,1,0.9886994957923889,1
4783,1,0.7249975800514221,1
4784,0,0.07669801265001297,0
4785,1,0.3225676119327545,0
4786,0,0.1895463615655899,0
4787,0,4.3844520405400544e-06,0
4788,1,0.8706390261650085,1
4789,1,0.8415113091468811,1
4790,1,0.05465688928961754,0
4791,1,0.41135936975479126,0
4792,1,0.9932792782783508,1
4793,1,0.9986469149589539,1
4794,0,0.05306771770119667,0
4795,0,8.785047498349741e-07,0
4796,0,0.7591133713722229,1
4797,1,0.9886617660522461,1
4798,1,0.8178752660751343,1
4799,0,0.06756030768156052,0
4800,1,0.8097571730613708,1
4801,1,0.9673154354095459,1
4802,1,0.99997878074646,1
4803,1,0.7957180142402649,1
4804,0,9.310839232057333e-06,0
4805,1,0.3775765001773834,0
4806,1,0.5193462371826172,1
4807,1,0.9495130777359009,1
4808,0,0.019710423424839973,0
4809,0,0.10899261385202408,0
4810,0,0.0012289176229387522,0
4811,0,0.6906378865242004,1
4812,0,0.6413330435752869,1
4813,0,0.0007583852275274694,0
4814,1,0.8713364601135254,1
4815,1,0.990339457988739,1
4816,1,0.978640079498291,1
4817,1,0.9978221654891968,1
4818,0,0.017931420356035233,0
4819,0,0.004177309572696686,0
4820,1,0.9959906935691833,1
4821,1,0.9989996552467346,1
4822,0,0.00398471811786294,0
4823,1,0.9400650262832642,1
4824,0,0.0022355394903570414,0
4825,1,0.9506517648696899,1
4826,0,0.014662820845842361,0
4827,0,0.00015074611292220652,0
4828,0,0.0012301907408982515,0
4829,1,0.9976078271865845,1
4830,0,0.00019648161833174527,0
4831,0,0.810982882976532,1
4832,0,0.020515017211437225,0
4833,1,0.9868568778038025,1
4834,1,0.903652012348175,1
4835,1,0.7391728162765503,1
4836,1,0.9999958276748657,1
4837,1,0.9935321807861328,1
4838,1,0.948071300983429,1
4839,1,0.97462397813797,1
4840,0,0.008415587246418,0
4841,1,0.999211311340332,1
4842,1,0.9999916553497314,1
4843,1,0.9999957084655762,1
4844,1,0.9563491344451904,1
4845,1,0.9864176511764526,1
4846,1,0.9999992847442627,1
4847,0,0.0009940464515239,0
4848,0,0.04641907289624214,0
4849,1,0.981084942817688,1
4850,1,0.9984501600265503,1
4851,0,0.026222558692097664,0
4852,1,0.9939921498298645,1
4853,1,0.8966333270072937,1
4854,0,0.01272346917539835,0
4855,0,0.003670543199405074,0
4856,1,0.6372044682502747,1
4857,1,0.7380975484848022,1
4858,0,5.852618414792232e-06,0
4859,0,0.21147224307060242,0
4860,1,0.7966139912605286,1
4861,0,0.21726854145526886,0
4862,1,0.9923007488250732,1
4863,0,0.018637778237462044,0
4864,1,0.9959040284156799,1
4865,1,0.9839528203010559,1
4866,1,0.9998733997344971,1
4867,1,0.9998788833618164,1
4868,0,0.05551699921488762,0
4869,0,0.05449282005429268,0
4870,0,0.05332176759839058,0
4871,0,0.07659849524497986,0
4872,1,0.9975942969322205,1
4873,1,0.9902565479278564,1
4874,0,0.12940183281898499,0
4875,1,0.9586545825004578,1
4876,0,0.004435630515217781,0
4877,1,0.9998421669006348,1
4878,1,0.9999992847442627,1
4879,1,0.9998489618301392,1
4880,1,0.950890302658081,1
4881,1,0.9841071367263794,1
4882,1,0.9999923706054688,1
4883,0,0.00035334660788066685,0
4884,0,0.8297543525695801,1
4885,1,0.9973450303077698,1
4886,1,0.7983115315437317,1
4887,1,0.9715253114700317,1
4888,0,0.011742840521037579,0
4889,1,0.8112260103225708,1
4890,1,0.9777876138687134,1
4891,0,0.021791815757751465,0
4892,1,0.885716438293457,1
4893,1,0.9837189316749573,1
4894,0,0.007705987431108952,0
4895,1,0.9685987830162048,1
4896,0,0.18816053867340088,0
4897,1,0.9860709309577942,1
4898,1,0.9999552965164185,1
4899,1,0.9999191761016846,1
4900,1,0.9987678527832031,1
4901,1,0.9991649389266968,1
4902,0,0.6023340821266174,1
4903,1,0.9979664087295532,1
4904,0,0.01213804166764021,0
4905,1,0.9957045912742615,1
4906,1,0.9906105399131775,1
4907,1,0.9985731840133667,1
4908,0,0.14545807242393494,0
4909,0,0.00030606851214542985,0
4910,1,0.9705513119697571,1
4911,0,0.018083274364471436,0
4912,0,0.0009866416221484542,0
4913,0,0.11483024060726166,0
4914,1,0.9999717473983765,1
4915,1,0.9964311122894287,1
4916,0,0.006681628525257111,0
4917,1,0.9502355456352234,1
4918,0,0.08261460065841675,0
4919,1,1.0,1
4920,0,0.05637640133500099,0
4921,1,0.9956701993942261,1
4922,1,0.8485425710678101,1
4923,0,0.00303104380145669,0
4924,0,0.025431303307414055,0
4925,1,0.9999943971633911,1
4926,0,0.00011363231897121295,0
4927,1,0.9392843842506409,1
4928,0,0.011802922002971172,0
4929,0,0.034717459231615067,0
4930,1,0.9979141354560852,1
4931,1,0.9999992847442627,1
4932,1,0.8438636660575867,1
4933,1,0.9013192653656006,1
4934,0,0.1294548213481903,0
4935,1,0.9809603691101074,1
4936,0,0.3047327697277069,0
4937,0,0.00411626324057579,0
4938,0,0.0005506297457031906,0
4939,1,0.8570806980133057,1
4940,1,0.7621184587478638,1
4941,1,0.9982884526252747,1
4942,0,0.12399299442768097,0
4943,1,0.1319269984960556,0
4944,1,0.9999573230743408,1
4945,0,0.15792948007583618,0
4946,0,0.5794802308082581,1
4947,1,0.9187033772468567,1
4948,1,0.9999996423721313,1
4949,1,0.271541953086853,0
4950,0,0.0008608112693764269,0
4951,1,0.994712769985199,1
4952,0,0.00208849785849452,0
4953,1,0.8066077828407288,1
4954,0,0.0013013682328164577,0
4955,1,0.8820193409919739,1
4956,0,8.0621633969713e-05,0
4957,0,0.9739723801612854,1
4958,1,0.42711156606674194,0
4959,1,0.9976344108581543,1
4960,1,0.9738590717315674,1
4961,1,1.0,1
4962,1,0.9421738386154175,1
4963,1,0.999813973903656,1
4964,1,0.9108861088752747,1
4965,0,0.05011086165904999,0
4966,1,0.99944669008255,1
4967,1,0.9222250580787659,1
4968,0,0.04354177787899971,0
4969,1,0.9999945163726807,1
4970,0,8.132273069350049e-05,0
4971,0,0.0001457516336813569,0
4972,0,0.0023752711713314056,0
4973,1,0.9709667563438416,1
4974,1,0.980798065662384,1
4975,1,0.9812324047088623,1
4976,0,0.03895082697272301,0
4977,1,0.9982978701591492,1
4978,1,0.9984476566314697,1
4979,0,0.05198964849114418,0
4980,1,0.9993138313293457,1
4981,0,0.009913094341754913,0
4982,1,0.9894508719444275,1
4983,0,7.726110197836533e-05,0
4984,0,0.03651951253414154,0
4985,1,0.9999927282333374,1
4986,0,0.08414115011692047,0
4987,0,2.2399628505809233e-05,0
4988,1,0.9856685400009155,1
4989,1,0.52668696641922,1
4990,0,0.22269219160079956,0
4991,0,8.688024536240846e-05,0
4992,0,3.368392208358273e-05,0
4993,1,0.9957214593887329,1
4994,1,0.9992967844009399,1
4995,1,0.9993088245391846,1
4996,0,0.04278935492038727,0
4997,0,0.05425400659441948,0
4998,1,0.9999997615814209,1
4999,1,0.9404830932617188,1
5000,1,0.9997519850730896,1
5001,1,0.9926726222038269,1
5002,0,0.0886937752366066,0
5003,0,0.5111619830131531,1
5004,1,0.07550394535064697,0
5005,1,0.9992504715919495,1
5006,1,0.9999039173126221,1
5007,1,0.944844663143158,1
5008,0,0.011718560941517353,0
5009,0,0.024501504376530647,0
5010,0,0.042270075529813766,0
5011,0,0.010730145499110222,0
5012,0,0.0005873683257959783,0
5013,0,6.062160537112504e-06,0
5014,1,0.9964841604232788,1
5015,0,0.00826475489884615,0
5016,0,0.03885103389620781,0
5017,0,0.41488397121429443,0
5018,0,0.005247038789093494,0
5019,0,0.20778633654117584,0
5020,0,0.0024369622115045786,0
5021,0,9.980861068470404e-05,0
5022,0,2.8118479349359404e-06,0
5023,0,2.0530995243461803e-05,0
5024,0,0.7465435266494751,1
5025,1,0.804902970790863,1
5026,1,0.9958217144012451,1
5027,1,0.9994887113571167,1
5028,1,0.9802599549293518,1
5029,0,0.1284758299589157,0
5030,0,0.4382079243659973,0
5031,0,0.03658764064311981,0
5032,1,0.6834214329719543,1
5033,0,0.0008498936658725142,0
5034,1,0.46389061212539673,0
5035,0,0.045608390122652054,0
5036,1,0.06209766864776611,0
5037,1,0.9999606609344482,1
5038,0,0.3435932993888855,0
5039,0,0.00890321284532547,0
5040,1,0.9266320466995239,1
5041,0,0.01509656012058258,0
5042,0,0.1223813071846962,0
5043,1,0.8416465520858765,1
5044,0,0.04672184959053993,0
5045,1,0.9978431463241577,1
5046,1,0.9766008853912354,1
5047,1,0.7574109435081482,1
5048,1,0.9999673366546631,1
5049,1,0.9952139854431152,1
5050,1,0.9892008304595947,1
5051,0,0.626876711845398,1
5052,1,0.9989112615585327,1
5053,0,0.9593518376350403,1
5054,0,0.06871958822011948,0
5055,0,0.3309195339679718,0
5056,0,8.215628622565418e-05,0
5057,0,0.35553133487701416,0
5058,0,0.012611736543476582,0
5059,1,0.9999591112136841,1
5060,1,0.9998859167098999,1
5061,0,0.026180503889918327,0
5062,1,0.9320892095565796,1
5063,0,0.003368563484400511,0
5064,0,0.00012731515744235367,0
5065,0,0.7477415800094604,1
5066,0,0.0098090386018157,0
5067,0,0.22943656146526337,0
5068,1,0.9549349546432495,1
5069,1,0.9940647482872009,1
5070,0,1.6315595985361142e-07,0
5071,0,0.0025501444470137358,0
5072,1,0.9886406660079956,1
5073,1,0.9927797913551331,1
5074,1,1.0,1
5075,0,0.05537099391222,0
5076,0,0.07807876169681549,0
5077,1,0.9999399185180664,1
5078,0,0.012550397776067257,0
5079,1,0.9999998807907104,1
5080,0,0.0009695879416540265,0
5081,0,0.0007447435637004673,0
5082,0,0.018732186406850815,0
5083,0,0.02311231754720211,0
5084,0,0.0021630071569234133,0
5085,0,0.004069882445037365,0
5086,1,0.9988192915916443,1
5087,1,0.9693589210510254,1
5088,1,0.9667686223983765,1
5089,1,0.14257489144802094,0
5090,1,0.7910408973693848,1
5091,1,0.911712646484375,1
5092,0,0.4613719582557678,0
5093,1,0.9991661310195923,1
5094,1,0.32179567217826843,0
5095,1,0.7108955979347229,1
5096,0,0.005438127089291811,0
5097,1,0.9997242093086243,1
5098,1,0.9998781681060791,1
5099,0,0.22955447435379028,0
5100,1,0.9996178150177002,1
5101,0,0.008715713396668434,0
5102,1,0.9124867916107178,1
5103,0,0.0037159882485866547,0
5104,1,0.9988327622413635,1
5105,1,0.3313995599746704,0
5106,1,0.9751923084259033,1
5107,0,0.01027239765971899,0
5108,0,0.0027750490698963404,0
5109,0,0.07993987947702408,0
5110,0,0.2224297821521759,0
5111,0,0.013561096973717213,0
5112,0,0.16209456324577332,0
5113,0,0.0034896405413746834,0
5114,0,0.044515788555145264,0
5115,1,0.934806764125824,1
5116,0,0.1255803406238556,0
5117,0,0.006534941960126162,0
5118,0,0.02813941426575184,0
5119,0,0.12921205163002014,0
5120,1,0.2283615618944168,0
5121,0,1.4972098142607138e-05,0
5122,0,0.25448060035705566,0
5123,1,0.9540489315986633,1
5124,1,0.9827102422714233,1
5125,0,0.0645003691315651,0
5126,0,0.4557805359363556,0
5127,0,0.0014887502184137702,0
5128,0,0.22142930328845978,0
5129,1,0.9999837875366211,1
5130,0,0.05066738277673721,0
5131,0,0.019815335050225258,0
5132,1,0.9944798946380615,1
5133,1,0.9989062547683716,1
5134,1,0.9939829707145691,1
5135,0,0.027326324954628944,0
5136,0,0.347195029258728,0
5137,1,0.9754412174224854,1
5138,1,0.9330263137817383,1
5139,1,0.9847590327262878,1
5140,0,0.02143867127597332,0
5141,0,0.015152856707572937,0
5142,1,0.9999996423721313,1
5143,1,0.996885359287262,1
5144,1,0.9999711513519287,1
5145,0,3.940495298593305e-05,0
5146,1,0.5425568222999573,1
5147,1,0.9971655011177063,1
5148,1,0.5982213020324707,1
5149,1,0.1655634045600891,0
5150,1,0.18884815275669098,0
5151,1,0.9999982118606567,1
5152,0,0.00462027033790946,0
5153,0,0.12236513942480087,0
5154,1,0.9942032694816589,1
5155,1,0.9952883720397949,1
5156,1,0.898469865322113,1
5157,0,0.04865872114896774,0
5158,1,0.9999746084213257,1
5159,0,0.08884008973836899,0
5160,0,0.10529474914073944,0
5161,1,0.6688311696052551,1
5162,1,0.9999998807907104,1
5163,0,0.005213520955294371,0
5164,0,0.010584627278149128,0
5165,1,1.0,1
5166,0,0.2776065468788147,0
5167,1,0.984372079372406,1
5168,0,0.2076626569032669,0
5169,1,0.9999909400939941,1
5170,1,0.9546005725860596,1
5171,0,0.32293054461479187,0
5172,0,0.0095790671184659,0
5173,1,1.0,1
5174,1,0.40325480699539185,0
5175,1,0.9909183979034424,1
5176,0,0.051550205796957016,0
5177,1,0.9776122570037842,1
5178,1,0.5550967454910278,1
5179,0,0.0590660534799099,0
5180,1,0.906306803226471,1
5181,0,0.009025199338793755,0
5182,0,0.011187585070729256,0
5183,1,0.9942901134490967,1
5184,1,0.8958633542060852,1
5185,0,0.060543179512023926,0
5186,1,0.9483559131622314,1
5187,1,0.9516628384590149,1
5188,1,0.4998088479042053,0
5189,0,0.18349085748195648,0
5190,1,0.9999667406082153,1
5191,1,0.971065878868103,1
5192,0,0.23398423194885254,0
5193,1,0.5966761708259583,1
5194,0,0.024642135947942734,0
5195,0,0.018082233145833015,0
5196,1,0.989010751247406,1
5197,0,0.008309489116072655,0
5198,1,0.9904553294181824,1
5199,1,0.8727139234542847,1
5200,1,0.2216000109910965,0
5201,1,0.9261812567710876,1
5202,1,0.9599860906600952,1
5203,0,0.0669807642698288,0
5204,1,0.9998403787612915,1
5205,1,0.8111108541488647,1
5206,0,0.32620543241500854,0
5207,1,0.9556556940078735,1
5208,1,0.9999852180480957,1
5209,0,0.10127975791692734,0
5210,0,0.029884275048971176,0
5211,0,0.5666690468788147,1
5212,0,0.11516895145177841,0
5213,1,0.998375415802002,1
5214,0,0.06939157098531723,0
5215,1,0.9964480400085449,1
5216,1,0.9000422358512878,1
5217,1,0.9924411773681641,1
5218,1,0.9875577688217163,1
5219,1,0.9804134964942932,1
5220,1,0.9806428551673889,1
5221,0,0.11399342119693756,0
5222,0,0.0004777893773280084,0
5223,0,0.12017348408699036,0
5224,1,0.22534044086933136,0
5225,0,0.014186822809278965,0
5226,0,0.07693655788898468,0
5227,1,0.9855875968933105,1
5228,0,0.1151442676782608,0
5229,1,0.9631143808364868,1
5230,1,0.9994055032730103,1
5231,0,0.0036725231911987066,0
5232,1,0.9999467134475708,1
5233,0,0.0010897922329604626,0
5234,1,0.931944727897644,1
5235,1,0.9980408549308777,1
5236,0,0.06341451406478882,0
5237,0,0.12341246753931046,0
5238,0,0.5183189511299133,1
5239,1,0.9983991980552673,1
5240,0,0.008204104378819466,0
5241,0,0.06202749162912369,0
5242,0,0.012532546184957027,0
5243,1,0.999011754989624,1
5244,0,0.1124216690659523,0
5245,0,0.016141094267368317,0
5246,1,0.9243263006210327,1
5247,1,0.9999315738677979,1
5248,1,0.9327012896537781,1
5249,0,8.012735634110868e-06,0
5250,0,0.0005495297373272479,0
5251,0,0.38775843381881714,0
5252,0,0.002551065292209387,0
5253,0,0.00032393052242696285,0
5254,1,0.9999998807907104,1
5255,0,0.008395938202738762,0
5256,0,0.026688693091273308,0
5257,0,0.0049556405283510685,0
5258,0,0.005668013356626034,0
5259,1,0.04022394120693207,0
5260,0,0.017757119610905647,0
5261,0,0.05936746671795845,0
5262,1,0.5650151968002319,1
5263,1,0.9912263751029968,1
5264,1,0.9996102452278137,1
5265,1,0.6663594245910645,1
5266,0,0.06492522358894348,0
5267,1,0.9815940856933594,1
5268,0,0.18580278754234314,0
5269,0,0.8600054979324341,1
5270,0,0.3846086859703064,0
5271,1,0.7599214315414429,1
5272,1,0.9999998807907104,1
5273,0,0.07368442416191101,0
5274,1,0.4959811270236969,0
5275,1,0.9996390342712402,1
5276,0,0.005292600952088833,0
5277,0,0.03376280888915062,0
5278,0,0.03508893400430679,0
5279,1,0.9999867677688599,1
5280,1,0.9880802035331726,1
5281,1,0.9609054923057556,1
5282,0,0.012078982777893543,0
5283,1,0.9909552931785583,1
5284,0,0.02298402227461338,0
5285,0,0.008799294009804726,0
5286,1,0.9999842643737793,1
5287,0,0.12243123352527618,0
5288,0,0.0012881524162366986,0
5289,1,0.9626739621162415,1
5290,1,0.9964589476585388,1
5291,1,0.9930197596549988,1
5292,1,0.851220965385437,1
5293,1,0.9660826921463013,1
5294,0,0.041808582842350006,0
5295,0,0.46503788232803345,0
5296,0,0.11848139762878418,0
5297,1,0.9565724730491638,1
5298,0,0.0022404107730835676,0
5299,1,0.851591944694519,1
5300,0,0.6579451560974121,1
5301,0,0.003269785549491644,0
5302,0,0.09339909255504608,0
5303,0,3.669408954465325e-07,0
5304,1,0.7096673250198364,1
5305,0,0.005190200172364712,0
5306,1,0.8918970227241516,1
5307,1,0.9981052875518799,1
5308,0,0.018108032643795013,0
5309,1,0.7074412703514099,1
5310,0,0.48773619532585144,0
5311,1,0.9966300129890442,1
5312,0,0.015292991884052753,0
5313,0,0.11459427326917648,0
5314,0,0.008509782142937183,0
5315,1,0.6800861358642578,1
5316,1,0.9573803544044495,1
5317,1,0.9664494395256042,1
5318,1,0.547481119632721,1
5319,1,0.8698282241821289,1
5320,1,0.9984331727027893,1
5321,0,0.0021492999512702227,0
5322,0,0.0012291331076994538,0
5323,1,0.9945487380027771,1
5324,0,0.0021936502307653427,0
5325,0,0.033147554844617844,0
5326,0,0.3421107530593872,0
5327,1,0.9665055274963379,1
5328,1,0.9523360133171082,1
5329,0,0.05480730161070824,0
5330,0,0.4923804998397827,0
5331,1,0.9290701746940613,1
5332,0,3.132821075269021e-05,0
5333,0,0.18616104125976562,0
5334,1,0.9743442535400391,1
5335,1,0.6060072183609009,1
5336,0,0.27935221791267395,0
5337,0,0.016856146976351738,0
5338,0,0.021515006199479103,0
5339,1,0.6968249678611755,1
5340,1,0.9929103255271912,1
5341,1,0.9145050048828125,1
5342,1,0.9999964237213135,1
5343,0,0.20993539690971375,0
5344,1,0.9999998807907104,1
5345,0,0.0001628354366403073,0
5346,0,0.030040083453059196,0
5347,0,0.4809655249118805,0
5348,0,0.014865933917462826,0
5349,0,0.1980697363615036,0
5350,0,0.003991042263805866,0
5351,1,0.9985347986221313,1
5352,1,0.9838184714317322,1
5353,0,0.04693932086229324,0
5354,0,0.001714422833174467,0
5355,0,0.1583571881055832,0
5356,0,0.023660043254494667,0
5357,0,0.00020255234267096967,0
5358,0,0.023783741518855095,0
5359,0,0.006863865070044994,0
5360,1,0.9095719456672668,1
5361,0,0.21848560869693756,0
5362,0,0.4367833733558655,0
5363,1,0.9426813125610352,1
5364,1,0.9029724597930908,1
5365,1,0.8432655334472656,1
5366,1,0.7703467011451721,1
5367,0,0.05862586945295334,0
5368,1,0.9989757537841797,1
5369,1,0.9921086430549622,1
5370,1,0.8348336219787598,1
5371,0,0.1726764589548111,0
5372,1,0.9643988013267517,1
5373,0,7.538186764577404e-05,0
5374,1,0.5593681931495667,1
5375,1,0.999430239200592,1
5376,0,0.09457996487617493,0
5377,1,0.8625107407569885,1
5378,1,0.9779279232025146,1
5379,1,0.6296919584274292,1
5380,1,0.995144248008728,1
5381,1,0.9984713196754456,1
5382,1,0.9240358471870422,1
5383,1,0.9998981952667236,1
5384,1,0.9999693632125854,1
5385,1,0.9950085878372192,1
5386,1,0.3942086100578308,0
5387,1,0.533845841884613,1
5388,1,0.9839776158332825,1
5389,1,0.9999940395355225,1
5390,0,0.0017923861742019653,0
5391,1,0.9945923686027527,1
5392,1,0.9869131445884705,1
5393,1,0.800319254398346,1
5394,0,0.42778632044792175,0
5395,1,0.021684136241674423,0
5396,1,0.5217002630233765,1
5397,0,0.05996427685022354,0
5398,1,0.9995307922363281,1
5399,0,0.08353572338819504,0
5400,1,0.9984083771705627,1
5401,0,0.007611327804625034,0
5402,0,0.004515267908573151,0
5403,1,0.9999454021453857,1
5404,1,0.9955447912216187,1
5405,0,0.16274350881576538,0
5406,0,4.1004310332937166e-05,0
5407,1,0.9829461574554443,1
5408,1,0.9565732479095459,1
5409,1,0.9484454989433289,1
5410,1,0.990176260471344,1
5411,0,0.05794667825102806,0
5412,1,0.25119835138320923,0
5413,0,0.6257927417755127,1
5414,1,1.0,1
5415,1,0.9945691823959351,1
5416,1,0.9989914298057556,1
5417,1,0.9992923736572266,1
5418,1,0.9228491187095642,1
5419,1,0.9956971406936646,1
5420,0,0.03802835941314697,0
5421,0,0.0008290912955999374,0
5422,0,0.012346423231065273,0
5423,0,0.021225055679678917,0
5424,1,0.9996651411056519,1
5425,1,0.10960160940885544,0
5426,1,0.9935639500617981,1
5427,1,0.9973973035812378,1
5428,0,0.008906289003789425,0
5429,0,0.40352892875671387,0
5430,1,0.7722927331924438,1
5431,1,0.9517166018486023,1
5432,1,1.0,1
5433,0,0.006745465099811554,0
5434,0,0.40609198808670044,0
5435,1,0.9733145833015442,1
5436,0,0.0002012594195548445,0
5437,0,0.0007575011695735157,0
5438,0,0.003669777885079384,0
5439,1,0.9999617338180542,1
5440,0,0.013254878111183643,0
5441,1,0.9935210347175598,1
5442,1,1.0,1
5443,0,0.0005971341743133962,0
5444,1,0.9796924591064453,1
5445,0,0.0004346019122749567,0
5446,0,0.08524201810359955,0
5447,1,0.9984720349311829,1
5448,1,0.9991401433944702,1
5449,1,0.8198776841163635,1
5450,1,0.9980807304382324,1
5451,1,0.9744712114334106,1
5452,0,0.00039523933082818985,0
5453,0,1.792769762687385e-05,0
5454,1,0.9875147342681885,1
5455,0,0.013354594819247723,0
5456,1,0.9811615943908691,1
5457,1,0.9585133790969849,1
5458,0,0.14129087328910828,0
5459,0,0.11809773743152618,0
5460,0,0.17045988142490387,0
5461,0,0.0047192806378006935,0
5462,1,0.9756209254264832,1
5463,1,0.9799857139587402,1
5464,0,0.05392942577600479,0
5465,1,0.9882757663726807,1
5466,1,0.9932356476783752,1
5467,0,0.11753707379102707,0
5468,1,0.17488303780555725,0
5469,1,0.9197455048561096,1
5470,0,0.0029111483599990606,0
5471,0,0.09797406196594238,0
5472,1,0.9533354043960571,1
5473,0,0.022882292047142982,0
5474,1,0.9833729863166809,1
5475,1,0.9999803304672241,1
5476,1,0.917778730392456,1
5477,1,0.8950589299201965,1
5478,1,0.9168950915336609,1
5479,0,0.005751404911279678,0
5480,0,0.04385992884635925,0
5481,0,0.03774048015475273,0
5482,1,0.9999997615814209,1
5483,0,0.23277918994426727,0
5484,0,0.6782330870628357,1
5485,0,0.8590670824050903,1
5486,0,1.973100552277174e-06,0
5487,0,0.09022445976734161,0
5488,1,0.9835795760154724,1
5489,1,0.9488305449485779,1
5490,0,0.0022910020779818296,0
5491,0,0.009290584363043308,0
5492,0,0.0052907709032297134,0
5493,0,0.038361258804798126,0
5494,1,0.9372455477714539,1
5495,1,0.9832620620727539,1
5496,1,0.10499942302703857,0
5497,0,2.5945843137008e-15,0
5498,0,0.0005804783431813121,0
5499,0,0.004904949571937323,0
5500,1,0.9996873140335083,1
5501,1,0.9772419929504395,1
5502,1,0.8924459218978882,1
5503,0,0.002509771380573511,0
5504,1,0.17785552144050598,0
5505,1,0.993206262588501,1
5506,0,0.0571904219686985,0
5507,0,9.794690392084249e-09,0
5508,1,0.9999498128890991,1
5509,0,0.0009177116444334388,0
5510,0,0.10066603869199753,0
5511,0,0.12262476235628128,0
5512,1,0.9884361028671265,1
5513,0,0.09362921118736267,0
5514,1,0.9997715353965759,1
5515,0,0.004483954980969429,0
5516,0,0.008841285482048988,0
5517,0,0.06142536923289299,0
5518,1,0.9999487400054932,1
5519,0,0.1028389111161232,0
5520,1,0.9963548183441162,1
5521,0,0.0007242243736982346,0
5522,0,0.2850167155265808,0
5523,1,0.9636682868003845,1
5524,1,0.09399175643920898,0
5525,0,2.303495966771152e-05,0
5526,1,0.9987849593162537,1
5527,1,0.9753779172897339,1
5528,1,0.9999933242797852,1
5529,0,0.0061656334437429905,0
5530,0,0.034987542778253555,0
5531,0,0.02778938040137291,0
5532,0,0.000894552911631763,0
5533,1,0.8940529227256775,1
5534,0,0.00895650777965784,0
5535,0,0.009192942641675472,0
5536,0,0.020741835236549377,0
5537,0,0.11884154379367828,0
5538,1,0.9599698185920715,1
5539,1,0.9999785423278809,1
5540,1,0.9945527911186218,1
5541,1,0.30571141839027405,0
5542,0,0.003772095311433077,0
5543,1,0.9991406202316284,1
5544,1,0.9997796416282654,1
5545,1,0.998083233833313,1
5546,1,0.9759075045585632,1
5547,0,0.01293820608407259,0
5548,1,0.9995865225791931,1
5549,1,0.9986656904220581,1
5550,1,0.6649677157402039,1
5551,0,0.06475676596164703,0
5552,0,0.010741964913904667,0
5553,0,0.01099364459514618,0
5554,0,0.0383756048977375,0
5555,1,0.9969889521598816,1
5556,0,0.3048998713493347,0
5557,1,0.9725778102874756,1
5558,1,0.8877080082893372,1
5559,1,0.9662526249885559,1
5560,0,0.03277215734124184,0
5561,0,8.021434769034386e-05,0
5562,1,0.8841387033462524,1
5563,1,0.873474657535553,1
5564,1,0.9229178428649902,1
5565,0,0.3586087226867676,0
5566,1,0.7056037187576294,1
5567,0,0.009457248263061047,0
5568,0,0.12836940586566925,0
5569,1,0.9997143149375916,1
5570,0,0.10598927736282349,0
5571,1,0.7774451375007629,1
5572,1,0.9957467913627625,1
5573,0,0.0999295711517334,0
5574,1,0.5070315003395081,1
5575,0,2.4906612452468835e-06,0
5576,1,0.9445997476577759,1
5577,0,0.5062012672424316,1
5578,1,0.9163716435432434,1
5579,0,0.06085343286395073,0
5580,0,0.06177380681037903,0
5581,0,0.00023318476451095194,0
5582,1,0.9369297027587891,1
5583,0,0.36337727308273315,0
5584,1,0.993504524230957,1
5585,0,0.038347870111465454,0
5586,0,0.17319518327713013,0
5587,0,0.027223294600844383,0
5588,1,0.9999954700469971,1
5589,1,0.999609649181366,1
5590,0,0.035542942583560944,0
5591,1,0.9919405579566956,1
5592,0,0.009001773782074451,0
5593,1,0.9999909400939941,1
5594,1,0.9852393865585327,1
5595,1,0.8730562329292297,1
5596,1,0.9893249869346619,1
5597,1,0.9932709336280823,1
5598,1,0.9980738162994385,1
5599,0,0.0532136894762516,0
5600,1,0.7493618130683899,1
5601,1,0.9689391255378723,1
5602,0,0.811608612537384,1
5603,0,0.3717377781867981,0
5604,1,0.9999943971633911,1
5605,1,0.9973728656768799,1
5606,1,0.9999997615814209,1
5607,0,0.009622130542993546,0
5608,0,0.008114221505820751,0
5609,0,0.010705634020268917,0
5610,1,0.7951290011405945,1
5611,0,6.024750291544478e-06,0
5612,1,0.8896934390068054,1
5613,1,0.9149267077445984,1
5614,0,0.1956939399242401,0
5615,1,0.9986737966537476,1
5616,1,0.9704434275627136,1
5617,1,0.011358371935784817,0
5618,1,0.4943975806236267,0
5619,0,0.9673510193824768,1
5620,1,0.8060674667358398,1
5621,0,0.020645761862397194,0
5622,1,0.9984564781188965,1
5623,1,0.9754207730293274,1
5624,1,0.9691734313964844,1
5625,1,0.8723334670066833,1
5626,0,0.009793451987206936,0
5627,0,0.0024364590644836426,0
5628,0,0.003777821082621813,0
5629,0,0.007125583477318287,0
5630,1,0.9999998807907104,1
5631,0,0.00032778672175481915,0
5632,1,0.9975088834762573,1
5633,1,0.9454348683357239,1
5634,0,0.03370845317840576,0
5635,1,0.9549703001976013,1
5636,1,0.999991774559021,1
5637,0,0.03806428238749504,0
5638,0,0.00011913566413568333,0
5639,1,0.996947705745697,1
5640,0,0.0006342264241538942,0
5641,0,0.11002027988433838,0
5642,1,0.9598687887191772,1
5643,1,0.9827760457992554,1
5644,0,0.002954849973320961,0
5645,1,0.9715012311935425,1
5646,0,0.08329984545707703,0
5647,0,0.03761414811015129,0
5648,1,0.9913150668144226,1
5649,0,0.34581807255744934,0
5650,1,0.7962450981140137,1
5651,1,0.8705447316169739,1
5652,0,0.30537545680999756,0
5653,1,0.9736072421073914,1
5654,1,0.9987035989761353,1
5655,0,0.012058242224156857,0
5656,1,0.9980425834655762,1
5657,0,0.017099617049098015,0
5658,1,0.9999992847442627,1
5659,0,0.001095143728889525,0
5660,0,0.014514467678964138,0
5661,0,0.034457433968782425,0
5662,1,0.9999802112579346,1
5663,1,0.9999394416809082,1
5664,0,0.002294635633006692,0
5665,0,0.9998565912246704,1
5666,0,0.00027072400553151965,0
5667,0,0.20158584415912628,0
5668,1,0.9997736811637878,1
5669,1,0.9960981607437134,1
5670,0,0.0006393644725903869,0
5671,1,0.9891470670700073,1
5672,0,0.17876383662223816,0
5673,0,0.06507714837789536,0
5674,0,0.025239840149879456,0
5675,0,0.20856475830078125,0
5676,1,0.999213457107544,1
5677,0,0.02623857371509075,0
5678,1,0.927822470664978,1
5679,1,0.7653592228889465,1
5680,1,0.5260043144226074,1
5681,1,0.8909192681312561,1
5682,1,0.9999897480010986,1
5683,0,0.0152677521109581,0
5684,0,0.0004250285855960101,0
5685,1,0.999100923538208,1
5686,0,0.042108505964279175,0
5687,0,0.01863216981291771,0
5688,1,0.7066681981086731,1
5689,0,0.0034784553572535515,0
5690,1,0.9998140931129456,1
5691,0,0.018272604793310165,0
5692,0,0.0014410607982426882,0
5693,1,0.9967737793922424,1
5694,0,0.03417401388287544,0
5695,0,0.06475254893302917,0
5696,1,0.9999486207962036,1
5697,0,0.00029970804462209344,0
5698,0,0.16061753034591675,0
5699,0,0.1147875264286995,0
5700,0,0.06819655746221542,0
5701,0,0.5757445693016052,1
5702,0,0.06095259264111519,0
5703,0,0.0026455477345734835,0
5704,1,0.9999169111251831,1
5705,1,0.993878185749054,1
5706,1,0.7441040873527527,1
5707,0,0.008767705410718918,0
5708,0,0.004996373318135738,0
5709,0,4.410028122947551e-05,0
5710,1,0.9998414516448975,1
5711,1,0.9627177119255066,1
5712,0,0.47034093737602234,0
5713,0,0.019856775179505348,0
5714,0,0.164638489484787,0
5715,0,0.000392352492781356,0
5716,1,0.7587129473686218,1
5717,1,0.9736605882644653,1
5718,1,0.9276511073112488,1
5719,1,0.9925232529640198,1
5720,0,0.22662456333637238,0
5721,0,0.0477292537689209,0
5722,1,0.9486203193664551,1
5723,0,0.0037974491715431213,0
5724,0,0.002218825975432992,0
5725,1,0.991534411907196,1
5726,1,0.9282824397087097,1
5727,0,0.09838350117206573,0
5728,1,0.9980442523956299,1
5729,0,0.007178370375186205,0
5730,0,0.005533288232982159,0
5731,1,0.7531434893608093,1
5732,1,0.9818651080131531,1
5733,1,0.2105535864830017,0
5734,1,0.9999982118606567,1
5735,0,0.0010754757095128298,0
5736,0,0.00019097169570159167,0
5737,1,0.9955441355705261,1
5738,1,0.9252033829689026,1
5739,0,0.0026582679711282253,0
5740,0,0.0018080042209476233,0
5741,0,0.0941283106803894,0
5742,1,0.9942544102668762,1
5743,1,0.9590305089950562,1
5744,1,0.8836326003074646,1
5745,1,0.9891381859779358,1
5746,0,0.5223871469497681,1
5747,1,0.9572692513465881,1
5748,1,0.7485727667808533,1
5749,0,0.17003747820854187,0
5750,1,0.9995682835578918,1
5751,1,0.9690331816673279,1
5752,1,0.994469165802002,1
5753,1,0.9999587535858154,1
5754,0,0.5193950533866882,1
5755,0,0.11854157596826553,0
5756,0,0.201585590839386,0
5757,1,0.9306479096412659,1
5758,0,0.42677372694015503,0
5759,1,0.9725652933120728,1
5760,1,0.9955127835273743,1
5761,1,0.9640980958938599,1
5762,1,0.9941617846488953,1
5763,1,0.959846019744873,1
5764,1,0.6417775750160217,1
5765,0,2.1405207007774152e-05,0
5766,1,0.9803904294967651,1
5767,0,1.2576457265822683e-05,0
5768,0,0.001176303718239069,0
5769,0,0.10052870213985443,0
5770,0,0.06608852744102478,0
5771,1,1.0,1
5772,0,0.2957780957221985,0
5773,0,0.2674407362937927,0
5774,1,0.905989944934845,1
5775,0,0.09443880617618561,0
5776,0,0.013807831332087517,0
5777,1,0.9895199537277222,1
5778,1,0.17173302173614502,0
5779,0,0.009081839583814144,0
5780,1,0.9827122688293457,1
5781,1,0.9867697954177856,1
5782,1,0.975547730922699,1
5783,1,0.9996339082717896,1
5784,1,0.8589828014373779,1
5785,0,0.05140464007854462,0
5786,1,0.8317871689796448,1
5787,1,0.9762618541717529,1
5788,1,0.7562987208366394,1
5789,1,0.9701741933822632,1
5790,1,0.9873179793357849,1
5791,0,0.0005141321453265846,0
5792,1,0.9999860525131226,1
5793,0,0.35269659757614136,0
5794,1,0.9997492432594299,1
5795,1,0.9138669967651367,1
5796,1,0.9982154369354248,1
5797,1,0.5789486169815063,1
5798,0,0.13560575246810913,0
5799,0,0.31864985823631287,0
5800,0,9.386108246189906e-08,0
5801,0,0.0007928231498226523,0
5802,0,0.3679876923561096,0
5803,1,0.9947576522827148,1
5804,1,0.23113371431827545,0
5805,0,0.03853365778923035,0
5806,1,0.9998194575309753,1
5807,1,0.9987919926643372,1
5808,1,0.8224523067474365,1
5809,1,0.9956110119819641,1
5810,1,0.9999514818191528,1
5811,1,0.9357939958572388,1
5812,1,0.9950588941574097,1
5813,0,0.03529331088066101,0
5814,1,0.9927290081977844,1
5815,0,0.41428694128990173,0
5816,1,0.9828194975852966,1
5817,0,0.0003241807862650603,0
5818,0,0.0027808998711407185,0
5819,0,0.9144052863121033,1
5820,1,0.7900983691215515,1
5821,1,0.9999947547912598,1
5822,1,0.9994800686836243,1
5823,1,0.5056132674217224,1
5824,1,0.9167405962944031,1
5825,1,0.9426594972610474,1
5826,0,0.013190415687859058,0
5827,1,0.9178860187530518,1
5828,1,0.9999717473983765,1
5829,1,0.7868950963020325,1
5830,1,0.9159227013587952,1
5831,1,0.9999967813491821,1
5832,0,0.07719489932060242,0
5833,1,0.5785506367683411,1
5834,1,0.9873478412628174,1
5835,0,0.06257458031177521,0
5836,1,0.9961780309677124,1
5837,1,0.9999986886978149,1
5838,1,0.3010110855102539,0
5839,0,0.008183326572179794,0
5840,1,0.8765309453010559,1
5841,1,0.9671943187713623,1
5842,0,0.008696663193404675,0
5843,0,0.008603247813880444,0
5844,0,0.09015103429555893,0
5845,1,0.9789361953735352,1
5846,1,0.8810133934020996,1
5847,0,0.029704686254262924,0
5848,0,0.19873836636543274,0
5849,1,1.0,1
5850,1,0.9999494552612305,1
5851,0,0.00034432034590281546,0
5852,1,0.9955807328224182,1
5853,1,0.9881717562675476,1
5854,0,0.05505526810884476,0
5855,0,6.0690103116656235e-12,0
5856,1,0.990161657333374,1
5857,0,0.07455339282751083,0
5858,1,0.9797097444534302,1
5859,1,0.998045802116394,1
5860,0,0.005687829107046127,0
5861,1,0.9871819019317627,1
5862,1,0.985817015171051,1
5863,0,0.033503349870443344,0
5864,0,1.4337216271087527e-05,0
5865,0,0.06938204169273376,0
5866,0,0.7623904347419739,1
5867,1,0.9510374665260315,1
5868,0,0.0013714298838749528,0
5869,1,0.9928419589996338,1
5870,0,0.0034027353394776583,0
5871,1,0.9915909767150879,1
5872,1,0.844607949256897,1
5873,0,0.06653362512588501,0
5874,1,0.9999885559082031,1
5875,1,0.020494943484663963,0
5876,0,0.0030887816101312637,0
5877,0,0.11715516448020935,0
5878,1,0.37222832441329956,0
5879,0,0.016749829053878784,0
5880,0,0.0011266871588304639,0
5881,1,0.9955011010169983,1
5882,1,0.9708250761032104,1
5883,0,0.03791775554418564,0
5884,0,0.047780752182006836,0
5885,0,0.0005251351394690573,0
5886,1,0.9981194138526917,1
5887,0,0.00025645154528319836,0
5888,1,0.9999983310699463,1
5889,0,0.03691725432872772,0
5890,1,0.9976845979690552,1
5891,0,0.14596393704414368,0
5892,1,0.9999576807022095,1
5893,0,0.3630509376525879,0
5894,0,0.05270059406757355,0
5895,0,0.016184009611606598,0
5896,1,0.9878748059272766,1
5897,1,0.9568473696708679,1
5898,0,0.12711137533187866,0
5899,1,0.6743124723434448,1
5900,1,0.9781745672225952,1
5901,1,0.9025393724441528,1
5902,1,0.7958403825759888,1
5903,0,0.20394833385944366,0
5904,0,0.02454349771142006,0
5905,1,0.9999783039093018,1
5906,1,0.9928996562957764,1
5907,0,0.9998658895492554,1
5908,0,0.004992752335965633,0
5909,1,0.9999213218688965,1
5910,1,0.9562220573425293,1
5911,1,0.9994955062866211,1
5912,0,0.0011587196495383978,0
5913,1,0.8251923322677612,1
5914,1,0.9991294741630554,1
5915,0,0.18364503979682922,0
5916,0,0.2358776181936264,0
5917,0,0.22064407169818878,0
5918,0,0.08742767572402954,0
5919,1,0.9470032453536987,1
5920,1,0.9991447925567627,1
5921,0,0.05652725324034691,0
5922,1,0.9802722334861755,1
5923,0,0.9694452881813049,1
5924,1,0.21237139403820038,0
5925,1,0.7538231611251831,1
5926,1,0.947083592414856,1
5927,0,0.27932244539260864,0
5928,0,0.22247980535030365,0
5929,0,3.229682261007838e-05,0
5930,0,0.06461073458194733,0
5931,1,0.7999133467674255,1
5932,1,0.9973089694976807,1
5933,0,0.06701681762933731,0
5934,0,0.002804261166602373,0
5935,1,0.9998031258583069,1
5936,0,0.17128440737724304,0
5937,1,0.9427959322929382,1
5938,1,0.9898877739906311,1
5939,0,0.012219707481563091,0
5940,0,0.1582377701997757,0
5941,1,0.9739107489585876,1
5942,1,0.9999997615814209,1
5943,0,0.36539608240127563,0
5944,0,0.4889030456542969,0
5945,1,0.9607573747634888,1
5946,1,0.6947022676467896,1
5947,0,0.0035224591847509146,0
5948,1,0.9999157190322876,1
5949,0,0.01228539738804102,0
5950,0,0.004283942747861147,0
5951,0,0.49227118492126465,0
5952,1,0.9320597052574158,1
5953,1,0.9999799728393555,1
5954,0,0.22500954568386078,0
5955,0,0.25288140773773193,0
5956,1,0.7429899573326111,1
5957,1,0.9853571057319641,1
5958,1,0.9648211002349854,1
5959,0,1.317007614076715e-11,0
5960,0,0.28926318883895874,0
5961,1,0.9905391931533813,1
5962,0,0.150604248046875,0
5963,0,0.007316275034099817,0
5964,1,0.9984500408172607,1
5965,1,0.999977707862854,1
5966,0,0.0064719561487436295,0
5967,0,0.1267356425523758,0
5968,1,0.8549105525016785,1
5969,0,0.12042985111474991,0
5970,1,0.9888822436332703,1
5971,0,2.8768392439815216e-05,0
5972,1,0.9997708201408386,1
5973,0,0.10240208357572556,0
5974,0,0.18378567695617676,0
5975,0,0.0020953852217644453,0
5976,0,0.20445695519447327,0
5977,0,0.030028019100427628,0
5978,1,0.7219409942626953,1
5979,0,0.7849768400192261,1
5980,0,0.0013537650229409337,0
5981,0,0.00013761605077888817,0
5982,1,0.3885301947593689,0
5983,0,0.03273873031139374,0
5984,0,0.4785457253456116,0
5985,0,0.03785724937915802,0
5986,0,0.05189850181341171,0
5987,1,0.8206769824028015,1
5988,0,0.007141280919313431,0
5989,0,0.0005096432287245989,0
5990,0,0.5976388454437256,1
5991,1,0.6242007613182068,1
5992,1,0.9766810536384583,1
5993,0,4.571718818624504e-05,0
5994,0,0.3889721632003784,0
5995,0,0.026377808302640915,0
5996,0,0.017539391294121742,0
5997,0,0.010174060240387917,0
5998,1,0.9980652928352356,1
5999,0,0.003013466252014041,0
6000,1,0.8509342670440674,1
6001,0,0.021042272448539734,0
6002,1,0.9520288705825806,1
6003,1,0.678346574306488,1
6004,1,0.702757716178894,1
6005,0,0.0018173463176935911,0
6006,0,0.2771487534046173,0
6007,1,0.765389084815979,1
6008,1,0.9999988079071045,1
6009,0,0.0014538607792928815,0
6010,1,0.9968400001525879,1
6011,0,0.8113642334938049,1
6012,1,0.9986940026283264,1
6013,0,0.018106810748577118,0
6014,1,0.9055242538452148,1
6015,1,0.9838075041770935,1
6016,1,0.9999141693115234,1
6017,1,0.9116689562797546,1
6018,1,0.9726915955543518,1
6019,0,0.0054403021931648254,0
6020,1,0.9849653244018555,1
6021,1,0.9999580383300781,1
6022,0,0.011054865084588528,0
6023,1,0.793892502784729,1
6024,0,0.35440704226493835,0
6025,1,0.976916491985321,1
6026,0,0.013900934718549252,0
6027,0,0.2988722026348114,0
6028,0,0.001494776806794107,0
6029,1,0.8740972280502319,1
6030,1,0.9809540510177612,1
6031,1,0.9984512329101562,1
6032,1,0.9949199557304382,1
6033,0,0.5171651244163513,1
6034,0,0.12656158208847046,0
6035,1,0.9998522996902466,1
6036,0,0.0013185731368139386,0
6037,1,0.997014045715332,1
6038,0,0.006551059428602457,0
6039,1,0.9987492561340332,1
6040,1,0.9993269443511963,1
6041,0,0.9834973812103271,1
6042,0,0.0003821365244220942,0
6043,1,0.6906089186668396,1
6044,1,0.9930825233459473,1
6045,0,0.9830754995346069,1
6046,1,0.7098556160926819,1
6047,0,1.578384035383351e-05,0
6048,1,0.9999994039535522,1
6049,1,0.926312267780304,1
6050,0,0.025213133543729782,0
6051,0,0.6305878758430481,1
6052,0,0.0004240920825395733,0
6053,1,0.9700746536254883,1
6054,0,0.1564279943704605,0
6055,0,0.030516518279910088,0
6056,1,0.9924319982528687,1
6057,1,0.9225907325744629,1
6058,0,0.9102410078048706,1
6059,1,0.9690378308296204,1
6060,0,0.3614746034145355,0
6061,1,0.9997902512550354,1
6062,1,0.11744359880685806,0
6063,1,0.9852721691131592,1
6064,1,0.9938212037086487,1
6065,1,0.7815224528312683,1
6066,0,0.0016394421691074967,0
6067,0,0.021099742501974106,0
6068,0,0.30960479378700256,0
6069,1,0.8942648768424988,1
6070,0,0.0603996105492115,0
6071,0,0.1793777048587799,0
6072,0,0.011992482468485832,0
6073,1,0.99781334400177,1
6074,0,1.966011586773675e-05,0
6075,1,0.9900155663490295,1
6076,0,0.030745262280106544,0
6077,1,0.31351348757743835,0
6078,0,0.6755648851394653,1
6079,1,0.9289761185646057,1
6080,1,0.26574835181236267,0
6081,1,0.7869064807891846,1
6082,1,0.9907938838005066,1
6083,1,0.9995608925819397,1
6084,0,0.002060588216409087,0
6085,1,0.9990087151527405,1
6086,0,0.17085134983062744,0
6087,0,0.00040841149166226387,0
6088,1,0.9999836683273315,1
6089,0,0.054011642932891846,0
6090,0,0.01390161458402872,0
6091,0,0.017751207575201988,0
6092,0,0.1246175467967987,0
6093,1,0.999687671661377,1
6094,1,0.5853695869445801,1
6095,0,0.6292579174041748,1
6096,0,0.0015962122706696391,0
6097,1,0.9943916201591492,1
6098,0,0.06604026257991791,0
6099,0,0.06986899673938751,0
6100,1,0.9703075885772705,1
6101,1,0.9970640540122986,1
6102,1,0.8323534727096558,1
6103,1,0.9986518025398254,1
6104,0,0.00046738373930566013,0
6105,1,0.8413679003715515,1
6106,1,0.656472384929657,1
6107,0,0.0042564296163618565,0
6108,1,0.8551164865493774,1
6109,0,0.08504750579595566,0
6110,0,0.09663442522287369,0
6111,1,0.9999985694885254,1
6112,1,0.9999794960021973,1
6113,1,0.9175162315368652,1
6114,1,0.9996280670166016,1
6115,1,0.9899616241455078,1
6116,0,0.09153249859809875,0
6117,1,0.9247230887413025,1
6118,1,0.9741168022155762,1
6119,1,0.9997559189796448,1
6120,0,0.007566133979707956,0
6121,1,1.0,1
6122,0,0.1267978996038437,0
6123,1,0.5567845106124878,1
6124,1,0.9678310751914978,1
6125,0,6.50741349090822e-05,0
6126,1,0.9947867393493652,1
6127,0,1.756194615154527e-05,0
6128,0,0.013943025842308998,0
6129,0,0.00026492270990274847,0
6130,0,0.0006942293839529157,0
6131,1,0.964953601360321,1
6132,1,0.9999998807907104,1
6133,0,0.017143189907073975,0
6134,1,0.9906589984893799,1
6135,0,0.0008267746889032423,0
6136,1,0.9999994039535522,1
6137,0,0.04687873646616936,0
6138,0,0.0801556184887886,0
6139,0,2.3765492187521886e-06,0
6140,0,0.01093720830976963,0
6141,0,0.09229692071676254,0
6142,0,0.07197817414999008,0
6143,0,0.012969758361577988,0
6144,1,0.999998927116394,1
6145,0,0.5483177304267883,1
6146,1,0.9999921321868896,1
6147,0,0.07172857224941254,0
6148,1,0.992264986038208,1
6149,1,0.977449357509613,1
6150,0,0.011359973810613155,0
6151,1,0.9991986155509949,1
6152,1,0.9980574250221252,1
6153,0,0.0021521542221307755,0
6154,0,0.0026297359727323055,0
6155,1,0.977974534034729,1
6156,1,0.9986276626586914,1
6157,1,0.6806550621986389,1
6158,1,0.9991828799247742,1
6159,0,0.04868101701140404,0
6160,0,0.07999607920646667,0
6161,1,0.9983117580413818,1
6162,0,0.0013426060322672129,0
6163,0,0.07063909620046616,0
6164,0,0.03492167592048645,0
6165,1,0.9999998807907104,1
6166,1,0.9971067309379578,1
6167,1,0.8917932510375977,1
6168,0,0.008573130704462528,0
6169,1,0.7934063076972961,1
6170,1,0.5837289094924927,1
6171,0,0.00502996239811182,0
6172,0,4.589970558299683e-05,0
6173,1,0.9189262986183167,1
6174,0,0.05105685815215111,0
6175,0,0.0022101528011262417,0
6176,1,0.9837523698806763,1
6177,1,0.5129054188728333,1
6178,1,0.991659939289093,1
6179,1,0.9987743496894836,1
6180,0,0.0016372785903513432,0
6181,1,0.9951105713844299,1
6182,0,0.8392319083213806,1
6183,1,0.9983977675437927,1
6184,1,0.9963247179985046,1
6185,1,0.9142711758613586,1
6186,0,0.1406242400407791,0
6187,1,0.9777846336364746,1
6188,0,0.0021676579490303993,0
6189,1,0.994620680809021,1
6190,0,0.2997049391269684,0
6191,1,0.9976255297660828,1
6192,1,0.9957116842269897,1
6193,0,0.2380753606557846,0
6194,0,0.6526584625244141,1
6195,1,0.9999924898147583,1
6196,1,0.8597881197929382,1
6197,1,0.8183698058128357,1
6198,1,0.9971727132797241,1
6199,0,0.016569865867495537,0
6200,0,0.004786945413798094,0
6201,0,0.8995954394340515,1
6202,0,0.0002988463675137609,0
6203,1,0.9954712390899658,1
6204,0,0.19508174061775208,0
6205,0,0.004265959374606609,0
6206,0,0.004363541956990957,0
6207,0,0.06251652538776398,0
6208,1,0.8583567142486572,1
6209,0,0.0019971043802797794,0
6210,1,0.9322812557220459,1
6211,0,0.039587799459695816,0
6212,1,0.5497846007347107,1
6213,1,0.9949343800544739,1
6214,0,1.8189494710441068e-07,0
6215,0,0.031316597014665604,0
6216,1,0.8996003866195679,1
6217,1,0.06524226814508438,0
6218,0,0.5322890877723694,1
6219,1,0.9314455389976501,1
6220,0,0.0041627660393714905,0
6221,0,0.010845066979527473,0
6222,0,0.00023383463849313557,0
6223,0,0.1996155083179474,0
6224,1,0.9998894929885864,1
6225,0,0.020315108820796013,0
6226,0,0.00036832038313150406,0
6227,0,0.007355749607086182,0
6228,1,0.9884896874427795,1
6229,0,0.034356553107500076,0
6230,0,0.5672414898872375,1
6231,1,0.9846136569976807,1
6232,1,0.9995543360710144,1
6233,1,0.9945589900016785,1
6234,1,0.9957199692726135,1
6235,1,0.9867820739746094,1
6236,0,9.2156624305062e-06,0
6237,0,0.010340887121856213,0
6238,0,0.018614182248711586,0
6239,1,0.9999572038650513,1
6240,1,0.973617672920227,1
6241,1,0.4676869511604309,0
6242,0,0.007332507520914078,0
6243,1,0.8007159233093262,1
6244,1,0.9092140793800354,1
6245,1,0.9997503161430359,1
6246,1,0.9971530437469482,1
6247,1,0.9646285772323608,1
6248,1,0.9990788698196411,1
6249,0,0.8872860074043274,1
6250,0,0.03825053200125694,0
6251,0,0.5890666842460632,1
6252,0,0.12852409482002258,0
6253,0,1.9068958863499574e-05,0
6254,0,0.002217816887423396,0
6255,0,0.0015086246421560645,0
6256,0,0.003227196168154478,0
6257,1,0.9999358654022217,1
6258,0,0.001072379294782877,0
6259,0,0.14089691638946533,0
6260,1,0.9994066953659058,1
6261,0,0.03913293406367302,0
6262,0,0.6823864579200745,1
6263,0,0.00513319531455636,0
6264,1,0.9934977293014526,1
6265,1,0.9983945488929749,1
6266,1,0.9953118562698364,1
6267,1,0.6822466850280762,1
6268,1,0.9990243911743164,1
6269,1,0.9999865293502808,1
6270,1,0.9940018057823181,1
6271,1,0.9523807764053345,1
6272,0,0.19041559100151062,0
6273,0,0.00018545353668741882,0
6274,0,3.811721035162918e-05,0
6275,0,0.002211435930803418,0
6276,0,0.0008551885839551687,0
6277,1,0.7637625336647034,1
6278,1,0.9967189431190491,1
6279,1,0.9403195977210999,1
6280,1,0.7506399154663086,1
6281,0,0.07849927246570587,0
6282,1,0.9649450778961182,1
6283,0,0.4752388298511505,0
6284,1,0.9990406632423401,1
6285,1,0.9718400835990906,1
6286,1,0.9998278617858887,1
6287,1,0.7289546728134155,1
6288,1,0.9987939596176147,1
6289,0,0.015649378299713135,0
6290,0,0.38747474551200867,0
6291,1,0.9998918771743774,1
6292,1,0.9953168630599976,1
6293,1,0.9999547004699707,1
6294,1,0.9999649524688721,1
6295,0,0.104084812104702,0
6296,0,0.19255074858665466,0
6297,0,0.03178935497999191,0
6298,1,0.9980252981185913,1
6299,0,0.039107996970415115,0
6300,0,0.00038480552029795945,0
6301,1,0.9917047023773193,1
6302,0,0.26754626631736755,0
6303,1,0.9904947280883789,1
6304,0,0.008016838692128658,0
6305,0,0.0019241131376475096,0
6306,0,7.360614836215973e-05,0
6307,0,0.26460084319114685,0
6308,0,0.7209087014198303,1
6309,0,0.0022321236319839954,0
6310,0,0.841711699962616,1
6311,1,1.0,1
6312,1,0.9535717368125916,1
6313,1,0.8227724432945251,1
6314,0,1.1924465070478618e-05,0
6315,0,0.49523913860321045,0
6316,0,0.005176067817956209,0
6317,0,0.09866119921207428,0
6318,0,0.1235233023762703,0
6319,0,0.1366889625787735,0
6320,1,0.9999499320983887,1
6321,0,9.165232040686533e-05,0
6322,1,0.999983549118042,1
6323,0,0.4937196671962738,0
6324,1,0.9890738129615784,1
6325,0,0.009828747250139713,0
6326,0,0.5978310108184814,1
6327,0,0.028854675590991974,0
6328,0,0.0419018380343914,0
6329,1,0.9540433287620544,1
6330,0,0.3384934961795807,0
6331,1,0.9996229410171509,1
6332,1,0.9442868232727051,1
6333,1,0.9939823746681213,1
6334,0,0.0027780120726674795,0
6335,1,0.9996943473815918,1
6336,0,0.0004609542083926499,0
6337,1,0.9933131337165833,1
6338,1,0.9429118037223816,1
6339,0,4.3100935727125034e-05,0
6340,1,0.997220516204834,1
6341,0,0.25079989433288574,0
6342,1,0.9964488744735718,1
6343,1,0.9965284466743469,1
6344,0,0.0025895254220813513,0
6345,0,0.5114552974700928,1
6346,1,0.9995985627174377,1
6347,1,0.9483084082603455,1
6348,0,0.04045025631785393,0
6349,0,0.04401259124279022,0
6350,1,0.9992614388465881,1
6351,1,0.8565607666969299,1
6352,1,0.82874596118927,1
6353,1,0.9968729615211487,1
6354,0,0.06327980756759644,0
6355,0,0.00020022412354592234,0
6356,1,0.9904109239578247,1
6357,1,0.8667446970939636,1
6358,1,0.9887915849685669,1
6359,0,0.006415719632059336,0
6360,1,0.9112858772277832,1
6361,0,0.0002898483944591135,0
6362,0,0.22559988498687744,0
6363,1,0.714053750038147,1
6364,0,0.006378249730914831,0
6365,0,0.0020711757242679596,0
6366,1,0.999864935874939,1
6367,0,0.580790102481842,1
6368,0,0.0021878902334719896,0
6369,0,0.793562650680542,1
6370,0,0.0014075328363105655,0
6371,0,0.0528651587665081,0
6372,0,0.08686622232198715,0
6373,1,0.9846819639205933,1
6374,0,0.027479149401187897,0
6375,0,0.0808849036693573,0
6376,1,0.5682948231697083,1
6377,1,0.9412358403205872,1
6378,1,0.8678317070007324,1
6379,0,0.0020560258999466896,0
6380,0,5.638386483042268e-06,0
6381,0,0.0007183640846051276,0
6382,0,0.004543876741081476,0
6383,1,0.8354660272598267,1
6384,0,0.006374425254762173,0
6385,1,0.9742814302444458,1
6386,1,0.9898403286933899,1
6387,1,0.995370090007782,1
6388,0,0.013096798211336136,0
6389,1,0.7249533534049988,1
6390,0,0.14876365661621094,0
6391,0,0.08489954471588135,0
6392,1,0.9997456669807434,1
6393,1,1.0,1
6394,0,0.193945050239563,0
6395,0,0.9981619715690613,1
6396,1,0.99944669008255,1
6397,1,0.7411837577819824,1
6398,1,0.9842521548271179,1
6399,0,0.028672968968749046,0
6400,1,0.9981805086135864,1
6401,0,0.941579282283783,1
6402,1,0.5469937920570374,1
6403,0,0.008660897612571716,0
6404,1,0.9978164434432983,1
6405,0,0.008848675526678562,0
6406,1,0.9999730587005615,1
6407,0,0.0002900939143728465,0
6408,0,0.1733517199754715,0
6409,1,0.6669962406158447,1
6410,1,0.7707467675209045,1
6411,1,0.9101796746253967,1
6412,0,0.10473263263702393,0
6413,0,0.12442710995674133,0
6414,1,0.979040265083313,1
6415,0,0.812675416469574,1
6416,0,0.02408357709646225,0
6417,0,0.0009114975109696388,0
6418,0,0.02211157977581024,0
6419,0,0.9222662448883057,1
6420,0,0.03336431086063385,0
6421,1,0.7203942537307739,1
6422,1,0.9975948929786682,1
6423,0,0.3713521361351013,0
6424,0,0.0013579755323007703,0
6425,1,0.9997416138648987,1
6426,0,1.4773881957808044e-05,0
6427,0,0.11516597121953964,0
6428,0,0.0005100787384435534,0
6429,0,0.3090100884437561,0
6430,0,0.0024000576231628656,0
6431,0,0.0017040797974914312,0
6432,0,0.3787913918495178,0
6433,0,0.6011611223220825,1
6434,1,0.9949954748153687,1
6435,1,0.9133101105690002,1
6436,0,0.21713662147521973,0
6437,1,0.9999715089797974,1
6438,0,0.6829637885093689,1
6439,1,0.9768269658088684,1
6440,0,0.002649343805387616,0
6441,0,0.16388078033924103,0
6442,0,0.007448870223015547,0
6443,1,0.985864520072937,1
6444,1,0.9474512934684753,1
6445,1,0.9999983310699463,1
6446,0,0.15980587899684906,0
6447,0,0.0012685219990089536,0
6448,0,0.040002260357141495,0
6449,0,0.08009717613458633,0
6450,0,0.0001603628188604489,0
6451,0,0.04484301432967186,0
6452,0,0.06381894648075104,0
6453,1,0.9938212633132935,1
6454,1,0.449278861284256,0
6455,1,0.9779947400093079,1
6456,1,0.8981528282165527,1
6457,1,0.9999951124191284,1
6458,0,0.0004611292970366776,0
6459,0,0.13615183532238007,0
6460,0,0.044572681188583374,0
6461,1,0.3956138789653778,0
6462,1,0.9905506372451782,1
6463,1,0.9997835755348206,1
6464,1,0.5468311309814453,1
6465,1,0.9992691874504089,1
6466,1,0.9999945163726807,1
6467,0,0.012831997126340866,0
6468,1,0.7407694458961487,1
6469,1,0.7047184109687805,1
6470,0,0.8824094533920288,1
6471,1,0.004679214209318161,0
6472,1,0.9615121483802795,1
6473,0,0.09123785048723221,0
6474,0,0.006382219027727842,0
6475,0,0.004338888917118311,0
6476,1,0.8170734643936157,1
6477,1,0.6974613666534424,1
6478,1,0.9146087169647217,1
6479,1,0.9734147787094116,1
6480,1,0.9991707801818848,1
6481,0,0.002448370913043618,0
6482,0,0.09099314361810684,0
6483,1,0.9484136700630188,1
6484,1,0.9993253946304321,1
6485,1,0.13988712430000305,0
6486,1,0.6103723049163818,1
6487,0,0.2242746204137802,0
6488,0,0.03662422299385071,0
6489,0,0.000585991598200053,0
6490,0,0.009622703306376934,0
6491,0,0.03422963619232178,0
6492,1,0.9787548184394836,1
6493,1,0.9977750182151794,1
6494,0,1.3880213600714342e-06,0
6495,0,7.506638212362304e-05,0
6496,1,0.9997734427452087,1
6497,0,0.025310305878520012,0
6498,0,0.015480715781450272,0
6499,1,0.9996775388717651,1
6500,1,0.9416093230247498,1
6501,0,0.0008391936426050961,0
6502,0,0.0654551163315773,0
6503,0,0.06480859965085983,0
6504,1,0.4589838981628418,0
6505,0,0.04866375774145126,0
6506,0,0.005048421211540699,0
6507,0,0.0009520937455818057,0
6508,1,0.41095447540283203,0
6509,1,0.9988904595375061,1
6510,1,0.9999998807907104,1
6511,0,0.051231224089860916,0
6512,1,0.8677334785461426,1
6513,0,0.06623788923025131,0
6514,1,0.9894515872001648,1
6515,0,8.227105718106031e-05,0
6516,0,0.001873213448561728,0
6517,0,0.08683476597070694,0
6518,0,0.003398809814825654,0
6519,0,5.014075554754527e-07,0
6520,1,0.9905102849006653,1
6521,1,0.9607276916503906,1
6522,0,6.7013607996102564e-09,0
6523,1,0.991327702999115,1
6524,0,0.641838550567627,1
6525,1,0.46943432092666626,0
6526,0,0.005772093776613474,0
6527,1,1.0,1
6528,1,0.9961574673652649,1
6529,0,0.06489671021699905,0
6530,0,0.004493624437600374,0
6531,1,0.8810243606567383,1
6532,1,0.9945127964019775,1
6533,1,0.9717540144920349,1
6534,0,0.08569985628128052,0
6535,1,0.9992011189460754,1
6536,0,0.3821617066860199,0
6537,1,0.998957633972168,1
6538,1,0.4027295708656311,0
6539,0,0.03483075648546219,0
6540,0,0.13272014260292053,0
6541,0,0.28699028491973877,0
6542,0,9.894691174849868e-06,0
6543,1,0.9237068891525269,1
6544,1,0.9821549654006958,1
6545,1,0.8113932013511658,1
6546,0,0.04671076312661171,0
6547,0,0.09244339168071747,0
6548,0,0.6516005992889404,1
6549,0,0.03662757948040962,0
6550,1,0.9705952405929565,1
6551,0,0.6286709308624268,1
6552,1,0.9784092307090759,1
6553,1,0.7052801847457886,1
6554,0,0.0031629526056349277,0
6555,1,0.9847946763038635,1
6556,1,0.9998856782913208,1
6557,0,0.2720767855644226,0
6558,1,0.9999995231628418,1
6559,0,0.005496972240507603,0
6560,1,0.7702759504318237,1
6561,1,0.9989041090011597,1
6562,0,9.342703560832888e-05,0
6563,0,0.00230459775775671,0
6564,0,0.01833794265985489,0
6565,1,0.9978972673416138,1
6566,1,0.999977707862854,1
6567,1,0.8265395760536194,1
6568,0,0.28261810541152954,0
6569,1,0.9925708174705505,1
6570,0,0.07522967457771301,0
6571,1,0.9887612462043762,1
6572,1,0.017437664791941643,0
6573,1,0.6471814513206482,1
6574,1,0.9899864792823792,1
6575,1,0.9999920129776001,1
6576,0,0.00131098716519773,0
6577,1,0.999758780002594,1
6578,0,0.005281636491417885,0
6579,0,0.15557920932769775,0
6580,0,0.03453192114830017,0
6581,1,0.9999909400939941,1
6582,1,0.9998757839202881,1
6583,1,0.551172137260437,1
6584,1,0.7891607880592346,1
6585,1,1.0,1
6586,1,0.9998325109481812,1
6587,0,0.003646028460934758,0
6588,0,0.004140050150454044,0
6589,1,0.4840303957462311,0
6590,1,0.998320996761322,1
6591,0,0.26972922682762146,0
6592,1,0.9999977350234985,1
6593,0,0.20110869407653809,0
6594,1,0.5406133532524109,1
6595,1,0.9879034161567688,1
6596,1,0.7928816676139832,1
6597,0,0.34373876452445984,0
6598,0,0.23335157334804535,0
6599,1,0.9890722036361694,1
6600,0,0.018039723858237267,0
6601,1,1.0,1
6602,0,0.03858659043908119,0
6603,0,0.029826102778315544,0
6604,0,0.05441819131374359,0
6605,1,0.999690055847168,1
6606,0,0.02931138500571251,0
6607,1,0.9992363452911377,1
6608,1,0.9720109701156616,1
6609,0,0.0032780980691313744,0
6610,0,0.8117814660072327,1
6611,1,1.0,1
6612,1,0.7252164483070374,1
6613,0,0.02312522940337658,0
6614,0,0.031592607498168945,0
6615,1,0.997928261756897,1
6616,1,0.6526517868041992,1
6617,1,0.686122715473175,1
6618,0,0.36404949426651,0
6619,0,0.059948280453681946,0
6620,1,0.9807635545730591,1
6621,0,0.016714638099074364,0
6622,1,0.9914495348930359,1
6623,0,0.0030014619696885347,0
6624,1,0.8935815095901489,1
6625,1,0.9989148378372192,1
6626,0,0.025255165994167328,0
6627,1,0.9866472482681274,1
6628,0,2.4798489448585315e-06,0
6629,0,0.005524227395653725,0
6630,1,0.8866536617279053,1
6631,1,0.14208577573299408,0
6632,1,0.9534575343132019,1
6633,1,0.999121367931366,1
6634,1,0.9956568479537964,1
6635,0,0.49751201272010803,0
6636,1,0.8780494928359985,1
6637,1,0.9247725605964661,1
6638,1,0.9994564652442932,1
6639,1,0.9992152452468872,1
6640,0,0.027554862201213837,0
6641,0,0.4402007460594177,0
6642,0,0.49389082193374634,0
6643,0,0.4321894943714142,0
6644,0,0.041202571243047714,0
6645,1,0.9995574355125427,1
6646,1,0.8700206875801086,1
6647,0,0.23875632882118225,0
6648,0,0.4284311532974243,0
6649,0,0.004113285802304745,0
6650,0,7.619312327733496e-06,0
6651,1,0.9840050935745239,1
6652,1,0.9967116117477417,1
6653,1,0.9996651411056519,1
6654,0,0.0028101049829274416,0
6655,0,0.24244195222854614,0
6656,0,0.06310439109802246,0
6657,1,0.9966649413108826,1
6658,1,0.9999767541885376,1
6659,1,0.9999996423721313,1
6660,0,0.07558386772871017,0
6661,0,3.250537061738612e-10,0
6662,0,0.0011864590924233198,0
6663,1,0.9999593496322632,1
6664,0,0.0012838959228247404,0
6665,0,0.026084642857313156,0
6666,0,0.13144274055957794,0
6667,1,0.9571987986564636,1
6668,0,0.0017843125388026237,0
6669,1,0.9700507521629333,1
6670,1,0.9707344770431519,1
6671,0,0.13130386173725128,0
6672,0,0.1520782858133316,0
6673,0,0.016882702708244324,0
6674,0,7.906910468591377e-07,0
6675,1,0.9519845247268677,1
6676,0,0.02842552773654461,0
6677,0,0.008367180824279785,0
6678,0,0.30737313628196716,0
6679,1,0.9922239780426025,1
6680,1,0.992701530456543,1
6681,0,0.13353611528873444,0
6682,0,0.0007066280813887715,0
6683,0,0.013727192766964436,0
6684,1,0.9999908208847046,1
6685,0,0.02027159370481968,0
6686,0,0.006323040928691626,0
6687,1,0.8607919812202454,1
6688,0,0.2711259424686432,0
6689,1,0.21355926990509033,0
6690,0,0.007290664128959179,0
6691,0,0.3073903024196625,0
6692,0,0.00011742257629521191,0
6693,0,0.001994786551222205,0
6694,0,0.013547662645578384,0
6695,0,0.14076004922389984,0
6696,1,0.9974759221076965,1
6697,1,0.9999585151672363,1
6698,0,0.09389985352754593,0
6699,1,0.8858988285064697,1
6700,1,0.9995855689048767,1
6701,0,0.00018870548228733242,0
6702,0,0.04609786346554756,0
6703,1,0.4493502974510193,0
6704,1,0.9789599776268005,1
6705,1,0.9891104102134705,1
6706,0,0.008014165796339512,0
6707,0,0.35510948300361633,0
6708,1,0.9990744590759277,1
6709,0,0.15121148526668549,0
6710,1,0.975050687789917,1
6711,0,0.3802929222583771,0
6712,1,0.9888837337493896,1
6713,1,0.9742777943611145,1
6714,1,0.6270208358764648,1
6715,1,0.6392803192138672,1
6716,0,0.04400523006916046,0
6717,1,0.9937785267829895,1
6718,0,0.04973522573709488,0
6719,1,0.9850695729255676,1
6720,0,0.04047418758273125,0
6721,1,0.18422074615955353,0
6722,1,0.9819043278694153,1
6723,1,0.9995735287666321,1
6724,0,0.14063289761543274,0
6725,0,0.0001410821860190481,0
6726,1,0.8977996110916138,1
6727,0,0.0018832002533599734,0
6728,0,3.0025514206499793e-05,0
6729,0,0.7234269976615906,1
6730,0,0.008125592954456806,0
6731,1,0.9659799933433533,1
6732,1,0.9999884366989136,1
6733,1,0.9881711006164551,1
6734,1,0.9963208436965942,1
6735,0,0.0011870769085362554,0
6736,1,0.9977286458015442,1
6737,1,0.9999998807907104,1
6738,0,0.00023332421551458538,0
6739,0,0.007013870403170586,0
6740,0,0.9548486471176147,1
6741,1,0.924135684967041,1
6742,0,0.8053210973739624,1
6743,0,0.10986524820327759,0
6744,1,0.9565668106079102,1
6745,0,0.3339943587779999,0
6746,1,0.8437792658805847,1
6747,1,0.9914700388908386,1
6748,1,0.9299031496047974,1
6749,1,0.9575738310813904,1
6750,0,0.004146743565797806,0
6751,0,0.43345123529434204,0
6752,1,0.9987772107124329,1
6753,0,0.11613883823156357,0
6754,1,0.8791728019714355,1
6755,1,0.9999874830245972,1
6756,1,0.8056097626686096,1
6757,1,0.9123659133911133,1
6758,1,0.9379532933235168,1
6759,0,0.022139841690659523,0
6760,0,0.2690889835357666,0
6761,1,0.9386509656906128,1
6762,1,0.4644998013973236,0
6763,0,0.010193690657615662,0
6764,0,0.19232414662837982,0
6765,0,3.358337198733352e-05,0
6766,0,0.17927682399749756,0
6767,0,0.06679387390613556,0
6768,1,0.9998750686645508,1
6769,0,0.0534307062625885,0
6770,1,0.9996768236160278,1
6771,0,0.03377842903137207,0
6772,1,0.995219886302948,1
6773,0,0.0003885173355229199,0
6774,0,0.46455493569374084,0
6775,1,0.999983549118042,1
6776,1,0.657070517539978,1
6777,1,0.6908684968948364,1
6778,0,0.33629751205444336,0
6779,0,0.0017416226910427213,0
6780,0,4.6968224864940566e-07,0
6781,1,0.968930721282959,1
6782,1,0.9071237444877625,1
6783,1,0.8186710476875305,1
6784,1,0.21035104990005493,0
6785,1,0.9992685914039612,1
6786,0,0.23111648857593536,0
6787,0,0.15664926171302795,0
6788,0,0.21849428117275238,0
6789,0,0.08563780784606934,0
6790,0,0.03556809946894646,0
6791,0,0.044617459177970886,0
6792,1,0.9831106662750244,1
6793,1,0.9960035681724548,1
6794,1,0.9678189754486084,1
6795,0,0.00044274466927163303,0
6796,1,0.9988724589347839,1
6797,0,0.21970224380493164,0
6798,1,0.559767484664917,1
6799,1,0.20682698488235474,0
6800,0,0.03290131688117981,0
6801,0,0.05994567647576332,0
6802,0,0.10633785277605057,0
6803,0,0.7678854465484619,1
6804,1,0.9118131399154663,1
6805,1,0.7081544399261475,1
6806,1,0.9941303133964539,1
6807,1,0.971340000629425,1
6808,0,7.2073598857969046e-06,0
6809,1,0.9999810457229614,1
6810,0,0.005246458575129509,0
6811,0,1.743419124977663e-05,0
6812,1,0.9685576558113098,1
6813,0,0.031083161011338234,0
6814,0,0.05759691447019577,0
6815,1,0.8526332378387451,1
6816,1,0.14050331711769104,0
6817,1,0.9732502102851868,1
6818,0,0.05647921934723854,0
6819,1,0.32077276706695557,0
6820,1,0.9940553903579712,1
6821,1,0.827629804611206,1
6822,1,0.9945819973945618,1
6823,1,0.8601846098899841,1
6824,1,0.9992570281028748,1
6825,0,0.03874259814620018,0
6826,0,0.0001415339793311432,0
6827,0,0.00098137476015836,0
6828,1,0.9995898604393005,1
6829,1,0.9201509952545166,1
6830,1,0.9932751655578613,1
6831,0,0.00823722779750824,0
6832,1,0.9999321699142456,1
6833,0,0.004599601961672306,0
6834,1,0.980678141117096,1
6835,0,0.0011048028245568275,0
6836,0,0.26827168464660645,0
6837,0,0.01355393510311842,0
6838,1,0.9791560173034668,1
6839,1,0.9998631477355957,1
6840,0,0.0018440630519762635,0
6841,1,0.9926751255989075,1
6842,0,0.05448352172970772,0
6843,0,0.005123193841427565,0
6844,1,0.9999872446060181,1
6845,0,0.013885478489100933,0
6846,0,0.7109606266021729,1
6847,0,0.00047808847739361227,0
6848,0,0.011166694574058056,0
6849,0,0.01298871822655201,0
6850,0,0.5995078682899475,1
6851,0,0.008195215836167336,0
6852,1,0.9802868962287903,1
6853,0,0.11815838515758514,0
6854,0,0.03774286434054375,0
6855,1,0.9899193048477173,1
6856,0,0.020057378336787224,0
6857,1,1.0,1
6858,0,0.04589204117655754,0
6859,1,0.9964272379875183,1
6860,1,0.9970314502716064,1
6861,1,0.9947053790092468,1
6862,0,0.16337889432907104,0
6863,0,0.3046620190143585,0
6864,0,0.004073434509336948,0
6865,0,0.0719456598162651,0
6866,1,0.9999924898147583,1
6867,0,0.04913748428225517,0
6868,1,0.9999920129776001,1
6869,0,0.004318016115576029,0
6870,1,0.9427587389945984,1
6871,1,0.997686505317688,1
6872,1,0.936301589012146,1
6873,1,0.9995156526565552,1
6874,0,0.008051172830164433,0
6875,1,0.9973445534706116,1
6876,0,0.0010772936511784792,0
6877,0,0.03135152906179428,0
6878,1,0.9835346341133118,1
6879,0,0.015078477561473846,0
6880,1,0.8931145668029785,1
6881,0,0.5827551484107971,1
6882,1,0.9999958276748657,1
6883,0,0.10064153373241425,0
6884,1,0.988109290599823,1
6885,1,0.17905718088150024,0
6886,1,0.9952037334442139,1
6887,0,0.07302207499742508,0
6888,0,0.0030466136522591114,0
6889,1,0.9999608993530273,1
6890,0,0.06031358242034912,0
6891,1,0.9997945427894592,1
6892,1,0.9589913487434387,1
6893,1,0.7799296975135803,1
6894,1,0.7289316654205322,1
6895,0,0.16399715840816498,0
6896,1,0.9987286925315857,1
6897,1,0.9962655901908875,1
6898,0,0.06983138620853424,0
6899,0,0.00045442895498126745,0
6900,1,0.9617167711257935,1
6901,0,0.032130204141139984,0
6902,1,0.9999996423721313,1
6903,0,0.010227091610431671,0
6904,1,0.9044457674026489,1
6905,0,0.009788589552044868,0
6906,1,0.9996739625930786,1
6907,1,0.7410681843757629,1
6908,1,0.8890780806541443,1
6909,0,0.09440334886312485,0
6910,1,0.9999195337295532,1
6911,1,0.982309877872467,1
6912,0,0.001641849405132234,0
6913,1,0.941605806350708,1
6914,0,3.58296787794643e-08,0
6915,0,0.058737173676490784,0
6916,0,0.003198070917278528,0
6917,0,0.00042575245606712997,0
6918,0,0.011641708202660084,0
6919,0,0.0001680705026956275,0
6920,1,0.9259666800498962,1
6921,1,0.9917314648628235,1
6922,1,0.8058947920799255,1
6923,1,0.9951640367507935,1
6924,0,0.0028218720108270645,0
6925,0,0.08222836256027222,0
6926,1,0.1817333996295929,0
6927,0,0.03460661694407463,0
6928,0,0.03133170306682587,0
6929,1,0.9984297156333923,1
6930,1,0.9999998807907104,1
6931,1,0.956025242805481,1
6932,1,0.20662331581115723,0
6933,1,0.996780276298523,1
6934,1,0.8692451119422913,1
6935,1,0.953771710395813,1
6936,0,0.025579435750842094,0
6937,0,0.008128183893859386,0
6938,0,0.11334332078695297,0
6939,1,0.9052652716636658,1
6940,1,0.9604160785675049,1
6941,1,0.9995362758636475,1
6942,0,0.025140773504972458,0
6943,0,0.3057194650173187,0
6944,0,0.01651308499276638,0
6945,0,0.0091157341375947,0
6946,0,0.011698465794324875,0
6947,1,0.999235987663269,1
6948,0,0.028769945725798607,0
6949,1,0.9990123510360718,1
6950,0,0.1844402253627777,0
6951,0,0.006561128422617912,0
6952,0,0.007096159737557173,0
6953,1,0.9630036354064941,1
6954,1,0.9916577935218811,1
6955,0,0.9477688074111938,1
6956,1,0.9331067204475403,1
6957,1,0.9999997615814209,1
6958,1,0.9999990463256836,1
6959,0,0.788417398929596,1
6960,0,0.00919063575565815,0
6961,0,0.005990747828036547,0
6962,1,0.9607765078544617,1
6963,1,0.9565166234970093,1
6964,1,0.9699002504348755,1
6965,1,0.7747751474380493,1
6966,0,0.009490706026554108,0
6967,0,0.004439145792275667,0
6968,1,0.817186176776886,1
6969,1,0.6494498252868652,1
6970,1,0.9767090082168579,1
6971,0,0.7895734310150146,1
6972,0,0.7862828373908997,1
6973,1,0.9784467816352844,1
6974,0,0.025248246267437935,0
6975,1,0.20963388681411743,0
6976,1,0.9941278696060181,1
6977,1,0.9147330522537231,1
6978,1,0.9861351251602173,1
6979,1,0.9999980926513672,1
6980,0,0.000558876374270767,0
6981,1,0.9998804330825806,1
6982,1,0.9641463160514832,1
6983,1,0.7854734063148499,1
6984,0,0.5644309520721436,1
6985,1,0.8347616195678711,1
6986,1,0.8438712954521179,1
6987,0,0.05688369646668434,0
6988,1,0.9767531156539917,1
6989,0,0.19719937443733215,0
6990,1,0.9718301892280579,1
6991,0,0.031813256442546844,0
6992,1,0.9644089937210083,1
6993,1,0.9971062541007996,1
6994,1,0.7949487566947937,1
6995,0,0.06904124468564987,0
6996,1,0.9999992847442627,1
6997,0,0.03986843302845955,0
6998,1,0.9973213076591492,1
6999,1,0.999852180480957,1
7000,0,0.10010265558958054,0
7001,1,0.933208167552948,1
7002,1,0.9199718832969666,1
7003,1,0.9999979734420776,1
7004,1,0.9999979734420776,1
7005,1,0.9955333471298218,1
7006,1,0.9916900396347046,1
7007,0,0.11847101897001266,0
7008,1,0.9654825925827026,1
7009,1,0.9992952346801758,1
7010,1,0.9995872378349304,1
7011,0,0.1521718055009842,0
7012,1,0.9901459813117981,1
7013,0,0.0455332025885582,0
7014,1,0.8989089131355286,1
7015,0,0.04685208201408386,0
7016,1,0.9999831914901733,1
7017,1,0.9999557733535767,1
7018,0,0.2705971598625183,0
7019,1,0.9999992847442627,1
7020,0,0.03890486806631088,0
7021,1,0.9236713647842407,1
7022,1,0.9981972575187683,1
7023,1,0.9953906536102295,1
7024,1,0.9779497981071472,1
7025,1,0.9962814450263977,1
7026,1,0.8747914433479309,1
7027,0,0.3011986315250397,0
7028,0,0.1367521733045578,0
7029,0,9.699546353658661e-05,0
7030,0,0.010497665964066982,0
7031,0,0.11113633960485458,0
7032,1,0.24440394341945648,0
7033,0,0.015216090716421604,0
7034,1,0.8681613206863403,1
7035,1,0.37798434495925903,0
7036,0,0.016381874680519104,0
7037,0,0.18019333481788635,0
7038,0,0.008241376839578152,0
7039,1,0.9998810291290283,1
7040,1,0.9999628067016602,1
7041,0,0.2551335394382477,0
7042,1,0.9987931251525879,1
7043,1,0.3850802779197693,0
7044,0,0.07447560131549835,0
7045,0,0.011145610362291336,0
7046,1,0.947087287902832,1
7047,0,0.22016853094100952,0
7048,0,0.005115643609315157,0
7049,0,0.4398207664489746,0
7050,1,0.926899254322052,1
7051,1,0.9976062774658203,1
7052,0,0.08197874575853348,0
7053,1,0.957578182220459,1
7054,0,0.16274265944957733,0
7055,0,3.070656021009199e-05,0
7056,1,0.9976053237915039,1
7057,0,0.7412128448486328,1
7058,0,0.039000555872917175,0
7059,0,0.012827322818338871,0
7060,1,0.9994420409202576,1
7061,0,0.5512875318527222,1
7062,1,0.9960796236991882,1
7063,0,0.021480631083250046,0
7064,1,0.9981309771537781,1
7065,0,0.0002596622798591852,0
7066,0,0.0009584571234881878,0
7067,0,0.22340020537376404,0
7068,1,0.9991224408149719,1
7069,1,0.9618196487426758,1
7070,1,0.9999988079071045,1
7071,1,0.999514102935791,1
7072,1,0.6067926287651062,1
7073,0,0.005626793019473553,0
7074,1,0.9727104306221008,1
7075,1,0.11119893938302994,0
7076,1,0.2785824239253998,0
7077,0,0.02528209425508976,0
7078,1,0.9474837183952332,1
7079,0,0.02893916703760624,0
7080,0,0.0013826037757098675,0
7081,1,0.2552014887332916,0
7082,1,1.0,1
7083,1,0.9974530339241028,1
7084,1,0.9721590876579285,1
7085,0,0.18297801911830902,0
7086,0,0.00021178457245696336,0
7087,1,0.9830703139305115,1
7088,0,0.052915528416633606,0
7089,0,0.39816805720329285,0
7090,1,0.9982253909111023,1
7091,1,0.8511528372764587,1
7092,0,0.024763023480772972,0
7093,0,0.05285739526152611,0
7094,0,1.313702614424983e-05,0
7095,1,0.8625764846801758,1
7096,0,0.20538462698459625,0
7097,0,0.02986798621714115,0
7098,0,0.9701398015022278,1
7099,1,0.8645956516265869,1
7100,1,0.9999997615814209,1
7101,1,0.9661651253700256,1
7102,0,0.008810929954051971,0
7103,1,0.34475675225257874,0
7104,0,0.48268601298332214,0
7105,1,0.7649344801902771,1
7106,1,0.12327782064676285,0
7107,1,0.9287763833999634,1
7108,0,2.618861799419392e-05,0
7109,0,0.003558464115485549,0
7110,1,0.8880160450935364,1
7111,0,0.24798017740249634,0
7112,1,0.9997408986091614,1
7113,1,0.5852640867233276,1
7114,1,0.9965613484382629,1
7115,0,0.01712666265666485,0
7116,0,0.004321139305830002,0
7117,0,2.040682920778636e-05,0
7118,0,0.07414650171995163,0
7119,1,0.9999942779541016,1
7120,0,0.26597291231155396,0
7121,0,5.349607454263605e-05,0
7122,1,0.41102835536003113,0
7123,1,0.9988695979118347,1
7124,0,0.0075277467258274555,0
7125,1,0.9131371974945068,1
7126,1,0.9901110529899597,1
7127,0,0.15074998140335083,0
7128,0,0.009404980577528477,0
7129,1,0.801581621170044,1
7130,0,0.2256166636943817,0
7131,0,0.24108055233955383,0
7132,1,0.9882567524909973,1
7133,1,0.9863529205322266,1
7134,1,0.9752976298332214,1
7135,1,0.9120921492576599,1
7136,0,0.007614778820425272,0
7137,0,5.7918579841498286e-05,0
7138,1,0.9141789078712463,1
7139,0,0.01518342923372984,0
7140,1,0.9931249618530273,1
7141,0,0.07359597086906433,0
7142,0,2.4901481083361432e-05,0
7143,1,0.9999737739562988,1
7144,0,0.00020959670655429363,0
7145,0,0.01301026064902544,0
7146,0,0.045731790363788605,0
7147,0,0.004653179552406073,0
7148,1,0.999595582485199,1
7149,1,0.9846408367156982,1
7150,1,0.9999935626983643,1
7151,0,0.008727512322366238,0
7152,0,0.003731764853000641,0
7153,0,0.03280674293637276,0
7154,1,0.9998878240585327,1
7155,0,0.415371835231781,0
7156,0,0.004466242156922817,0
7157,1,0.9946907162666321,1
7158,1,0.9603589773178101,1
7159,1,0.984495222568512,1
7160,1,0.8847913146018982,1
7161,0,8.987255569081753e-05,0
7162,1,0.9958998560905457,1
7163,0,0.4540136158466339,0
7164,0,0.13442791998386383,0
7165,0,0.1463591605424881,0
7166,0,0.027898471802473068,0
7167,1,0.9999967813491821,1
7168,1,0.18856613337993622,0
7169,1,0.9988007545471191,1
7170,0,0.10557562112808228,0
7171,0,0.008353352546691895,0
7172,0,0.0001253966911463067,0
7173,0,0.0007751715602353215,0
7174,1,0.9985544085502625,1
7175,1,0.9925292134284973,1
7176,0,0.05212545767426491,0
7177,0,0.0019204664276912808,0
7178,0,0.12801463901996613,0
7179,1,0.9999915361404419,1
7180,1,0.9856714606285095,1
7181,0,0.24473798274993896,0
7182,1,0.8917933702468872,1
7183,1,0.9997243285179138,1
7184,0,0.15739716589450836,0
7185,0,0.028331486508250237,0
7186,0,0.07610122114419937,0
7187,0,0.20184186100959778,0
7188,1,0.9640726447105408,1
7189,1,0.6397818326950073,1
7190,1,0.5047336220741272,1
7191,1,0.8009094595909119,1
7192,1,0.9998127818107605,1
7193,1,0.7819762229919434,1
7194,0,0.008654521778225899,0
7195,0,0.07997144758701324,0
7196,1,0.9968611001968384,1
7197,0,0.0502358004450798,0
7198,1,0.9574641585350037,1
7199,0,0.04206627607345581,0
7200,0,0.00847215112298727,0
7201,1,0.9833974242210388,1
7202,1,0.9301345348358154,1
7203,0,0.12235748767852783,0
7204,1,0.17849446833133698,0
7205,0,0.04764275252819061,0
7206,1,0.9994372725486755,1
7207,1,0.9991699457168579,1
7208,1,0.8609209656715393,1
7209,1,0.9993675351142883,1
7210,1,0.9919443130493164,1
7211,1,0.9999953508377075,1
7212,0,0.06984380632638931,0
7213,0,0.018836677074432373,0
7214,0,0.008697094395756721,0
7215,0,0.06023959070444107,0
7216,0,0.0923483818769455,0
7217,1,0.9901975393295288,1
7218,1,0.9955599308013916,1
7219,1,0.8680126667022705,1
7220,1,0.9887110590934753,1
7221,1,0.857445478439331,1
7222,1,0.9488604664802551,1
7223,0,0.005310588050633669,0
7224,1,0.4784013628959656,0
7225,0,0.010982176288962364,0
7226,1,0.9980927109718323,1
7227,1,0.9230852127075195,1
7228,1,0.9724074602127075,1
7229,1,0.8668372631072998,1
7230,0,0.08755552023649216,0
7231,0,0.0023722336627542973,0
7232,0,0.008363470435142517,0
7233,0,0.2039368599653244,0
7234,1,0.531308114528656,1
7235,0,0.014558588154613972,0
7236,0,0.0027301486115902662,0
7237,1,0.02426212467253208,0
7238,0,0.007610791362822056,0
7239,0,0.028702709823846817,0
7240,1,0.9999979734420776,1
7241,0,0.36365458369255066,0
7242,1,0.8867045640945435,1
7243,1,0.7388622164726257,1
7244,1,0.8855026364326477,1
7245,0,0.01789540797472,0
7246,1,0.9998118281364441,1
7247,1,0.9275304675102234,1
7248,1,0.9972553849220276,1
7249,1,0.9066751003265381,1
7250,1,0.9910866618156433,1
7251,1,0.20868006348609924,0
7252,0,0.0061169895343482494,0
7253,0,0.0016392095712944865,0
7254,1,0.8585122227668762,1
7255,1,0.9948766827583313,1
7256,0,0.02296525426208973,0
7257,0,0.03250512853264809,0
7258,0,0.15139992535114288,0
7259,0,0.24859972298145294,0
7260,0,0.048017870634794235,0
7261,1,0.9076767563819885,1
7262,0,0.6850212216377258,1
7263,1,0.9947858452796936,1
7264,0,7.343830657191575e-05,0
7265,1,0.9849336743354797,1
7266,0,0.018843336030840874,0
7267,0,0.025815535336732864,0
7268,1,0.9998525381088257,1
7269,0,0.001876765163615346,0
7270,0,0.08130590617656708,0
7271,1,0.9996477365493774,1
7272,1,0.9980181455612183,1
7273,1,0.9926015734672546,1
7274,0,0.10735303163528442,0
7275,1,0.9712823033332825,1
7276,1,0.9999996423721313,1
7277,0,0.4009552001953125,0
7278,1,0.811018705368042,1
7279,0,0.00900310929864645,0
7280,1,0.48202258348464966,0
7281,0,0.0024775913916528225,0
7282,1,0.9987295269966125,1
7283,1,0.9977114200592041,1
7284,1,0.9999997615814209,1
7285,0,0.07064623385667801,0
7286,1,0.9391059279441833,1
7287,1,0.9999372959136963,1
7288,0,0.7082511782646179,1
7289,0,0.00017304232460446656,0
7290,0,0.0341346338391304,0
7291,1,0.9801218509674072,1
7292,0,0.0025618942454457283,0
7293,1,0.99985671043396,1
7294,0,0.015019910410046577,0
7295,1,0.9588553309440613,1
7296,1,0.9665352702140808,1
7297,0,0.04880387336015701,0
7298,1,0.9997392296791077,1
7299,1,0.9719789624214172,1
7300,1,0.9973661303520203,1
7301,0,4.577065737976227e-06,0
7302,0,0.002315897261723876,0
7303,1,0.9850425720214844,1
7304,1,0.6352842450141907,1
7305,1,0.992161214351654,1
7306,1,0.9751967191696167,1
7307,0,0.09270195662975311,0
7308,1,0.9999996423721313,1
7309,0,0.031786613166332245,0
7310,1,0.6874880194664001,1
7311,0,0.46124503016471863,0
7312,1,0.9999375343322754,1
7313,0,0.4628915786743164,0
7314,0,0.00873653870075941,0
7315,0,0.24234843254089355,0
7316,0,0.33384475111961365,0
7317,0,0.0007061167852953076,0
7318,0,0.061615511775016785,0
7319,0,0.6802233457565308,1
7320,1,0.9997890591621399,1
7321,0,0.34251669049263,0
7322,0,0.28316426277160645,0
7323,1,0.9998032450675964,1
7324,1,0.3528168201446533,0
7325,0,0.00024583967751823366,0
7326,0,0.13788864016532898,0
7327,0,0.2361142933368683,0
7328,1,0.8140138983726501,1
7329,1,0.9981377124786377,1
7330,1,0.6593601703643799,1
7331,0,0.004949016496539116,0
7332,1,0.9763014912605286,1
7333,0,0.9368647336959839,1
7334,1,0.9960772395133972,1
7335,0,0.8739939332008362,1
7336,1,0.8892216086387634,1
7337,0,0.6001447439193726,1
7338,1,0.9851441383361816,1
7339,0,6.688721896352945e-06,0
7340,0,0.5414867401123047,1
7341,1,0.9296482801437378,1
7342,0,0.03206326439976692,0
7343,0,0.11215665191411972,0
7344,0,0.015603329986333847,0
7345,0,0.020215032622218132,0
7346,0,0.2984788715839386,0
7347,0,0.04400010034441948,0
7348,0,0.0007041606586426497,0
7349,0,0.12533456087112427,0
7350,0,0.008956998586654663,0
7351,0,0.35791802406311035,0
7352,0,0.05447015166282654,0
7353,1,0.841407299041748,1
7354,1,0.9942301511764526,1
7355,1,0.9378471970558167,1
7356,0,0.06295200437307358,0
7357,1,0.9962908029556274,1
7358,1,0.9996515512466431,1
7359,1,0.9914867877960205,1
7360,1,0.9269577264785767,1
7361,0,0.5123730897903442,1
7362,1,0.9984040856361389,1
7363,1,0.91704922914505,1
7364,1,0.9999992847442627,1
7365,0,0.009377849288284779,0
7366,1,1.0,1
7367,0,0.043318010866642,0
7368,0,0.03552871569991112,0
7369,1,0.7402707934379578,1
7370,1,0.8219558000564575,1
7371,0,0.002159570576623082,0
7372,1,0.9999761581420898,1
7373,0,0.46944764256477356,0
7374,0,0.9590643644332886,1
7375,0,0.0691010132431984,0
7376,0,0.04700740799307823,0
7377,0,1.1304580766591243e-05,0
7378,1,0.957522988319397,1
7379,0,0.0299741979688406,0
7380,1,0.9991661310195923,1
7381,1,0.982284426689148,1
7382,1,0.9938035011291504,1
7383,1,0.9931243062019348,1
7384,1,0.7371557354927063,1
7385,1,0.999996542930603,1
7386,1,0.9978749752044678,1
7387,0,0.026981474831700325,0
7388,0,0.001042658113874495,0
7389,1,0.9718598127365112,1
7390,0,0.00860489159822464,0
7391,0,0.2157706767320633,0
7392,0,0.013133836910128593,0
7393,1,0.9999957084655762,1
7394,1,0.9981858134269714,1
7395,0,0.1476120948791504,0
7396,1,0.9996719360351562,1
7397,1,0.999995231628418,1
7398,0,0.018380891531705856,0
7399,0,0.0046657538041472435,0
7400,0,0.010236806236207485,0
7401,1,0.9318592548370361,1
7402,1,0.9878209233283997,1
7403,1,0.9970160722732544,1
7404,0,0.908912718296051,1
7405,1,0.6557438969612122,1
7406,0,0.004906965419650078,0
7407,1,0.9987519979476929,1
7408,1,0.9394237399101257,1
7409,0,0.0024663095828145742,0
7410,0,0.1293523758649826,0
7411,1,0.9969593286514282,1
7412,0,0.030464425683021545,0
7413,0,0.00046290530008263886,0
7414,1,0.9514268636703491,1
7415,1,0.9999755620956421,1
7416,1,0.9996086955070496,1
7417,1,0.7327316403388977,1
7418,1,0.9993736147880554,1
7419,0,0.0072800153866410255,0
7420,0,0.011902308091521263,0
7421,0,0.0018017421243712306,0
7422,1,0.9978823065757751,1
7423,1,0.7197332978248596,1
7424,1,0.972903311252594,1
7425,1,0.9586361646652222,1
7426,1,0.6645017862319946,1
7427,1,0.9999963045120239,1
7428,0,0.0023329241666942835,0
7429,0,0.00842979270964861,0
7430,0,0.028721367940306664,0
7431,0,0.13800905644893646,0
7432,1,0.9999978542327881,1
7433,0,0.22448492050170898,0
7434,0,0.1154637560248375,0
7435,0,0.027112053707242012,0
7436,0,0.018201103433966637,0
7437,0,0.0006903651519678533,0
7438,0,0.017377294600009918,0
7439,1,0.9967184662818909,1
7440,1,0.9817827343940735,1
7441,1,0.8302467465400696,1
7442,0,0.8589462041854858,1
7443,0,1.7130719243141357e-07,0
7444,0,0.0005447623552754521,0
7445,0,0.019954005256295204,0
7446,0,0.11213507503271103,0
7447,0,0.006124516949057579,0
7448,1,0.9993559718132019,1
7449,1,0.006824316456913948,0
7450,0,0.2296563982963562,0
7451,1,0.9764671921730042,1
7452,0,0.5908685922622681,1
7453,1,0.9933497309684753,1
7454,0,0.08394616097211838,0
7455,1,0.9999281167984009,1
7456,0,0.10938215255737305,0
7457,1,0.9995332956314087,1
7458,1,0.9388288855552673,1
7459,1,0.9808863997459412,1
7460,1,0.9999457597732544,1
7461,1,0.9999994039535522,1
7462,1,0.6063008904457092,1
7463,0,0.00385879329405725,0
7464,0,0.007033614441752434,0
7465,0,0.0003300136304460466,0
7466,1,0.9977508187294006,1
7467,1,0.9947563409805298,1
7468,0,0.011207361705601215,0
7469,1,0.9518976211547852,1
7470,1,0.999860405921936,1
7471,1,0.9999998807907104,1
7472,0,0.07201331108808517,0
7473,0,0.0452922098338604,0
7474,1,0.9935168027877808,1
7475,0,0.07061447203159332,0
7476,0,0.6571401357650757,1
7477,1,0.915499746799469,1
7478,0,0.011889987625181675,0
7479,1,0.9999977350234985,1
7480,1,0.9855915307998657,1
7481,1,0.9680227041244507,1
7482,0,0.040959153324365616,0
7483,0,0.14650499820709229,0
7484,0,7.107997225830331e-05,0
7485,1,0.9693455696105957,1
7486,0,0.008128125220537186,0
7487,1,0.8517824411392212,1
7488,0,0.1938363015651703,0
7489,0,0.7333066463470459,1
7490,1,0.999722421169281,1
7491,1,0.9999401569366455,1
7492,0,0.009821617044508457,0
7493,0,0.0716739147901535,0
7494,0,0.01664959080517292,0
7495,0,0.06341347843408585,0
7496,0,0.025114882737398148,0
7497,0,0.0034947313833981752,0
7498,0,0.0005417611100710928,0
7499,1,0.9960948824882507,1
7500,1,0.8596781492233276,1
7501,1,0.9999885559082031,1
7502,1,0.2844102382659912,0
7503,1,0.9849488139152527,1
7504,1,0.9722837209701538,1
7505,0,0.0011688175145536661,0
7506,0,0.009569463320076466,0
7507,1,0.9907045960426331,1
7508,0,0.013571619056165218,0
7509,0,0.017753327265381813,0
7510,1,0.9996337890625,1
7511,1,0.9929496049880981,1
7512,0,0.06928376853466034,0
7513,0,0.06288206577301025,0
7514,0,0.015956522896885872,0
7515,1,0.9999412298202515,1
7516,0,0.07406187057495117,0
7517,1,0.9968313574790955,1
7518,1,0.694495439529419,1
7519,0,0.033757518976926804,0
7520,1,0.999777615070343,1
7521,1,0.8776559829711914,1
7522,0,0.05329069122672081,0
7523,1,0.9939711689949036,1
7524,0,0.5097916722297668,1
7525,0,0.03149513527750969,0
7526,1,0.9999988079071045,1
7527,1,0.8854067325592041,1
7528,1,0.9933506846427917,1
7529,0,0.14030113816261292,0
7530,1,0.8104974627494812,1
7531,0,0.02518482878804207,0
7532,1,0.9999010562896729,1
7533,1,0.9999579191207886,1
7534,1,0.9907277822494507,1
7535,1,0.9999997615814209,1
7536,0,0.011445196345448494,0
7537,0,0.0344974584877491,0
7538,1,0.9999966621398926,1
7539,1,0.9830854535102844,1
7540,1,0.939109206199646,1
7541,1,0.9800639152526855,1
7542,1,0.999588668346405,1
7543,0,0.07339143753051758,0
7544,0,0.000502413313370198,0
7545,1,0.9864418506622314,1
7546,0,0.6681069135665894,1
7547,1,0.9150997996330261,1
7548,0,0.005371352657675743,0
7549,0,0.0048688543029129505,0
7550,0,0.6737290620803833,1
7551,1,0.8177130818367004,1
7552,1,0.964544951915741,1
7553,0,0.026868464425206184,0
7554,1,0.986198902130127,1
7555,1,0.9039594531059265,1
7556,0,0.07744299620389938,0
7557,0,0.18128231167793274,0
7558,1,0.9915024042129517,1
7559,1,0.3944203555583954,0
7560,1,0.9907320141792297,1
7561,1,0.8139225244522095,1
7562,1,0.9982511401176453,1
7563,1,0.9794633388519287,1
7564,1,0.9946858882904053,1
7565,1,0.1661314219236374,0
7566,0,0.0058584194630384445,0
7567,0,0.005632948596030474,0
7568,0,0.031823452562093735,0
7569,0,0.45924079418182373,0
7570,0,0.04466075450181961,0
7571,1,0.99991774559021,1
7572,1,1.0,1
7573,0,0.0005567428306676447,0
7574,0,0.004173471592366695,0
7575,0,0.040758486837148666,0
7576,1,0.8754485249519348,1
7577,0,3.9009562897263095e-05,0
7578,0,0.36451807618141174,0
7579,0,3.330188746986096e-06,0
7580,1,0.774925708770752,1
7581,0,0.9508784413337708,1
7582,0,0.9999991655349731,1
7583,1,0.998456597328186,1
7584,0,0.002045348286628723,0
7585,0,0.36371153593063354,0
7586,1,0.24995869398117065,0
7587,1,1.0,1
7588,1,0.9622270464897156,1
7589,1,0.45385047793388367,0
7590,0,0.005060763563960791,0
7591,1,0.999826967716217,1
7592,1,0.994814395904541,1
7593,0,0.012136721052229404,0
7594,1,0.9886237382888794,1
7595,1,0.9914746284484863,1
7596,1,0.011571514420211315,0
7597,1,0.9986403584480286,1
7598,1,0.9999953508377075,1
7599,1,0.02418765425682068,0
7600,1,0.996669352054596,1
7601,0,0.402571439743042,0
7602,1,0.9941892623901367,1
7603,1,0.9892954230308533,1
7604,0,0.29102322459220886,0
7605,0,0.1167028471827507,0
7606,0,0.013678915798664093,0
7607,1,0.6234363317489624,1
7608,0,0.03976677358150482,0
7609,1,0.9877350926399231,1
7610,0,0.09175767749547958,0
7611,0,0.0003591864660847932,0
7612,1,0.9683818817138672,1
7613,0,0.00019417853036429733,0
7614,0,0.23268632590770721,0
7615,0,0.11534352600574493,0
7616,0,0.1554248183965683,0
7617,0,0.010924156755208969,0
7618,1,0.08990386128425598,0
7619,1,0.9923548698425293,1
7620,0,0.1763399988412857,0
7621,0,0.02353607304394245,0
7622,1,0.9854897260665894,1
7623,0,0.0012294164625927806,0
7624,0,0.0027580277528613806,0
7625,1,0.947109043598175,1
7626,0,0.2819867432117462,0
7627,0,0.002705216407775879,0
7628,1,0.9482378363609314,1
7629,0,0.31859323382377625,0
7630,1,0.9960293769836426,1
7631,0,0.03414532542228699,0
7632,1,0.9584100842475891,1
7633,1,0.999914288520813,1
7634,1,0.5788394808769226,1
7635,1,0.998687207698822,1
7636,1,0.9111351370811462,1
7637,0,0.022384963929653168,0
7638,1,0.9997528195381165,1
7639,0,0.7144643068313599,1
7640,0,0.013717086054384708,0
7641,1,0.9972182512283325,1
7642,0,0.03207610175013542,0
7643,0,0.00039630403625778854,0
7644,1,0.999860405921936,1
7645,0,0.543209969997406,1
7646,0,0.6881200671195984,1
7647,1,0.9774410128593445,1
7648,1,0.9998804330825806,1
7649,0,0.004441220313310623,0
7650,0,0.05099528655409813,0
7651,0,0.056550804525613785,0
7652,1,0.9869900345802307,1
7653,1,0.9944700002670288,1
7654,0,0.01694394275546074,0
7655,1,0.9918934106826782,1
7656,0,0.07046467065811157,0
7657,1,0.9938402771949768,1
7658,0,3.957573790103197e-05,0
7659,1,0.9987512826919556,1
7660,0,0.019066626206040382,0
7661,0,0.0003879610449075699,0
7662,0,0.028962044045329094,0
7663,0,0.005069819279015064,0
7664,0,0.02663952112197876,0
7665,0,7.168122829170898e-05,0
7666,1,0.5586752891540527,1
7667,1,0.9994961023330688,1
7668,0,0.2973179817199707,0
7669,1,0.9446845650672913,1
7670,1,0.9397236108779907,1
7671,0,0.12733975052833557,0
7672,0,0.028188606724143028,0
7673,1,0.9985873699188232,1
7674,1,0.31854841113090515,0
7675,0,0.001741712330840528,0
7676,1,0.953099250793457,1
7677,0,0.0003875140391755849,0
7678,0,0.00042737735202535987,0
7679,1,0.9959132075309753,1
7680,0,0.15080544352531433,0
7681,0,0.006154278293251991,0
7682,1,0.9938721656799316,1
7683,1,0.5546363592147827,1
7684,1,0.9580181241035461,1
7685,1,0.9857776761054993,1
7686,0,0.003976292442530394,0
7687,0,0.693973183631897,1
7688,0,0.283840149641037,0
7689,0,0.4167260229587555,0
7690,1,0.9995781779289246,1
7691,1,1.0,1
7692,1,0.9661566615104675,1
7693,0,0.25008442997932434,0
7694,0,0.007509209215641022,0
7695,1,0.9770169854164124,1
7696,0,0.03204287961125374,0
7697,0,0.9776920080184937,1
7698,0,0.0614703930914402,0
7699,0,0.04306948184967041,0
7700,0,0.013249769806861877,0
7701,0,0.025200221687555313,0
7702,1,0.7661212682723999,1
7703,0,0.0015273911412805319,0
7704,0,0.10605350881814957,0
7705,0,0.10627873986959457,0
7706,1,0.3319679796695709,0
7707,0,0.6579957604408264,1
7708,1,0.985174834728241,1
7709,1,0.7452237606048584,1
7710,0,0.1208234503865242,0
7711,1,0.999985933303833,1
7712,0,0.0579967238008976,0
7713,1,0.999093770980835,1
7714,0,0.04797286540269852,0
7715,0,0.17499709129333496,0
7716,1,0.9835389852523804,1
7717,0,0.02729012444615364,0
7718,1,0.996582567691803,1
7719,0,0.012351726181805134,0
7720,1,0.9226686358451843,1
7721,0,0.3637372851371765,0
7722,0,0.006655544973909855,0
7723,0,0.2001621425151825,0
7724,0,0.009756270796060562,0
7725,1,0.9995208978652954,1
7726,0,0.13793030381202698,0
7727,1,0.7234598398208618,1
7728,1,0.9294084906578064,1
7729,1,0.9133281111717224,1
7730,1,0.9949540495872498,1
7731,1,0.999974250793457,1
7732,0,0.1874121129512787,0
7733,0,0.12189372628927231,0
7734,0,0.00024124039919115603,0
7735,1,0.9527682662010193,1
7736,0,0.5028125047683716,1
7737,1,0.9990583062171936,1
7738,1,0.98723965883255,1
7739,1,0.9909663200378418,1
7740,1,0.9783187508583069,1
7741,1,0.9999891519546509,1
7742,1,0.7649348974227905,1
7743,0,0.010408942587673664,0
7744,0,0.3499423563480377,0
7745,1,0.7354340553283691,1
7746,0,0.011312596499919891,0
7747,0,0.1444307267665863,0
7748,0,0.18034356832504272,0
7749,0,2.4535911506973207e-06,0
7750,0,0.00038162246346473694,0
7751,1,0.9876753091812134,1
7752,0,0.4119180738925934,0
7753,1,0.9858083724975586,1
7754,1,0.991195797920227,1
7755,0,0.00028185691917315125,0
7756,0,0.0236229058355093,0
7757,0,0.314092755317688,0
7758,0,0.006284753791987896,0
7759,1,0.999995231628418,1
7760,1,0.9996718168258667,1
7761,1,0.9685770869255066,1
7762,0,0.0010301385773345828,0
7763,0,0.05417684465646744,0
7764,1,0.9989055395126343,1
7765,0,0.010484890080988407,0
7766,0,0.17496487498283386,0
7767,1,0.9995561242103577,1
7768,0,0.020142778754234314,0
7769,1,0.8374682664871216,1
7770,1,0.7804446816444397,1
7771,1,0.9999980926513672,1
7772,1,0.9999825954437256,1
7773,1,0.9998900890350342,1
7774,0,0.040999092161655426,0
7775,1,0.9661827087402344,1
7776,1,0.9998562335968018,1
7777,1,0.8458005785942078,1
7778,1,0.9994994401931763,1
7779,1,0.9971529245376587,1
7780,1,0.9988296627998352,1
7781,0,3.1437270081369206e-05,0
7782,0,0.11457312852144241,0
7783,1,0.7934523224830627,1
7784,1,0.9966427087783813,1
7785,0,0.06408426910638809,0
7786,1,0.9996695518493652,1
7787,0,0.015512929297983646,0
7788,0,0.02931085415184498,0
7789,1,0.990628182888031,1
7790,1,0.7461364269256592,1
7791,0,0.16741769015789032,0
7792,1,0.9982672929763794,1
7793,0,0.0004338715225458145,0
7794,1,0.9967566132545471,1
7795,1,0.8445309996604919,1
7796,0,0.05309370160102844,0
7797,0,1.5266734010310756e-07,0
7798,0,0.009885720908641815,0
7799,0,0.16878356039524078,0
7800,0,0.949664831161499,1
7801,0,0.002436922863125801,0
7802,1,0.9979681372642517,1
7803,0,0.7544854283332825,1
7804,1,0.9885558485984802,1
7805,1,0.9992861151695251,1
7806,0,0.0006249528960324824,0
7807,1,0.9719836711883545,1
7808,1,0.6686650514602661,1
7809,1,0.9998364448547363,1
7810,0,0.0022834495175629854,0
7811,0,0.027564920485019684,0
7812,0,0.1339869201183319,0
7813,1,0.9627082943916321,1
7814,0,0.06014050915837288,0
7815,1,0.8843458890914917,1
7816,1,0.9999998807907104,1
7817,1,0.9648629426956177,1
7818,1,0.5686138868331909,1
7819,0,7.603595122418483e-07,0
7820,0,0.049648407846689224,0
7821,0,0.0004608353483490646,0
7822,0,0.05127044767141342,0
7823,0,0.022398365661501884,0
7824,1,0.9988700747489929,1
7825,0,0.09185979515314102,0
7826,1,0.7686294317245483,1
7827,0,0.12422487884759903,0
7828,1,0.979448139667511,1
7829,1,0.8158394694328308,1
7830,1,0.9995452761650085,1
7831,0,0.1128871738910675,0
7832,1,0.9113050103187561,1
7833,1,0.8866186141967773,1
7834,1,0.7131668329238892,1
7835,0,0.03968224674463272,0
7836,1,1.0,1
7837,0,0.032332535833120346,0
7838,0,0.04049840196967125,0
7839,0,0.17986324429512024,0
7840,1,0.9997952580451965,1
7841,0,0.10048285871744156,0
7842,1,0.7202051877975464,1
7843,1,0.9696906805038452,1
7844,0,0.028928309679031372,0
7845,0,0.006597255356609821,0
7846,1,0.9856991171836853,1
7847,1,0.9781093597412109,1
7848,1,0.9999948740005493,1
7849,0,0.10133431106805801,0
7850,1,0.9980999827384949,1
7851,0,0.22310274839401245,0
7852,0,0.005500189960002899,0
7853,0,0.12131354212760925,0
7854,1,0.9256874322891235,1
7855,1,0.9979404807090759,1
7856,1,0.9999985694885254,1
7857,0,0.09973131120204926,0
7858,0,0.14401215314865112,0
7859,1,0.972219705581665,1
7860,0,0.01094187330454588,0
7861,0,0.6742371916770935,1
7862,1,0.9995777010917664,1
7863,0,0.008585509844124317,0
7864,0,0.04112062230706215,0
7865,1,0.9479491710662842,1
7866,1,0.9972522854804993,1
7867,1,0.9942398071289062,1
7868,1,0.9999998807907104,1
7869,1,0.8737938404083252,1
7870,0,0.03206738084554672,0
7871,0,0.008840507827699184,0
7872,1,0.9728286266326904,1
7873,1,0.999944806098938,1
7874,1,0.9853178262710571,1
7875,0,0.919331967830658,1
7876,0,0.0010483459336683154,0
7877,1,0.4955967366695404,0
7878,0,5.1487360906321555e-05,0
7879,1,0.9018955230712891,1
7880,0,0.0001842755445977673,0
7881,1,0.9832708239555359,1
7882,0,0.00027594788116402924,0
7883,1,0.9992861151695251,1
7884,0,6.420115369110135e-06,0
7885,0,0.00786006823182106,0
7886,0,0.0916585698723793,0
7887,0,0.11441656947135925,0
7888,0,0.00013830617535859346,0
7889,1,0.9231531620025635,1
7890,0,0.5512049198150635,1
7891,1,0.9400808811187744,1
7892,0,0.024123085662722588,0
7893,1,0.7371148467063904,1
7894,0,0.05268003046512604,0
7895,0,2.1438814655994065e-05,0
7896,1,0.9864861965179443,1
7897,0,0.911534309387207,1
7898,0,0.0025113930460065603,0
7899,0,0.00020137806131970137,0
7900,1,0.9986841082572937,1
7901,1,0.6521401405334473,1
7902,1,0.999972939491272,1
7903,1,0.9477689266204834,1
7904,1,0.22739852964878082,0
7905,0,0.006236337125301361,0
7906,0,0.2724524736404419,0
7907,1,0.8929528594017029,1
7908,1,0.9336884617805481,1
7909,1,0.9995562434196472,1
7910,1,0.1838725507259369,0
7911,1,0.9889596700668335,1
7912,1,0.9997209906578064,1
7913,0,0.0054338607005774975,0
7914,0,0.007065230049192905,0
7915,0,0.06582990288734436,0
7916,1,0.9999040365219116,1
7917,1,0.9892222881317139,1
7918,0,0.039470504969358444,0
7919,0,0.07006314396858215,0
7920,0,0.010449799709022045,0
7921,1,0.9534034729003906,1
7922,0,0.6872507333755493,1
7923,1,0.9954164028167725,1
7924,1,0.9962976574897766,1
7925,0,0.00011025124695152044,0
7926,0,0.02456822618842125,0
7927,0,0.030942479148507118,0
7928,0,0.2783621847629547,0
7929,0,0.014755528420209885,0
7930,0,0.02932293899357319,0
7931,0,0.24898448586463928,0
7932,0,0.015610529109835625,0
7933,1,0.9987881779670715,1
7934,0,6.305752322077751e-06,0
7935,0,0.061439838260412216,0
7936,0,0.2714509963989258,0
7937,0,0.009021442383527756,0
7938,0,0.08270725607872009,0
7939,0,0.27915433049201965,0
7940,0,0.0005045484867878258,0
7941,1,0.7256165146827698,1
7942,0,0.045727528631687164,0
7943,0,0.00019752091611735523,0
7944,1,0.9318931698799133,1
7945,0,0.006116572301834822,0
7946,0,0.14543433487415314,0
7947,1,0.9956088662147522,1
7948,1,0.45134490728378296,0
7949,0,0.038790833204984665,0
7950,0,2.177492388000246e-05,0
7951,1,0.3860686123371124,0
7952,1,0.9998795986175537,1
7953,1,0.5557622909545898,1
7954,1,0.9934844374656677,1
7955,1,0.9800223112106323,1
7956,1,0.9997637867927551,1
7957,0,0.048466756939888,0
7958,1,0.9912552833557129,1
7959,0,0.0019356993725523353,0
7960,0,0.022004423663020134,0
7961,1,0.004558175336569548,0
7962,1,0.9997833371162415,1
7963,1,0.9975382089614868,1
7964,1,0.9750745296478271,1
7965,0,0.37695935368537903,0
7966,1,0.999458372592926,1
7967,1,0.9981308579444885,1
7968,0,0.05846738815307617,0
7969,0,0.006114688236266375,0
7970,1,0.997336208820343,1
7971,0,0.508093535900116,1
7972,0,0.05522337928414345,0
7973,1,0.9982397556304932,1
7974,1,0.9999837875366211,1
7975,0,0.27350497245788574,0
7976,0,0.1353677362203598,0
7977,0,0.013410640880465508,0
7978,0,0.000583368819206953,0
7979,0,0.0011263292981311679,0
7980,0,0.0009341647382825613,0
7981,0,0.0006278674700297415,0
7982,1,0.9999938011169434,1
7983,0,0.03176284581422806,0
7984,0,0.016792746260762215,0
7985,1,0.95516037940979,1
7986,1,0.4946642220020294,0
7987,0,0.1646193116903305,0
7988,0,0.028098590672016144,0
7989,1,0.8228306770324707,1
7990,1,0.9988607168197632,1
7991,0,0.2865901291370392,0
7992,0,0.008269598707556725,0
7993,1,0.9585734009742737,1
7994,0,0.03619040548801422,0
7995,1,0.9905085563659668,1
7996,1,0.5437998175621033,1
7997,0,0.000936972675845027,0
7998,1,0.9554782509803772,1
7999,0,0.09400522708892822,0
8000,1,0.9998679161071777,1
8001,1,0.9460921287536621,1
8002,1,0.9220619797706604,1
8003,0,0.0002185883786296472,0
8004,0,0.00557660823687911,0
8005,0,0.12520599365234375,0
8006,1,0.9999607801437378,1
8007,1,0.5926852822303772,1
8008,1,0.9999841451644897,1
8009,0,0.3186550736427307,0
8010,0,0.12664517760276794,0
8011,1,0.889553427696228,1
8012,0,0.022805383428931236,0
8013,1,0.9998910427093506,1
8014,0,0.024191131815314293,0
8015,0,0.013272812590003014,0
8016,1,0.9999443292617798,1
8017,1,0.9603978991508484,1
8018,1,0.9529044032096863,1
8019,0,0.0963449701666832,0
8020,0,0.363646000623703,0
8021,1,0.9991576671600342,1
8022,0,0.2506580352783203,0
8023,1,0.9371776580810547,1
8024,0,0.3193111717700958,0
8025,0,0.35259783267974854,0
8026,1,0.9982503056526184,1
8027,1,0.7552202343940735,1
8028,1,1.0,1
8029,1,0.9805287718772888,1
8030,0,0.3002174198627472,0
8031,0,0.0004778754955623299,0
8032,1,0.9851095676422119,1
8033,0,0.010526144877076149,0
8034,1,0.8329223990440369,1
8035,1,0.993645429611206,1
8036,0,0.018973806872963905,0
8037,0,0.4609614610671997,0
8038,0,0.010393879376351833,0
8039,1,0.7740411758422852,1
8040,0,0.3791491985321045,0
8041,1,0.9999808073043823,1
8042,1,0.9997183680534363,1
8043,1,0.9983012676239014,1
8044,0,3.786975184993935e-06,0
8045,1,0.04736114665865898,0
8046,1,0.1324089765548706,0
8047,0,0.1518140435218811,0
8048,0,0.0023816670291125774,0
8049,0,0.029677627608180046,0
8050,1,0.9999998807907104,1
8051,0,0.03173347935080528,0
8052,0,0.023728782311081886,0
8053,1,0.19173872470855713,0
8054,1,0.7786211967468262,1
8055,1,0.9986056685447693,1
8056,1,0.9993630051612854,1
8057,0,0.02051536738872528,0
8058,0,0.003630475141108036,0
8059,0,0.6114218235015869,1
8060,0,0.0017384032253175974,0
8061,1,0.9280211925506592,1
8062,1,0.5134113430976868,1
8063,0,0.02056269720196724,0
8064,0,0.009887666441500187,0
8065,1,0.9999417066574097,1
8066,1,0.8848028779029846,1
8067,0,0.026681412011384964,0
8068,0,0.22854728996753693,0
8069,1,0.9989166259765625,1
8070,1,0.9998552799224854,1
8071,1,0.5578858256340027,1
8072,0,0.0572369322180748,0
8073,1,0.993556559085846,1
8074,1,0.9966729879379272,1
8075,1,0.8072214126586914,1
8076,1,0.5921919941902161,1
8077,1,0.998818576335907,1
8078,1,0.9165146946907043,1
8079,0,0.034001342952251434,0
8080,0,0.015321402810513973,0
8081,1,0.7177836894989014,1
8082,1,0.18626190721988678,0
8083,1,0.9796002507209778,1
8084,0,0.0003949875244870782,0
8085,0,0.09465423971414566,0
8086,0,0.16193243861198425,0
8087,0,0.0073502082377672195,0
8088,1,0.9798337817192078,1
8089,0,0.2842942178249359,0
8090,1,0.4753934144973755,0
8091,1,0.6175019145011902,1
8092,1,0.9997885823249817,1
8093,1,0.9999185800552368,1
8094,1,0.9810472130775452,1
8095,1,0.6639969348907471,1
8096,0,0.00012663543748203665,0
8097,1,0.9460463523864746,1
8098,0,0.012012799270451069,0
8099,1,0.9999774694442749,1
8100,1,0.9998643398284912,1
8101,0,0.02367956005036831,0
8102,0,0.056438714265823364,0
8103,1,0.9997501969337463,1
8104,0,0.12443539500236511,0
8105,1,0.984198808670044,1
8106,0,0.0020636466797441244,0
8107,0,0.38539913296699524,0
8108,0,0.11659150570631027,0
8109,0,0.02602428011596203,0
8110,0,0.24191902577877045,0
8111,0,0.030546214431524277,0
8112,0,0.39094406366348267,0
8113,1,0.9918348789215088,1
8114,1,0.9936891794204712,1
8115,0,0.007962575182318687,0
8116,0,0.497710257768631,0
8117,1,0.9706541895866394,1
8118,1,0.8201037049293518,1
8119,0,0.23591136932373047,0
8120,1,0.9995496869087219,1
8121,0,0.04272863641381264,0
8122,1,0.8804238438606262,1
8123,0,0.15220998227596283,0
8124,0,8.295540254721345e-09,0
8125,1,0.18910719454288483,0
8126,0,0.0021901929285377264,0
8127,1,0.997395396232605,1
8128,0,0.05082686245441437,0
8129,1,0.992368757724762,1
8130,0,0.46677079796791077,0
8131,1,0.9995692372322083,1
8132,0,0.5094884634017944,1
8133,1,0.999998927116394,1
8134,1,0.9999953508377075,1
8135,0,0.20669998228549957,0
8136,1,0.9919305443763733,1
8137,1,0.9991117119789124,1
8138,0,0.7710816264152527,1
8139,1,0.9742247462272644,1
8140,0,0.014276577159762383,0
8141,1,0.9680324196815491,1
8142,1,0.9994713664054871,1
8143,0,0.11217617243528366,0
8144,1,0.9028869271278381,1
8145,0,0.013428987935185432,0
8146,0,0.1171465814113617,0
8147,0,0.30530479550361633,0
8148,0,0.04734974727034569,0
8149,0,0.00043389011989347637,0
8150,1,0.9948399662971497,1
8151,0,0.019763465970754623,0
8152,1,0.9960390329360962,1
8153,1,0.9819362759590149,1
8154,0,0.010721573606133461,0
8155,1,0.9646816253662109,1
8156,1,0.5853180289268494,1
8157,0,0.017093399539589882,0
8158,1,0.9828088879585266,1
8159,0,0.032431140542030334,0
8160,0,0.08982547372579575,0
8161,1,0.9990729093551636,1
8162,1,0.9998001456260681,1
8163,0,0.004896192345768213,0
8164,1,0.9845811724662781,1
8165,1,0.42538225650787354,0
8166,0,0.3419802188873291,0
8167,1,0.9809649586677551,1
8168,1,0.9999943971633911,1
8169,1,0.47385725378990173,0
8170,1,0.9720020294189453,1
8171,0,0.10634392499923706,0
8172,0,0.15676060318946838,0
8173,1,0.9936933517456055,1
8174,1,0.6417220830917358,1
8175,1,0.9997174143791199,1
8176,1,0.9874922037124634,1
8177,1,0.9983561635017395,1
8178,1,0.9991482496261597,1
8179,1,0.580907940864563,1
8180,0,0.01195306982845068,0
8181,0,0.0022032316774129868,0
8182,1,0.9903106093406677,1
8183,0,0.0030615825671702623,0
8184,0,0.02328180894255638,0
8185,1,0.9992189407348633,1
8186,0,0.14070099592208862,0
8187,0,0.022974517196416855,0
8188,1,0.9855806231498718,1
8189,1,0.8994272351264954,1
8190,1,0.9902188181877136,1
8191,1,0.51714688539505,1
8192,1,0.9977547526359558,1
8193,1,0.25738415122032166,0
8194,1,0.8403146862983704,1
8195,1,0.4537971317768097,0
8196,1,0.9751529693603516,1
8197,1,0.9885667562484741,1
8198,0,0.013387205079197884,0
8199,1,0.9992917776107788,1
8200,0,0.28034907579421997,0
8201,1,0.994383692741394,1
8202,0,0.00026202615117654204,0
8203,1,0.9983212351799011,1
8204,1,0.9559903740882874,1
8205,1,0.9752534031867981,1
8206,0,0.04142610728740692,0
8207,0,1.1535661315065227e-06,0
8208,1,0.9969735145568848,1
8209,1,0.9968595504760742,1
8210,0,0.04792233183979988,0
8211,0,0.03604838624596596,0
8212,1,0.9973364472389221,1
8213,1,0.974838137626648,1
8214,1,0.9947705864906311,1
8215,1,0.9998630285263062,1
8216,1,0.9926222562789917,1
8217,0,0.0005792496958747506,0
8218,1,0.9387561678886414,1
8219,1,0.9547220468521118,1
8220,1,0.9973198771476746,1
8221,1,0.9052197337150574,1
8222,0,0.04152633622288704,0
8223,1,0.9991384744644165,1
8224,1,0.6501443982124329,1
8225,1,0.9606793522834778,1
8226,1,0.9863901138305664,1
8227,0,0.4121500253677368,0
8228,1,0.4689895510673523,0
8229,0,0.3736061751842499,0
8230,0,0.05839373171329498,0
8231,0,0.0005794860189780593,0
8232,1,0.9786696434020996,1
8233,0,0.03176542744040489,0
8234,0,0.0008836113847792149,0
8235,0,0.007205768954008818,0
8236,0,0.5095856189727783,1
8237,0,0.0323789082467556,0
8238,1,0.9913573265075684,1
8239,0,0.21882526576519012,0
8240,0,0.09983797371387482,0
8241,1,0.998282790184021,1
8242,0,0.7454096674919128,1
8243,1,0.7501750588417053,1
8244,0,0.13379451632499695,0
8245,1,0.8780397176742554,1
8246,0,0.000407845014706254,0
8247,1,0.9817534685134888,1
8248,1,0.6015638113021851,1
8249,1,0.9955042004585266,1
8250,1,0.9853407740592957,1
8251,1,0.9538735151290894,1
8252,1,0.9776092767715454,1
8253,0,0.00704132579267025,0
8254,0,0.12223091721534729,0
8255,0,0.18436579406261444,0
8256,1,0.9336751103401184,1
8257,1,0.9972389936447144,1
8258,1,0.7962461113929749,1
8259,1,0.988288402557373,1
8260,1,0.9844743013381958,1
8261,1,0.03110402449965477,0
8262,0,0.018276745453476906,0
8263,1,0.3923064172267914,0
8264,1,0.730235755443573,1
8265,0,0.000525007548276335,0
8266,1,0.8691628575325012,1
8267,1,0.2266714721918106,0
8268,0,0.2828051447868347,0
8269,1,0.8641353845596313,1
8270,1,0.9598571062088013,1
8271,0,0.07920266687870026,0
8272,1,0.9368473291397095,1
8273,1,0.9424465298652649,1
8274,1,0.9696023464202881,1
8275,1,0.9943435192108154,1
8276,1,0.5460024476051331,1
8277,1,0.08561021834611893,0
8278,1,0.9998798370361328,1
8279,0,0.0012830658815801144,0
8280,0,0.00017836022016126662,0
8281,0,0.010128260590136051,0
8282,0,0.7469255924224854,1
8283,1,0.6471400260925293,1
8284,1,0.6818032264709473,1
8285,0,0.0001713170058792457,0
8286,1,0.9620746374130249,1
8287,1,0.9995357990264893,1
8288,1,0.6605952978134155,1
8289,0,0.03385723754763603,0
8290,0,0.2904030382633209,0
8291,0,0.07416016608476639,0
8292,0,0.029221337288618088,0
8293,0,0.018549364060163498,0
8294,0,0.9119841456413269,1
8295,1,0.4550027847290039,0
8296,0,2.879663952626288e-05,0
8297,0,0.2873464822769165,0
8298,0,0.7550021409988403,1
8299,0,0.8026299476623535,1
8300,1,0.9169699549674988,1
8301,0,0.11726710945367813,0
8302,1,0.9941498041152954,1
8303,0,0.19763396680355072,0
8304,0,0.03373764827847481,0
8305,0,0.33968356251716614,0
8306,0,0.3167934715747833,0
8307,0,0.009952164255082607,0
8308,0,0.05796635523438454,0
8309,1,0.9916954636573792,1
8310,0,0.0009347978630103171,0
8311,0,0.012604649178683758,0
8312,0,0.005149605218321085,0
8313,0,1.0547154261075775e-06,0
8314,1,0.97784423828125,1
8315,0,0.003038794035091996,0
8316,1,0.7490745782852173,1
8317,0,0.01348999235779047,0
8318,1,0.9905988574028015,1
8319,1,0.9994558691978455,1
8320,0,0.058021362870931625,0
8321,1,0.9863633513450623,1
8322,1,0.999982476234436,1
8323,0,0.2956533432006836,0
8324,0,0.6177883148193359,1
8325,0,0.0003306412836536765,0
8326,1,0.9999921321868896,1
8327,1,0.9999996423721313,1
8328,1,0.950955867767334,1
8329,1,0.9999995231628418,1
8330,1,0.9981738328933716,1
8331,1,0.9897415637969971,1
8332,0,0.0009669573628343642,0
8333,1,0.8660550117492676,1
8334,1,0.8153768181800842,1
8335,0,0.011848625726997852,0
8336,0,0.04008115828037262,0
8337,0,0.016768168658018112,0
8338,0,0.014275343157351017,0
8339,0,0.9820468425750732,1
8340,1,0.9441834092140198,1
8341,0,0.0036376784555613995,0
8342,1,0.9945374131202698,1
8343,0,0.07931087911128998,0
8344,0,0.14676214754581451,0
8345,1,0.9996108412742615,1
8346,0,0.0030297068879008293,0
8347,0,0.0032756109721958637,0
8348,0,0.4448327124118805,0
8349,0,0.034565865993499756,0
8350,1,0.7821041345596313,1
8351,1,0.9657391309738159,1
8352,0,0.023314015939831734,0
8353,0,0.2734640836715698,0
8354,0,0.1648089587688446,0
8355,1,0.5542582869529724,1
8356,1,0.99710613489151,1
8357,1,0.4975091814994812,0
8358,0,0.18115340173244476,0
8359,0,0.49135643243789673,0
8360,0,0.009729734621942043,0
8361,1,0.7317708730697632,1
8362,0,0.30624258518218994,0
8363,1,0.6404557228088379,1
8364,1,0.9434426426887512,1
8365,1,0.7794511318206787,1
8366,0,0.020901046693325043,0
8367,1,0.9806444048881531,1
8368,0,0.0022226241417229176,0
8369,0,0.018589181825518608,0
8370,0,0.13398636877536774,0
8371,1,0.9937647581100464,1
8372,0,0.014506087638437748,0
8373,0,0.0024153522681444883,0
8374,0,0.0006761985132470727,0
8375,0,0.0009878398850560188,0
8376,0,7.019951731024321e-09,0
8377,0,0.0017299973405897617,0
8378,1,0.9966731071472168,1
8379,0,0.036676447838544846,0
8380,1,0.9970429539680481,1
8381,1,0.17099756002426147,0
8382,0,0.041300684213638306,0
8383,1,0.9994457364082336,1
8384,0,0.24475932121276855,0
8385,0,0.010827525518834591,0
8386,1,0.9988564252853394,1
8387,0,0.010700943879783154,0
8388,1,0.718867838382721,1
8389,0,0.0012346296571195126,0
8390,0,0.017640331760048866,0
8391,1,0.7218486070632935,1
8392,0,0.1364176720380783,0
8393,0,0.012925637885928154,0
8394,0,0.991267740726471,1
8395,0,0.010394413955509663,0
8396,0,2.8982212825212628e-06,0
8397,0,0.7189185619354248,1
8398,0,0.7822714447975159,1
8399,1,0.1317671537399292,0
8400,1,0.9999977350234985,1
8401,0,0.00017199265130329877,0
8402,0,0.03565344959497452,0
8403,0,0.027948226779699326,0
8404,1,0.9837164878845215,1
8405,0,0.0032528408337384462,0
8406,0,0.010408839210867882,0
8407,1,0.9998879432678223,1
8408,0,0.013115684501826763,0
8409,0,0.002957372460514307,0
8410,0,0.2190580517053604,0
8411,0,0.004657607525587082,0
8412,0,0.6772769093513489,1
8413,0,0.06790739297866821,0
8414,0,0.0003383420698810369,0
8415,1,0.9998090863227844,1
8416,0,0.011586729437112808,0
8417,1,0.92147296667099,1
8418,1,0.9999986886978149,1
8419,1,0.9489017128944397,1
8420,1,0.9857500791549683,1
8421,0,0.21446409821510315,0
8422,0,0.033054452389478683,0
8423,0,0.04602973535656929,0
8424,1,0.923458456993103,1
8425,1,0.9992400407791138,1
8426,1,0.997443675994873,1
8427,1,0.9998883008956909,1
8428,0,0.009226650930941105,0
8429,1,0.9983978867530823,1
8430,0,0.022870175540447235,0
8431,0,0.03665228188037872,0
8432,1,0.9810448288917542,1
8433,0,0.004246126860380173,0
8434,0,0.09128536283969879,0
8435,1,0.9950965046882629,1
8436,1,0.9999992847442627,1
8437,1,0.999870777130127,1
8438,0,2.209116353388274e-12,0
8439,1,0.9177574515342712,1
8440,1,0.9999953508377075,1
8441,1,0.9996421337127686,1
8442,1,0.9916183352470398,1
8443,1,0.9896429181098938,1
8444,1,0.7584733963012695,1
8445,1,0.9997889399528503,1
8446,0,0.03802086412906647,0
8447,1,0.8743009567260742,1
8448,1,0.7097266316413879,1
8449,1,0.7421323657035828,1
8450,1,0.4943840801715851,0
8451,1,0.9999656677246094,1
8452,0,5.252952917089715e-08,0
8453,0,0.003354961285367608,0
8454,1,0.9995635151863098,1
8455,0,0.0074451337568461895,0
8456,1,0.8777401447296143,1
8457,1,0.8479329943656921,1
8458,1,0.9999998807907104,1
8459,0,0.31810450553894043,0
8460,1,0.9875296354293823,1
8461,1,0.9999988079071045,1
8462,1,0.9378567337989807,1
8463,1,0.13429056107997894,0
8464,0,0.14631380140781403,0
8465,1,0.7606813311576843,1
8466,0,0.0025883708149194717,0
8467,0,0.34390878677368164,0
8468,1,0.9998866319656372,1
8469,1,0.9997847676277161,1
8470,1,0.990050196647644,1
8471,0,0.11036482453346252,0
8472,0,0.08366096019744873,0
8473,0,0.10356629639863968,0
8474,0,0.003159630112349987,0
8475,1,0.9999895095825195,1
8476,1,0.9981268048286438,1
8477,1,0.9975641965866089,1
8478,0,0.025370726361870766,0
8479,0,0.101560078561306,0
8480,1,0.99440598487854,1
8481,0,0.0033301375806331635,0
8482,0,0.005024486221373081,0
8483,0,0.0009770534234121442,0
8484,0,0.06660789251327515,0
8485,1,0.9258270859718323,1
8486,0,0.006262980867177248,0
8487,0,0.002941310405731201,0
8488,0,0.01591813750565052,0
8489,0,0.01028395164757967,0
8490,1,0.9946316480636597,1
8491,1,0.999733030796051,1
8492,1,0.970673143863678,1
8493,0,0.00013893588038627058,0
8494,0,0.317719429731369,0
8495,1,0.9252151846885681,1
8496,0,0.09320271760225296,0
8497,1,0.9941068887710571,1
8498,1,0.9966063499450684,1
8499,0,0.025079892948269844,0
8500,1,0.9999990463256836,1
8501,0,0.24471507966518402,0
8502,0,2.7794952984550036e-05,0
8503,1,0.9961985945701599,1
8504,0,0.029721148312091827,0
8505,0,0.004286815412342548,0
8506,0,0.04784535989165306,0
8507,1,0.9978658556938171,1
8508,1,0.8848347067832947,1
8509,1,0.7928176522254944,1
8510,0,0.01106717437505722,0
8511,0,0.0007395732682198286,0
8512,0,0.02035277523100376,0
8513,1,0.7424752712249756,1
8514,0,0.1521860957145691,0
8515,1,0.8975992202758789,1
8516,0,0.0010967979906126857,0
8517,1,0.9999998807907104,1
8518,0,0.02014779858291149,0
8519,1,0.9939695596694946,1
8520,1,0.999659538269043,1
8521,0,0.003805562388151884,0
8522,1,0.7572710514068604,1
8523,0,0.006938818842172623,0
8524,1,0.9993929862976074,1
8525,1,0.9998881816864014,1
8526,1,0.9980764389038086,1
8527,1,0.9999085664749146,1
8528,0,0.00561782531440258,0
8529,0,0.6692883372306824,1
8530,0,0.006543113384395838,0
8531,1,0.3444691300392151,0
8532,1,0.9999890327453613,1
8533,1,0.9992398023605347,1
8534,1,0.8440914750099182,1
8535,0,0.0013614899944514036,0
8536,0,0.19821423292160034,0
8537,1,0.9912023544311523,1
8538,0,0.29387298226356506,0
8539,0,8.90830488060601e-05,0
8540,1,0.9416428208351135,1
8541,0,0.07245150953531265,0
8542,0,0.0003032300155609846,0
8543,0,0.25561460852622986,0
8544,1,0.7676221132278442,1
8545,1,0.9999980926513672,1
8546,1,0.657133936882019,1
8547,0,0.0006372118950821459,0
8548,0,0.00020276567374821752,0
8549,0,0.04220809414982796,0
8550,1,0.9716139435768127,1
8551,1,0.995435893535614,1
8552,0,0.0008384382235817611,0
8553,0,0.23978616297245026,0
8554,0,0.0011536369565874338,0
8555,1,0.9771959781646729,1
8556,1,0.9941996335983276,1
8557,1,0.8263291120529175,1
8558,1,0.9999996423721313,1
8559,0,0.11429186910390854,0
8560,1,0.9970932006835938,1
8561,1,0.999895453453064,1
8562,0,0.09786047786474228,0
8563,0,0.012814486399292946,0
8564,0,0.05282749980688095,0
8565,0,0.021583369001746178,0
8566,0,0.03362994268536568,0
8567,0,0.09121834486722946,0
8568,0,0.002253406448289752,0
8569,0,0.019232474267482758,0
8570,0,0.2843427360057831,0
8571,1,0.01374833844602108,0
8572,0,0.007153838407248259,0
8573,1,0.9988297820091248,1
8574,1,0.9993739724159241,1
8575,1,0.1348828375339508,0
8576,0,0.004398141521960497,0
8577,1,0.7197242379188538,1
8578,0,0.0036458447575569153,0
8579,1,0.8238856792449951,1
8580,1,0.9928328990936279,1
8581,0,0.0039535947144031525,0
8582,0,0.24827171862125397,0
8583,0,0.021089836955070496,0
8584,0,0.1251222789287567,0
8585,0,0.0009889426873996854,0
8586,0,0.03376389294862747,0
8587,0,0.004011401906609535,0
8588,0,0.33060914278030396,0
8589,0,0.8967536091804504,1
8590,1,0.9951257109642029,1
8591,1,0.9875719547271729,1
8592,1,0.2469121664762497,0
8593,1,0.2100895196199417,0
8594,0,0.5583968758583069,1
8595,1,0.9719754457473755,1
8596,0,0.004829499404877424,0
8597,1,0.9997264742851257,1
8598,1,0.8296498656272888,1
8599,1,0.999869704246521,1
8600,1,0.19736768305301666,0
8601,1,0.999891996383667,1
8602,0,0.09453942626714706,0
8603,1,0.9997478127479553,1
8604,1,0.9798325300216675,1
8605,1,0.9999997615814209,1
8606,1,0.9998408555984497,1
8607,0,0.0029003710951656103,0
8608,1,0.9999488592147827,1
8609,0,0.035968199372291565,0
8610,0,0.0006024048780091107,0
8611,0,0.002180407987907529,0
8612,1,0.9980802536010742,1
8613,1,0.999998927116394,1
8614,0,0.4064588248729706,0
8615,1,0.29156002402305603,0
8616,1,0.9999685287475586,1
8617,0,0.033597685396671295,0
8618,1,0.9751653075218201,1
8619,1,0.9994668364524841,1
8620,1,0.9627783894538879,1
8621,1,0.9992079138755798,1
8622,1,0.8282851576805115,1
8623,1,0.6413684487342834,1
8624,0,0.002453942783176899,0
8625,1,0.9719460606575012,1
8626,0,0.21321628987789154,0
8627,0,0.3668484091758728,0
8628,1,0.9956172704696655,1
8629,0,0.0635310560464859,0
8630,1,0.9932706952095032,1
8631,0,0.02411980740725994,0
8632,0,6.827569450251758e-05,0
8633,1,0.8160585761070251,1
8634,1,0.9766836762428284,1
8635,0,0.4533372223377228,0
8636,1,0.9997829794883728,1
8637,1,0.9984498023986816,1
8638,0,0.003312565851956606,0
8639,1,0.9658988118171692,1
8640,0,0.018623758107423782,0
8641,0,0.00010211350308964029,0
8642,1,0.9660555124282837,1
8643,0,0.029384203255176544,0
8644,1,0.8457876443862915,1
8645,1,0.9809830784797668,1
8646,0,0.01254951674491167,0
8647,0,2.1056795418417096e-08,0
8648,1,0.999342143535614,1
8649,1,0.9995827078819275,1
8650,0,0.09446414560079575,0
8651,1,0.9578968286514282,1
8652,0,0.14109940826892853,0
8653,0,0.7010534405708313,1
8654,0,1.5658322809031233e-05,0
8655,1,0.9342628717422485,1
8656,1,0.8879673480987549,1
8657,0,0.2042560875415802,0
8658,1,0.9266444444656372,1
8659,1,0.9993413090705872,1
8660,1,0.791379988193512,1
8661,0,0.0007706235628575087,0
8662,0,0.0110755804926157,0
8663,0,0.11787930130958557,0
8664,1,0.9525527358055115,1
8665,0,0.011492960155010223,0
8666,0,0.19649334251880646,0
8667,0,0.2519534230232239,0
8668,1,0.9997767806053162,1
8669,1,0.995404839515686,1
8670,1,0.987848162651062,1
8671,1,0.9999985694885254,1
8672,0,0.2427094578742981,0
8673,1,0.9330411553382874,1
8674,0,0.0004938525380566716,0
8675,0,0.0030891532078385353,0
8676,1,0.509581983089447,1
8677,1,0.9999803304672241,1
8678,1,0.767581045627594,1
8679,0,0.005816897843033075,0
8680,1,0.9565582275390625,1
8681,0,0.007074632681906223,0
8682,1,0.975807249546051,1
8683,1,0.7002022862434387,1
8684,0,0.0005779749481007457,0
8685,1,0.9818052649497986,1
8686,1,0.7855207324028015,1
8687,1,0.9989724159240723,1
8688,1,0.9995015859603882,1
8689,1,0.5742074251174927,1
8690,0,0.018335357308387756,0
8691,1,0.8502429127693176,1
8692,0,0.0004333727993071079,0
8693,1,0.8495146632194519,1
8694,1,0.34138378500938416,0
8695,0,0.01306148711591959,0
8696,1,0.6406335234642029,1
8697,1,0.4301304221153259,0
8698,1,0.9878902435302734,1
8699,0,0.2685241997241974,0
8700,1,0.9368203282356262,1
8701,1,0.9999998807907104,1
8702,1,0.9982224106788635,1
8703,0,0.008249553851783276,0
8704,0,0.0012372590135782957,0
8705,1,0.9998605251312256,1
8706,0,0.004700907971709967,0
8707,0,0.016695363447070122,0
8708,1,0.9982818365097046,1
8709,0,0.062440093606710434,0
8710,1,0.4575214385986328,0
8711,1,0.9970596432685852,1
8712,1,0.15991120040416718,0
8713,1,0.9981095790863037,1
8714,0,0.0016703088767826557,0
8715,1,0.9999986886978149,1
8716,0,0.009698629379272461,0
8717,0,0.32484444975852966,0
8718,1,0.8500730991363525,1
8719,1,0.9999843835830688,1
8720,0,0.01140084769576788,0
8721,1,0.9750449657440186,1
8722,1,0.999956488609314,1
8723,0,0.04636193811893463,0
8724,1,0.75648033618927,1
8725,0,0.04000666365027428,0
8726,1,0.9754309058189392,1
8727,0,0.003050985047593713,0
8728,1,0.9924391508102417,1
8729,1,0.9988875985145569,1
8730,1,0.9999988079071045,1
8731,0,0.016057811677455902,0
8732,1,0.9451427459716797,1
8733,1,0.4475947618484497,0
8734,0,7.175022619776428e-05,0
8735,0,0.00041121759568341076,0
8736,0,0.06274459511041641,0
8737,0,7.375932909781113e-05,0
8738,1,0.6405602693557739,1
8739,0,0.05566345900297165,0
8740,0,0.3172036111354828,0
8741,0,0.5155908465385437,1
8742,0,0.009122706018388271,0
8743,1,0.9880660772323608,1
8744,0,0.1630392223596573,0
8745,1,0.9079650044441223,1
8746,1,0.969789445400238,1
8747,1,0.999870777130127,1
8748,0,0.010253934189677238,0
8749,1,0.9998238682746887,1
8750,1,0.9954437017440796,1
8751,0,0.025766130536794662,0
8752,1,0.38399946689605713,0
8753,0,0.20551572740077972,0
8754,1,0.9615160226821899,1
8755,1,0.9965530633926392,1
8756,0,0.0028926299419254065,0
8757,1,0.999148964881897,1
8758,0,0.597629189491272,1
8759,0,0.09594181925058365,0
8760,1,0.9765806198120117,1
8761,0,0.08878986537456512,0
8762,1,0.9987590312957764,1
8763,0,0.03949775546789169,0
8764,1,0.885770320892334,1
8765,1,1.0,1
8766,0,8.586732292314991e-05,0
8767,1,0.9973242282867432,1
8768,1,0.25297144055366516,0
8769,0,0.0220843106508255,0
8770,0,0.0421852171421051,0
8771,1,0.9602735638618469,1
8772,1,0.8646918535232544,1
8773,1,0.9927369952201843,1
8774,0,0.29619115591049194,0
8775,1,0.4091813862323761,0
8776,1,0.8691673874855042,1
8777,0,0.0353708378970623,0
8778,1,0.9935319423675537,1
8779,0,0.09701265394687653,0
8780,1,0.9710347652435303,1
8781,1,0.7120816111564636,1
8782,0,0.339491605758667,0
8783,1,0.9999979734420776,1
8784,0,0.003918529488146305,0
8785,1,0.9650117754936218,1
8786,1,0.9955950379371643,1
8787,1,0.8512630462646484,1
8788,1,0.9905858635902405,1
8789,1,0.9967173933982849,1
8790,1,0.9980383515357971,1
8791,1,0.783613383769989,1
8792,0,0.8549988269805908,1
8793,0,0.07989871501922607,0
8794,0,0.09401166439056396,0
8795,1,0.9999427795410156,1
8796,0,0.231190487742424,0
8797,0,0.10001213848590851,0
8798,1,0.9934006929397583,1
8799,0,0.021699760109186172,0
8800,1,0.9995550513267517,1
8801,1,0.8759415745735168,1
8802,1,0.9999433755874634,1
8803,0,4.3715190258808434e-05,0
8804,1,0.9987576007843018,1
8805,1,0.882598340511322,1
8806,1,0.9999980926513672,1
8807,1,0.9968690276145935,1
8808,1,0.1416195034980774,0
8809,0,0.00739838695153594,0
8810,1,0.9992270469665527,1
8811,0,0.022719062864780426,0
8812,0,0.18075406551361084,0
8813,0,0.026599612087011337,0
8814,1,0.6973841786384583,1
8815,0,0.16400602459907532,0
8816,0,0.0042392779141664505,0
8817,0,0.012502945028245449,0
8818,0,0.03890414535999298,0
8819,0,0.10016217827796936,0
8820,0,0.00020026079437229782,0
8821,0,0.11096964031457901,0
8822,1,0.9975261092185974,1
8823,1,0.7117092609405518,1
8824,0,0.00042211817344650626,0
8825,0,0.23929306864738464,0
8826,0,0.1893269121646881,0
8827,1,0.9104658365249634,1
8828,1,0.9972321391105652,1
8829,0,0.006126691121608019,0
8830,1,0.9855583906173706,1
8831,1,0.9539492726325989,1
8832,0,0.2375161051750183,0
8833,1,0.5854912400245667,1
8834,1,0.9996702671051025,1
8835,1,0.993521511554718,1
8836,0,0.0028577486518770456,0
8837,1,0.9910923838615417,1
8838,0,0.9224017262458801,1
8839,1,0.9857667684555054,1
8840,0,0.1974899172782898,0
8841,1,0.9035423398017883,1
8842,0,0.36631110310554504,0
8843,0,0.0049725682474672794,0
8844,0,0.16016142070293427,0
8845,0,0.4330299198627472,0
8846,0,0.03705992177128792,0
8847,0,0.003275735303759575,0
8848,0,0.07716897130012512,0
8849,0,0.0029880532529205084,0
8850,0,0.00186530698556453,0
8851,0,0.1281350702047348,0
8852,1,0.989537239074707,1
8853,1,0.999998927116394,1
8854,1,0.8395665287971497,1
8855,1,0.9941144585609436,1
8856,0,0.0005360216600820422,0
8857,1,0.9987578392028809,1
8858,0,0.009973602369427681,0
8859,0,0.07305346429347992,0
8860,1,0.9929318428039551,1
8861,1,0.1832491010427475,0
8862,0,0.02797558717429638,0
8863,0,0.018637297675013542,0
8864,0,0.0780821293592453,0
8865,1,0.8963584303855896,1
8866,1,0.983371913433075,1
8867,0,0.16432489454746246,0
8868,1,0.7158743143081665,1
8869,0,0.182024285197258,0
8870,0,0.03975549712777138,0
8871,0,0.00025088281836360693,0
8872,0,0.11298981308937073,0
8873,1,0.9977070093154907,1
8874,1,0.999984622001648,1
8875,1,0.9914383888244629,1
8876,1,0.8483791947364807,1
8877,0,0.2477727234363556,0
8878,1,0.5602002143859863,1
8879,0,0.2468665987253189,0
8880,0,0.03780281916260719,0
8881,1,0.9916270971298218,1
8882,1,0.9208642244338989,1
8883,0,0.06981708109378815,0
8884,1,0.873795211315155,1
8885,1,0.6479206085205078,1
8886,0,0.6838523745536804,1
8887,1,0.8101186156272888,1
8888,0,0.7989082932472229,1
8889,0,0.6422581672668457,1
8890,1,0.9183341860771179,1
8891,1,0.8190005421638489,1
8892,0,0.4149285554885864,0
8893,1,0.9914830327033997,1
8894,1,0.9998489618301392,1
8895,1,0.9962660670280457,1
8896,1,0.5194271206855774,1
8897,0,0.006290888879448175,0
8898,1,0.9880335330963135,1
8899,0,0.06125262752175331,0
8900,0,1.553902075102087e-05,0
8901,0,0.0020587907638400793,0
8902,0,0.5450761914253235,1
8903,0,4.773592445417307e-05,0
8904,0,0.6871650218963623,1
8905,0,0.9108865857124329,1
8906,1,0.5639233589172363,1
8907,0,0.01947721838951111,0
8908,1,0.9995818734169006,1
8909,1,0.9932547211647034,1
8910,0,0.027763593941926956,0
8911,1,0.9999759197235107,1
8912,0,0.0421777218580246,0
8913,0,0.03175194561481476,0
8914,1,0.9999912977218628,1
8915,0,0.473818302154541,0
8916,1,0.9999948740005493,1
8917,1,1.0,1
8918,1,0.9593032598495483,1
8919,1,0.9429378509521484,1
8920,0,0.023142870515584946,0
8921,1,0.8554829359054565,1
8922,1,0.9991757273674011,1
8923,1,0.9972243309020996,1
8924,0,0.10894148051738739,0
8925,1,0.999981164932251,1
8926,0,0.0031624040566384792,0
8927,0,0.16816090047359467,0
8928,0,0.0009531329851597548,0
8929,0,0.16210272908210754,0
8930,0,0.008434117771685123,0
8931,0,0.030008545145392418,0
8932,0,0.08244960010051727,0
8933,1,0.39645469188690186,0
8934,0,0.0019855033606290817,0
8935,0,0.09971187263727188,0
8936,1,0.93687903881073,1
8937,0,0.0754183903336525,0
8938,0,0.0020766023080796003,0
8939,0,0.1890188306570053,0
8940,1,0.9617694616317749,1
8941,1,1.0,1
8942,1,0.5627514123916626,1
8943,1,0.8902714848518372,1
8944,1,1.0,1
8945,0,0.21058443188667297,0
8946,0,0.24854545295238495,0
8947,1,0.6318966746330261,1
8948,0,0.009405745193362236,0
8949,0,0.0005617993883788586,0
8950,1,0.9978098273277283,1
8951,1,0.9999256134033203,1
8952,1,0.9998443126678467,1
8953,1,0.9134470224380493,1
8954,0,0.0001405251387041062,0
8955,1,0.9599840044975281,1
8956,0,0.013154476881027222,0
8957,0,0.02255164086818695,0
8958,0,0.00387245393358171,0
8959,0,0.005088488571345806,0
8960,1,0.9925704598426819,1
8961,0,0.3350045680999756,0
8962,0,0.01649140752851963,0
8963,1,0.44670313596725464,0
8964,1,0.8041669726371765,1
8965,0,0.02312113717198372,0
8966,0,0.7248912453651428,1
8967,0,0.004186402074992657,0
8968,1,0.9072447419166565,1
8969,0,1.2847895959566813e-05,0
8970,0,0.003877600422129035,0
8971,1,0.9970881342887878,1
8972,0,0.03664638474583626,0
8973,1,0.9997428059577942,1
8974,0,0.18419820070266724,0
8975,1,0.9977217316627502,1
8976,0,1.9805490580893093e-08,0
8977,0,0.317937433719635,0
8978,0,0.0033795470371842384,0
8979,1,0.3041606843471527,0
8980,0,0.04888005554676056,0
8981,1,0.9999979734420776,1
8982,1,0.9570926427841187,1
8983,0,0.660641074180603,1
8984,0,0.21360081434249878,0
8985,0,0.10382618010044098,0
8986,0,0.035889413207769394,0
8987,1,0.9667323231697083,1
8988,0,0.006532236468046904,0
8989,1,0.9995599389076233,1
8990,0,9.391070307174232e-06,0
8991,1,0.999923825263977,1
8992,1,0.9777178764343262,1
8993,0,0.0005304064252413809,0
8994,1,0.8087974786758423,1
8995,1,0.9998879432678223,1
8996,1,0.4868358373641968,0
8997,0,0.011256829835474491,0
8998,0,0.02561674825847149,0
8999,1,0.003311291104182601,0
9000,0,0.043821584433317184,0
9001,0,0.011701995506882668,0
9002,1,0.9998753070831299,1
9003,0,0.05089821293950081,0
9004,1,0.9990336894989014,1
9005,1,0.969458818435669,1
9006,0,0.02786477468907833,0
9007,1,0.8321025371551514,1
9008,1,0.9983073472976685,1
9009,1,0.9965704679489136,1
9010,0,0.03052862547338009,0
9011,0,0.0011058005038648844,0
9012,0,0.014676696620881557,0
9013,1,0.31040626764297485,0
9014,0,0.017131976783275604,0
9015,0,0.0672755017876625,0
9016,0,0.023260757327079773,0
9017,0,0.2557949721813202,0
9018,1,0.9997268319129944,1
9019,0,0.017859023064374924,0
9020,0,0.15287141501903534,0
9021,1,0.9841309189796448,1
9022,0,0.4256954491138458,0
9023,1,0.7924302220344543,1
9024,0,0.021595098078250885,0
9025,1,0.8823482394218445,1
9026,1,0.9980390667915344,1
9027,0,0.00027297812630422413,0
9028,0,0.04040980339050293,0
9029,0,0.019940664991736412,0
9030,1,0.3295707702636719,0
9031,0,0.024687079712748528,0
9032,1,0.17979414761066437,0
9033,1,0.9996334314346313,1
9034,1,1.0,1
9035,0,0.008312932215631008,0
9036,1,0.9937191009521484,1
9037,1,1.0,1
9038,0,0.1761629581451416,0
9039,0,0.05209335684776306,0
9040,1,0.9943733215332031,1
9041,0,0.4766164720058441,0
9042,1,0.9818404316902161,1
9043,0,0.03704076260328293,0
9044,0,0.09137158840894699,0
9045,1,0.9998505115509033,1
9046,0,0.004586708266288042,0
9047,0,0.0003958547313231975,0
9048,1,0.9994285702705383,1
9049,0,0.008951463736593723,0
9050,1,0.6842375993728638,1
9051,1,1.0,1
9052,1,0.9840302467346191,1
9053,0,0.1283421814441681,0
9054,1,0.8474293351173401,1
9055,1,0.8296363353729248,1
9056,0,0.922743022441864,1
9057,1,0.9988552331924438,1
9058,0,0.41543710231781006,0
9059,0,0.09190115332603455,0
9060,1,0.9932762384414673,1
9061,0,0.0010546151315793395,0
9062,0,0.772619903087616,1
9063,0,0.0027609916869550943,0
9064,0,0.0009584091021679342,0
9065,0,0.0913681909441948,0
9066,0,0.04677484557032585,0
9067,0,0.011566214263439178,0
9068,1,0.8793168663978577,1
9069,1,0.9999998807907104,1
9070,1,0.987932026386261,1
9071,0,0.005525985732674599,0
9072,0,0.016754692420363426,0
9073,0,0.002131537301465869,0
9074,0,0.012978630140423775,0
9075,1,0.9992280006408691,1
9076,0,0.00010159475641557947,0
9077,1,0.9995642304420471,1
9078,1,0.8065899610519409,1
9079,0,0.9712548851966858,1
9080,1,0.9960240125656128,1
9081,1,0.8029482364654541,1
9082,0,0.0038427100516855717,0
9083,1,0.9977284073829651,1
9084,1,0.9930102229118347,1
9085,0,0.09122047573328018,0
9086,1,0.9999860525131226,1
9087,0,0.02205601893365383,0
9088,1,0.968197226524353,1
9089,0,0.04482095688581467,0
9090,0,0.1877836436033249,0
9091,1,0.9984139204025269,1
9092,1,0.989662766456604,1
9093,1,0.9974036812782288,1
9094,0,0.4705553352832794,0
9095,0,0.12532423436641693,0
9096,0,0.0696696788072586,0
9097,0,0.1890687793493271,0
9098,1,0.9284617304801941,1
9099,1,0.963716983795166,1
9100,0,0.0009232751908712089,0
9101,0,0.5347660183906555,1
9102,0,0.07866077870130539,0
9103,0,0.1937166154384613,0
9104,1,0.2746547758579254,0
9105,1,0.9999830722808838,1
9106,1,0.9980565905570984,1
9107,1,0.9058861136436462,1
9108,0,0.0043448712676763535,0
9109,0,0.20224027335643768,0
9110,1,0.9989676475524902,1
9111,0,0.12293963879346848,0
9112,1,0.9889391660690308,1
9113,1,0.9837614893913269,1
9114,1,0.5744277238845825,1
9115,0,0.0021110535599291325,0
9116,0,0.0489744134247303,0
9117,0,0.0010710556525737047,0
9118,1,0.9938124418258667,1
9119,1,0.9528830647468567,1
9120,0,0.007377258967608213,0
9121,1,0.9753667712211609,1
9122,1,0.9884125590324402,1
9123,1,0.9787463545799255,1
9124,0,0.10051900893449783,0
9125,0,0.21197302639484406,0
9126,0,0.02239731140434742,0
9127,1,0.24213644862174988,0
9128,0,0.1627848595380783,0
9129,1,0.8967950344085693,1
9130,1,0.9954864382743835,1
9131,0,0.0017583008157089353,0
9132,0,0.01259356178343296,0
9133,1,0.856289803981781,1
9134,1,0.0437774695456028,0
9135,1,0.9998180270195007,1
9136,1,0.9965758919715881,1
9137,1,0.8363513946533203,1
9138,1,0.9997506737709045,1
9139,1,0.9991708993911743,1
9140,1,0.987747073173523,1
9141,0,0.1486649364233017,0
9142,0,0.0022580265067517757,0
9143,0,0.05126795172691345,0
9144,1,0.9978982210159302,1
9145,0,0.9600695967674255,1
9146,0,0.01564919389784336,0
9147,1,0.9699763655662537,1
9148,1,0.9999803304672241,1
9149,1,0.7862615585327148,1
9150,1,0.9999949932098389,1
9151,1,0.8148546814918518,1
9152,0,0.8781365752220154,1
9153,1,0.99835604429245,1
9154,1,0.5169342160224915,1
9155,0,7.492486020055367e-06,0
9156,1,0.8710125684738159,1
9157,1,0.2937218248844147,0
9158,0,0.01168422307819128,0
9159,1,0.9997168183326721,1
9160,1,0.9999090433120728,1
9161,0,0.776825487613678,1
9162,1,0.9880891442298889,1
9163,1,0.6450253129005432,1
9164,0,0.001004100195132196,0
9165,0,0.07077327370643616,0
9166,1,0.6851910948753357,1
9167,1,0.9920570254325867,1
9168,0,0.027259161695837975,0
9169,0,0.3560950458049774,0
9170,1,0.9968976974487305,1
9171,0,0.06505726277828217,0
9172,0,0.0060330163687467575,0
9173,1,0.5887585878372192,1
9174,0,0.7143598794937134,1
9175,1,0.9568471312522888,1
9176,0,0.11270888149738312,0
9177,1,0.907839834690094,1
9178,0,0.00019558797066565603,0
9179,1,0.9519690871238708,1
9180,0,0.06004646420478821,0
9181,0,0.010385794565081596,0
9182,1,0.7405067086219788,1
9183,1,0.9996845722198486,1
9184,0,0.11316864937543869,0
9185,0,0.011763366870582104,0
9186,0,0.0004384148633107543,0
9187,1,0.9802842736244202,1
9188,1,0.9905609488487244,1
9189,0,0.021726837381720543,0
9190,0,0.10341016948223114,0
9191,1,0.9759120345115662,1
9192,1,0.9999479055404663,1
9193,1,0.974819540977478,1
9194,0,0.23125946521759033,0
9195,0,0.005541396792978048,0
9196,1,0.9999716281890869,1
9197,1,0.9951534271240234,1
9198,1,0.9967369437217712,1
9199,0,0.008627893403172493,0
9200,0,0.018377263098955154,0
9201,1,0.9607044458389282,1
9202,1,0.8895508050918579,1
9203,0,0.0011202385649085045,0
9204,0,0.16803474724292755,0
9205,0,5.929029794060625e-05,0
9206,1,0.9750790596008301,1
9207,1,0.8393179178237915,1
9208,0,0.00012200124183436856,0
9209,1,0.9571585059165955,1
9210,1,0.9981796741485596,1
9211,0,0.01042238064110279,0
9212,1,0.9629353284835815,1
9213,0,0.5341500043869019,1
9214,0,0.00047070326399989426,0
9215,1,0.9986575841903687,1
9216,0,0.7247346043586731,1
9217,1,0.9999911785125732,1
9218,1,0.980440616607666,1
9219,0,0.010977883823215961,0
9220,1,0.998332679271698,1
9221,0,0.0014737065648660064,0
9222,1,0.9932591915130615,1
9223,1,0.9698171615600586,1
9224,0,0.03916630148887634,0
9225,0,0.04245951026678085,0
9226,1,0.9957211017608643,1
9227,1,0.999931812286377,1
9228,0,0.0009336028597317636,0
9229,1,0.9881843328475952,1
9230,0,0.008741693571209908,0
9231,0,0.2706230878829956,0
9232,1,0.6956945061683655,1
9233,1,0.9999953508377075,1
9234,1,0.9992451667785645,1
9235,1,0.9993467926979065,1
9236,0,0.006494069006294012,0
9237,0,0.10149576514959335,0
9238,0,0.17443837225437164,0
9239,0,0.014407983049750328,0
9240,1,0.9737354516983032,1
9241,0,0.0002832836762536317,0
9242,1,0.7229760885238647,1
9243,0,0.0008840771042741835,0
9244,1,0.9482767581939697,1
9245,0,0.32050570845603943,0
9246,0,0.022260133177042007,0
9247,0,0.07892853766679764,0
9248,0,0.18418970704078674,0
9249,1,0.9923570156097412,1
9250,0,0.457520991563797,0
9251,0,0.09070972353219986,0
9252,0,0.05995376408100128,0
9253,1,0.9999998807907104,1
9254,0,0.054094769060611725,0
9255,1,0.9393710494041443,1
9256,1,0.9966863989830017,1
9257,0,0.1307668536901474,0
9258,1,0.9990078806877136,1
9259,0,0.02238641306757927,0
9260,1,0.9997541308403015,1
9261,1,0.9609401822090149,1
9262,1,1.0,1
9263,0,0.13940677046775818,0
9264,1,0.9959943294525146,1
9265,1,0.9991457462310791,1
9266,1,0.7073720693588257,1
9267,0,0.04700123891234398,0
9268,1,0.9134938716888428,1
9269,0,0.0010464440565556288,0
9270,1,0.8827272057533264,1
9271,0,0.02521032840013504,0
9272,1,0.9999814033508301,1
9273,1,0.9999213218688965,1
9274,0,0.010054604150354862,0
9275,0,0.00187066534999758,0
9276,0,0.028649192303419113,0
9277,1,0.9430294632911682,1
9278,0,0.000599767838139087,0
9279,1,0.9999803304672241,1
9280,0,0.36330363154411316,0
9281,0,0.02843243069946766,0
9282,0,0.00037463076296262443,0
9283,0,0.015003843232989311,0
9284,0,0.01899649389088154,0
9285,0,0.02573670819401741,0
9286,1,0.9818708896636963,1
9287,1,0.7761192917823792,1
9288,1,0.9901654124259949,1
9289,0,0.0041279261931777,0
9290,1,0.8933050632476807,1
9291,0,0.011593285016715527,0
9292,1,0.9983068704605103,1
9293,1,0.5769444108009338,1
9294,1,0.839164674282074,1
9295,0,0.0001236327225342393,0
9296,1,0.9999954700469971,1
9297,1,0.9970231652259827,1
9298,1,0.4893622100353241,0
9299,1,0.9092394709587097,1
9300,1,0.9328526854515076,1
9301,1,0.9999884366989136,1
9302,0,0.7194799780845642,1
9303,0,0.035579755902290344,0
9304,0,0.04095309227705002,0
9305,1,0.39824631810188293,0
9306,0,0.18842925131320953,0
9307,1,0.996721088886261,1
9308,1,0.9969127178192139,1
9309,1,0.9549530148506165,1
9310,0,0.4580325484275818,0
9311,1,0.9999943971633911,1
9312,0,0.000923176237847656,0
9313,1,0.9608364701271057,1
9314,1,0.8045065999031067,1
9315,0,0.12448423355817795,0
9316,0,0.026079855859279633,0
9317,1,0.910529613494873,1
9318,0,0.019692476838827133,0
9319,0,0.29201868176460266,0
9320,0,0.00016146832786034793,0
9321,1,0.9361100792884827,1
9322,1,0.9898177981376648,1
9323,0,0.31222349405288696,0
9324,1,0.9929885268211365,1
9325,1,0.9999580383300781,1
9326,1,0.8608453869819641,1
9327,0,0.6667622327804565,1
9328,0,0.008463654667139053,0
9329,0,0.006005735602229834,0
9330,0,0.3536335825920105,0
9331,0,0.007061642128974199,0
9332,0,0.32315221428871155,0
9333,1,0.9342283010482788,1
9334,1,0.9107219576835632,1
9335,1,0.9999991655349731,1
9336,1,0.9999995231628418,1
9337,0,0.002765039913356304,0
9338,0,0.07149560004472733,0
9339,0,0.27240389585494995,0
9340,0,1.5148148122534622e-05,0
9341,1,0.9999945163726807,1
9342,0,0.5913915038108826,1
9343,0,0.015001073479652405,0
9344,0,0.04129955172538757,0
9345,1,0.39091426134109497,0
9346,0,0.027055496349930763,0
9347,1,0.9363549947738647,1
9348,1,0.9988767504692078,1
9349,0,0.11591611057519913,0
9350,0,0.0022029548417776823,0
9351,0,0.14438790082931519,0
9352,0,0.0018550838576629758,0
9353,1,0.9931614398956299,1
9354,1,0.9979333877563477,1
9355,0,0.140372633934021,0
9356,1,0.9995587468147278,1
9357,1,0.9881424307823181,1
9358,1,0.9988372921943665,1
9359,1,0.1592765599489212,0
9360,1,0.8991002440452576,1
9361,1,0.7224263548851013,1
9362,0,0.06247277185320854,0
9363,1,0.9545931816101074,1
9364,0,0.42201539874076843,0
9365,1,0.9875460267066956,1
9366,0,0.004412665963172913,0
9367,0,0.029977913945913315,0
9368,1,0.9964601397514343,1
9369,1,0.9554955363273621,1
9370,1,0.7956545948982239,1
9371,0,0.002916743978857994,0
9372,1,0.9465794563293457,1
9373,0,0.003067405428737402,0
9374,1,0.9975849390029907,1
9375,1,0.032588694244623184,0
9376,1,0.9889896512031555,1
9377,0,0.008367592468857765,0
9378,0,0.41180065274238586,0
9379,0,0.004803657531738281,0
9380,0,4.254607483744621e-05,0
9381,1,0.9521751403808594,1
9382,1,0.9872584939002991,1
9383,1,0.9995232820510864,1
9384,1,0.9993075132369995,1
9385,1,0.5272353291511536,1
9386,0,0.053689777851104736,0
9387,1,0.9977656602859497,1
9388,0,0.6729030609130859,1
9389,0,0.005121828056871891,0
9390,0,0.0016698724357411265,0
9391,0,0.023017939180135727,0
9392,0,0.002634594216942787,0
9393,0,0.0006863430608063936,0
9394,0,0.11092018336057663,0
9395,1,0.9820881485939026,1
9396,1,0.2622930705547333,0
9397,1,0.9995437264442444,1
9398,1,0.9999592304229736,1
9399,0,0.0010151833994314075,0
9400,0,0.007093213498592377,0
9401,1,0.9974784255027771,1
9402,1,0.9999864101409912,1
9403,1,0.9497745037078857,1
9404,0,0.022840317338705063,0
9405,0,0.0312555655837059,0
9406,1,0.9437416195869446,1
9407,1,0.9554312229156494,1
9408,1,0.9588336944580078,1
9409,0,0.033506277948617935,0
9410,1,0.6430272459983826,1
9411,0,0.0025341191794723272,0
9412,1,0.9428815841674805,1
9413,1,0.9989269375801086,1
9414,1,0.9999637603759766,1
9415,1,0.9996351003646851,1
9416,0,0.0032469742000102997,0
9417,1,0.9928148984909058,1
9418,0,0.0018391581252217293,0
9419,0,0.0015467015327885747,0
9420,1,0.7053671479225159,1
9421,1,0.9999796152114868,1
9422,0,0.05962297320365906,0
9423,0,0.004860950168222189,0
9424,1,0.9968217611312866,1
9425,0,0.007230456918478012,0
9426,1,0.901223361492157,1
9427,0,0.009155955165624619,0
9428,0,0.0012591435806825757,0
9429,0,0.002497853944078088,0
9430,1,0.9999996423721313,1
9431,1,0.9978445768356323,1
9432,0,0.03942089155316353,0
9433,0,0.010503184981644154,0
9434,0,0.0029712289106100798,0
9435,1,0.9985795021057129,1
9436,0,0.14359647035598755,0
9437,1,0.8425444960594177,1
9438,0,0.03753555938601494,0
9439,0,0.00013243085413705558,0
9440,0,0.011002969928085804,0
9441,1,0.9989946484565735,1
9442,1,1.0,1
9443,1,0.028013218194246292,0
9444,0,0.545874297618866,1
9445,0,0.7422585487365723,1
9446,0,0.013755438849329948,0
9447,1,0.9137997627258301,1
9448,0,0.0321575328707695,0
9449,1,0.9826327562332153,1
9450,1,0.5739126205444336,1
9451,1,0.8190639615058899,1
9452,1,0.9708225727081299,1
9453,1,0.9483677744865417,1
9454,1,0.6713395118713379,1
9455,1,0.9149234294891357,1
9456,1,0.9905226826667786,1
9457,1,0.906815767288208,1
9458,0,0.6212157011032104,1
9459,1,0.9715306758880615,1
9460,1,0.9785828590393066,1
9461,0,0.053195804357528687,0
9462,0,0.07761910557746887,0
9463,1,0.6059066653251648,1
9464,1,0.8344849944114685,1
9465,1,0.9846161007881165,1
9466,1,0.9559593200683594,1
9467,1,0.9995182752609253,1
9468,0,0.0002012692129937932,0
9469,0,0.12134569138288498,0
9470,0,0.011793948709964752,0
9471,1,0.9999728202819824,1
9472,1,0.03487874194979668,0
9473,0,0.01134092453867197,0
9474,0,0.051016438752412796,0
9475,0,0.03127026930451393,0
9476,0,0.013513218611478806,0
9477,0,0.00975955929607153,0
9478,0,0.06730475276708603,0
9479,0,0.05622811242938042,0
9480,1,0.9518411159515381,1
9481,0,0.05263610556721687,0
9482,0,7.299861408682773e-07,0
9483,1,0.9743199348449707,1
9484,1,0.9896686673164368,1
9485,1,0.9250792860984802,1
9486,1,0.6626105904579163,1
9487,0,0.10246980935335159,0
9488,1,0.728599488735199,1
9489,0,0.05636361241340637,0
9490,1,0.9487158060073853,1
9491,0,0.00013202372065279633,0
9492,0,0.10867977142333984,0
9493,0,3.5332890547579154e-05,0
9494,0,0.09273131936788559,0
9495,0,0.04317450895905495,0
9496,1,0.3235202729701996,0
9497,1,0.9687777757644653,1
9498,1,0.9932859539985657,1
9499,1,0.9719910025596619,1
9500,0,0.054386112838983536,0
9501,0,0.01832367107272148,0
9502,0,0.2306661456823349,0
9503,0,0.0463046096265316,0
9504,1,0.3102126121520996,0
9505,1,0.9999988079071045,1
9506,0,1.5410907508339733e-05,0
9507,1,0.9588087201118469,1
9508,0,0.0016099924687296152,0
9509,1,0.9999959468841553,1
9510,0,0.07141618430614471,0
9511,1,0.8887827396392822,1
9512,0,0.04019004479050636,0
9513,1,0.9377524256706238,1
9514,1,0.9998601675033569,1
9515,1,0.9996131062507629,1
9516,0,0.04222102835774422,0
9517,0,0.016974199563264847,0
9518,1,0.7723783254623413,1
9519,0,0.1490018218755722,0
9520,1,0.7492542862892151,1
9521,0,0.09864438325166702,0
9522,0,0.03961148113012314,0
9523,0,0.0037025604397058487,0
9524,0,0.0049997735768556595,0
9525,0,0.006342875771224499,0
9526,1,0.9980354905128479,1
9527,1,0.9999938011169434,1
9528,1,0.9997194409370422,1
9529,1,0.999914288520813,1
9530,0,0.035386741161346436,0
9531,1,0.9921684861183167,1
9532,1,0.9592602252960205,1
9533,1,0.5683969259262085,1
9534,1,0.9672630429267883,1
9535,0,0.07310616970062256,0
9536,1,0.8124647736549377,1
9537,1,0.9994508624076843,1
9538,0,0.005104550160467625,0
9539,0,0.00602467218413949,0
9540,1,0.9999992847442627,1
9541,1,0.9779444336891174,1
9542,1,0.5864725112915039,1
9543,0,0.030081307515501976,0
9544,0,0.5966923236846924,1
9545,1,0.25289982557296753,0
9546,1,0.999998927116394,1
9547,1,0.6913129091262817,1
9548,1,0.9172369837760925,1
9549,1,0.8108034133911133,1
9550,1,0.9638341069221497,1
9551,0,0.3694609999656677,0
9552,0,0.5140620470046997,1
9553,0,0.025479618459939957,0
9554,0,0.0008957484387792647,0
9555,1,0.926972508430481,1
9556,0,0.1482689082622528,0
9557,1,0.11609038710594177,0
9558,0,0.0003891797678079456,0
9559,0,0.16044078767299652,0
9560,1,0.9735568761825562,1
9561,1,0.8831470012664795,1
9562,0,0.13493996858596802,0
9563,0,0.0007573813199996948,0
9564,1,0.9732035994529724,1
9565,0,0.0055584292858839035,0
9566,1,0.9047635793685913,1
9567,1,0.9860153198242188,1
9568,0,0.010459605604410172,0
9569,1,0.05064743384718895,0
9570,0,0.002724924124777317,0
9571,0,0.3798196315765381,0
9572,1,0.9915282726287842,1
9573,1,0.9645426273345947,1
9574,1,0.9962339997291565,1
9575,1,0.9978315234184265,1
9576,0,1.9259807686466957e-06,0
9577,1,0.9580568671226501,1
9578,0,0.049351535737514496,0
9579,0,0.013164990581572056,0
9580,1,0.9695674180984497,1
9581,0,0.45113518834114075,0
9582,1,0.9969416260719299,1
9583,1,0.9985247254371643,1
9584,1,0.9673813581466675,1
9585,0,0.15895357728004456,0
9586,0,0.0072998953983187675,0
9587,1,0.9999598264694214,1
9588,0,0.011322248727083206,0
9589,0,0.0010601484682410955,0
9590,0,0.022922437638044357,0
9591,1,0.5683647990226746,1
9592,0,0.036405049264431,0
9593,0,0.0892094224691391,0
9594,1,0.9996771812438965,1
9595,1,0.9999997615814209,1
9596,0,0.058627042919397354,0
9597,0,0.0011962627759203315,0
9598,0,0.0039056893438100815,0
9599,0,0.13025213778018951,0
9600,1,0.9838295578956604,1
9601,1,0.9982436895370483,1
9602,1,0.4468911588191986,0
9603,0,0.28216204047203064,0
9604,1,0.9498230218887329,1
9605,1,0.9981354475021362,1
9606,0,0.1297295242547989,0
9607,1,0.9999967813491821,1
9608,0,0.009981383569538593,0
9609,0,0.11470236629247665,0
9610,0,0.001608542283065617,0
9611,0,0.026047902181744576,0
9612,1,0.3868967294692993,0
9613,0,0.057015448808670044,0
9614,0,0.024233175441622734,0
9615,0,3.1896869590042343e-09,0
9616,0,0.11121542751789093,0
9617,0,0.03762964531779289,0
9618,1,0.9972379207611084,1
9619,1,0.8555746078491211,1
9620,1,0.999873161315918,1
9621,1,0.07614091038703918,0
9622,0,0.002594989724457264,0
9623,1,0.999923825263977,1
9624,1,0.9722189903259277,1
9625,1,0.9988601207733154,1
9626,0,0.014562686905264854,0
9627,1,0.8697772026062012,1
9628,0,0.8827307820320129,1
9629,0,0.00019655599317047745,0
9630,1,0.9997186064720154,1
9631,0,0.03160220757126808,0
9632,1,1.0,1
9633,1,0.9549499750137329,1
9634,0,0.00352556724101305,0
9635,1,0.9998620748519897,1
9636,0,0.08961978554725647,0
9637,0,0.0022994603496044874,0
9638,1,0.9352867007255554,1
9639,1,0.9780122637748718,1
9640,1,0.9999984502792358,1
9641,1,0.09929845482110977,0
9642,1,0.9930693507194519,1
9643,1,0.9998879432678223,1
9644,1,0.9597075581550598,1
9645,0,0.171476349234581,0
9646,0,0.017487498000264168,0
9647,1,0.9998006224632263,1
9648,0,0.0022305790334939957,0
9649,1,0.9949173927307129,1
9650,0,0.003368934616446495,0
9651,0,0.0051928795874118805,0
9652,1,0.9985219836235046,1
9653,1,0.9649000763893127,1
9654,0,0.22691386938095093,0
9655,0,0.06634115427732468,0
9656,0,0.06956058740615845,0
9657,0,0.037133969366550446,0
9658,1,0.9530671238899231,1
9659,1,0.9704853892326355,1
9660,1,0.9999986886978149,1
9661,0,0.003066529054194689,0
9662,1,0.9972237348556519,1
9663,1,0.9968932867050171,1
9664,0,0.004312144126743078,0
9665,1,0.9990302324295044,1
9666,1,0.8179894089698792,1
9667,0,2.2110691588750342e-07,0
9668,1,0.9999860525131226,1
9669,0,0.16335420310497284,0
9670,0,0.8665359020233154,1
9671,0,0.11365615576505661,0
9672,1,0.3883025050163269,0
9673,1,0.1926278918981552,0
9674,1,0.08485256880521774,0
9675,1,0.9891013503074646,1
9676,0,0.027449021115899086,0
9677,0,0.39932313561439514,0
9678,1,0.9997933506965637,1
9679,1,0.991517961025238,1
9680,0,0.11147896200418472,0
9681,1,0.9999141693115234,1
9682,1,0.9057020545005798,1
9683,1,0.9885690212249756,1
9684,1,0.9999969005584717,1
9685,0,0.046471647918224335,0
9686,1,0.9858424067497253,1
9687,1,0.8471986651420593,1
9688,1,0.9999961853027344,1
9689,1,0.9015549421310425,1
9690,1,0.9989131689071655,1
9691,1,0.9998831748962402,1
9692,1,0.999138355255127,1
9693,0,0.05525064840912819,0
9694,1,0.9995645880699158,1
9695,0,0.10678143054246902,0
9696,1,0.9995917677879333,1
9697,1,0.9989884495735168,1
9698,0,0.7576143741607666,1
9699,1,0.8720829486846924,1
9700,1,0.9991241097450256,1
9701,1,0.9967239499092102,1
9702,0,0.16634079813957214,0
9703,1,0.45286810398101807,0
9704,0,0.008889324963092804,0
9705,0,0.047804802656173706,0
9706,0,0.14028321206569672,0
9707,0,0.0003695179184433073,0
9708,0,0.022341953590512276,0
9709,1,0.9904910326004028,1
9710,0,1.697798870736733e-05,0
9711,1,0.950105607509613,1
9712,0,0.10514871776103973,0
9713,1,0.9834829568862915,1
9714,0,0.0005237260484136641,0
9715,0,0.574161171913147,1
9716,0,0.004041112493723631,0
9717,1,0.9954938888549805,1
9718,0,0.0012887157499790192,0
9719,1,0.9993903636932373,1
9720,1,0.9855288863182068,1
9721,1,0.9775435328483582,1
9722,1,0.9938096404075623,1
9723,1,0.9944236874580383,1
9724,1,0.9928816556930542,1
9725,1,0.9994459748268127,1
9726,0,0.0003876329574268311,0
9727,0,0.0341062918305397,0
9728,0,0.0027935185935348272,0
9729,0,0.00044281178270466626,0
9730,0,0.001416931627318263,0
9731,1,0.9999942779541016,1
9732,0,0.26519057154655457,0
9733,1,0.0874735489487648,0
9734,1,0.9989641904830933,1
9735,1,0.999784529209137,1
9736,1,0.9998606443405151,1
9737,0,0.11278387904167175,0
9738,1,0.9999375343322754,1
9739,1,0.9926907420158386,1
9740,1,0.9993882179260254,1
9741,1,0.9328886270523071,1
9742,0,0.001822365797124803,0
9743,0,0.3930031359195709,0
9744,1,0.8870518207550049,1
9745,1,0.9996557235717773,1
9746,0,0.6752579212188721,1
9747,1,0.9999880790710449,1
9748,1,0.9965564012527466,1
9749,1,0.9266656041145325,1
9750,0,0.5577751994132996,1
9751,0,0.007151457481086254,0
9752,1,0.999862551689148,1
9753,1,0.17853663861751556,0
9754,0,0.1395629495382309,0
9755,0,0.005237611476331949,0
9756,1,0.9999794960021973,1
9757,1,0.8807963132858276,1
9758,0,2.689217240003927e-07,0
9759,0,0.2488996982574463,0
9760,1,0.6699252724647522,1
9761,0,0.02922894060611725,0
9762,1,0.956695556640625,1
9763,1,0.9996663331985474,1
9764,0,0.2997688055038452,0
9765,1,0.5923415422439575,1
9766,1,0.9034193158149719,1
9767,0,0.07524959743022919,0
9768,1,0.9878843426704407,1
9769,0,0.01025630533695221,0
9770,1,0.9999973773956299,1
9771,1,0.7399675250053406,1
9772,0,0.23870067298412323,0
9773,0,0.07672348618507385,0
9774,1,0.6229208707809448,1
9775,1,0.9974838495254517,1
9776,1,0.9993682503700256,1
9777,1,0.9939805269241333,1
9778,1,0.9999678134918213,1
9779,0,0.013969529420137405,0
9780,1,0.8248188495635986,1
9781,1,0.8646159768104553,1
9782,0,0.0006153076537884772,0
9783,0,0.043243080377578735,0
9784,0,0.04699085280299187,0
9785,0,0.0014180338475853205,0
9786,0,0.00016859197057783604,0
9787,1,0.9635508060455322,1
9788,1,0.999991774559021,1
9789,1,0.0016023406060412526,0
9790,1,0.9755223989486694,1
9791,1,0.15910349786281586,0
9792,1,0.9999271631240845,1
9793,0,0.06739012897014618,0
9794,1,0.9445177912712097,1
9795,0,0.6287325024604797,1
9796,1,0.9990525841712952,1
9797,0,0.07743703573942184,0
9798,0,0.03893326222896576,0
9799,0,0.0521586611866951,0
9800,1,0.9982302784919739,1
9801,1,1.0,1
9802,1,0.48659461736679077,0
9803,0,0.04379011318087578,0
9804,0,0.13212887942790985,0
9805,0,0.18821293115615845,0
9806,0,0.023288242518901825,0
9807,1,1.0,1
9808,0,0.21235391497612,0
9809,1,0.8634848594665527,1
9810,0,0.000740101037081331,0
9811,0,0.007285541854798794,0
9812,0,0.016679126769304276,0
9813,1,0.9273629188537598,1
9814,1,0.9986199140548706,1
9815,1,0.9997931122779846,1
9816,0,0.22175784409046173,0
9817,1,0.9974894523620605,1
9818,1,0.9736714363098145,1
9819,0,0.010318818502128124,0
9820,0,0.013768170028924942,0
9821,0,0.0007275187526829541,0
9822,1,0.9999994039535522,1
9823,0,0.009499747306108475,0
9824,1,0.9721511602401733,1
9825,0,0.0050283255986869335,0
9826,1,0.7220854163169861,1
9827,1,0.8022476434707642,1
9828,1,1.0,1
9829,0,0.007808925583958626,0
9830,0,0.1838245838880539,0
9831,1,0.999874472618103,1
9832,1,0.995593249797821,1
9833,0,0.005786220543086529,0
9834,0,0.18485291302204132,0
9835,1,0.8369386792182922,1
9836,0,0.03298353776335716,0
9837,1,0.5522997379302979,1
9838,1,0.9792354702949524,1
9839,0,0.0032441066578030586,0
9840,1,0.9885722398757935,1
9841,1,0.9870445132255554,1
9842,0,0.00033308661659248173,0
9843,1,0.9676700830459595,1
9844,1,0.8822479844093323,1
9845,0,0.13783906400203705,0
9846,1,0.9980819225311279,1
9847,0,0.12605442106723785,0
9848,0,0.0005893557099625468,0
9849,1,0.4610435366630554,0
9850,0,0.026077324524521828,0
9851,1,0.9282294511795044,1
9852,0,0.020502563565969467,0
9853,0,0.837489902973175,1
9854,0,0.013003440573811531,0
9855,0,0.3819323182106018,0
9856,1,0.9997331500053406,1
9857,0,0.012690429575741291,0
9858,1,0.6573581695556641,1
9859,0,0.0076660593040287495,0
9860,0,0.32437828183174133,0
9861,1,0.991794764995575,1
9862,1,0.1915757656097412,0
9863,1,0.8156753778457642,1
9864,0,0.0005730444681830704,0
9865,1,0.5508877038955688,1
9866,0,0.03598014637827873,0
9867,1,0.8100781440734863,1
9868,1,0.9998927116394043,1
9869,0,0.010289621539413929,0
9870,0,0.009334735572338104,0
9871,1,0.9527003765106201,1
9872,0,0.014130975119769573,0
9873,1,0.6582556962966919,1
9874,0,0.0022642510011792183,0
9875,1,0.8990895748138428,1
9876,1,0.8600959777832031,1
9877,1,0.9999998807907104,1
9878,0,0.0031437010038644075,0
9879,0,0.008158315904438496,0
9880,0,0.7174162268638611,1
9881,1,0.9999998807907104,1
9882,1,0.9988898634910583,1
9883,0,0.16695493459701538,0
9884,1,0.999875545501709,1
9885,0,0.06812736392021179,0
9886,0,0.01731628179550171,0
9887,0,1.0713774400983311e-07,0
9888,1,0.858442485332489,1
9889,0,0.00399424321949482,0
9890,1,0.9999995231628418,1
9891,0,0.19418396055698395,0
9892,0,0.017724381759762764,0
9893,1,0.9816209673881531,1
9894,0,3.248518623877317e-05,0
9895,1,0.4964768588542938,0
9896,1,0.9999969005584717,1
9897,0,0.08147329837083817,0
9898,0,0.11533690243959427,0
9899,1,0.9816842675209045,1
9900,1,0.7655529975891113,1
9901,0,0.2592046558856964,0
9902,1,0.9951590895652771,1
9903,0,0.002395720686763525,0
9904,0,0.0017232978716492653,0
9905,1,0.9987723231315613,1
9906,1,0.8545535802841187,1
9907,1,0.8642014265060425,1
9908,1,0.9883827567100525,1
9909,0,0.00501372991129756,0
9910,1,0.9302827715873718,1
9911,0,0.03337763994932175,0
9912,0,0.5661925673484802,1
9913,0,0.1798214316368103,0
9914,0,0.41497915983200073,0
9915,0,0.004313329700380564,0
9916,1,0.9999719858169556,1
9917,0,0.12188909202814102,0
9918,1,0.8293418884277344,1
9919,1,0.984802782535553,1
9920,1,0.9991762042045593,1
9921,1,0.9999529123306274,1
9922,1,0.6797164678573608,1
9923,0,2.606449015729595e-05,0
9924,1,0.9974380731582642,1
9925,1,0.46117672324180603,0
9926,1,0.9760172963142395,1
9927,0,0.05480603873729706,0
9928,0,0.0011584062594920397,0
9929,1,1.0,1
9930,1,1.0,1
9931,1,0.9969684481620789,1
9932,1,0.9857856631278992,1
9933,1,0.9999542236328125,1
9934,1,0.9967689514160156,1
9935,0,0.021670864894986153,0
9936,1,0.8625456094741821,1
9937,0,0.00874981191009283,0
9938,1,0.9617511630058289,1
9939,0,0.00042683316860347986,0
9940,1,0.9955646991729736,1
9941,0,5.871447683603037e-07,0
9942,0,0.040277156978845596,0
9943,1,0.23316407203674316,0
9944,0,0.04585041478276253,0
9945,1,0.07089105248451233,0
9946,0,0.014218594878911972,0
9947,0,0.028896326199173927,0
9948,0,0.32671529054641724,0
9949,0,0.3870663046836853,0
9950,1,0.9124113917350769,1
9951,0,0.07092314213514328,0
9952,0,0.02790120430290699,0
9953,1,0.9951395988464355,1
9954,1,0.8541246056556702,1
9955,0,0.0006061929743736982,0
9956,0,0.11165249347686768,0
9957,0,0.004654665943235159,0
9958,0,0.08345413953065872,0
9959,0,0.6098914742469788,1
9960,0,0.01588110812008381,0
9961,0,0.022655103355646133,0
9962,1,0.23217126727104187,0
9963,0,0.000563190144021064,0
9964,0,2.7072297598351724e-05,0
9965,1,0.4139782190322876,0
9966,0,0.006226560100913048,0
9967,0,0.00278752320446074,0
9968,1,0.03400815650820732,0
9969,0,0.4634580910205841,0
9970,1,0.9974149465560913,1
9971,0,0.0019487229874357581,0
9972,0,0.012957037426531315,0
9973,1,0.9892117977142334,1
9974,0,0.0016839803429320455,0
9975,0,0.20395763218402863,0
9976,0,0.01869940757751465,0
9977,0,0.41300901770591736,0
9978,0,0.0597827322781086,0
9979,0,0.05994706228375435,0
9980,0,0.03096451796591282,0
9981,0,0.06355142593383789,0
9982,0,0.016695698723196983,0
9983,0,0.0392451286315918,0
9984,1,0.6040222644805908,1
9985,0,0.1145833283662796,0
9986,0,0.04742131382226944,0
9987,0,0.08299354463815689,0
9988,0,0.016580671072006226,0
9989,1,0.9999979734420776,1
9990,0,0.014194727875292301,0
9991,0,0.37060829997062683,0
9992,1,0.8194069862365723,1
9993,0,0.0021471576765179634,0
9994,0,0.05434884876012802,0
9995,0,0.0010608445154502988,0
9996,1,0.9931765198707581,1
9997,1,0.9409884214401245,1
9998,1,0.8726950883865356,1
9999,0,0.1717435121536255,0
10000,1,0.9996792078018188,1
10001,0,0.0044085243716835976,0
10002,0,0.042912133038043976,0
10003,1,0.9943747520446777,1
10004,0,0.0015677767805755138,0
10005,0,0.0380462147295475,0
10006,0,0.16084209084510803,0
10007,0,0.07307252287864685,0
10008,1,0.8600934147834778,1
10009,0,0.007543931249529123,0
10010,0,0.0008105789311230183,0
10011,1,0.997968852519989,1
10012,1,0.9999959468841553,1
10013,1,0.9922046661376953,1
10014,0,0.003199545433744788,0
10015,0,0.03269728645682335,0
10016,0,0.28603485226631165,0
10017,1,0.9996552467346191,1
10018,1,0.7808507680892944,1
10019,0,3.3606339933101026e-11,0
10020,1,0.9401428699493408,1
10021,0,0.012120352126657963,0
10022,1,0.7714412808418274,1
10023,1,0.9960065484046936,1
10024,0,0.04811292886734009,0
10025,1,0.9814000129699707,1
10026,0,0.015845762565732002,0
10027,0,2.3770571715431288e-05,0
10028,1,0.17887714505195618,0
10029,0,2.718766154430341e-05,0
10030,1,0.9857359528541565,1
10031,1,0.9996559619903564,1
10032,0,0.06451159715652466,0
10033,0,0.13506639003753662,0
10034,1,0.9973406195640564,1
10035,0,4.054744931636378e-05,0
10036,1,0.2508917450904846,0
10037,1,0.9963079690933228,1
10038,0,1.1471007610452943e-07,0
10039,0,0.038110796362161636,0
10040,0,0.0016077804611995816,0
10041,1,0.9962522387504578,1
10042,0,0.013731228187680244,0
10043,0,0.06914138793945312,0
10044,0,0.05041540414094925,0
10045,0,0.0044023715890944,0
10046,0,0.62237948179245,1
10047,1,0.8672739863395691,1
10048,0,0.17127667367458344,0
10049,0,0.8279721140861511,1
10050,1,0.9881308078765869,1
10051,1,0.9989542961120605,1
10052,1,0.8325843811035156,1
10053,1,0.9993407130241394,1
10054,0,0.00017569665214978158,0
10055,1,0.9942106008529663,1
10056,0,0.37477096915245056,0
10057,1,0.9226765632629395,1
10058,0,0.04203110188245773,0
10059,1,0.6638423800468445,1
10060,1,0.9671306610107422,1
10061,0,0.05140439420938492,0
10062,1,0.9538809061050415,1
10063,0,0.001373599050566554,0
10064,0,0.0026104331482201815,0
10065,0,0.003347765188664198,0
10066,0,0.10922867804765701,0
10067,0,0.3397901952266693,0
10068,1,0.9841310381889343,1
10069,1,0.38535943627357483,0
10070,1,0.9974067807197571,1
10071,1,0.9601017832756042,1
10072,0,0.006932313088327646,0
10073,0,0.10286799818277359,0
10074,0,0.08946330845355988,0
10075,1,0.9227307438850403,1
10076,1,0.9072975516319275,1
10077,0,0.3374125063419342,0
10078,0,0.46084344387054443,0
10079,1,0.09366312623023987,0
10080,0,0.048088181763887405,0
10081,1,0.972609281539917,1
10082,1,0.9879879951477051,1
10083,1,0.8447846174240112,1
10084,1,0.9393414258956909,1
10085,1,0.6147341728210449,1
10086,1,0.8811889886856079,1
10087,1,0.6759740710258484,1
10088,1,0.09578077495098114,0
10089,0,0.0314449816942215,0
10090,0,0.37058302760124207,0
10091,1,0.9999538660049438,1
10092,0,0.2667596638202667,0
10093,0,0.08208409696817398,0
10094,0,0.21303598582744598,0
10095,0,0.008158370852470398,0
10096,0,0.1592491865158081,0
10097,0,0.34075385332107544,0
10098,1,0.9824246764183044,1
10099,1,0.7380257844924927,1
10100,1,0.7183062434196472,1
10101,0,0.1970570981502533,0
10102,0,0.009903205558657646,0
10103,1,0.9986888766288757,1
10104,0,0.02497992478311062,0
10105,0,0.2271171361207962,0
10106,1,0.9971740245819092,1
10107,0,0.00017365206440445036,0
10108,1,0.9967447519302368,1
10109,1,0.780291736125946,1
10110,0,7.993098552105948e-05,0
10111,1,0.9930516481399536,1
10112,0,0.00017567571194376796,0
10113,1,0.9511603116989136,1
10114,0,0.09492287039756775,0
10115,1,0.9889447093009949,1
10116,0,0.15048153698444366,0
10117,0,0.2052217721939087,0
10118,1,0.9999707937240601,1
10119,0,0.01825842633843422,0
10120,1,0.9999608993530273,1
10121,0,0.03248916193842888,0
10122,1,0.999994158744812,1
10123,1,0.9907898902893066,1
10124,1,0.21813657879829407,0
10125,0,0.6028262972831726,1
10126,1,0.9992311000823975,1
10127,1,0.520722508430481,1
10128,1,0.5644712448120117,1
10129,1,0.8480619192123413,1
10130,1,0.9755873084068298,1
10131,0,0.4282829761505127,0
10132,0,0.0025122256483882666,0
10133,1,0.9998012185096741,1
10134,0,0.2084258794784546,0
10135,1,0.9954549074172974,1
10136,0,0.0009836232056841254,0
10137,0,0.13564632833003998,0
10138,1,0.9999958276748657,1
10139,0,0.020369267091155052,0
10140,0,0.0470639169216156,0
10141,1,0.9431813955307007,1
10142,0,0.010264042764902115,0
10143,0,0.0019284409936517477,0
10144,0,0.2650897204875946,0
10145,1,0.999679446220398,1
10146,0,0.03836147114634514,0
10147,0,0.004728528670966625,0
10148,1,0.9652547240257263,1
10149,0,0.005033944733440876,0
10150,1,0.9952484965324402,1
10151,1,0.8781642913818359,1
10152,0,0.8027833104133606,1
10153,0,0.24629177153110504,0
10154,0,0.05393955484032631,0
10155,0,0.3651145100593567,0
10156,1,0.3185335695743561,0
10157,0,0.10579808056354523,0
10158,1,0.9999994039535522,1
10159,1,0.9999951124191284,1
10160,1,0.9999161958694458,1
10161,0,0.0704139992594719,0
10162,1,0.9769589304924011,1
10163,1,0.971304714679718,1
10164,1,0.35827499628067017,0
10165,0,0.018606292083859444,0
10166,1,0.9999997615814209,1
10167,0,0.026165926828980446,0
10168,1,0.9793784022331238,1
10169,1,0.9733596444129944,1
10170,1,0.667663037776947,1
10171,1,0.9730202555656433,1
10172,0,9.63549391599372e-05,0
10173,1,0.9502864480018616,1
10174,1,0.9970255494117737,1
10175,0,1.525488755760307e-06,0
10176,1,0.9809666872024536,1
10177,0,0.02594820223748684,0
10178,0,0.001158162485808134,0
10179,0,0.20676061511039734,0
10180,1,0.00012850607163272798,0
10181,1,0.8072193264961243,1
10182,0,0.0444127582013607,0
10183,1,0.9477602243423462,1
10184,1,0.9977643489837646,1
10185,0,0.027168748900294304,0
10186,1,0.9624877572059631,1
10187,1,0.8644481897354126,1
10188,1,0.9999817609786987,1
10189,0,0.1482343226671219,0
10190,1,0.9994481205940247,1
10191,0,0.04244552552700043,0
10192,0,0.001107607502490282,0
10193,1,0.3062146306037903,0
10194,0,0.12050680816173553,0
10195,1,0.8654991984367371,1
10196,1,0.9999984502792358,1
10197,0,0.01881212182343006,0
10198,0,0.041246626526117325,0
10199,1,0.9996768236160278,1
10200,1,0.9993519186973572,1
10201,0,0.162366583943367,0
10202,0,0.0009885771432891488,0
10203,0,0.0016191779868677258,0
10204,1,0.07118399441242218,0
10205,1,0.9998127818107605,1
10206,0,0.013447307050228119,0
10207,1,0.9535086750984192,1
10208,0,0.01147622149437666,0
10209,0,0.06056472659111023,0
10210,1,1.0,1
10211,1,0.7750972509384155,1
10212,0,1.2440173122740816e-05,0
10213,1,0.9893684983253479,1
10214,0,0.027028538286685944,0
10215,1,0.9997304081916809,1
10216,1,0.7438493371009827,1
10217,0,0.15492692589759827,0
10218,0,0.012330302968621254,0
10219,0,6.0173017118358985e-05,0
10220,0,0.01625274121761322,0
10221,0,0.008449196815490723,0
10222,0,0.0033950484357774258,0
10223,0,0.0300885196775198,0
10224,0,0.12960106134414673,0
10225,0,0.000649464491289109,0
10226,1,0.9977062940597534,1
10227,1,0.9981398582458496,1
10228,0,0.0003053687105420977,0
10229,0,0.8015393614768982,1
10230,1,0.9816231727600098,1
10231,1,0.792829155921936,1
10232,0,0.08802450448274612,0
10233,0,0.06539126485586166,0
10234,1,0.6240546107292175,1
10235,0,0.34124448895454407,0
10236,1,0.5559624433517456,1
10237,0,0.05538051575422287,0
10238,1,0.33876147866249084,0
10239,1,0.9970300197601318,1
10240,1,0.8877468705177307,1
10241,1,0.9966975450515747,1
10242,0,0.008645378984510899,0
10243,0,0.25541257858276367,0
10244,1,0.9721367359161377,1
10245,0,0.0703921839594841,0
10246,1,0.9299654364585876,1
10247,0,0.27743959426879883,0
10248,0,0.08751147240400314,0
10249,1,0.9999483823776245,1
10250,1,0.6218227744102478,1
10251,0,0.428455114364624,0
10252,0,0.1030101329088211,0
10253,0,0.04024451971054077,0
10254,0,0.6061040163040161,1
10255,0,0.0038772837724536657,0
10256,0,0.03698325157165527,0
10257,1,0.9972719550132751,1
10258,0,0.1867547631263733,0
10259,1,0.9814465045928955,1
10260,0,0.03465704992413521,0
10261,0,0.0019978475756943226,0
10262,0,0.009111844934523106,0
10263,0,0.0013036943273618817,0
10264,1,0.9822003841400146,1
10265,0,0.14594393968582153,0
10266,1,0.9999992847442627,1
10267,1,0.9060861468315125,1
10268,0,0.035359665751457214,0
10269,0,0.3288641571998596,0
10270,1,0.958886981010437,1
10271,0,0.0013130239676684141,0
10272,1,0.8615038990974426,1
10273,1,0.9887415766716003,1
10274,0,0.00017681458848528564,0
10275,1,0.9467154741287231,1
10276,1,0.9752137064933777,1
10277,0,0.0035619977861642838,0
10278,0,0.001574279391206801,0
10279,0,0.07335741072893143,0
10280,0,0.017765140160918236,0
10281,1,0.28354912996292114,0
10282,0,0.08084265887737274,0
10283,0,0.38773468136787415,0
10284,1,0.9969870448112488,1
10285,0,0.00018411537166684866,0
10286,0,0.016408834606409073,0
10287,0,0.5878671407699585,1
10288,0,0.14335398375988007,0
10289,1,0.9998900890350342,1
10290,0,0.0033570616506040096,0
10291,1,0.295134574174881,0
10292,0,0.08263977617025375,0
10293,1,0.9531340599060059,1
10294,0,0.6552574038505554,1
10295,0,0.0026006659027189016,0
10296,1,0.9990742206573486,1
10297,0,0.04224013909697533,0
10298,1,0.9984097480773926,1
10299,1,0.9701918959617615,1
10300,0,0.016156496480107307,0
10301,1,0.9996165037155151,1
10302,1,0.9991137385368347,1
10303,0,0.15459845960140228,0
10304,0,0.05370013415813446,0
10305,0,0.0023043192923069,0
10306,0,0.01030005794018507,0
10307,1,0.9121295213699341,1
10308,1,0.6946182250976562,1
10309,1,0.9297609329223633,1
10310,1,0.9998075366020203,1
10311,0,0.015590891242027283,0
10312,0,0.0024345694109797478,0
10313,0,0.004624118097126484,0
10314,0,0.8558045029640198,1
10315,0,2.345020400085218e-09,0
10316,0,0.3581632673740387,0
10317,1,0.9997492432594299,1
10318,1,0.34309297800064087,0
10319,0,0.1097981184720993,0
10320,1,0.9816082119941711,1
10321,0,0.213245689868927,0
10322,0,7.333186658797786e-05,0
10323,0,0.06171358376741409,0
10324,1,0.974651575088501,1
10325,1,0.8427473902702332,1
10326,0,0.008390480652451515,0
10327,0,0.0074478997848927975,0
10328,1,0.9765337109565735,1
10329,1,0.21302752196788788,0
10330,1,0.9914745092391968,1
10331,1,0.9472792744636536,1
10332,0,0.00013943556405138224,0
10333,0,0.019734475761651993,0
10334,0,0.00223457720130682,0
10335,0,0.0011948177125304937,0
10336,0,0.1321750432252884,0
10337,1,0.55268394947052,1
10338,1,0.9999905824661255,1
10339,1,0.9982113838195801,1
10340,1,0.9999271631240845,1
10341,1,0.8258952498435974,1
10342,1,0.4674665033817291,0
10343,0,0.0017829649150371552,0
10344,1,0.9743556976318359,1
10345,0,0.0032295361161231995,0
10346,1,0.5616336464881897,1
10347,0,0.0010830644750967622,0
10348,0,0.016549289226531982,0
10349,1,0.999874472618103,1
10350,0,0.009232205338776112,0
10351,0,0.09538523852825165,0
10352,1,0.9978627562522888,1
10353,0,0.0005408072029240429,0
10354,1,0.9951260685920715,1
10355,0,0.15171006321907043,0
10356,0,1.3307898143466446e-06,0
10357,0,0.05105562508106232,0
10358,0,0.10423661023378372,0
10359,1,0.9891967177391052,1
10360,0,0.0030523587483912706,0
10361,1,0.9952194094657898,1
10362,1,0.947091281414032,1
10363,1,0.931799590587616,1
10364,1,0.9938148260116577,1
10365,1,0.8988752961158752,1
10366,1,0.994888961315155,1
10367,0,0.023941505700349808,0
10368,0,0.3991541564464569,0
10369,1,0.9995972514152527,1
10370,1,0.987891674041748,1
10371,1,0.78823322057724,1
10372,0,0.16755928099155426,0
10373,1,0.48491278290748596,0
10374,0,0.009863785468041897,0
10375,0,0.004825914278626442,0
10376,0,0.2108398973941803,0
10377,0,0.007162116933614016,0
10378,0,0.026950743049383163,0
10379,0,0.0760747566819191,0
10380,1,0.9717556834220886,1
10381,1,0.9972327351570129,1
10382,1,0.9455181956291199,1
10383,0,0.000683040008880198,0
10384,0,0.174773707985878,0
10385,1,0.5280096530914307,1
10386,1,0.9980515241622925,1
10387,0,0.40856844186782837,0
10388,0,0.09374657273292542,0
10389,1,0.9970365762710571,1
10390,0,0.00016254115325864404,0
10391,0,0.03946806490421295,0
10392,1,0.8650882244110107,1
10393,0,0.008318405598402023,0
10394,1,1.0,1
10395,0,0.0277408417314291,0
10396,1,0.9999983310699463,1
10397,0,0.02145424671471119,0
10398,1,0.8549764156341553,1
10399,1,0.8137099742889404,1
10400,1,0.9998220801353455,1
10401,0,0.012961914762854576,0
10402,1,0.01821099780499935,0
10403,1,0.9976486563682556,1
10404,0,2.393061748762193e-08,0
10405,0,0.24542930722236633,0
10406,0,0.05202849954366684,0
10407,1,0.9562042951583862,1
10408,1,0.8710020184516907,1
10409,0,0.07152823358774185,0
10410,0,0.027180267497897148,0
10411,0,0.9377756714820862,1
10412,1,0.9999881982803345,1
10413,1,0.8441070318222046,1
10414,0,0.01651802659034729,0
10415,0,0.3464449644088745,0
10416,1,0.24445675313472748,0
10417,1,0.9842395782470703,1
10418,1,0.9996261596679688,1
10419,1,0.9263521432876587,1
10420,1,0.9323999285697937,1
10421,0,0.003399344626814127,0
10422,1,0.8508477210998535,1
10423,1,0.9999972581863403,1
10424,1,0.9358150959014893,1
10425,1,0.9611416459083557,1
10426,1,0.8066589832305908,1
10427,0,0.001070478348992765,0
10428,0,0.0005498275859281421,0
10429,0,0.029338521882891655,0
10430,1,0.40915539860725403,0
10431,0,0.057906705886125565,0
10432,1,0.963502824306488,1
10433,0,0.002879040315747261,0
10434,1,0.6185630559921265,1
10435,0,0.017884960398077965,0
10436,0,0.0049964445643126965,0
10437,1,0.9999265670776367,1
10438,1,0.99196457862854,1
10439,1,0.6603099703788757,1
10440,1,0.28472205996513367,0
10441,0,0.7757388353347778,1
10442,1,0.9111776947975159,1
10443,0,0.05501013249158859,0
10444,0,0.7713595032691956,1
10445,1,0.9995369911193848,1
10446,1,0.999903678894043,1
10447,1,0.93238765001297,1
10448,1,0.9999172687530518,1
10449,0,0.043760307133197784,0
10450,0,0.017958318814635277,0
10451,1,0.9963365793228149,1
10452,0,0.0062879654578864574,0
10453,0,0.22906991839408875,0
10454,0,0.00018097131396643817,0
10455,1,0.8973020911216736,1
10456,0,7.103173265932128e-05,0
10457,1,0.9999521970748901,1
10458,1,0.8238986134529114,1
10459,0,0.3099987506866455,0
10460,1,0.9442378282546997,1
10461,1,0.9889230728149414,1
10462,1,0.7630860209465027,1
10463,0,0.011146830394864082,0
10464,1,0.9998452663421631,1
10465,0,0.050241123884916306,0
10466,1,0.9268248081207275,1
10467,0,0.02414334937930107,0
10468,1,0.9433969259262085,1
10469,0,0.15469680726528168,0
10470,0,0.00022484344663098454,0
10471,1,0.9598309993743896,1
10472,1,0.9999954700469971,1
10473,0,0.052543092519044876,0
10474,1,0.9839791059494019,1
10475,0,0.7196362018585205,1
10476,1,0.6869591474533081,1
10477,1,0.9999867677688599,1
10478,1,0.9999768733978271,1
10479,0,0.8158563375473022,1
10480,1,0.618058979511261,1
10481,1,0.9773929715156555,1
10482,0,0.7809534072875977,1
10483,0,0.06441130489110947,0
10484,0,0.11167649179697037,0
10485,0,0.004874201025813818,0
10486,0,0.011717274785041809,0
10487,0,0.0002833520120475441,0
10488,1,0.9983506202697754,1
10489,1,0.9257678985595703,1
10490,0,0.00127097824588418,0
10491,1,0.9983776807785034,1
10492,0,0.18914641439914703,0
10493,0,0.0070121376775205135,0
10494,0,0.012010524980723858,0
10495,1,0.9950218200683594,1
10496,1,0.6670969724655151,1
10497,1,0.6346846222877502,1
10498,0,0.0168272964656353,0
10499,1,0.7617231607437134,1
10500,0,0.04753366485238075,0
10501,0,0.01202795933932066,0
10502,0,0.01669391430914402,0
10503,1,1.0,1
10504,1,0.6885067820549011,1
10505,1,0.9999698400497437,1
10506,0,0.06989886611700058,0
10507,0,0.07062771916389465,0
10508,1,0.9984413981437683,1
10509,1,0.9998348951339722,1
10510,0,8.039280146476813e-06,0
10511,0,0.042187970131635666,0
10512,0,0.0682448148727417,0
10513,0,0.002089765155687928,0
10514,0,0.010718241333961487,0
10515,1,0.9986513257026672,1
10516,1,0.8296149969100952,1
10517,0,0.27645108103752136,0
10518,0,0.4100935459136963,0
10519,1,0.9931036829948425,1
10520,0,0.16407997906208038,0
10521,0,0.035126831382513046,0
10522,0,0.03902166709303856,0
10523,0,0.01075088232755661,0
10524,0,0.004442600999027491,0
10525,0,0.0018216921016573906,0
10526,1,0.9631744623184204,1
10527,0,0.0006263013347052038,0
10528,0,0.022200239822268486,0
10529,0,0.01867474801838398,0
10530,1,0.999752938747406,1
10531,1,0.9037148952484131,1
10532,0,0.055312469601631165,0
10533,1,0.9989945292472839,1
10534,0,0.005322481971234083,0
10535,0,0.02322574146091938,0
10536,0,0.008288159966468811,0
10537,1,0.738164484500885,1
10538,0,0.5750707983970642,1
10539,0,0.050443775951862335,0
10540,1,0.9618139863014221,1
10541,1,0.6397184133529663,1
10542,0,0.028847364708781242,0
10543,0,0.0563785620033741,0
10544,0,0.0014588965568691492,0
10545,0,0.016813214868307114,0
10546,1,0.9999415874481201,1
10547,0,0.009896728210151196,0
10548,1,0.4140147268772125,0
10549,1,0.9999502897262573,1
10550,0,0.0051865773275494576,0
10551,0,0.0019143014214932919,0
10552,1,0.6863929033279419,1
10553,0,0.05471240356564522,0
10554,1,0.9573802351951599,1
10555,0,9.150667068524854e-08,0
10556,1,0.9742100238800049,1
10557,1,0.9998056292533875,1
10558,0,0.6717796921730042,1
10559,0,7.323130557779223e-05,0
10560,1,0.995629072189331,1
10561,1,0.9985478520393372,1
10562,1,0.9995325803756714,1
10563,0,0.00024933519307523966,0
10564,0,0.005529731512069702,0
10565,0,0.1312047690153122,0
10566,1,0.9999674558639526,1
10567,1,0.9998358488082886,1
10568,1,0.9998181462287903,1
10569,1,0.9830036163330078,1
10570,0,0.015323511324822903,0
10571,1,0.9999994039535522,1
10572,0,0.020667562261223793,0
10573,1,0.7946733236312866,1
10574,1,1.0,1
10575,0,0.019911546260118484,0
10576,0,0.0018207584507763386,0
10577,0,0.01563749648630619,0
10578,0,0.48851916193962097,0
10579,1,0.9480500817298889,1
10580,1,1.0,1
10581,1,0.9997459053993225,1
10582,1,0.9960832595825195,1
10583,0,0.12633562088012695,0
10584,1,0.9999938011169434,1
10585,0,0.03565215319395065,0
10586,0,2.1302714230841957e-05,0
10587,1,0.9996153116226196,1
10588,1,0.89568692445755,1
10589,0,0.06342652440071106,0
10590,1,0.42965182662010193,0
10591,1,0.9842188954353333,1
10592,1,0.9950820207595825,1
10593,1,0.999243974685669,1
10594,1,0.9999890327453613,1
10595,1,0.9440234303474426,1
10596,0,0.009250489994883537,0
10597,0,0.0032201556023210287,0
10598,0,0.009694375097751617,0
10599,0,0.18360920250415802,0
10600,0,0.02068597637116909,0
10601,0,0.07859286665916443,0
10602,1,0.9535309076309204,1
10603,0,7.785818888805807e-05,0
10604,1,0.8331077694892883,1
10605,0,0.0017841077642515302,0
10606,0,0.825857937335968,1
10607,1,0.9999679327011108,1
10608,1,0.9988715052604675,1
10609,0,0.0247043464332819,0
10610,1,0.9721468091011047,1
10611,0,0.1242375373840332,0
10612,0,0.002131144981831312,0
10613,1,0.9998102784156799,1
10614,0,0.05546313896775246,0
10615,0,0.005633731838315725,0
10616,1,0.9999738931655884,1
10617,0,0.002802595030516386,0
10618,0,0.005081729032099247,0
10619,0,0.5409470796585083,1
10620,1,0.9999991655349731,1
10621,1,0.9172183275222778,1
10622,0,0.009459110908210278,0
10623,1,0.570294201374054,1
10624,0,0.012731228023767471,0
10625,0,0.0005557258846238256,0
10626,1,0.9995879530906677,1
10627,0,0.07895344495773315,0
10628,0,0.06256385892629623,0
10629,0,0.003136119106784463,0
10630,1,0.9300515055656433,1
10631,1,0.7039759159088135,1
10632,0,0.6034532785415649,1
10633,1,0.9996792078018188,1
10634,0,0.014318079687654972,0
10635,0,0.009536005556583405,0
10636,1,0.9897394776344299,1
10637,0,0.011243733577430248,0
10638,0,0.06006714329123497,0
10639,0,0.06812538951635361,0
10640,1,0.527766227722168,1
10641,1,0.2970459461212158,0
10642,1,0.9369968771934509,1
10643,0,4.939908649248537e-06,0
10644,1,0.9926549196243286,1
10645,0,0.005867573898285627,0
10646,0,0.0025691043119877577,0
10647,1,0.9714691638946533,1
10648,0,0.031292788684368134,0
10649,1,0.9960334897041321,1
10650,1,0.9858714938163757,1
10651,1,0.9818499684333801,1
10652,1,0.9998276233673096,1
10653,0,0.010348867624998093,0
10654,0,0.25019571185112,0
10655,1,0.9711275100708008,1
10656,0,0.04987768456339836,0
10657,1,0.6454508900642395,1
10658,0,0.05092433840036392,0
10659,0,0.0003047939680982381,0
10660,1,0.99992835521698,1
10661,0,0.17769233882427216,0
10662,0,0.0017795753665268421,0
10663,1,0.7544169425964355,1
10664,1,0.9680991172790527,1
10665,1,0.6764397621154785,1
10666,1,0.9989412426948547,1
10667,1,0.9999988079071045,1
10668,0,0.8860591053962708,1
10669,1,0.9993896484375,1
10670,0,0.03407103940844536,0
10671,1,0.9748125672340393,1
10672,0,0.031176961958408356,0
10673,1,0.7223753333091736,1
10674,0,0.0018292692257091403,0
10675,0,0.030968893319368362,0
10676,1,0.9310177564620972,1
10677,1,0.9044240117073059,1
10678,0,0.026934202760457993,0
10679,1,0.9991359114646912,1
10680,0,0.04913683980703354,0
10681,0,4.3093353885304e-10,0
10682,1,0.6793133020401001,1
10683,0,0.001458645099774003,0
10684,1,0.6410026550292969,1
10685,1,0.9999997615814209,1
10686,0,0.2365807741880417,0
10687,1,0.999159574508667,1
10688,0,0.008985398337244987,0
10689,0,0.15072426199913025,0
10690,1,0.9941416382789612,1
10691,0,0.3825559616088867,0
10692,1,0.9983007311820984,1
10693,0,0.7542710304260254,1
10694,1,0.9937927722930908,1
10695,1,0.9999926090240479,1
10696,0,0.006874161306768656,0
10697,1,0.6110066771507263,1
10698,1,0.7850937843322754,1
10699,0,0.013580583967268467,0
10700,1,0.9617122411727905,1
10701,0,0.00878946390002966,0
10702,1,0.9935638308525085,1
10703,1,0.9964244961738586,1
10704,1,0.9976063966751099,1
10705,1,1.0,1
10706,0,0.38788336515426636,0
10707,0,0.03883283585309982,0
10708,1,0.99297696352005,1
10709,0,0.03461483120918274,0
10710,0,0.31248870491981506,0
10711,1,0.9978721141815186,1
10712,0,0.8077497482299805,1
10713,1,0.9942572116851807,1
10714,0,0.04792888090014458,0
10715,0,0.0011216978309676051,0
10716,0,0.0013337192358449101,0
10717,0,0.024490389972925186,0
10718,0,0.7955173254013062,1
10719,1,0.9888224601745605,1
10720,0,0.005506714340299368,0
10721,0,0.7795330882072449,1
10722,0,0.0006398567347787321,0
10723,1,0.5565604567527771,1
10724,0,0.0005207673530094326,0
10725,1,0.9985026121139526,1
10726,0,0.03814301639795303,0
10727,1,0.999477207660675,1
10728,1,0.9101063013076782,1
10729,1,0.999445378780365,1
10730,1,0.818962574005127,1
10731,1,0.2565155029296875,0
10732,1,0.999996542930603,1
10733,0,1.784147934813518e-05,0
10734,1,0.9117164015769958,1
10735,1,0.9998596906661987,1
10736,0,0.06788276880979538,0
10737,0,0.020680375397205353,0
10738,0,0.037528060376644135,0
10739,1,0.9605452418327332,1
10740,0,0.004341779742389917,0
10741,0,0.20816586911678314,0
10742,1,0.9303449988365173,1
10743,1,0.9149477481842041,1
10744,0,0.00010354725964134559,0
10745,0,0.011082857847213745,0
10746,1,0.9971139430999756,1
10747,1,0.9921735525131226,1
10748,1,0.9994319081306458,1
10749,0,0.06100640445947647,0
10750,0,2.3329497707891278e-05,0
10751,0,0.03972241282463074,0
10752,1,0.7673236727714539,1
10753,0,0.0031622641254216433,0
10754,1,0.7599502801895142,1
10755,1,0.9999966621398926,1
10756,1,0.4091969430446625,0
10757,1,0.9859049916267395,1
10758,0,0.20953553915023804,0
10759,1,0.6924468278884888,1
10760,1,0.9999054670333862,1
10761,0,0.0157362911850214,0
10762,1,0.9535015225410461,1
10763,1,0.2681165337562561,0
10764,0,0.08194690197706223,0
10765,0,0.08217933773994446,0
10766,1,0.835339367389679,1
10767,0,0.0019254200160503387,0
10768,1,0.9774900078773499,1
10769,1,0.9309386610984802,1
10770,1,0.6322973370552063,1
10771,0,0.15656836330890656,0
10772,0,0.0037981667555868626,0
10773,1,0.9830170273780823,1
10774,0,0.0001640342961763963,0
10775,1,0.7079259753227234,1
10776,1,0.9946046471595764,1
10777,0,0.557356595993042,1
10778,0,0.24771884083747864,0
10779,1,0.08458517491817474,0
10780,1,0.9937884211540222,1
10781,1,0.8400493860244751,1
10782,0,0.005941953044384718,0
10783,0,0.6826517581939697,1
10784,1,0.9999394416809082,1
10785,0,0.01086240541189909,0
10786,0,0.7064650058746338,1
10787,0,0.016917433589696884,0
10788,0,0.1193239837884903,0
10789,0,0.000470676546683535,0
10790,0,0.3289231061935425,0
10791,0,0.10798922181129456,0
10792,0,0.0055311634205281734,0
10793,0,0.006671616807579994,0
10794,1,0.9994958639144897,1
10795,1,0.9997897744178772,1
10796,0,0.19564558565616608,0
10797,0,0.07783472537994385,0
10798,1,0.9999523162841797,1
10799,1,0.9999673366546631,1
10800,0,0.27170416712760925,0
10801,1,0.019902536645531654,0
10802,0,0.2229078710079193,0
10803,1,0.8281612992286682,1
10804,0,0.0005083234282210469,0
10805,0,0.18194900453090668,0
10806,0,0.1464991569519043,0
10807,1,0.407706081867218,0
10808,0,0.0009892625967040658,0
10809,0,0.5751739144325256,1
10810,1,0.9963259100914001,1
10811,1,0.8080068230628967,1
10812,0,0.6528822779655457,1
10813,0,0.08304153382778168,0
10814,1,0.9999954700469971,1
10815,1,0.9309090971946716,1
10816,1,0.9128020405769348,1
10817,0,0.0007792821852490306,0
10818,0,0.0023439752403646708,0
10819,0,0.8522931933403015,1
10820,1,0.9882009029388428,1
10821,0,0.0029292013496160507,0
10822,0,0.13725081086158752,0
10823,0,0.004478415474295616,0
10824,1,0.9998292922973633,1
10825,1,0.9889545440673828,1
10826,1,0.7716379165649414,1
10827,1,0.9999371767044067,1
10828,1,0.963644802570343,1
10829,1,0.9786943197250366,1
10830,1,0.9999990463256836,1
10831,0,0.010408216156065464,0
10832,1,0.9999947547912598,1
10833,1,0.966160237789154,1
10834,0,0.09528010338544846,0
10835,1,0.4058494567871094,0
10836,1,0.9965075850486755,1
10837,0,0.0274194348603487,0
10838,0,0.09165190905332565,0
10839,0,0.09171807020902634,0
10840,0,0.006890313234180212,0
10841,1,0.9988284707069397,1
10842,1,0.9708676338195801,1
10843,1,0.07941051572561264,0
10844,0,0.00020857162598986179,0
10845,0,0.051427822560071945,0
10846,0,0.014335690066218376,0
10847,0,0.15474852919578552,0
10848,0,0.4962277412414551,0
10849,1,0.99227374792099,1
10850,0,1.273967427550815e-05,0
10851,1,0.9963163137435913,1
10852,0,0.005401250906288624,0
10853,1,0.9904795289039612,1
10854,0,0.03947961702942848,0
10855,0,0.000736513058654964,0
10856,1,0.26580965518951416,0
10857,1,0.999992847442627,1
10858,1,0.9449977278709412,1
10859,1,0.18177220225334167,0
10860,1,0.9985802173614502,1
10861,0,0.010736964643001556,0
10862,1,0.9999394416809082,1
10863,1,0.45489034056663513,0
10864,0,0.08783423900604248,0
10865,0,0.07938925176858902,0
10866,0,0.0007284317980520427,0
10867,0,0.042670153081417084,0
10868,0,0.25350281596183777,0
10869,1,0.9995328187942505,1
10870,1,0.8460785150527954,1
10871,0,0.012290125712752342,0
10872,1,0.9999966621398926,1
10873,0,0.0037183647509664297,0
10874,0,0.4442847669124603,0
10875,1,0.9665578007698059,1
10876,0,8.59232295624679e-06,0
10877,1,0.9999979734420776,1
10878,0,2.3512013740401017e-06,0
10879,0,2.7488988052937202e-05,0
10880,0,0.0005759682389907539,0
10881,0,0.012892723083496094,0
10882,0,0.04673248156905174,0
10883,0,0.014276040717959404,0
10884,0,1.448211828236623e-10,0
10885,1,0.8686922192573547,1
10886,0,0.0019786939956247807,0
10887,0,0.01784064806997776,0
10888,0,0.003209061222150922,0
10889,0,0.001565291779115796,0
10890,0,0.22897551953792572,0
10891,1,0.842058539390564,1
10892,1,0.9082791209220886,1
10893,0,0.023514479398727417,0
10894,1,0.9978208541870117,1
10895,0,0.005745169706642628,0
10896,1,0.2563469707965851,0
10897,0,1.5461857401533052e-05,0
10898,1,0.9723171591758728,1
10899,1,0.8878849148750305,1
10900,1,0.9998952150344849,1
10901,0,0.1859915554523468,0
10902,1,0.714146614074707,1
10903,0,0.355682909488678,0
10904,0,0.7077216506004333,1
10905,0,0.05726034939289093,0
10906,1,0.9971206784248352,1
10907,1,0.9999959468841553,1
10908,1,0.9999996423721313,1
10909,0,0.11516298353672028,0
10910,1,0.9969967603683472,1
10911,0,0.0003123137285001576,0
10912,1,0.6349760890007019,1
10913,1,0.6274341940879822,1
10914,0,0.8421429395675659,1
10915,1,0.5807598829269409,1
10916,0,0.38837817311286926,0
10917,1,0.999454915523529,1
10918,0,0.6169560551643372,1
10919,1,0.7010987997055054,1
10920,1,0.9356911778450012,1
10921,1,0.9995781779289246,1
10922,1,0.9990922212600708,1
10923,0,0.00043551845010370016,0
10924,0,0.006236420013010502,0
10925,1,0.9979091286659241,1
10926,0,0.014987953007221222,0
10927,1,0.9998495578765869,1
10928,1,0.8723675608634949,1
10929,1,0.9382297396659851,1
10930,1,0.9999951124191284,1
10931,0,0.0004964401596225798,0
10932,0,0.09609341621398926,0
10933,0,0.15681485831737518,0
10934,1,0.957098126411438,1
10935,1,0.9988002777099609,1
10936,0,0.0002089723275275901,0
10937,1,0.9862908720970154,1
10938,1,0.9998235106468201,1
10939,1,0.9999772310256958,1
10940,0,0.8554989099502563,1
10941,1,0.999828577041626,1
10942,0,0.2058379352092743,0
10943,0,0.0186588317155838,0
10944,1,0.9992679953575134,1
10945,0,0.0518537200987339,0
10946,1,0.9964526891708374,1
10947,0,0.011581897735595703,0
10948,0,0.08217012137174606,0
10949,0,0.01105647161602974,0
10950,0,0.48653891682624817,0
10951,0,0.005315267015248537,0
10952,1,0.9976620674133301,1
10953,0,0.027739427983760834,0
10954,0,0.002933817682787776,0
10955,0,0.046744514256715775,0
10956,1,0.9999600648880005,1
10957,1,0.9972164630889893,1
10958,0,0.023735543712973595,0
10959,1,0.9396650791168213,1
10960,0,0.29897311329841614,0
10961,0,0.013687030412256718,0
10962,1,0.9993459582328796,1
10963,1,0.9840676784515381,1
10964,1,0.9975312352180481,1
10965,0,0.5153157114982605,1
10966,0,0.007450741715729237,0
10967,1,0.9988403916358948,1
10968,0,0.3072849214076996,0
10969,1,0.9915762543678284,1
10970,1,0.9995623230934143,1
10971,0,0.1609628051519394,0
10972,0,0.003645706456154585,0
10973,1,0.999957799911499,1
10974,1,0.8770765066146851,1
10975,1,0.936927318572998,1
10976,1,0.8528332710266113,1
10977,1,0.9931246638298035,1
10978,1,0.9995120763778687,1
10979,0,0.08888940513134003,0
10980,0,0.0032638623379170895,0
10981,0,0.058981556445360184,0
10982,1,0.8967971205711365,1
10983,1,0.8817548155784607,1
10984,1,0.9703294634819031,1
10985,0,0.002874719677492976,0
10986,1,0.976445734500885,1
10987,1,0.6020858287811279,1
10988,0,6.053531251382083e-05,0
10989,0,0.44578444957733154,0
10990,1,0.6903737783432007,1
10991,1,0.9781258702278137,1
10992,1,0.5777396559715271,1
10993,1,0.6729092597961426,1
10994,0,0.03138303756713867,0
10995,0,0.05207035318017006,0
10996,0,0.18131746351718903,0
10997,1,0.803411066532135,1
10998,0,0.18288397789001465,0
10999,1,0.9999805688858032,1
11000,0,0.00290039018727839,0
11001,0,2.446920916554518e-05,0
11002,1,0.9949052333831787,1
11003,1,0.7577663064002991,1
11004,0,0.00013012136332690716,0
11005,0,0.0003859892603941262,0
11006,1,0.9837239980697632,1
11007,1,1.0,1
11008,0,0.01544376090168953,0
11009,0,0.11044680327177048,0
11010,0,0.0021754007320851088,0
11011,0,0.015670929104089737,0
11012,0,0.36152583360671997,0
11013,1,0.11746061593294144,0
11014,1,0.9946407079696655,1
11015,0,0.6237050890922546,1
11016,0,6.057256177882664e-05,0
11017,1,0.9861944913864136,1
11018,0,0.08037746697664261,0
11019,0,0.02302701212465763,0
11020,1,0.8879902958869934,1
11021,1,0.9599106311798096,1
11022,1,0.9999983310699463,1
11023,1,1.0,1
11024,1,0.9999940395355225,1
11025,1,0.9999934434890747,1
11026,0,0.010801841504871845,0
11027,1,0.9999970197677612,1
11028,1,0.710369884967804,1
11029,0,0.04390742629766464,0
11030,0,0.010362237691879272,0
11031,1,0.9056318402290344,1
11032,0,0.01243819110095501,0
11033,1,0.9702985286712646,1
11034,0,0.14679594337940216,0
11035,1,0.9996998310089111,1
11036,1,0.9873929619789124,1
11037,0,0.002526773838326335,0
11038,1,0.9992426633834839,1
11039,1,0.9941403269767761,1
11040,1,0.9654750227928162,1
11041,0,0.022469032555818558,0
11042,1,0.9999825954437256,1
11043,1,0.9999998807907104,1
11044,1,0.6527546048164368,1
11045,1,0.9880062937736511,1
11046,1,0.9582238793373108,1
11047,1,0.9993638396263123,1
11048,1,0.4843854308128357,0
11049,1,0.5358078479766846,1
11050,0,0.01946697197854519,0
11051,0,0.03671040013432503,0
11052,0,0.08746536821126938,0
11053,0,0.00013500332715921104,0
11054,0,9.334822243545204e-05,0
11055,1,0.9990705847740173,1
11056,1,0.9999920129776001,1
11057,1,0.580754280090332,1
11058,0,0.0849466547369957,0
11059,1,0.9993584752082825,1
11060,1,0.983234167098999,1
11061,1,0.42310038208961487,0
11062,1,0.999969482421875,1
11063,1,0.9900678396224976,1
11064,1,0.5209607481956482,1
11065,1,0.9998786449432373,1
11066,0,1.2072092431480996e-05,0
11067,0,0.010844708420336246,0
11068,1,0.9996477365493774,1
11069,0,0.6110117435455322,1
11070,0,0.02291800081729889,0
11071,0,0.31907138228416443,0
11072,1,0.9776265621185303,1
11073,0,0.07765792310237885,0
11074,1,0.9865019917488098,1
11075,0,0.058965928852558136,0
11076,1,0.9803314805030823,1
11077,1,0.7675979137420654,1
11078,1,0.9998539686203003,1
11079,1,0.9578027725219727,1
11080,1,0.9999994039535522,1
11081,0,0.05109420418739319,0
11082,0,0.21504434943199158,0
11083,1,0.4633414149284363,0
11084,0,0.08567929267883301,0
11085,1,0.9983881711959839,1
11086,0,0.2331521213054657,0
11087,0,0.006244576070457697,0
11088,1,0.7921180725097656,1
11089,0,0.022148659452795982,0
11090,1,1.0,1
11091,1,0.9999356269836426,1
11092,1,0.9998350143432617,1
11093,1,0.7802847027778625,1
11094,0,0.13126586377620697,0
11095,1,0.949192225933075,1
11096,1,1.0,1
11097,1,0.9445112943649292,1
11098,1,0.974865198135376,1
11099,0,0.20917454361915588,0
11100,1,0.9999232292175293,1
11101,0,0.0014752137940376997,0
11102,0,0.006010087206959724,0
11103,1,0.5544123649597168,1
11104,0,0.0011249990202486515,0
11105,0,0.01842355541884899,0
11106,1,0.9941884279251099,1
11107,0,0.016373608261346817,0
11108,0,0.48320117592811584,0
11109,0,0.05855978652834892,0
11110,1,0.361752986907959,0
11111,0,0.041797935962677,0
11112,0,0.03237377479672432,0
11113,0,7.238447142299265e-05,0
11114,1,0.9949860572814941,1
11115,1,0.9997603297233582,1
11116,1,0.9999696016311646,1
11117,0,0.08117825537919998,0
11118,0,0.11536993831396103,0
11119,1,0.5821219682693481,1
11120,0,0.6840482950210571,1
11121,0,0.022901803255081177,0
11122,1,0.9999772310256958,1
11123,0,0.03694549947977066,0
11124,1,0.9993407130241394,1
11125,0,0.03987734392285347,0
11126,0,0.06116996333003044,0
11127,0,0.01676628366112709,0
11128,0,0.22362078726291656,0
11129,0,0.9797987937927246,1
11130,0,0.005378957372158766,0
11131,1,0.9707367420196533,1
11132,1,0.9919706583023071,1
11133,0,0.10470080375671387,0
11134,0,0.10404715687036514,0
11135,1,0.988146185874939,1
11136,1,1.0,1
11137,0,0.024230604991316795,0
11138,0,0.0012479573488235474,0
11139,1,0.9999909400939941,1
11140,1,0.9994480013847351,1
11141,0,0.00015088359941728413,0
11142,1,0.8257933855056763,1
11143,1,0.9874933362007141,1
11144,1,0.9999983310699463,1
11145,0,0.0125875324010849,0
11146,0,0.1725306659936905,0
11147,1,0.9691259860992432,1
11148,0,0.16044683754444122,0
11149,1,0.9078691005706787,1
11150,0,0.009980224072933197,0
11151,0,0.017375029623508453,0
11152,0,0.056475307792425156,0
11153,1,0.785581648349762,1
11154,1,0.7142929434776306,1
11155,0,0.012708041816949844,0
11156,1,0.8637651205062866,1
11157,1,0.9983787536621094,1
11158,0,0.0028920001350343227,0
11159,1,0.9252116084098816,1
11160,1,0.9833720326423645,1
11161,0,0.27496519684791565,0
11162,1,0.9774327278137207,1
11163,1,0.984983503818512,1
11164,0,0.009580673649907112,0
11165,0,0.4057297706604004,0
11166,0,0.9180230498313904,1
11167,1,0.725472092628479,1
11168,0,0.0021743287798017263,0
11169,0,0.0006228297716006637,0
11170,1,0.9999991655349731,1
11171,0,0.192462757229805,0
11172,1,0.8800193667411804,1
11173,0,0.0004833938437514007,0
11174,0,0.001179893035441637,0
11175,1,0.9939424395561218,1
11176,0,0.025556549429893494,0
11177,1,0.9998985528945923,1
11178,0,0.000863756809849292,0
11179,1,0.9993066787719727,1
11180,1,0.9465043544769287,1
11181,1,0.9988023042678833,1
11182,0,0.009903612546622753,0
11183,1,0.9878749251365662,1
11184,1,0.978366494178772,1
11185,1,0.9999982118606567,1
11186,1,0.7901762127876282,1
11187,1,0.9965571165084839,1
11188,0,0.089749775826931,0
11189,0,0.7528346180915833,1
11190,1,0.9992086291313171,1
11191,1,0.9926446676254272,1
11192,1,0.9810428619384766,1
11193,0,0.27567529678344727,0
11194,0,0.06855884939432144,0
11195,1,0.8749524354934692,1
11196,1,0.9979528188705444,1
11197,0,0.18024557828903198,0
11198,0,0.0634898841381073,0
11199,1,0.9549530148506165,1
11200,0,0.014721833169460297,0
11201,1,0.9991819262504578,1
11202,1,0.9924692511558533,1
11203,0,0.13050003349781036,0
11204,1,0.9998849630355835,1
11205,1,0.9974765181541443,1
11206,1,0.9899863600730896,1
11207,1,0.9967629909515381,1
11208,0,0.004370618145912886,0
11209,1,0.9992696642875671,1
11210,1,0.887144923210144,1
11211,0,0.0012947150971740484,0
11212,0,0.00024310973822139204,0
11213,0,0.0004656524979509413,0
11214,0,0.0060609509237110615,0
11215,0,0.16713950037956238,0
11216,0,9.756319059306406e-07,0
11217,0,0.08602523058652878,0
11218,0,0.005591112654656172,0
11219,0,0.15351559221744537,0
11220,0,0.007547679822891951,0
11221,0,0.014000794850289822,0
11222,1,0.46368566155433655,0
11223,1,0.996147871017456,1
11224,0,0.3734433054924011,0
11225,0,0.0003595406888052821,0
11226,0,0.0167594775557518,0
11227,0,4.1723993490450084e-05,0
11228,0,0.03416729345917702,0
11229,1,0.9999992847442627,1
11230,0,0.7199645638465881,1
11231,0,0.0022832355462014675,0
11232,1,0.9614917635917664,1
11233,0,0.015923239290714264,0
11234,0,0.026524631306529045,0
11235,0,0.1739593893289566,0
11236,1,0.9998449087142944,1
11237,0,0.0070903426967561245,0
11238,1,0.9624090790748596,1
11239,1,0.9018839001655579,1
11240,0,0.0008562717703171074,0
11241,0,0.07205002754926682,0
11242,0,0.010492892935872078,0
11243,1,0.8817619681358337,1
11244,0,0.4575064778327942,0
11245,0,0.0007978463545441628,0
11246,1,0.99997878074646,1
11247,1,0.9678855538368225,1
11248,0,0.0030910070054233074,0
11249,1,0.9992708563804626,1
11250,1,0.999783456325531,1
11251,1,0.5515033602714539,1
11252,1,0.9787371158599854,1
11253,0,0.0012851597275584936,0
11254,1,0.9591645002365112,1
11255,1,0.9999983310699463,1
11256,1,0.5608073472976685,1
11257,0,0.04758405685424805,0
11258,0,0.0133264334872365,0
11259,0,0.04807651415467262,0
11260,0,0.017383262515068054,0
11261,0,0.21796797215938568,0
11262,1,0.999588668346405,1
11263,0,0.15608277916908264,0
11264,0,0.05072434991598129,0
11265,0,0.554965078830719,1
11266,1,0.9994753003120422,1
11267,0,0.3922559320926666,0
11268,1,0.7973486185073853,1
11269,0,0.04554891958832741,0
11270,1,0.9959887862205505,1
11271,1,0.3080536127090454,0
11272,0,3.1967588256520685e-06,0
11273,0,0.0013341334415599704,0
11274,1,1.0,1
11275,1,1.0,1
11276,1,0.9999978542327881,1
11277,1,0.9705342650413513,1
11278,1,0.9967838525772095,1
11279,1,0.9814249277114868,1
11280,0,0.0020730076357722282,0
11281,1,0.999421238899231,1
11282,0,2.717552888498176e-05,0
11283,1,0.9201759099960327,1
11284,0,0.010389025323092937,0
11285,1,0.9885262250900269,1
11286,1,0.29336926341056824,0
11287,0,0.10950597375631332,0
11288,1,0.9967660903930664,1
11289,0,0.013546776957809925,0
11290,1,0.9257395267486572,1
11291,0,0.036338191479444504,0
11292,1,0.2368965744972229,0
11293,0,0.3058391213417053,0
11294,1,0.9825400710105896,1
11295,0,0.1266448050737381,0
11296,0,0.05909721180796623,0
11297,1,0.9999909400939941,1
11298,0,0.004802356474101543,0
11299,1,0.9967840909957886,1
11300,1,0.12554700672626495,0
11301,1,0.97089022397995,1
11302,0,1.1236996222407925e-08,0
11303,0,0.04144945368170738,0
11304,1,0.919346272945404,1
11305,0,0.005900089628994465,0
11306,1,0.7422860860824585,1
11307,0,0.0009016258409246802,0
11308,1,0.9928601384162903,1
11309,0,0.08112902194261551,0
11310,1,0.9984893798828125,1
11311,0,0.017382390797138214,0
11312,0,0.7813073396682739,1
11313,1,0.9204170107841492,1
11314,1,0.941457211971283,1
11315,0,0.0011178395943716168,0
11316,0,0.08420644700527191,0
11317,0,0.9302771687507629,1
11318,0,0.0025741946883499622,0
11319,0,4.4360316678648815e-05,0
11320,1,0.8998907804489136,1
11321,1,0.9905862212181091,1
11322,0,0.002016588347032666,0
11323,0,0.004431197885423899,0
11324,1,0.9903445839881897,1
11325,1,0.9979802966117859,1
11326,1,0.9916298985481262,1
11327,1,0.9880195260047913,1
11328,0,0.10592852532863617,0
11329,0,0.03359757736325264,0
11330,1,0.9471113681793213,1
11331,0,0.007487147580832243,0
11332,1,0.6572067141532898,1
11333,0,0.05387214943766594,0
11334,1,0.9999953508377075,1
11335,0,0.32701852917671204,0
11336,0,0.014606991782784462,0
11337,1,0.9878233671188354,1
11338,0,0.0793827697634697,0
11339,1,0.041693832725286484,0
11340,0,0.11628850549459457,0
11341,0,0.9499155282974243,1
11342,0,0.4721711575984955,0
11343,0,0.4887094497680664,0
11344,0,0.6451427340507507,1
11345,0,0.0008551596547476947,0
11346,0,0.09689049422740936,0
11347,0,0.007153354585170746,0
11348,1,0.9952710270881653,1
11349,0,0.00018429012561682612,0
11350,1,0.9993506073951721,1
11351,0,0.026255842298269272,0
11352,0,0.0052168406546115875,0
11353,1,0.9989282488822937,1
11354,0,0.04411356896162033,0
11355,1,0.9838629364967346,1
11356,1,0.999996542930603,1
11357,0,0.15730518102645874,0
11358,1,0.9769207239151001,1
11359,1,0.9998736381530762,1
11360,0,0.0652795061469078,0
11361,1,0.997083842754364,1
11362,1,0.9747674465179443,1
11363,1,0.20372432470321655,0
11364,0,0.03507976606488228,0
11365,0,0.8487135767936707,1
11366,1,0.4093587100505829,0
11367,1,0.9999898672103882,1
11368,1,0.999991774559021,1
11369,1,0.9623491764068604,1
11370,1,0.9997097849845886,1
11371,0,0.0012305991258472204,0
11372,1,0.9986479878425598,1
11373,1,0.994934618473053,1
11374,0,0.08528874814510345,0
11375,0,0.1265878975391388,0
11376,0,0.12682589888572693,0
11377,0,0.010181279852986336,0
11378,0,2.3324427900206501e-07,0
11379,1,0.9999731779098511,1
11380,1,0.8774385452270508,1
11381,1,0.9651678800582886,1
11382,0,0.0005983159644529223,0
11383,1,1.0,1
11384,0,0.041002653539180756,0
11385,1,0.5664467811584473,1
11386,1,0.9994959831237793,1
11387,0,0.006715876515954733,0
11388,1,0.9974557757377625,1
11389,1,0.9997649788856506,1
11390,0,0.0008775371825322509,0
11391,0,0.7437876462936401,1
11392,1,0.9896251559257507,1
11393,0,0.00015026018081698567,0
11394,0,0.27465271949768066,0
11395,1,0.9999479055404663,1
11396,1,0.9960030913352966,1
11397,0,1.528896791569423e-05,0
11398,0,0.04832088574767113,0
11399,1,0.8899844288825989,1
11400,0,0.7688865661621094,1
11401,0,0.07155290991067886,0
11402,0,0.008813632652163506,0
11403,1,0.9637765288352966,1
11404,1,0.997306227684021,1
11405,1,0.915031909942627,1
11406,0,0.0011205667397007346,0
11407,1,0.9730809926986694,1
11408,1,0.9999253749847412,1
11409,1,0.9992190599441528,1
11410,1,0.9999945163726807,1
11411,1,0.26401466131210327,0
11412,0,0.00253064907155931,0
11413,1,0.995360791683197,1
11414,1,0.9752249717712402,1
11415,0,0.013313466683030128,0
11416,1,0.43430671095848083,0
11417,0,0.00016258486721199006,0
11418,1,0.9998902082443237,1
11419,1,0.9559248089790344,1
11420,0,0.03027411922812462,0
11421,0,0.033189620822668076,0
11422,1,0.9997923970222473,1
11423,0,0.4002332091331482,0
11424,1,0.9976551532745361,1
11425,1,0.2016819268465042,0
11426,1,0.9988093376159668,1
11427,0,0.02576872706413269,0
11428,1,0.141999289393425,0
11429,0,0.058491051197052,0
11430,1,0.9998353719711304,1
11431,1,0.9958298802375793,1
11432,1,0.9492548704147339,1
11433,0,0.006289636716246605,0
11434,1,0.9967086315155029,1
11435,0,0.20460470020771027,0
11436,0,0.006499907933175564,0
11437,0,0.046265434473752975,0
11438,0,3.769032264244743e-05,0
11439,1,0.9380718469619751,1
11440,1,0.9984694123268127,1
11441,1,0.8737599849700928,1
11442,1,0.9909825921058655,1
11443,1,0.9999921321868896,1
11444,0,0.014502421021461487,0
11445,0,0.0419350229203701,0
11446,1,0.9622140526771545,1
11447,0,0.0002955829259008169,0
11448,1,0.9999821186065674,1
11449,0,0.17657597362995148,0
11450,1,0.9711065888404846,1
11451,0,0.06872359663248062,0
11452,0,0.002522295108065009,0
11453,0,0.17103400826454163,0
11454,1,0.998566210269928,1
11455,0,0.002789699472486973,0
11456,1,0.9875500798225403,1
11457,0,0.0015397253446280956,0
11458,1,0.9973381161689758,1
11459,0,0.026500582695007324,0
11460,1,0.9928731918334961,1
11461,1,0.47961223125457764,0
11462,1,0.9996086955070496,1
11463,1,0.9993646740913391,1
11464,0,0.06709601730108261,0
11465,0,0.004571433179080486,0
11466,0,0.011309199966490269,0
11467,0,0.69321608543396,1
11468,0,0.035837117582559586,0
11469,0,0.0006862790323793888,0
11470,1,0.24389930069446564,0
11471,1,0.9772945642471313,1
11472,1,0.9800089597702026,1
11473,0,0.44083914160728455,0
11474,1,0.9383299946784973,1
11475,0,0.1364826261997223,0
11476,1,0.8865786790847778,1
11477,0,0.32444027066230774,0
11478,1,0.3721795976161957,0
11479,1,0.9967696666717529,1
11480,1,0.9803258180618286,1
11481,0,0.0030040687415748835,0
11482,1,0.9508604407310486,1
11483,1,0.978615403175354,1
11484,0,0.0008073912467807531,0
11485,0,3.5837717859976692e-06,0
11486,0,0.05993225798010826,0
11487,0,0.09371764212846756,0
11488,1,0.9427722096443176,1
11489,1,0.24064800143241882,0
11490,0,0.021609438583254814,0
11491,0,0.5075652599334717,1
11492,1,1.0,1
11493,1,0.9018839001655579,1
11494,0,1.7093462333517967e-13,0
11495,1,0.5313812494277954,1
11496,1,0.9999909400939941,1
11497,1,0.9975523352622986,1
11498,0,0.052874866873025894,0
11499,1,0.619661271572113,1
11500,0,0.0182047002017498,0
11501,1,0.9802863001823425,1
11502,0,0.14779432117938995,0
11503,0,0.01333125401288271,0
11504,1,0.9459793567657471,1
11505,0,0.8339036703109741,1
11506,0,0.7176787257194519,1
11507,0,0.04929174855351448,0
11508,1,0.9573255181312561,1
11509,0,0.0027210526168346405,0
11510,1,0.989932656288147,1
11511,1,0.9973322153091431,1
11512,0,0.09892256557941437,0
11513,0,0.003956752363592386,0
11514,0,0.15997569262981415,0
11515,1,0.8296071887016296,1
11516,0,0.007923325523734093,0
11517,0,0.9334480166435242,1
11518,0,0.03694969415664673,0
11519,0,6.593478207861381e-09,0
11520,1,0.7454352378845215,1
11521,1,0.9988969564437866,1
11522,0,0.07631832361221313,0
11523,0,0.8489562273025513,1
11524,0,0.19442948698997498,0
11525,0,0.00030609770328737795,0
11526,1,0.9996182918548584,1
11527,0,0.0018931383965536952,0
11528,1,0.6800481677055359,1
11529,1,0.9999781847000122,1
11530,0,0.0009852288058027625,0
11531,1,0.9998019337654114,1
11532,0,0.6021999716758728,1
11533,0,6.944292545085773e-05,0
11534,0,0.03207756578922272,0
11535,1,0.9114754796028137,1
11536,0,0.002700903918594122,0
11537,0,0.0012303952826187015,0
11538,0,0.11997377872467041,0
11539,1,0.9994935989379883,1
11540,1,0.9936169385910034,1
11541,0,0.007456379011273384,0
11542,1,0.999321699142456,1
11543,0,0.06503485143184662,0
11544,0,3.6679746699519455e-05,0
11545,0,0.14948736131191254,0
11546,0,0.013061241246759892,0
11547,1,0.9998579025268555,1
11548,0,0.9778081178665161,1
11549,1,0.9548246264457703,1
11550,1,0.9328490495681763,1
11551,0,0.00022828433429822326,0
11552,0,0.011066492646932602,0
11553,1,0.9082044959068298,1
11554,0,0.00497156847268343,0
11555,1,0.9891594052314758,1
11556,1,0.9999712705612183,1
11557,0,0.04637252166867256,0
11558,1,0.9998154044151306,1
11559,0,0.7016679048538208,1
11560,1,0.9867728352546692,1
11561,1,0.19254732131958008,0
11562,0,0.32042279839515686,0
11563,1,0.9236974120140076,1
11564,0,0.010346959345042706,0
11565,0,0.00010897356696659699,0
11566,1,0.9999814033508301,1
11567,0,0.005267370957881212,0
11568,1,0.8879867792129517,1
11569,0,0.038442786782979965,0
11570,1,0.9932470321655273,1
11571,0,2.836156909324927e-07,0
11572,0,0.034119922667741776,0
11573,1,0.9826179146766663,1
11574,1,0.28531208634376526,0
11575,0,0.10452113300561905,0
11576,1,0.9866259098052979,1
11577,1,0.9997957348823547,1
11578,1,0.9238960146903992,1
11579,0,0.014346818439662457,0
11580,0,0.07586605101823807,0
11581,0,0.04657687619328499,0
11582,1,0.9825142025947571,1
11583,0,0.45497485995292664,0
11584,1,0.9998062252998352,1
11585,1,0.999686598777771,1
11586,0,9.718657565827016e-06,0
11587,0,0.0012943895999342203,0
11588,0,0.11156796663999557,0
11589,0,0.03338843956589699,0
11590,1,0.993579626083374,1
11591,0,0.22965218126773834,0
11592,1,0.8138136267662048,1
11593,0,0.017140015959739685,0
11594,1,0.9714036583900452,1
11595,1,0.8247900605201721,1
11596,0,1.3556317846052934e-08,0
11597,0,0.2508068382740021,0
11598,0,0.08693405240774155,0
11599,0,0.0010963953100144863,0
11600,0,0.0010168531443923712,0
11601,1,0.9934989213943481,1
11602,1,0.8738760352134705,1
11603,0,0.005362759344279766,0
11604,1,0.9903304576873779,1
11605,1,0.9870359301567078,1
11606,1,0.9489629864692688,1
11607,0,0.007431956008076668,0
11608,1,0.8810878992080688,1
11609,0,0.0003040550509467721,0
11610,1,0.9876642823219299,1
11611,0,0.005109271965920925,0
11612,0,0.0003866105107590556,0
11613,0,0.0042843082919716835,0
11614,0,0.02150515280663967,0
11615,1,0.9182989597320557,1
11616,1,0.07926883548498154,0
11617,1,0.9998672008514404,1
11618,1,0.9997594952583313,1
11619,0,0.00295644486322999,0
11620,1,0.9473683834075928,1
11621,1,0.999631404876709,1
11622,0,0.006887242663651705,0
11623,0,0.024973399937152863,0
11624,0,0.16237641870975494,0
11625,1,0.5650822520256042,1
11626,1,0.9999581575393677,1
11627,1,0.9480812549591064,1
11628,0,0.030670152977108955,0
11629,1,0.8928961157798767,1
11630,1,0.9842085242271423,1
11631,1,0.9489544034004211,1
11632,1,0.9387127161026001,1
11633,0,0.015005737543106079,0
11634,1,0.9186002612113953,1
11635,0,0.00017120024131145328,0
11636,1,0.8829282522201538,1
11637,1,0.9954572916030884,1
11638,0,0.3140828013420105,0
11639,0,0.4087895154953003,0
11640,0,0.0773359090089798,0
11641,1,0.9855912923812866,1
11642,0,0.1991039365530014,0
11643,1,0.9999765157699585,1
11644,0,0.00019092290312983096,0
11645,0,0.5010581612586975,1
11646,1,0.998246431350708,1
11647,1,0.9995031356811523,1
11648,1,0.9999990463256836,1
11649,1,0.9999679327011108,1
11650,0,0.038352228701114655,0
11651,1,0.9805483818054199,1
11652,1,0.9998669624328613,1
11653,0,0.0013256378006190062,0
11654,0,0.013331769965589046,0
11655,0,0.0015548872761428356,0
11656,0,0.004919626750051975,0
11657,1,0.9946198463439941,1
11658,1,0.9889937043190002,1
11659,0,0.03663509339094162,0
11660,0,0.10641483962535858,0
11661,0,0.4723968505859375,0
11662,1,0.9999901056289673,1
11663,0,0.0010819063754752278,0
11664,0,0.3162107765674591,0
11665,0,0.002151115797460079,0
11666,1,0.9520125389099121,1
11667,1,0.999871015548706,1
11668,0,0.0263663362711668,0
11669,0,0.1580335795879364,0
11670,1,0.9986281394958496,1
11671,1,0.2763359844684601,0
11672,0,0.009953455999493599,0
11673,0,0.5178960561752319,1
11674,0,0.006624511443078518,0
11675,1,0.6899898648262024,1
11676,0,0.0058736298233270645,0
11677,1,0.9952254295349121,1
11678,1,0.9999315738677979,1
11679,0,0.09091184288263321,0
11680,0,0.0015923581086099148,0
11681,1,0.7892320156097412,1
11682,1,0.5723196268081665,1
11683,1,0.9376375675201416,1
11684,1,0.9991004467010498,1
11685,0,0.31011679768562317,0
11686,1,0.9720981121063232,1
11687,1,0.82188880443573,1
11688,0,6.412765742425108e-06,0
11689,0,0.04099928215146065,0
11690,1,0.9888575077056885,1
11691,0,0.01677394099533558,0
11692,1,0.9069197773933411,1
11693,1,0.7945683598518372,1
11694,0,0.007281428202986717,0
11695,1,0.8363510966300964,1
11696,1,0.9944831728935242,1
11697,1,0.999983549118042,1
11698,0,0.15822389721870422,0
11699,0,0.05483198165893555,0
11700,0,0.4401988387107849,0
11701,0,0.1795334815979004,0
11702,0,0.010740941390395164,0
11703,0,0.005974556319415569,0
11704,0,2.5691231364532996e-09,0
11705,1,0.3674156963825226,0
11706,1,0.9668720364570618,1
11707,0,0.09475145488977432,0
11708,0,0.40218424797058105,0
11709,0,0.006727642845362425,0
11710,0,2.950376028820756e-06,0
11711,1,0.9506460428237915,1
11712,0,1.2800554031855427e-05,0
11713,1,0.9868237972259521,1
11714,0,0.04694570228457451,0
11715,0,0.060450468212366104,0
11716,1,0.9943589568138123,1
11717,1,1.0,1
11718,0,0.03145550191402435,0
11719,0,0.01170144323259592,0
11720,0,0.0104113994166255,0
11721,0,0.07308778911828995,0
11722,1,0.9999985694885254,1
11723,0,0.016703326255083084,0
11724,0,0.00151035375893116,0
11725,0,0.0002830911835189909,0
11726,0,0.008013816550374031,0
11727,0,0.00011114765220554546,0
11728,0,0.004636798985302448,0
11729,0,0.19057004153728485,0
11730,0,7.46900841477327e-05,0
11731,1,0.9729454517364502,1
11732,0,0.044676847755908966,0
11733,1,0.9989635944366455,1
11734,0,0.3693754971027374,0
11735,1,0.999474823474884,1
11736,0,0.0054966723546385765,0
11737,1,0.9829111695289612,1
11738,0,0.00030414608772844076,0
11739,0,0.5311242938041687,1
11740,1,0.8957040309906006,1
11741,1,0.9543231129646301,1
11742,1,0.9999998807907104,1
11743,1,0.9999995231628418,1
11744,1,0.9998806715011597,1
11745,1,0.5284472107887268,1
11746,0,0.05996871367096901,0
11747,1,0.9999985694885254,1
11748,1,0.8854786157608032,1
11749,0,0.0004103265528101474,0
11750,1,0.9999855756759644,1
11751,1,0.9266151189804077,1
11752,0,0.0029771861154586077,0
11753,0,0.24341318011283875,0
11754,0,0.15922079980373383,0
11755,1,0.9674965143203735,1
11756,0,0.0014471352333202958,0
11757,1,0.9796409606933594,1
11758,0,0.07445268332958221,0
11759,1,0.9995125532150269,1
11760,1,0.999915361404419,1
11761,1,0.9640703201293945,1
11762,0,0.33909913897514343,0
11763,0,0.00010737269622040913,0
11764,0,0.1871986985206604,0
11765,1,0.9711278080940247,1
11766,0,0.015218235552310944,0
11767,1,0.8817830681800842,1
11768,0,0.3956954777240753,0
11769,1,0.9910270571708679,1
11770,1,0.7126249670982361,1
11771,0,0.04608142748475075,0
11772,0,0.035374224185943604,0
11773,1,0.9995319843292236,1
11774,0,0.0013250254560261965,0
11775,0,0.0011165199102833867,0
11776,1,0.910420298576355,1
11777,0,0.016718808561563492,0
11778,0,0.08163506537675858,0
11779,1,0.8632331490516663,1
11780,0,0.6379233002662659,1
11781,1,0.9985748529434204,1
11782,0,0.06656810641288757,0
11783,0,0.4785403907299042,0
11784,0,0.12887156009674072,0
11785,0,0.9103525876998901,1
11786,0,0.024084819480776787,0
11787,0,0.1278131902217865,0
11788,0,0.01983232982456684,0
11789,1,0.9823838472366333,1
11790,0,0.763513445854187,1
11791,1,0.9986091256141663,1
11792,1,0.9863777160644531,1
11793,0,0.3919108211994171,0
11794,1,0.9988382458686829,1
11795,0,0.030590498819947243,0
11796,1,0.902554452419281,1
11797,0,0.04724503681063652,0
11798,1,0.9146900773048401,1
11799,1,0.6893062591552734,1
11800,0,0.004221079871058464,0
11801,0,0.003153072437271476,0
11802,0,0.09073515236377716,0
11803,1,0.29457834362983704,0
11804,0,0.15639431774616241,0
11805,0,0.21798938512802124,0
11806,1,0.9980190992355347,1
11807,1,0.9944911003112793,1
11808,0,0.003121214220300317,0
11809,0,0.113505519926548,0
11810,1,0.3288722336292267,0
11811,0,0.17727819085121155,0
11812,0,0.34139564633369446,0
11813,0,0.13564902544021606,0
11814,0,0.6857413053512573,1
11815,1,0.9998301267623901,1
11816,1,0.11237410455942154,0
11817,0,0.08634308725595474,0
11818,1,0.9787413477897644,1
11819,1,0.8111183047294617,1
11820,0,0.020012211054563522,0
11821,1,0.9897913932800293,1
11822,1,0.9952844977378845,1
11823,0,0.0019301066640764475,0
11824,1,0.9994739890098572,1
11825,1,0.9368736147880554,1
11826,0,0.004580907989293337,0
11827,0,0.007614642381668091,0
11828,1,0.9993271827697754,1
11829,0,0.096743144094944,0
11830,1,0.9999829530715942,1
11831,0,0.0778147429227829,0
11832,0,0.25193551182746887,0
11833,0,0.0004224341828376055,0
11834,1,0.9997039437294006,1
11835,0,0.004784803371876478,0
11836,1,0.33391305804252625,0
11837,0,0.009247951209545135,0
11838,0,0.015407239086925983,0
11839,0,0.005432469304651022,0
11840,1,0.9885369539260864,1
11841,0,0.14044496417045593,0
11842,1,0.9997304081916809,1
11843,1,0.9954679012298584,1
11844,0,0.5760934948921204,1
11845,1,0.9824360609054565,1
11846,0,0.003578401170670986,0
11847,1,0.9600762724876404,1
11848,1,0.9790471196174622,1
11849,1,0.9849493503570557,1
11850,0,0.9769311547279358,1
11851,0,0.0022063690703362226,0
11852,0,0.005319173913449049,0
11853,0,0.1964227259159088,0
11854,0,0.05542948096990585,0
11855,1,0.6487326622009277,1
11856,1,0.41400420665740967,0
11857,1,0.9999737739562988,1
11858,1,0.9968445301055908,1
11859,1,0.8495783805847168,1
11860,1,0.37883466482162476,0
11861,0,0.003740625223144889,0
11862,1,1.0,1
11863,0,0.0044915941543877125,0
11864,1,0.4455329179763794,0
11865,0,0.0432540588080883,0
11866,1,0.8523783087730408,1
11867,1,0.9734364151954651,1
11868,1,0.9980053305625916,1
11869,0,0.0563797689974308,0
11870,1,0.8041554093360901,1
11871,1,0.7915520071983337,1
11872,0,0.0022788881324231625,0
11873,0,2.372690232732566e-06,0
11874,0,0.17933037877082825,0
11875,0,0.18185970187187195,0
11876,1,0.999129593372345,1
11877,1,0.9993114471435547,1
11878,0,0.007530515547841787,0
11879,1,0.954170286655426,1
11880,1,0.7379083037376404,1
11881,1,0.9983224272727966,1
11882,1,0.8912299275398254,1
11883,0,0.01917366124689579,0
11884,1,0.9497773051261902,1
11885,0,0.02824867144227028,0
11886,1,0.9723598957061768,1
11887,0,0.005294830538332462,0
11888,0,0.025705216452479362,0
11889,0,0.00029584934236481786,0
11890,0,0.0005202397587709129,0
11891,0,0.0029603377915918827,0
11892,0,0.010658573359251022,0
11893,0,0.8262233138084412,1
11894,0,0.064124196767807,0
11895,1,0.9971246123313904,1
11896,1,0.9241985082626343,1
11897,0,0.013468211516737938,0
11898,0,0.043259210884571075,0
11899,0,0.2117108255624771,0
11900,0,0.02409292384982109,0
11901,0,0.002103098900988698,0
11902,0,0.019329238682985306,0
11903,0,0.038292329758405685,0
11904,1,0.9801580309867859,1
11905,0,0.47041723132133484,0
11906,1,0.9998321533203125,1
11907,0,0.5461233258247375,1
11908,0,0.10036014020442963,0
11909,0,0.12839411199092865,0
11910,1,0.8605126738548279,1
11911,1,0.8405290842056274,1
11912,0,0.7291805744171143,1
11913,0,0.004016251768916845,0
11914,1,0.9752062559127808,1
11915,1,0.999315619468689,1
11916,0,0.006209434475749731,0
11917,1,0.5178164839744568,1
11918,0,0.9236736297607422,1
11919,0,0.0005131656653247774,0
11920,1,0.9966064691543579,1
11921,1,0.7070692777633667,1
11922,1,0.9869541525840759,1
11923,0,0.028354516252875328,0
11924,1,0.999560534954071,1
11925,0,6.692961324006319e-05,0
11926,0,0.9177924394607544,1
11927,1,0.9851138591766357,1
11928,1,0.6397808194160461,1
11929,1,0.9246569275856018,1
11930,0,0.056010760366916656,0
11931,0,0.04689223691821098,0
11932,1,0.9509758949279785,1
11933,0,0.12693235278129578,0
11934,0,0.02836497314274311,0
11935,0,0.0008496182854287326,0
11936,0,0.007962838746607304,0
11937,0,0.041247155517339706,0
11938,0,0.4089975357055664,0
11939,0,0.2736535966396332,0
11940,1,0.9855284094810486,1
11941,1,0.991611659526825,1
11942,0,0.08862823992967606,0
11943,1,0.6717000603675842,1
11944,0,0.0012731882743537426,0
11945,0,0.01041661761701107,0
11946,1,0.9769798517227173,1
11947,1,0.43274375796318054,0
11948,0,0.027308080345392227,0
11949,0,0.008841628208756447,0
11950,0,0.22892168164253235,0
11951,0,0.30666425824165344,0
11952,1,0.9517483115196228,1
11953,0,0.06678902357816696,0
11954,0,8.176011760951951e-05,0
11955,1,0.9959672689437866,1
11956,1,0.9912399649620056,1
11957,1,0.9946321249008179,1
11958,1,0.16702888906002045,0
11959,1,0.9999995231628418,1
11960,0,0.6113302111625671,1
11961,1,0.7590912580490112,1
11962,1,0.9726821184158325,1
11963,1,0.9999740123748779,1
11964,0,0.23597347736358643,0
11965,1,0.849754810333252,1
11966,0,0.07849813997745514,0
11967,1,0.9581096172332764,1
11968,1,0.9394136667251587,1
11969,0,2.1090252175781643e-06,0
11970,1,0.9999402761459351,1
11971,0,0.0015939493896439672,0
11972,0,0.06476695090532303,0
11973,1,0.9044401049613953,1
11974,1,0.9997826218605042,1
11975,1,0.9668853282928467,1
11976,0,0.004221791867166758,0
11977,0,2.5638881197664887e-05,0
11978,0,0.0037494422867894173,0
11979,0,0.06950659304857254,0
11980,0,0.020680220797657967,0
11981,0,0.13812382519245148,0
11982,1,0.9999959468841553,1
11983,0,0.13094866275787354,0
11984,1,0.6102262139320374,1
11985,1,0.9934566617012024,1
11986,0,0.010132917203009129,0
11987,0,0.03970104828476906,0
11988,0,0.08771464973688126,0
11989,0,0.28147971630096436,0
11990,1,0.6512806415557861,1
11991,0,0.013021997176110744,0
11992,0,0.00015845314192119986,0
11993,1,0.9999972581863403,1
11994,1,0.9791759252548218,1
11995,0,0.4227079451084137,0
11996,0,0.03428876772522926,0
11997,1,0.505358874797821,1
11998,1,0.9999996423721313,1
11999,0,0.06601303070783615,0
12000,0,0.07389456033706665,0
12001,1,0.993769109249115,1
12002,1,0.7693706750869751,1
12003,0,0.005452270153909922,0
12004,0,0.008425756357610226,0
12005,1,0.9959357976913452,1
12006,0,0.008148830384016037,0
12007,0,0.012139076367020607,0
12008,1,0.9998440742492676,1
12009,0,0.0024195013102144003,0
12010,0,0.0008425290579907596,0
12011,1,0.8993242383003235,1
12012,1,0.8790188431739807,1
12013,1,0.7443529367446899,1
12014,1,0.9914501309394836,1
12015,1,0.9999850988388062,1
12016,0,0.009647802449762821,0
12017,0,0.09315522760152817,0
12018,0,0.012883077375590801,0
12019,0,0.06669535487890244,0
12020,0,0.0005406424752436578,0
12021,0,0.006849837489426136,0
12022,1,0.9992631077766418,1
12023,0,0.25262171030044556,0
12024,0,0.21200907230377197,0
12025,0,6.714833578058688e-09,0
12026,0,0.05036222189664841,0
12027,0,0.03417801111936569,0
12028,0,0.15991485118865967,0
12029,1,0.9906941056251526,1
12030,1,0.991979718208313,1
12031,0,0.0004694416420534253,0
12032,1,0.973824143409729,1
12033,1,0.9632232189178467,1
12034,1,0.4833282232284546,0
12035,0,0.0472777895629406,0
12036,0,0.030292868614196777,0
12037,0,0.7084781527519226,1
12038,1,0.9438479542732239,1
12039,0,0.017474915832281113,0
12040,0,0.005581012926995754,0
12041,0,0.024285592138767242,0
12042,1,0.6685838103294373,1
12043,0,0.036617461591959,0
12044,1,0.9999991655349731,1
12045,0,0.00031060221954248846,0
12046,0,0.2774706184864044,0
12047,1,0.9529298543930054,1
12048,1,0.9977066516876221,1
12049,1,0.545875608921051,1
12050,0,0.0018577043665573,0
12051,0,0.00534895621240139,0
12052,1,0.2199735790491104,0
12053,1,0.9142324924468994,1
12054,1,0.9949221014976501,1
12055,0,0.027497602626681328,0
12056,0,0.11490905284881592,0
12057,1,0.9999630451202393,1
12058,1,0.9999992847442627,1
12059,1,0.9989977478981018,1
12060,1,0.7589830756187439,1
12061,1,0.9999936819076538,1
12062,1,0.8536327481269836,1
12063,0,0.004287395626306534,0
12064,1,0.9830518960952759,1
12065,0,0.05360459163784981,0
12066,1,0.9983235001564026,1
12067,0,0.05624838173389435,0
12068,0,0.036258623003959656,0
12069,0,0.3996436297893524,0
12070,0,0.3345775902271271,0
12071,1,0.06727108359336853,0
12072,0,0.084178127348423,0
12073,1,0.9962661862373352,1
12074,1,0.9726513028144836,1
12075,0,0.18535923957824707,0
12076,0,5.2966875955462456e-05,0
12077,1,0.2706591784954071,0
12078,0,1.6456893945360207e-06,0
12079,1,0.887717604637146,1
12080,0,0.0011650404194369912,0
12081,1,0.9999865293502808,1
12082,0,0.09375110268592834,0
12083,0,0.34844836592674255,0
12084,0,0.13965119421482086,0
12085,1,0.09398271143436432,0
12086,1,0.9999948740005493,1
12087,1,0.5408558249473572,1
12088,0,0.0327363945543766,0
12089,0,0.07754195481538773,0
12090,0,0.00027358546503819525,0
12091,1,0.9562466740608215,1
12092,1,0.9781474471092224,1
12093,1,0.988392174243927,1
12094,1,0.9337653517723083,1
12095,0,0.2151336371898651,0
12096,0,0.007969803176820278,0
12097,1,0.7447369694709778,1
12098,1,0.999302864074707,1
12099,1,0.8441895842552185,1
12100,0,0.002599359955638647,0
12101,0,0.0010418950114399195,0
12102,1,0.9999024868011475,1
12103,1,0.9999721050262451,1
12104,1,0.995934247970581,1
12105,0,0.07931522279977798,0
12106,0,0.24785485863685608,0
12107,1,0.9999997615814209,1
12108,0,0.0014218593714758754,0
12109,0,0.003194129792973399,0
12110,0,0.30197224020957947,0
12111,0,0.08072476089000702,0
12112,0,0.28343477845191956,0
12113,1,0.7794655561447144,1
12114,1,0.9999998807907104,1
12115,0,0.017147906124591827,0
12116,0,0.0011682364856824279,0
12117,0,0.17967766523361206,0
12118,0,0.132917121052742,0
12119,1,0.78603196144104,1
12120,1,0.9117166996002197,1
12121,1,0.9999967813491821,1
12122,1,0.5683950185775757,1
12123,0,0.006953268311917782,0
12124,0,0.1664678156375885,0
12125,1,0.9999998807907104,1
12126,1,0.9999802112579346,1
12127,0,0.03459849953651428,0
12128,1,0.7240868210792542,1
12129,0,0.2028704732656479,0
12130,1,0.9999996423721313,1
12131,1,0.9768663048744202,1
12132,1,0.9250844120979309,1
12133,0,0.011534704826772213,0
12134,1,0.9333380460739136,1
12135,1,0.9939740300178528,1
12136,0,0.039322998374700546,0
12137,0,0.6220037937164307,1
12138,0,0.0011645848862826824,0
12139,1,0.7992081642150879,1
12140,1,0.9441855549812317,1
12141,0,0.4133315980434418,0
12142,0,0.0012687437701970339,0
12143,0,0.0002283354988321662,0
12144,0,0.004420152865350246,0
12145,1,0.9924887418746948,1
12146,0,0.010451036505401134,0
12147,0,0.1169554740190506,0
12148,1,0.9904276132583618,1
12149,0,0.0016677743988111615,0
12150,1,0.670482337474823,1
12151,1,0.9774456024169922,1
12152,0,0.01055844221264124,0
12153,0,0.0019369213841855526,0
12154,1,0.9743608832359314,1
12155,1,0.9887890219688416,1
12156,1,0.9999985694885254,1
12157,1,0.9667466878890991,1
12158,1,0.7696200609207153,1
12159,1,0.8329122066497803,1
12160,0,0.045329172164201736,0
12161,1,0.812730610370636,1
12162,0,1.762247848091647e-05,0
12163,0,1.89690927072661e-05,0
12164,1,0.28339043259620667,0
12165,0,0.009961546398699284,0
12166,0,0.017099617049098015,0
12167,0,0.00048731244169175625,0
12168,1,0.7108903527259827,1
12169,1,0.9988790154457092,1
12170,1,0.9312350153923035,1
12171,0,0.0011316884774714708,0
12172,0,0.003803093684837222,0
12173,0,0.06553870439529419,0
12174,1,0.9859514236450195,1
12175,0,0.013400751166045666,0
12176,0,0.40067258477211,0
12177,0,0.0828133225440979,0
12178,0,0.043785855174064636,0
12179,0,0.7315770983695984,1
12180,1,0.9995272159576416,1
12181,0,0.007810980547219515,0
12182,1,0.9451256990432739,1
12183,1,0.9538301229476929,1
12184,0,0.03955014422535896,0
12185,0,0.038925834000110626,0
12186,0,0.08575169742107391,0
12187,1,0.9997363686561584,1
12188,1,0.9999983310699463,1
12189,0,0.30934464931488037,0
12190,1,0.9999270439147949,1
12191,0,0.0030371795874089003,0
12192,1,0.945412278175354,1
12193,0,0.008508622646331787,0
12194,0,0.009324762038886547,0
12195,1,1.0,1
12196,0,0.07504014670848846,0
12197,1,0.9995174407958984,1
12198,0,0.0009811344789341092,0
12199,1,0.9763668179512024,1
12200,0,0.009135689586400986,0
12201,1,0.9987683892250061,1
12202,1,0.7522864937782288,1
12203,1,0.9965672492980957,1
12204,1,0.9999290704727173,1
12205,1,0.9072743654251099,1
12206,0,0.4260132312774658,0
12207,0,0.2912798821926117,0
12208,1,0.999160885810852,1
12209,0,0.23308736085891724,0
12210,0,0.020967496559023857,0
12211,0,0.3871138393878937,0
12212,1,0.9750784635543823,1
12213,0,0.016740629449486732,0
12214,0,0.1560489684343338,0
12215,1,0.8994169235229492,1
12216,0,0.02255265600979328,0
12217,0,0.001685159164480865,0
12218,0,0.025988837704062462,0
12219,0,0.0232661422342062,0
12220,0,0.011228778399527073,0
12221,0,0.0034696629736572504,0
12222,1,0.7741445302963257,1
12223,0,0.16340161859989166,0
12224,1,0.999478280544281,1
12225,1,0.9955718517303467,1
12226,1,0.3903504014015198,0
12227,1,0.9830684661865234,1
12228,0,0.009929164312779903,0
12229,1,0.9999994039535522,1
12230,1,0.9928642511367798,1
12231,1,0.12946756184101105,0
12232,0,0.15305699408054352,0
12233,1,0.7408627271652222,1
12234,0,0.03494393825531006,0
12235,1,0.8524969220161438,1
12236,1,0.6190354824066162,1
12237,1,0.992856502532959,1
12238,1,0.9627254605293274,1
12239,0,0.058534715324640274,0
12240,1,0.9993945360183716,1
12241,1,0.02434621751308441,0
12242,1,0.9999148845672607,1
12243,0,0.04473922774195671,0
12244,0,0.15932941436767578,0
12245,0,0.10123401880264282,0
12246,0,0.023393331095576286,0
12247,1,0.9312178492546082,1
12248,1,0.9929614663124084,1
12249,1,0.921127438545227,1
12250,1,0.9797577261924744,1
12251,0,0.00029323887429200113,0
12252,0,2.910416696977336e-06,0
12253,0,0.004194305744022131,0
12254,0,0.0006551441038027406,0
12255,0,0.2635679543018341,0
12256,1,0.9906715154647827,1
12257,1,0.9061645269393921,1
12258,0,0.002799899084493518,0
12259,0,0.1365734487771988,0
12260,1,0.7628197073936462,1
12261,1,0.6925793290138245,1
12262,1,0.07390602678060532,0
12263,1,0.9989904761314392,1
12264,1,0.5746530890464783,1
12265,0,0.0804576724767685,0
12266,1,0.9914053678512573,1
12267,0,0.0029097299557179213,0
12268,1,0.9959213733673096,1
12269,1,0.9041963815689087,1
12270,0,0.005572667345404625,0
12271,0,0.4059554934501648,0
12272,0,0.7782631516456604,1
12273,0,0.5632707476615906,1
12274,0,9.636357572162524e-05,0
12275,1,0.8808910846710205,1
12276,1,0.0972893163561821,0
12277,0,0.0026424494571983814,0
12278,1,0.9955552220344543,1
12279,0,0.050283074378967285,0
12280,0,0.23772916197776794,0
12281,1,0.7622447609901428,1
12282,0,0.007215069606900215,0
12283,1,0.3318891227245331,0
12284,0,0.018789691850543022,0
12285,1,0.624350368976593,1
12286,1,0.8717703223228455,1
12287,0,0.006772544234991074,0
12288,1,0.7422086000442505,1
12289,0,0.9681280851364136,1
12290,0,0.4948313236236572,0
12291,1,0.9995920062065125,1
12292,0,0.004710808862000704,0
12293,0,0.0003688914002850652,0
12294,0,0.5605321526527405,1
12295,1,0.3686753809452057,0
12296,0,0.4007784128189087,0
12297,0,0.010502372868359089,0
12298,1,0.9999983310699463,1
12299,1,0.9995253086090088,1
12300,1,1.0,1
12301,1,0.9999088048934937,1
12302,1,0.9990968704223633,1
12303,1,0.9446196556091309,1
12304,0,0.04147925600409508,0
12305,1,0.9997063279151917,1
12306,0,0.04496151953935623,0
12307,0,0.19400006532669067,0
12308,0,0.7239840626716614,1
12309,0,0.00031340631539933383,0
12310,0,0.0009575753938406706,0
12311,0,0.32156386971473694,0
12312,1,0.41255834698677063,0
12313,1,0.9895802140235901,1
12314,0,0.004130271263420582,0
12315,1,0.9948675632476807,1
12316,0,0.14814212918281555,0
12317,1,0.9749701619148254,1
12318,0,1.5313862604671158e-05,0
12319,1,0.9995843768119812,1
12320,1,0.23094932734966278,0
12321,0,0.05871940404176712,0
12322,0,0.0019591154996305704,0
12323,0,0.15031671524047852,0
12324,1,0.9968680739402771,1
12325,0,0.11884314566850662,0
12326,0,0.12237176299095154,0
12327,1,0.9419335722923279,1
12328,1,0.9988974332809448,1
12329,1,0.9825313687324524,1
12330,0,0.025283005088567734,0
12331,0,0.9169980883598328,1
12332,0,0.009028338827192783,0
12333,1,0.9377243518829346,1
12334,0,0.02465740032494068,0
12335,0,0.09828542172908783,0
12336,1,0.8814724087715149,1
12337,0,0.005521052982658148,0
12338,0,0.024389034137129784,0
12339,1,0.9480022192001343,1
12340,1,0.7032872438430786,1
12341,1,0.48785901069641113,0
12342,1,0.9995214939117432,1
12343,1,0.9777048826217651,1
12344,0,0.03430047631263733,0
12345,0,0.452469140291214,0
12346,0,0.08253563940525055,0
12347,0,0.0019885594956576824,0
12348,0,0.0028403818141669035,0
12349,1,0.98894202709198,1
12350,0,0.04728701338171959,0
12351,0,0.00037828434142284095,0
12352,0,0.0007450023549608886,0
12353,1,1.0,1
12354,0,0.17087727785110474,0
12355,0,0.0017834597965702415,0
12356,1,0.9972667694091797,1
12357,0,0.006202199961990118,0
12358,0,0.011264830827713013,0
12359,1,0.9280885457992554,1
12360,1,0.9999998807907104,1
12361,1,1.0,1
12362,1,0.8619359731674194,1
12363,0,0.00013469229452311993,0
12364,0,0.0011098397662863135,0
12365,0,0.010176331736147404,0
12366,1,0.9365428686141968,1
12367,0,0.00273640058003366,0
12368,0,0.86445552110672,1
12369,0,0.18286573886871338,0
12370,1,0.9999997615814209,1
12371,1,0.9952340722084045,1
12372,1,0.9912788271903992,1
12373,1,0.9973899722099304,1
12374,0,0.3019622564315796,0
12375,0,0.0020878242794424295,0
12376,1,0.9760855436325073,1
12377,0,0.18405425548553467,0
12378,1,0.993212103843689,1
12379,0,0.7328831553459167,1
12380,0,0.007738777436316013,0
12381,0,0.08035602420568466,0
12382,0,0.04215944558382034,0
12383,0,0.004427671432495117,0
12384,0,0.08202632516622543,0
12385,0,0.08288929611444473,0
12386,1,0.7545055747032166,1
12387,1,0.9999864101409912,1
12388,1,0.9952951073646545,1
12389,0,0.0644015297293663,0
12390,0,1.90408081834903e-05,0
12391,1,0.6344541311264038,1
12392,0,0.08934317529201508,0
12393,1,0.9999698400497437,1
12394,0,0.010803920216858387,0
12395,1,0.8213042616844177,1
12396,1,0.9930572509765625,1
12397,1,0.9988579750061035,1
12398,1,0.9738948345184326,1
12399,0,0.04337558150291443,0
12400,0,0.07690434157848358,0
12401,1,0.9913623929023743,1
12402,0,0.1237727478146553,0
12403,1,0.5409702658653259,1
12404,0,0.0028089804109185934,0
12405,1,0.9999983310699463,1
12406,0,0.005958893336355686,0
12407,0,0.0785306990146637,0
12408,1,0.6768865585327148,1
12409,1,0.8114720582962036,1
12410,0,0.011180265806615353,0
12411,0,0.023598015308380127,0
12412,0,0.06558256596326828,0
12413,0,0.03377782180905342,0
12414,0,0.010193060152232647,0
12415,0,0.020495746284723282,0
12416,1,0.9993035793304443,1
12417,1,0.010264304466545582,0
12418,1,0.6220482587814331,1
12419,1,0.9999853372573853,1
12420,1,0.9536397457122803,1
12421,1,0.9985259175300598,1
12422,1,0.9994927644729614,1
12423,0,0.020815273746848106,0
12424,0,0.018696807324886322,0
12425,0,0.07979942113161087,0
12426,0,0.06614077091217041,0
12427,0,0.09101749956607819,0
12428,0,0.0023602433502674103,0
12429,1,0.999445378780365,1
12430,1,0.7691826820373535,1
12431,1,0.9995379447937012,1
12432,0,0.004154602065682411,0
12433,0,0.23420926928520203,0
12434,1,0.9999797344207764,1
12435,1,0.9944247007369995,1
12436,0,0.05046743527054787,0
12437,1,0.6020710468292236,1
12438,1,0.9748562574386597,1
12439,0,0.013834159821271896,0
12440,0,0.11986265331506729,0
12441,1,0.9668405055999756,1
12442,1,0.9583807587623596,1
12443,1,0.9713635444641113,1
12444,1,0.9952710270881653,1
12445,0,0.8916381001472473,1
12446,1,0.9736043214797974,1
12447,1,0.9988021850585938,1
12448,0,0.0015693256864324212,0
12449,1,0.9994598031044006,1
12450,1,0.8576844930648804,1
12451,0,0.32818272709846497,0
12452,0,0.35008344054222107,0
12453,0,0.00930541381239891,0
12454,0,0.019902747124433517,0
12455,1,0.9710977077484131,1
12456,1,0.9318217635154724,1
12457,1,0.9995713829994202,1
12458,0,6.661124984930211e-07,0
12459,1,0.9993451237678528,1
12460,0,0.3709193468093872,0
12461,1,0.9907005429267883,1
12462,1,0.8765751123428345,1
12463,1,0.9921948909759521,1
12464,0,0.0029404351953417063,0
12465,0,0.19365161657333374,0
12466,0,0.09812084585428238,0
12467,0,0.24453143775463104,0
12468,1,0.996539831161499,1
12469,1,0.9998459815979004,1
12470,1,0.9987039566040039,1
12471,1,0.7873390913009644,1
12472,1,0.9976202845573425,1
12473,1,0.9997521042823792,1
12474,1,0.647821843624115,1
12475,0,0.7219251394271851,1
12476,0,0.016911178827285767,0
12477,0,0.024408353492617607,0
12478,0,0.02317703515291214,0
12479,0,0.01843593269586563,0
12480,0,0.024603599682450294,0
12481,1,0.7140501141548157,1
12482,0,0.06214333325624466,0
12483,0,0.012725512497127056,0
12484,1,0.9718393087387085,1
12485,1,0.9990279674530029,1
12486,0,0.00029262949828989804,0
12487,1,0.999206006526947,1
12488,1,0.25089994072914124,0
12489,0,0.6024709939956665,1
12490,0,0.010997636243700981,0
12491,1,0.9993208646774292,1
12492,0,0.011939219199120998,0
12493,0,0.09544528275728226,0
12494,1,0.8624603152275085,1
12495,0,0.1686350703239441,0
12496,0,0.029686156660318375,0
12497,1,0.9971828460693359,1
12498,1,0.9808675646781921,1
12499,1,0.9893529415130615,1
12500,1,0.9678653478622437,1
12501,0,0.07212398946285248,0
12502,0,0.0067200977355241776,0
12503,1,0.9946011304855347,1
12504,1,0.9865358471870422,1
12505,0,0.00022345513571053743,0
12506,1,0.9978590607643127,1
12507,0,0.005357448942959309,0
12508,0,0.03993871435523033,0
12509,0,0.3727937936782837,0
12510,0,0.007849491201341152,0
12511,1,0.9537786245346069,1
12512,0,0.015982158482074738,0
12513,0,0.003401854308322072,0
12514,1,0.9961405396461487,1
12515,0,0.04425840824842453,0
12516,0,0.030211811885237694,0
12517,0,0.0007840702892281115,0
12518,0,0.02824188582599163,0
12519,0,0.19101311266422272,0
12520,1,0.9994398951530457,1
12521,1,0.9568954706192017,1
12522,0,0.006150790955871344,0
12523,1,0.9992635846138,1
12524,0,0.16594189405441284,0
12525,0,0.0008193282992579043,0
12526,0,0.08809823542833328,0
12527,0,2.4486166694259737e-06,0
12528,1,0.9935969114303589,1
12529,0,0.001846560975536704,0
12530,0,0.0107535095885396,0
12531,0,0.9549806118011475,1
12532,1,0.9950904846191406,1
12533,0,0.2084033489227295,0
12534,1,0.9595379829406738,1
12535,0,0.005914011970162392,0
12536,0,0.0012449625646695495,0
12537,1,0.9990056157112122,1
12538,0,0.0021295747719705105,0
12539,1,0.9988069534301758,1
12540,0,0.024909427389502525,0
12541,0,0.6246520280838013,1
12542,1,0.9999969005584717,1
12543,0,0.08318019658327103,0
12544,0,0.0014298161258921027,0
12545,0,0.0565895214676857,0
12546,1,1.0,1
12547,0,0.04036650061607361,0
12548,1,0.979223906993866,1
12549,1,0.9208861589431763,1
12550,1,0.9998903274536133,1
12551,1,0.7418574690818787,1
12552,0,0.22745920717716217,0
12553,0,0.0027127990033477545,0
12554,1,0.9995121955871582,1
12555,0,0.0010987535351887345,0
12556,1,0.6701540946960449,1
12557,1,0.7909883856773376,1
12558,1,0.5060253143310547,1
12559,1,0.9999504089355469,1
12560,1,0.942131519317627,1
12561,1,0.8270089626312256,1
12562,0,0.19277960062026978,0
12563,0,0.005053072236478329,0
12564,1,0.8087144494056702,1
12565,0,0.001098941545933485,0
12566,1,0.9919511079788208,1
12567,0,0.3491083085536957,0
12568,0,0.03774169087409973,0
12569,0,0.017699087038636208,0
12570,1,0.8416760563850403,1
12571,0,0.0020510919857770205,0
12572,1,0.8250889182090759,1
12573,0,0.1424226462841034,0
12574,1,0.8050571084022522,1
12575,0,0.008782386779785156,0
12576,1,0.9999783039093018,1
12577,0,0.17101262509822845,0
12578,1,0.8417177796363831,1
12579,1,0.9999840259552002,1
12580,0,0.5902968645095825,1
12581,0,0.09417306631803513,0
12582,0,0.0004185198631603271,0
12583,0,0.01847352273762226,0
12584,0,0.019321266561746597,0
12585,0,0.001797510776668787,0
12586,0,0.005830763373523951,0
12587,1,0.9943225383758545,1
12588,1,0.9992780089378357,1
12589,1,0.9833436608314514,1
12590,1,0.9743859767913818,1
12591,1,0.9788501858711243,1
12592,0,0.027544323354959488,0
12593,1,0.99437016248703,1
12594,1,0.9995821118354797,1
12595,1,0.9976606369018555,1
12596,0,0.014189943671226501,0
12597,0,0.020609905943274498,0
12598,1,0.9999784231185913,1
12599,0,0.00016924685041885823,0
12600,0,0.0002102907164953649,0
12601,1,0.8178539872169495,1
12602,1,0.999935507774353,1
12603,1,0.9999604225158691,1
12604,1,0.9999996423721313,1
12605,0,0.04676271602511406,0
12606,0,0.006459179800003767,0
12607,1,0.9998483657836914,1
12608,1,0.9947553873062134,1
12609,1,0.9998968839645386,1
12610,1,0.2697049379348755,0
12611,0,0.019245540723204613,0
12612,0,0.03879091143608093,0
12613,1,0.6365671157836914,1
12614,1,0.8091835379600525,1
12615,0,0.3058326244354248,0
12616,1,0.9869957566261292,1
12617,1,0.9961263537406921,1
12618,1,0.9975683093070984,1
12619,0,0.013138039968907833,0
12620,0,0.020440462976694107,0
12621,0,0.11507297307252884,0
12622,0,0.02926737628877163,0
12623,1,0.9805132746696472,1
12624,1,1.0,1
12625,0,0.8085143566131592,1
12626,0,0.00011892738984897733,0
12627,0,0.0006775401998311281,0
12628,0,0.13965994119644165,0
12629,1,0.9901131391525269,1
12630,0,0.0005809260765090585,0
12631,1,0.9846588373184204,1
12632,1,0.9360753297805786,1
12633,0,0.0019849874079227448,0
12634,0,0.6146279573440552,1
12635,1,0.9659861326217651,1
12636,0,0.008793257176876068,0
12637,1,0.9863429665565491,1
12638,1,0.9999635219573975,1
12639,0,0.36397743225097656,0
12640,0,0.0026361860800534487,0
12641,1,0.9379900097846985,1
12642,0,0.1910725235939026,0
12643,1,0.8933467268943787,1
12644,1,0.9996718168258667,1
12645,1,0.870237410068512,1
12646,1,0.9985201954841614,1
12647,0,0.010163255967199802,0
12648,0,0.00604246836155653,0
12649,0,0.037555452436208725,0
12650,1,0.9945713877677917,1
12651,1,0.9999997615814209,1
12652,0,0.014901154674589634,0
12653,1,0.9990143775939941,1
12654,0,0.4086684286594391,0
12655,0,0.01296190358698368,0
12656,0,0.0017061341786757112,0
12657,1,0.8995261192321777,1
12658,0,0.06846543401479721,0
12659,1,0.9999984502792358,1
12660,0,0.007513798773288727,0
12661,0,0.9221553802490234,1
12662,1,0.9974592328071594,1
12663,0,0.017816143110394478,0
12664,0,0.1131826862692833,0
12665,1,0.6514658331871033,1
12666,0,2.4778914848866407e-06,0
12667,0,0.20198173820972443,0
12668,0,0.0027257848996669054,0
12669,1,0.5877589583396912,1
12670,1,0.8890422582626343,1
12671,1,0.9999778270721436,1
12672,0,0.019622251391410828,0
12673,0,0.07689493894577026,0
12674,1,0.4099326729774475,0
12675,0,0.11385460942983627,0
12676,1,0.9025480151176453,1
12677,0,0.01041072141379118,0
12678,1,0.9810309410095215,1
12679,0,0.010591695085167885,0
12680,0,0.060992754995822906,0
12681,0,0.44778916239738464,0
12682,0,0.017911681905388832,0
12683,1,0.9159950017929077,1
12684,1,0.9833804368972778,1
12685,0,0.017240338027477264,0
12686,1,0.9918203353881836,1
12687,1,0.9999947547912598,1
12688,0,0.04290579631924629,0
12689,0,0.0026857939083129168,0
12690,0,0.9573177695274353,1
12691,1,0.9987265467643738,1
12692,1,0.9990142583847046,1
12693,0,0.00856071338057518,0
12694,0,0.5564213395118713,1
12695,0,0.005829342175275087,0
12696,1,0.9990371465682983,1
12697,0,0.13980595767498016,0
12698,1,0.9826666116714478,1
12699,1,0.9868494272232056,1
12700,0,0.0003600047784857452,0
12701,0,0.053785666823387146,0
12702,0,0.017930656671524048,0
12703,1,0.9331730604171753,1
12704,1,0.7798184752464294,1
12705,1,0.8869820833206177,1
12706,0,0.039270199835300446,0
12707,1,0.9998273253440857,1
12708,0,0.03331315144896507,0
12709,1,0.9388853311538696,1
12710,1,1.0,1
12711,1,0.9999768733978271,1
12712,1,0.9998311996459961,1
12713,1,0.8188905715942383,1
12714,0,0.1091277226805687,0
12715,1,0.1021127700805664,0
12716,0,0.015220764093101025,0
12717,0,0.2327069491147995,0
12718,0,0.0019964694511145353,0
12719,1,0.7024391293525696,1
12720,1,0.9999982118606567,1
12721,0,0.8263420462608337,1
12722,0,0.10420771688222885,0
12723,1,0.6240867972373962,1
12724,1,0.9970847964286804,1
12725,0,0.009428353980183601,0
12726,1,0.7013776302337646,1
12727,1,0.9840089082717896,1
12728,1,0.9998764991760254,1
12729,0,0.0012989701936021447,0
12730,0,0.0013326132902875543,0
12731,1,0.9998170733451843,1
12732,0,0.18409182131290436,0
12733,0,0.010538549162447453,0
12734,1,0.9977768063545227,1
12735,1,0.9988657236099243,1
12736,0,0.15404056012630463,0
12737,0,0.009061667136847973,0
12738,0,0.0064378767274320126,0
12739,0,0.16317777335643768,0
12740,0,0.0032176985405385494,0
12741,1,0.9744400978088379,1
12742,1,0.993618369102478,1
12743,0,0.00633816746994853,0
12744,0,0.012596169486641884,0
12745,0,0.04902876168489456,0
12746,1,0.981181263923645,1
12747,0,0.10778266936540604,0
12748,0,0.02673029527068138,0
12749,0,0.005250934977084398,0
12750,0,0.8897963166236877,1
12751,0,0.006019660271704197,0
12752,1,0.9995463490486145,1
12753,0,0.012067790143191814,0
12754,0,0.0326218344271183,0
12755,0,0.02817583456635475,0
12756,0,0.6608301401138306,1
12757,1,0.9997078776359558,1
12758,1,0.9995848536491394,1
12759,1,0.984969973564148,1
12760,1,0.9036306142807007,1
12761,1,0.9486463069915771,1
12762,1,0.9995393753051758,1
12763,1,0.9907597303390503,1
12764,0,0.00037600845098495483,0
12765,0,0.0002549458877183497,0
12766,0,6.072129963285988e-06,0
12767,1,0.9686126708984375,1
12768,0,0.002623989013954997,0
12769,0,0.0004446801613084972,0
12770,0,0.013279946520924568,0
12771,0,0.4927142560482025,0
12772,0,0.050464484840631485,0
12773,0,0.04707501828670502,0
12774,1,0.7076839804649353,1
12775,0,0.09495806694030762,0
12776,0,0.31015127897262573,0
12777,0,0.004630135837942362,0
12778,1,0.9999986886978149,1
12779,1,0.9889976382255554,1
12780,1,0.9839071035385132,1
12781,1,0.9306194186210632,1
12782,0,0.0005285446532070637,0
12783,0,0.024502672255039215,0
12784,0,0.7285919189453125,1
12785,1,0.46103447675704956,0
12786,0,0.16033993661403656,0
12787,0,0.14683932065963745,0
12788,0,0.043639540672302246,0
12789,0,0.0875992700457573,0
12790,1,0.9998859167098999,1
12791,0,0.011472819373011589,0
12792,0,0.016344457864761353,0
12793,1,0.9993988275527954,1
12794,0,0.4616779386997223,0
12795,0,0.3543405830860138,0
12796,0,0.4984593391418457,0
12797,0,0.01662076823413372,0
12798,1,0.9903545379638672,1
12799,1,0.9969696402549744,1
12800,0,0.0016476339660584927,0
12801,1,0.9999356269836426,1
12802,0,0.26392418146133423,0
12803,0,0.0625196248292923,0
12804,1,0.9955214262008667,1
12805,0,0.0010511475848034024,0
12806,0,0.04430638998746872,0
12807,1,0.2586938440799713,0
12808,0,0.40477877855300903,0
12809,1,0.9995449185371399,1
12810,1,0.9740773439407349,1
12811,0,0.009408659301698208,0
12812,0,0.0435858853161335,0
12813,1,0.9659159183502197,1
12814,1,0.9384233951568604,1
12815,1,0.9999727010726929,1
12816,0,0.10862543433904648,0
12817,1,0.9058167934417725,1
12818,1,0.999569833278656,1
12819,0,0.023241249844431877,0
12820,0,0.41462117433547974,0
12821,0,0.3856905698776245,0
12822,1,0.9923499226570129,1
12823,0,0.041983213275671005,0
12824,1,0.3835761845111847,0
12825,0,0.04270132631063461,0
12826,0,0.04362477362155914,0
12827,0,0.18063290417194366,0
12828,1,0.9135792255401611,1
12829,0,0.8783531188964844,1
12830,0,0.1406768411397934,0
12831,1,0.9998071789741516,1
12832,0,0.22380565106868744,0
12833,1,0.9997071623802185,1
12834,1,0.38315659761428833,0
12835,0,0.0012967792572453618,0
12836,1,0.915106475353241,1
12837,0,0.442971408367157,0
12838,0,0.00011696305591613054,0
12839,1,0.9973762035369873,1
12840,1,0.8723272681236267,1
12841,1,0.9999558925628662,1
12842,0,0.6730722784996033,1
12843,1,0.26891028881073,0
12844,0,0.24126191437244415,0
12845,1,0.9932824373245239,1
12846,0,0.36100104451179504,0
12847,0,2.3189357307273895e-05,0
12848,0,0.00024597381707280874,0
12849,1,0.985158383846283,1
12850,0,0.049564994871616364,0
12851,1,0.9985395669937134,1
12852,1,0.999998927116394,1
12853,1,0.9854716658592224,1
12854,0,0.014098520390689373,0
12855,0,0.018546413630247116,0
12856,1,0.993129551410675,1
12857,0,0.6412925720214844,1
12858,0,0.008310066536068916,0
12859,1,0.998641312122345,1
12860,0,0.005939936731010675,0
12861,1,0.9647124409675598,1
12862,0,0.1105264350771904,0
12863,1,0.8102119565010071,1
12864,0,0.08195935189723969,0
12865,1,0.5401157140731812,1
12866,0,0.00264561059884727,0
12867,0,0.019364558160305023,0
12868,0,0.10088527947664261,0
12869,0,1.3149158803571481e-05,0
12870,1,0.5435143709182739,1
12871,0,0.0019301772117614746,0
12872,1,0.996738851070404,1
12873,1,0.9263312816619873,1
12874,1,0.8781988620758057,1
12875,0,0.1108771413564682,0
12876,0,0.03654380515217781,0
12877,1,0.9999622106552124,1
12878,0,0.004697803407907486,0
12879,1,0.9985082745552063,1
12880,1,0.9569096565246582,1
12881,1,0.6517761945724487,1
12882,0,0.17694030702114105,0
12883,0,0.06209513917565346,0
12884,0,0.0009581416379660368,0
12885,0,0.001476391451433301,0
12886,1,0.9970628619194031,1
12887,0,0.0038291155360639095,0
12888,0,0.05723435804247856,0
12889,0,0.9662095308303833,1
12890,0,0.029040392488241196,0
12891,0,0.5902498960494995,1
12892,0,3.179460691171698e-05,0
12893,1,0.9750273823738098,1
12894,0,0.3215712010860443,0
12895,1,0.671379566192627,1
12896,1,0.9925721287727356,1
12897,1,0.9588657021522522,1
12898,1,0.9965057373046875,1
12899,0,0.06217513978481293,0
12900,0,0.026753539219498634,0
12901,1,0.7481321096420288,1
12902,1,0.3062223196029663,0
12903,0,0.1516384780406952,0
12904,1,0.9855930209159851,1
12905,0,0.03176794946193695,0
12906,0,0.00023243360919877887,0
12907,1,0.9935124516487122,1
12908,1,0.943321168422699,1
12909,0,0.0010734719689935446,0
12910,0,0.3364015221595764,0
12911,1,0.5380984544754028,1
12912,1,0.928651750087738,1
12913,1,0.997124969959259,1
12914,0,0.003926447592675686,0
12915,1,0.9873127341270447,1
12916,1,0.9976394176483154,1
12917,0,0.09045709669589996,0
12918,0,0.0019586829002946615,0
12919,1,0.9850346446037292,1
12920,0,0.16932712495326996,0
12921,1,0.9940195083618164,1
12922,1,0.6745320558547974,1
12923,1,0.9488983750343323,1
12924,1,0.9999215602874756,1
12925,0,0.02629820443689823,0
12926,1,0.6703482270240784,1
12927,0,0.026199713349342346,0
12928,1,0.14211608469486237,0
12929,1,0.9896039962768555,1
12930,1,0.9999849796295166,1
12931,1,0.8077778816223145,1
12932,1,0.9999411106109619,1
12933,1,0.2455250471830368,0
12934,0,1.629796315683052e-05,0
12935,1,0.888716459274292,1
12936,1,0.9999960660934448,1
12937,0,0.012351687066257,0
12938,0,0.0030104219913482666,0
12939,0,0.018459435552358627,0
12940,0,0.0038457580376416445,0
12941,1,0.9432049989700317,1
12942,1,0.68796306848526,1
12943,1,0.9748765230178833,1
12944,1,0.9866363406181335,1
12945,1,0.7508078813552856,1
12946,1,0.9322125911712646,1
12947,0,0.003087168326601386,0
12948,1,0.9986213445663452,1
12949,0,0.00202949158847332,0
12950,0,0.0024192112032324076,0
12951,0,0.10893715173006058,0
12952,1,0.98964524269104,1
12953,0,0.6235349774360657,1
12954,1,0.9712522029876709,1
12955,0,0.00014235229173209518,0
12956,0,0.032825879752635956,0
12957,1,0.9202080368995667,1
12958,0,0.0007467028335668147,0
12959,0,0.0002419809898128733,0
12960,0,0.5519869327545166,1
12961,0,0.0009628096013329923,0
12962,1,0.9686746597290039,1
12963,0,0.02668340690433979,0
12964,1,0.9982328414916992,1
12965,1,0.9506771564483643,1
12966,1,0.911188006401062,1
12967,0,0.009512694552540779,0
12968,1,0.8506981730461121,1
12969,0,0.00033884597360156476,0
12970,0,0.13640530407428741,0
12971,1,0.8556336164474487,1
12972,0,0.04250151291489601,0
12973,1,0.9999818801879883,1
12974,1,0.9958968162536621,1
12975,0,0.013776259496808052,0
12976,1,0.9998413324356079,1
12977,1,0.9295259118080139,1
12978,0,0.013644585385918617,0
12979,1,0.5711901187896729,1
12980,0,0.028414001688361168,0
12981,0,0.10973663628101349,0
12982,0,0.06095336005091667,0
12983,0,0.02796470746397972,0
12984,1,0.9997963309288025,1
12985,0,0.07999476045370102,0
12986,1,0.9993566870689392,1
12987,1,0.997344434261322,1
12988,1,0.8666037917137146,1
12989,0,0.6846035718917847,1
12990,1,0.9947827458381653,1
12991,0,0.09738077223300934,0
12992,0,0.18076810240745544,0
12993,0,0.06558220833539963,0
12994,1,0.9553812146186829,1
12995,1,0.9980766773223877,1
12996,1,0.5728371739387512,1
12997,0,0.009229134768247604,0
12998,0,0.04292616620659828,0
12999,0,0.026569336652755737,0
13000,1,0.9923582673072815,1
13001,1,0.9905073642730713,1
13002,1,0.9609317183494568,1
13003,1,0.9997237324714661,1
13004,0,0.3224565386772156,0
13005,1,0.9993997812271118,1
13006,0,0.3169351816177368,0
13007,0,0.00012133749260101467,0
13008,1,0.9768383502960205,1
13009,1,0.9979939460754395,1
13010,1,0.9876763820648193,1
13011,1,0.9978529214859009,1
13012,0,0.003399610985070467,0
13013,0,0.00018310868472326547,0
13014,1,0.8886134028434753,1
13015,0,0.008469079621136189,0
13016,0,0.13706180453300476,0
13017,0,0.09967989474534988,0
13018,0,0.004226246383041143,0
13019,1,0.999685525894165,1
13020,0,0.6977679133415222,1
13021,1,0.9991027116775513,1
13022,1,0.9999990463256836,1
13023,0,0.2136348932981491,0
13024,0,0.0011007027933374047,0
13025,1,0.9979744553565979,1
13026,0,0.26122263073921204,0
13027,1,0.8742642998695374,1
13028,0,0.017277022823691368,0
13029,1,0.9852862358093262,1
13030,1,0.9953624606132507,1
13031,1,0.9912205338478088,1
13032,1,0.9835092425346375,1
13033,1,0.9059131145477295,1
13034,0,0.014605557546019554,0
13035,1,0.9999704360961914,1
13036,0,4.193013228359632e-05,0
13037,0,0.07000038027763367,0
13038,0,0.04135819524526596,0
13039,0,0.19941307604312897,0
13040,1,0.7828576564788818,1
13041,0,0.027745123952627182,0
13042,0,0.04526977241039276,0
13043,1,0.9562810063362122,1
13044,0,0.017241330817341805,0
13045,0,0.8150109052658081,1
13046,1,0.6899629235267639,1
13047,0,0.018127847462892532,0
13048,1,0.8631595373153687,1
13049,1,0.6376267075538635,1
13050,0,0.015085233375430107,0
13051,0,0.0031942937057465315,0
13052,1,0.9997610449790955,1
13053,1,0.8890459537506104,1
13054,0,0.08206689357757568,0
13055,1,0.9984097480773926,1
13056,1,0.9999979734420776,1
13057,0,0.037712596356868744,0
13058,1,0.9963640570640564,1
13059,0,0.22214679419994354,0
13060,0,0.11262542009353638,0
13061,0,0.6474294066429138,1
13062,0,7.043047844490502e-06,0
13063,0,0.07215112447738647,0
13064,1,0.9999474287033081,1
13065,0,0.01042220275849104,0
13066,0,0.031206775456666946,0
13067,1,0.9993560910224915,1
13068,0,0.0010226896265521646,0
13069,0,0.0061071752570569515,0
13070,1,0.8736563324928284,1
13071,1,0.9170006513595581,1
13072,0,0.051652275025844574,0
13073,1,0.5639748573303223,1
13074,1,0.9975849390029907,1
13075,0,0.2013455480337143,0
13076,0,0.0910307988524437,0
13077,0,0.0074508050456643105,0
13078,1,0.9999184608459473,1
13079,1,0.9504978060722351,1
13080,0,0.037455376237630844,0
13081,1,0.9995600581169128,1
13082,1,0.9782177805900574,1
13083,1,0.9535014033317566,1
13084,0,0.8573377728462219,1
13085,0,0.017125122249126434,0
13086,0,0.022436026483774185,0
13087,0,0.2540993094444275,0
13088,0,0.004301437642425299,0
13089,0,0.7742123007774353,1
13090,0,0.09443698078393936,0
13091,0,0.13848790526390076,0
13092,1,0.9999246597290039,1
13093,1,0.9918952584266663,1
13094,1,0.6497475504875183,1
13095,0,0.16447971761226654,0
13096,0,0.5898725986480713,1
13097,1,0.999167799949646,1
13098,1,0.9226402044296265,1
13099,1,0.9372472167015076,1
13100,0,0.0008184692705981433,0
13101,1,0.9617201685905457,1
13102,0,0.0199411790817976,0
13103,0,0.026550939306616783,0
13104,1,0.9750653505325317,1
13105,0,0.09698394685983658,0
13106,0,0.0009025391191244125,0
13107,0,4.433621506905183e-05,0
13108,0,0.014121988788247108,0
13109,1,0.995074450969696,1
13110,0,0.043886616826057434,0
13111,0,0.11236625164747238,0
13112,1,0.892495334148407,1
13113,1,0.9572463035583496,1
13114,1,0.9999822378158569,1
13115,0,1.563646219437942e-05,0
13116,0,0.00043625952093861997,0
13117,0,0.2224603295326233,0
13118,1,0.9956493973731995,1
13119,1,0.3821132183074951,0
13120,0,0.023974869400262833,0
13121,1,0.9979109168052673,1
13122,1,0.8504643440246582,1
13123,0,0.002056832192465663,0
13124,0,0.005463294219225645,0
13125,0,0.04275459051132202,0
13126,0,0.008951916359364986,0
13127,1,0.9997883439064026,1
13128,0,0.008600295521318913,0
13129,1,0.9925879836082458,1
13130,0,0.000239868852077052,0
13131,0,1.5734696717117913e-05,0
13132,0,0.00027053692610934377,0
13133,0,0.004486759193241596,0
13134,1,0.9988114833831787,1
13135,0,0.7835850715637207,1
13136,1,0.9704631567001343,1
13137,0,0.001173888216726482,0
13138,1,0.9992813467979431,1
13139,1,0.9966283440589905,1
13140,0,0.05977093055844307,0
13141,1,0.9999977350234985,1
13142,1,0.9999994039535522,1
13143,0,6.959288293728605e-05,0
13144,0,0.0014679365558549762,0
13145,1,0.971860945224762,1
13146,1,0.9832009077072144,1
13147,0,0.6553716063499451,1
13148,0,0.13346822559833527,0
13149,0,0.592545747756958,1
13150,1,0.9892990589141846,1
13151,1,0.9911399483680725,1
13152,0,0.040387365967035294,0
13153,0,0.10388337820768356,0
13154,0,0.06920924037694931,0
13155,1,0.9997598528862,1
13156,0,0.0062654148787260056,0
13157,0,0.01576400361955166,0
13158,0,0.008757632225751877,0
13159,1,0.8080167174339294,1
13160,0,0.0035242903977632523,0
13161,1,0.9985620379447937,1
13162,1,0.9993957281112671,1
13163,1,0.3686992824077606,0
13164,0,0.048846956342458725,0
13165,0,0.0005951318889856339,0
13166,0,0.012466765940189362,0
13167,1,0.9880989193916321,1
13168,1,0.9993170499801636,1
13169,1,0.999945878982544,1
13170,1,0.9825187921524048,1
13171,1,0.16251863539218903,0
13172,1,0.995788037776947,1
13173,1,0.9358391165733337,1
13174,1,0.9955226182937622,1
13175,1,0.9896730184555054,1
13176,1,0.9079843759536743,1
13177,1,0.823372483253479,1
13178,1,0.8590060472488403,1
13179,1,0.9861714243888855,1
13180,1,0.9925937056541443,1
13181,1,0.728731095790863,1
13182,0,0.013013144955039024,0
13183,0,0.008359963074326515,0
13184,0,0.0011755224550142884,0
13185,1,0.9999929666519165,1
13186,1,0.999258816242218,1
13187,0,0.0028472209814935923,0
13188,1,0.9806612730026245,1
13189,0,0.07000476866960526,0
13190,0,0.10872762650251389,0
13191,1,0.9982905983924866,1
13192,0,0.932582676410675,1
13193,1,0.7224640250205994,1
13194,1,0.978646457195282,1
13195,1,0.9999814033508301,1
13196,1,0.999950647354126,1
13197,1,0.9936584830284119,1
13198,1,0.9981830716133118,1
13199,0,0.0013493802398443222,0
13200,1,0.9982777833938599,1
13201,1,0.9995774626731873,1
13202,1,0.9998869895935059,1
13203,0,0.38868600130081177,0
13204,0,0.04818933457136154,0
13205,0,0.07400219887495041,0
13206,1,0.9521560668945312,1
13207,0,0.18119634687900543,0
13208,1,0.9102101922035217,1
13209,0,0.0031097105238586664,0
13210,0,0.03075253963470459,0
13211,0,0.6758946180343628,1
13212,1,0.9987567663192749,1
13213,1,0.9690389633178711,1
13214,0,0.0021021573338657618,0
13215,0,0.07571260631084442,0
13216,1,0.9728216528892517,1
13217,0,0.06613676249980927,0
13218,1,0.8750511407852173,1
13219,0,0.006982430815696716,0
13220,0,0.636916995048523,1
13221,0,0.014594079926609993,0
13222,1,0.9563350677490234,1
13223,1,0.9978231191635132,1
13224,1,0.9128783345222473,1
13225,0,0.5853556394577026,1
13226,1,0.9996001124382019,1
13227,1,0.9888471364974976,1
13228,1,0.9995067119598389,1
13229,1,0.9662930369377136,1
13230,1,0.9999816417694092,1
13231,0,0.00788422953337431,0
13232,1,0.9754714965820312,1
13233,1,0.9986317753791809,1
13234,1,0.6181637644767761,1
13235,1,0.946406364440918,1
13236,1,0.9011606574058533,1
13237,0,0.0012956063728779554,0
13238,1,0.9567721486091614,1
13239,0,0.794334888458252,1
13240,0,0.3091735243797302,0
13241,0,0.0005920437397435308,0
13242,1,0.9934561848640442,1
13243,1,0.889362096786499,1
13244,1,0.9503844380378723,1
13245,1,0.9817272424697876,1
13246,0,0.004903262481093407,0
13247,1,0.9997091889381409,1
13248,1,0.9998797178268433,1
13249,0,0.0027967176865786314,0
13250,0,0.0017828589770942926,0
13251,0,0.029135538265109062,0
13252,1,0.9488652944564819,1
13253,0,2.0391355519677745e-06,0
13254,0,0.013611927628517151,0
13255,0,0.0012647182447835803,0
13256,1,0.9390913248062134,1
13257,0,0.017921902239322662,0
13258,0,0.017366614192724228,0
13259,0,0.015881555154919624,0
13260,1,0.7980112433433533,1
13261,1,0.7699738144874573,1
13262,1,0.997204065322876,1
13263,1,0.9998223185539246,1
13264,0,0.014811115339398384,0
13265,1,0.5172315835952759,1
13266,0,0.47019943594932556,0
13267,1,0.9986491799354553,1
13268,0,0.8005035519599915,1
13269,1,0.9999769926071167,1
13270,1,0.9780402183532715,1
13271,1,0.9953987002372742,1
13272,1,0.9956953525543213,1
13273,1,0.891945481300354,1
13274,0,0.002174467546865344,0
13275,0,0.03134097903966904,0
13276,0,0.0002903747954405844,0
13277,0,0.12071526050567627,0
13278,0,0.01400566753000021,0
13279,0,0.4013948440551758,0
13280,0,0.032879650592803955,0
13281,0,0.05440139025449753,0
13282,1,0.9886177182197571,1
13283,1,0.9898163080215454,1
13284,1,0.8060387372970581,1
13285,1,1.0,1
13286,1,0.784475564956665,1
13287,0,8.555542444810271e-05,0
13288,0,0.018479542806744576,0
13289,1,0.9999740123748779,1
13290,1,0.9674766659736633,1
13291,1,0.9996435642242432,1
13292,0,0.04261375591158867,0
13293,1,0.9957141280174255,1
13294,1,0.8389724493026733,1
13295,1,0.9883459210395813,1
13296,1,0.9893731474876404,1
13297,1,0.9997015595436096,1
13298,0,0.007253119722008705,0
13299,0,0.003046321216970682,0
13300,0,0.8194122314453125,1
13301,0,0.0320260189473629,0
13302,0,0.0002651840331964195,0
13303,1,0.9372982978820801,1
13304,1,0.984050452709198,1
13305,0,0.01487776730209589,0
13306,1,0.9927652478218079,1
13307,1,0.9422371983528137,1
13308,0,4.510063433826872e-07,0
13309,0,0.022010643035173416,0
13310,0,0.00768529437482357,0
13311,1,0.9688665270805359,1
13312,1,0.8917052149772644,1
13313,1,0.9936680197715759,1
13314,1,1.0,1
13315,1,0.2521151304244995,0
13316,1,0.9987618923187256,1
13317,1,0.9996976852416992,1
13318,1,0.8847503066062927,1
13319,0,2.2998843718369244e-08,0
13320,0,0.024604815989732742,0
13321,0,0.12309426069259644,0
13322,0,0.09087923914194107,0
13323,0,0.00045705074444413185,0
13324,0,0.004193013533949852,0
13325,0,0.30494335293769836,0
13326,0,0.0667606070637703,0
13327,0,0.00016555078036617488,0
13328,1,0.931509256362915,1
13329,1,0.9984362721443176,1
13330,1,0.937710702419281,1
13331,1,0.9096293449401855,1
13332,1,0.7916610240936279,1
13333,0,0.00022414927661884576,0
13334,1,0.999583899974823,1
13335,0,9.965671779355034e-05,0
13336,1,0.9866763353347778,1
13337,0,0.01373139675706625,0
13338,0,0.00036354761687107384,0
13339,1,0.9999995231628418,1
13340,0,0.23198039829730988,0
13341,1,0.9970182180404663,1
13342,0,0.004191860556602478,0
13343,1,0.7320533394813538,1
13344,0,0.0016763709718361497,0
13345,1,0.9952672719955444,1
13346,1,0.9145767092704773,1
13347,0,0.04827653616666794,0
13348,0,0.023405732586979866,0
13349,1,0.035181447863578796,0
13350,0,0.2370394468307495,0
13351,0,0.01821993477642536,0
13352,0,0.01860968768596649,0
13353,1,0.9877704381942749,1
13354,1,0.9999996423721313,1
13355,1,0.9776148200035095,1
13356,1,0.9981544613838196,1
13357,0,0.02531898207962513,0
13358,0,0.0007365081692114472,0
13359,1,0.9169354438781738,1
13360,1,0.44163957238197327,0
13361,1,0.9934990406036377,1
13362,1,0.7277693748474121,1
13363,1,0.9299052357673645,1
13364,1,0.7607144117355347,1
13365,1,0.9980469942092896,1
13366,0,1.4148364243737888e-05,0
13367,1,0.998878538608551,1
13368,0,0.024919454008340836,0
13369,1,0.9913122057914734,1
13370,0,0.05119501054286957,0
13371,1,0.9993977546691895,1
13372,1,0.9983572363853455,1
13373,0,0.02030564658343792,0
13374,1,0.7318663597106934,1
13375,1,0.9723328351974487,1
13376,1,0.9479686617851257,1
13377,0,0.019486838951706886,0
13378,1,0.895851194858551,1
13379,1,0.3916035294532776,0
13380,0,0.05450700968503952,0
13381,1,0.9522814154624939,1
13382,0,0.0005670375539921224,0
13383,1,0.9786414504051208,1
13384,0,0.03443336859345436,0
13385,1,0.9929084777832031,1
13386,0,0.010106612928211689,0
13387,1,0.9765340089797974,1
13388,1,0.9586144685745239,1
13389,0,6.30028853265685e-06,0
13390,1,0.9999598264694214,1
13391,1,0.983247697353363,1
13392,1,0.9994379878044128,1
13393,1,0.9994595646858215,1
13394,1,0.9876480102539062,1
13395,1,0.9668431878089905,1
13396,1,0.989790141582489,1
13397,0,0.04494477063417435,0
13398,1,0.4370882511138916,0
13399,1,0.9997640252113342,1
13400,0,0.04750248044729233,0
13401,1,0.9680125713348389,1
13402,1,0.9954793453216553,1
13403,1,0.9940537810325623,1
13404,1,0.9996015429496765,1
13405,1,0.9448496699333191,1
13406,0,0.09645819664001465,0
13407,0,0.013879667036235332,0
13408,0,0.040673065930604935,0
13409,1,0.514646589756012,1
13410,1,0.9993687272071838,1
13411,1,0.8878536224365234,1
13412,1,0.9318975210189819,1
13413,1,0.9600247740745544,1
13414,1,0.9942426085472107,1
13415,1,0.9999961853027344,1
13416,1,0.8456076383590698,1
13417,1,0.9999986886978149,1
13418,0,0.07890119403600693,0
13419,1,0.9743580222129822,1
13420,0,0.00022653068299405277,0
13421,0,0.052534881979227066,0
13422,0,0.0010297283297404647,0
13423,1,0.9515831470489502,1
13424,0,0.004997601266950369,0
13425,1,0.9266995787620544,1
13426,0,0.6267523169517517,1
13427,1,0.9813604354858398,1
13428,0,0.07829611748456955,0
13429,0,1.0159416774513375e-07,0
13430,1,0.9220772385597229,1
13431,0,0.014542111195623875,0
13432,0,0.0005068158498033881,0
13433,1,0.9987887740135193,1
13434,0,0.017097285017371178,0
13435,0,5.86814021517057e-05,0
13436,1,0.9994912147521973,1
13437,0,0.23819395899772644,0
13438,0,0.015982691198587418,0
13439,1,0.9999896287918091,1
13440,0,0.2060287743806839,0
13441,1,0.19361945986747742,0
13442,1,0.9993782043457031,1
13443,0,0.0023921257816255093,0
13444,1,0.9990215301513672,1
13445,1,0.7016986608505249,1
13446,0,0.0013005418004468083,0
13447,0,0.2777803838253021,0
13448,1,0.8415132761001587,1
13449,1,0.9464379549026489,1
13450,0,8.925938345782924e-06,0
13451,0,0.00030354992486536503,0
13452,0,0.0013976143673062325,0
13453,0,0.39820531010627747,0
13454,0,0.0018935664556920528,0
13455,0,0.013849827460944653,0
13456,1,0.7743663191795349,1
13457,1,0.9999594688415527,1
13458,0,0.005678683519363403,0
13459,1,0.998205304145813,1
13460,1,0.9984408020973206,1
13461,1,0.9509317278862,1
13462,0,0.002764076227322221,0
13463,1,0.9998304843902588,1
13464,0,0.002929076086729765,0
13465,0,0.021538307890295982,0
13466,1,0.29158589243888855,0
13467,1,0.9806122183799744,1
13468,0,0.25216132402420044,0
13469,0,0.05664285272359848,0
13470,1,0.5187997817993164,1
13471,0,0.5335234999656677,1
13472,1,0.9383118152618408,1
13473,0,0.3184562027454376,0
13474,1,0.4879840612411499,0
13475,0,0.18643046915531158,0
13476,0,0.9660011529922485,1
13477,1,0.9998314380645752,1
13478,1,0.9984214305877686,1
13479,0,0.31396833062171936,0
13480,1,0.9999879598617554,1
13481,1,0.9992640614509583,1
13482,0,0.06949707120656967,0
13483,1,0.9984787106513977,1
13484,0,0.07117942720651627,0
13485,1,0.9998438358306885,1
13486,1,0.3355643153190613,0
13487,0,0.11761438846588135,0
13488,1,0.7291752099990845,1
13489,0,0.21597875654697418,0
13490,1,0.9995335340499878,1
13491,1,0.5106381177902222,1
13492,1,0.9828091263771057,1
13493,1,0.810754120349884,1
13494,0,0.00905937235802412,0
13495,0,0.026829242706298828,0
13496,1,0.8010968565940857,1
13497,0,0.007742953021079302,0
13498,0,0.040935955941677094,0
13499,1,0.9968053102493286,1
13500,0,0.008503950200974941,0
13501,0,0.0007850208203308284,0
13502,1,0.9108547568321228,1
13503,1,0.9994122982025146,1
13504,1,0.9940284490585327,1
13505,1,0.9993427395820618,1
13506,1,0.9999972581863403,1
13507,0,0.00016638205852359533,0
13508,0,0.011158767156302929,0
13509,1,0.9965877532958984,1
13510,1,0.9958837628364563,1
13511,0,0.005247762892395258,0
13512,1,0.7597416043281555,1
13513,0,0.0006614698213525116,0
13514,0,0.002774776192381978,0
13515,1,0.6505162119865417,1
13516,1,0.9982689619064331,1
13517,0,0.001154612167738378,0
13518,0,0.27115967869758606,0
13519,1,0.9999948740005493,1
13520,0,0.19594348967075348,0
13521,1,0.5288224220275879,1
13522,1,0.9982301592826843,1
13523,0,0.14297276735305786,0
13524,1,0.3474554717540741,0
13525,1,0.9405386447906494,1
13526,1,0.8857334852218628,1
13527,1,0.9991488456726074,1
13528,1,0.9913291931152344,1
13529,1,0.9992762207984924,1
13530,1,0.9922285676002502,1
13531,0,0.22212877869606018,0
13532,0,0.00041398563189432025,0
13533,0,0.37243887782096863,0
13534,1,0.9998370409011841,1
13535,0,0.012626001611351967,0
13536,0,0.008108953014016151,0
13537,1,0.517193615436554,1
13538,1,0.9992320537567139,1
13539,0,0.00013665466394741088,0
13540,0,0.005203043110668659,0
13541,0,0.001259648590348661,0
13542,0,0.03173511475324631,0
13543,1,0.8827643990516663,1
13544,1,0.9994516968727112,1
13545,0,0.018526338040828705,0
13546,0,0.6453111171722412,1
13547,0,0.22948147356510162,0
13548,0,0.059558358043432236,0
13549,0,9.703802061267197e-05,0
13550,1,0.9430911540985107,1
13551,0,4.596219696395565e-06,0
13552,0,0.009971700608730316,0
13553,0,0.03705741837620735,0
13554,0,0.11726716160774231,0
13555,0,0.000755656452383846,0
13556,0,0.25232771039009094,0
13557,0,0.03370442986488342,0
13558,0,0.0827256590127945,0
13559,0,0.031814996153116226,0
13560,0,0.8667606115341187,1
13561,0,0.0031518435571342707,0
13562,0,0.30957356095314026,0
13563,0,0.0010275646345689893,0
13564,0,0.21683752536773682,0
13565,0,0.012827455066144466,0
13566,0,0.6110134124755859,1
13567,1,0.9915181994438171,1
13568,1,0.944582462310791,1
13569,0,0.006076824851334095,0
13570,0,0.10512667894363403,0
13571,0,0.01587793417274952,0
13572,0,0.03498275950551033,0
13573,1,0.9779234528541565,1
13574,1,0.29075706005096436,0
13575,1,0.885732889175415,1
13576,1,0.9946029782295227,1
13577,1,0.9995713829994202,1
13578,1,0.9889295697212219,1
13579,1,0.9352450966835022,1
13580,0,0.014902547001838684,0
13581,0,0.021475980058312416,0
13582,0,0.015306965447962284,0
13583,0,0.0012559921015053988,0
13584,1,0.865863561630249,1
13585,1,0.9999825954437256,1
13586,1,0.8859388828277588,1
13587,0,0.012237435206770897,0
13588,1,0.9893151521682739,1
13589,0,0.004575527273118496,0
13590,0,0.06288080662488937,0
13591,0,4.866592280450277e-05,0
13592,0,0.7669922709465027,1
13593,0,0.11341798305511475,0
13594,0,0.007812184281647205,0
13595,0,0.00021588396339211613,0
13596,1,0.9758785367012024,1
13597,0,0.00030403881100937724,0
13598,0,0.007471420802175999,0
13599,0,0.009512419812381268,0
13600,1,0.9954952001571655,1
13601,0,0.0016310224309563637,0
13602,0,0.003287095110863447,0
13603,0,0.9340713620185852,1
13604,0,0.00886775366961956,0
13605,1,0.9936530590057373,1
13606,0,0.8785295486450195,1
13607,1,0.9975577592849731,1
13608,0,0.013646882027387619,0
13609,1,0.9615886211395264,1
13610,0,0.06135676056146622,0
13611,0,0.007791012059897184,0
13612,0,0.676916778087616,1
13613,1,0.9727415442466736,1
13614,0,0.5574800968170166,1
13615,1,0.9523561000823975,1
13616,1,0.9900145530700684,1
13617,1,0.985582172870636,1
13618,0,0.1768645942211151,0
13619,1,0.998354434967041,1
13620,0,0.49116241931915283,0
13621,1,0.9252267479896545,1
13622,0,7.207211183413165e-08,0
13623,1,0.8407317399978638,1
13624,0,0.004981289152055979,0
13625,1,0.9997126460075378,1
13626,0,0.42011788487434387,0
13627,0,0.0011551908683031797,0
13628,1,0.9819913506507874,1
13629,0,0.021282371133565903,0
13630,1,0.27333301305770874,0
13631,0,0.06035840883851051,0
13632,0,0.20640651881694794,0
13633,1,0.9864462614059448,1
13634,1,0.9968639612197876,1
13635,0,0.031819701194763184,0
13636,0,0.01055713091045618,0
13637,1,0.6901110410690308,1
13638,0,2.0662459243592224e-10,0
13639,1,0.8784924149513245,1
13640,1,0.5954366326332092,1
13641,0,0.0015004591550678015,0
13642,0,0.7380188703536987,1
13643,0,0.5365961194038391,1
13644,0,0.01783650554716587,0
13645,0,0.27868813276290894,0
13646,0,0.3431210517883301,0
13647,1,0.9999121427536011,1
13648,1,0.9999986886978149,1
13649,0,0.00014400697546079755,0
13650,0,2.4293405658681877e-05,0
13651,1,0.9296066761016846,1
13652,1,0.04910698160529137,0
13653,0,0.07082277536392212,0
13654,1,0.999987006187439,1
13655,0,0.2738431394100189,0
13656,1,0.9976767897605896,1
13657,0,0.012858891859650612,0
13658,0,0.0003895507543347776,0
13659,0,0.03852223604917526,0
13660,0,0.24034005403518677,0
13661,0,0.0018864405574277043,0
13662,0,0.000339808058924973,0
13663,1,0.9997549653053284,1
13664,1,0.9999998807907104,1
13665,1,0.9438188076019287,1
13666,1,0.9986999034881592,1
13667,0,0.046273451298475266,0
13668,0,0.04084249213337898,0
13669,0,3.1095863960217685e-05,0
13670,0,0.0016959726344794035,0
13671,1,0.9959861636161804,1
13672,0,0.009512398391962051,0
13673,0,0.02830624207854271,0
13674,1,0.999974250793457,1
13675,1,0.7714496850967407,1
13676,0,0.259115606546402,0
13677,1,0.997584342956543,1
13678,1,0.9151518940925598,1
13679,0,0.0013301433064043522,0
13680,0,0.04792071878910065,0
13681,0,0.0001636967936065048,0
13682,0,0.44178178906440735,0
13683,1,0.9890934228897095,1
13684,1,0.9999499320983887,1
13685,1,0.99800044298172,1
13686,0,0.904119610786438,1
13687,0,0.041319042444229126,0
13688,1,0.5457761883735657,1
13689,0,0.001450565760023892,0
13690,1,0.8893696069717407,1
13691,1,0.9941589832305908,1
13692,0,0.1711684763431549,0
13693,1,0.9999958276748657,1
13694,1,0.998880922794342,1
13695,0,0.00017678001313470304,0
13696,0,0.09272658079862595,0
13697,1,0.9999374151229858,1
13698,0,0.0006901085725985467,0
13699,0,0.3224457800388336,0
13700,0,0.24658307433128357,0
13701,1,0.9534411430358887,1
13702,0,0.035481441766023636,0
13703,0,0.05358627438545227,0
13704,0,0.0069374158047139645,0
13705,0,0.06120624020695686,0
13706,0,0.5790860652923584,1
13707,0,0.005986674688756466,0
13708,0,0.00382516672834754,0
13709,0,0.10822317004203796,0
13710,0,9.086198406293988e-05,0
13711,1,0.9676084518432617,1
13712,1,0.9394718408584595,1
13713,0,0.002269332529976964,0
13714,0,0.006920846179127693,0
13715,0,5.0448339607100934e-05,0
13716,1,0.9971333742141724,1
13717,1,0.9130021333694458,1
13718,1,0.8421698808670044,1
13719,0,0.05639802664518356,0
13720,1,0.9996428489685059,1
13721,1,0.9975811243057251,1
13722,1,0.9992557168006897,1
13723,1,0.8649623990058899,1
13724,0,0.00043882214231416583,0
13725,1,0.9762520790100098,1
13726,1,0.9155202507972717,1
13727,1,0.2743077874183655,0
13728,0,0.009204937145113945,0
13729,1,0.050369277596473694,0
13730,1,0.47132226824760437,0
13731,0,0.0636788085103035,0
13732,1,0.9998692274093628,1
13733,0,0.033464930951595306,0
13734,0,0.03389135003089905,0
13735,1,1.0,1
13736,0,0.015584840439260006,0
13737,0,0.024146080017089844,0
13738,1,0.7509269714355469,1
13739,1,0.9097496867179871,1
13740,1,0.9099680781364441,1
13741,0,0.016109736636281013,0
13742,0,0.4870927929878235,0
13743,0,8.856358181219548e-05,0
13744,0,0.06168072298169136,0
13745,0,0.03314268961548805,0
13746,1,0.9629512429237366,1
13747,1,0.855008602142334,1
13748,0,0.028049420565366745,0
13749,1,0.9983083009719849,1
13750,1,0.9513306021690369,1
13751,0,0.012781239114701748,0
13752,1,0.5829200148582458,1
13753,0,0.015038610436022282,0
13754,0,0.15222422778606415,0
13755,0,0.0018163180211558938,0
13756,1,0.9960214495658875,1
13757,0,0.0006831783684901893,0
13758,1,0.9606047868728638,1
13759,1,0.8985090255737305,1
13760,1,0.9663062691688538,1
13761,1,0.9992077946662903,1
13762,0,0.0012387294555082917,0
13763,1,0.9520947337150574,1
13764,1,0.9999998807907104,1
13765,1,0.9978148937225342,1
13766,0,0.00872754491865635,0
13767,0,0.005629918072372675,0
13768,0,0.6287598013877869,1
13769,0,0.0006561451591551304,0
13770,0,0.045271165668964386,0
13771,1,0.9999815225601196,1
13772,0,2.897083140851464e-05,0
13773,0,1.993824298551772e-06,0
13774,1,0.7793494462966919,1
13775,1,0.9999622106552124,1
13776,0,0.12495402991771698,0
13777,1,0.9988508224487305,1
13778,1,0.9749890565872192,1
13779,1,0.996891438961029,1
13780,0,6.818109250161797e-05,0
13781,1,0.9999926090240479,1
13782,0,0.0005682229530066252,0
13783,0,0.04817075654864311,0
13784,0,0.4443472623825073,0
13785,0,0.10171356052160263,0
13786,0,0.7079956531524658,1
13787,1,0.6510395407676697,1
13788,0,0.6180224418640137,1
13789,0,8.704863830644172e-06,0
13790,0,0.022217031568288803,0
13791,1,0.9914860129356384,1
13792,1,0.9892130494117737,1
13793,1,1.0,1
13794,0,0.01670527644455433,0
13795,1,0.9399598836898804,1
13796,0,0.004737346898764372,0
13797,0,1.0555328177263776e-13,0
13798,0,0.004776822403073311,0
13799,0,0.029064834117889404,0
13800,0,0.21410582959651947,0
13801,1,0.8779800534248352,1
13802,0,0.012016053311526775,0
13803,0,0.01635020226240158,0
13804,1,0.999273955821991,1
13805,1,0.41999688744544983,0
13806,1,0.9122707843780518,1
13807,1,0.004470947198569775,0
13808,1,0.9650861620903015,1
13809,1,0.9905988574028015,1
13810,1,0.9071884155273438,1
13811,1,0.971741259098053,1
13812,1,0.9968994855880737,1
13813,1,0.9364596605300903,1
13814,1,0.6776713728904724,1
13815,0,0.15833041071891785,0
13816,1,0.999987006187439,1
13817,0,0.057700637727975845,0
13818,1,0.9806288480758667,1
13819,1,0.9158650636672974,1
13820,1,0.9993798732757568,1
13821,1,0.999998927116394,1
13822,0,0.03802070766687393,0
13823,0,0.6466018557548523,1
13824,0,0.0025629689916968346,0
13825,0,0.013780554756522179,0
13826,0,0.007771970704197884,0
13827,1,0.6749989986419678,1
13828,0,0.002484283410012722,0
13829,0,0.18499936163425446,0
13830,1,0.9999918937683105,1
13831,0,0.1822725087404251,0
13832,1,0.9566174149513245,1
13833,0,0.00012416625395417213,0
13834,1,0.987586498260498,1
13835,1,0.9999997615814209,1
13836,1,0.9999979734420776,1
13837,1,0.9983406066894531,1
13838,1,0.7532377243041992,1
13839,1,0.9996916055679321,1
13840,1,0.9999998807907104,1
13841,1,0.9864813089370728,1
13842,0,0.01049116998910904,0
13843,0,0.00010784605547087267,0
13844,0,0.003270816057920456,0
13845,0,0.18640850484371185,0
13846,0,0.12062016874551773,0
13847,1,0.9738659858703613,1
13848,0,0.002889009425416589,0
13849,1,0.9916559457778931,1
13850,0,0.00043998213368467987,0
13851,0,0.12009535729885101,0
13852,1,0.9994009733200073,1
13853,0,0.00020156765822321177,0
13854,1,0.9887123107910156,1
13855,1,0.9841683506965637,1
13856,0,0.001887428225018084,0
13857,1,0.9902835488319397,1
13858,1,0.8317410349845886,1
13859,1,0.9994094371795654,1
13860,0,0.028841674327850342,0
13861,0,0.38867196440696716,0
13862,1,0.9928350448608398,1
13863,0,1.2731944707411458e-06,0
13864,0,0.0002338212652830407,0
13865,1,0.99988853931427,1
13866,0,0.005534369498491287,0
13867,1,0.9990860223770142,1
13868,1,0.9999313354492188,1
13869,0,0.0025347061455249786,0
13870,1,0.9327231645584106,1
13871,0,0.20044046640396118,0
13872,1,0.2673850953578949,0
13873,1,0.9970065951347351,1
13874,1,0.694151759147644,1
13875,1,0.8425642251968384,1
13876,0,0.024035196751356125,0
13877,0,0.30130645632743835,0
13878,0,0.1597505658864975,0
13879,0,0.14299654960632324,0
13880,1,0.9999998807907104,1
13881,0,0.0016870500985533,0
13882,1,0.9984539747238159,1
13883,1,0.9854017496109009,1
13884,0,0.01843463070690632,0
13885,0,0.1130109578371048,0
13886,0,0.025410281494259834,0
13887,0,6.175722546686302e-07,0
13888,0,0.01817926950752735,0
13889,0,0.0006643973174504936,0
13890,1,0.9957745671272278,1
13891,1,0.9726369976997375,1
13892,0,0.15907086431980133,0
13893,1,0.9419012069702148,1
13894,1,0.994246780872345,1
13895,1,0.942173182964325,1
13896,0,0.10604817420244217,0
13897,1,0.9814144968986511,1
13898,0,0.016507603228092194,0
13899,0,0.5963455438613892,1
13900,0,0.040325015783309937,0
13901,1,0.9994524121284485,1
13902,1,0.6576942205429077,1
13903,0,0.008299357257783413,0
13904,0,2.774519452941604e-05,0
13905,1,0.9997425675392151,1
13906,0,0.0038047470152378082,0
13907,1,0.9999005794525146,1
13908,0,2.9374030319218036e-08,0
13909,0,0.003627552418038249,0
13910,1,0.36150723695755005,0
13911,0,0.0021090414375066757,0
13912,0,0.0001944082323461771,0
13913,0,0.9784179329872131,1
13914,0,0.04288529232144356,0
13915,0,0.023479461669921875,0
13916,1,0.9997242093086243,1
13917,0,0.0010625669965520501,0
13918,1,0.9981233477592468,1
13919,1,0.8382171988487244,1
13920,0,0.5183674097061157,1
13921,1,0.999731719493866,1
13922,0,0.06053992733359337,0
13923,0,0.012639460153877735,0
13924,0,0.000313533324515447,0
13925,1,0.9481024742126465,1
13926,0,0.00011050912871723995,0
13927,0,0.19160541892051697,0
13928,0,0.02624777890741825,0
13929,0,0.6637362241744995,1
13930,1,0.3588881194591522,0
13931,0,0.02467946708202362,0
13932,1,0.9995943903923035,1
13933,1,0.9976327419281006,1
13934,1,0.9999984502792358,1
13935,1,0.9936550855636597,1
13936,0,0.0038284824695438147,0
13937,0,0.28885483741760254,0
13938,1,0.999998927116394,1
13939,1,0.6690860986709595,1
13940,0,0.08868874609470367,0
13941,0,0.04100630059838295,0
13942,0,0.020026514306664467,0
13943,1,0.9999624490737915,1
13944,1,0.937249481678009,1
13945,0,9.619504082181152e-10,0
13946,1,0.9999927282333374,1
13947,1,0.9999996423721313,1
13948,0,0.021222243085503578,0
13949,1,0.9466605186462402,1
13950,1,0.9997286200523376,1
13951,1,0.9981855750083923,1
13952,0,0.011676637455821037,0
13953,1,0.884125828742981,1
13954,1,0.99981290102005,1
13955,0,5.499859071278479e-06,0
13956,0,0.08077579736709595,0
13957,1,0.7422937750816345,1
13958,1,0.9999676942825317,1
13959,1,0.9873940944671631,1
13960,1,0.983190655708313,1
13961,1,0.9982277750968933,1
13962,1,0.8966130018234253,1
13963,0,0.0004149265878368169,0
13964,0,0.0001776753197191283,0
13965,0,0.07340862601995468,0
13966,0,0.0002997017581947148,0
13967,0,0.038113854825496674,0
13968,0,0.0038103850092738867,0
13969,1,0.8303564786911011,1
13970,1,0.9704102873802185,1
13971,0,0.010057608596980572,0
13972,1,0.9004606604576111,1
13973,0,0.022385163232684135,0
13974,1,0.9936630725860596,1
13975,0,0.00776934577152133,0
13976,1,0.9981542229652405,1
13977,1,0.9371286630630493,1
13978,1,0.9999984502792358,1
13979,0,0.0016966365510597825,0
13980,1,0.9970247149467468,1
13981,0,0.0012525718193501234,0
13982,0,0.020818278193473816,0
13983,0,0.01178949698805809,0
13984,0,0.9608812928199768,1
13985,1,0.9999430179595947,1
13986,1,0.9363442659378052,1
13987,1,0.42356452345848083,0
13988,1,0.9292279481887817,1
13989,1,0.48344722390174866,0
13990,1,0.8127557635307312,1
13991,0,0.04987332597374916,0
13992,0,0.020264698192477226,0
13993,0,0.015622882172465324,0
13994,0,0.0015375313814729452,0
13995,1,0.9992332458496094,1
13996,0,0.7473494410514832,1
13997,1,0.7997318506240845,1
13998,0,0.16271884739398956,0
13999,0,0.07381075620651245,0
14000,1,0.98612380027771,1
14001,1,0.9999909400939941,1
14002,0,0.09391516447067261,0
14003,0,0.15065158903598785,0
14004,1,0.9999399185180664,1
14005,1,0.9995463490486145,1
14006,1,0.9780900478363037,1
14007,1,0.9999985694885254,1
14008,0,0.0005000624223612249,0
14009,1,0.4083295464515686,0
14010,1,0.985939621925354,1
14011,0,0.012298550456762314,0
14012,0,0.6776620149612427,1
14013,0,0.019462551921606064,0
14014,0,0.022475726902484894,0
14015,0,0.0005460349493660033,0
14016,0,0.008098163641989231,0
14017,0,0.12828680872917175,0
14018,0,0.26596713066101074,0
14019,1,0.8708030581474304,1
14020,0,0.027591468766331673,0
14021,0,0.0001683208392933011,0
14022,1,0.31672683358192444,0
14023,1,0.9988836646080017,1
14024,0,0.00396924652159214,0
14025,1,0.9096073508262634,1
14026,1,0.9957499504089355,1
14027,1,0.9649109840393066,1
14028,0,0.06755340844392776,0
14029,0,0.01286153681576252,0
14030,0,0.01559971272945404,0
14031,0,5.422448521130718e-05,0
14032,0,0.01135220006108284,0
14033,0,0.017217569053173065,0
14034,0,0.0010891353012993932,0
14035,1,0.8038023114204407,1
14036,0,0.009858566336333752,0
14037,0,0.39941951632499695,0
14038,1,0.9998334646224976,1
14039,1,0.9997915625572205,1
14040,0,0.39917901158332825,0
14041,0,0.012197768315672874,0
14042,1,0.9989323019981384,1
14043,0,0.3406543433666229,0
14044,0,0.28312948346138,0
14045,1,0.9842061996459961,1
14046,0,0.00019336448167450726,0
14047,0,0.005531060975044966,0
14048,1,0.8712007403373718,1
14049,1,0.9780816435813904,1
14050,0,0.19731590151786804,0
14051,1,0.7726923227310181,1
14052,0,0.3887046277523041,0
14053,1,0.9998302459716797,1
14054,1,0.9998152852058411,1
14055,1,0.999805748462677,1
14056,0,0.00021653743169736117,0
14057,0,0.0012217939365655184,0
14058,1,0.9113928079605103,1
14059,0,0.0043783062137663364,0
14060,0,0.0011291105765849352,0
14061,1,0.07150359451770782,0
14062,1,0.572380542755127,1
14063,1,0.9950785636901855,1
14064,1,0.9934579730033875,1
14065,0,0.02733289822936058,0
14066,0,0.00013464040239341557,0
14067,1,0.9942989349365234,1
14068,0,0.010734904557466507,0
14069,0,0.00019488020916469395,0
14070,1,0.9995540976524353,1
14071,1,0.9998453855514526,1
14072,1,0.9799844622612,1
14073,0,0.25384917855262756,0
14074,0,0.12660197913646698,0
14075,1,0.8664085865020752,1
14076,0,0.01308532152324915,0
14077,1,0.9977777600288391,1
14078,0,0.013419981114566326,0
14079,1,0.9840700626373291,1
14080,1,0.9992775321006775,1
14081,0,0.05305051431059837,0
14082,1,0.9999922513961792,1
14083,1,0.8950539231300354,1
14084,1,0.999994158744812,1
14085,1,0.9486258029937744,1
14086,1,1.0,1
14087,1,0.9713727235794067,1
14088,0,0.035134539008140564,0
14089,0,0.004123864229768515,0
14090,1,0.9903678894042969,1
14091,1,1.0,1
14092,1,0.980668842792511,1
14093,1,0.9460294842720032,1
14094,1,0.9999958276748657,1
14095,0,0.0002955228846985847,0
14096,0,0.1040373146533966,0
14097,0,0.025972919538617134,0
14098,0,0.0010477957548573613,0
14099,0,0.003030461724847555,0
14100,1,0.9951093792915344,1
14101,1,0.6048465371131897,1
14102,0,0.08757475763559341,0
14103,1,0.4966796934604645,0
14104,1,0.7290724515914917,1
14105,0,0.0038850782439112663,0
14106,1,0.9999969005584717,1
14107,0,0.0024690080899745226,0
14108,1,0.5455916523933411,1
14109,0,0.0018460627179592848,0
14110,0,0.027702579274773598,0
14111,1,0.9918288588523865,1
14112,1,0.9996805191040039,1
14113,1,0.9999828338623047,1
14114,0,0.46770474314689636,0
14115,0,0.006692870054394007,0
14116,1,0.7038468718528748,1
14117,1,0.9565024971961975,1
14118,0,0.002183495555073023,0
14119,0,0.3428660035133362,0
14120,1,0.9908830523490906,1
14121,1,0.9966989159584045,1
14122,1,0.9999994039535522,1
14123,1,0.9996297359466553,1
14124,1,0.9065679907798767,1
14125,0,0.00125598325394094,0
14126,1,0.05799899622797966,0
14127,1,0.3866419196128845,0
14128,1,0.993419349193573,1
14129,0,0.04189349710941315,0
14130,0,0.10770823061466217,0
14131,0,4.687472028308548e-05,0
14132,0,0.8360323309898376,1
14133,1,0.9999326467514038,1
14134,0,0.0015818886458873749,0
14135,0,0.0007539011421613395,0
14136,1,0.9995707869529724,1
14137,1,0.9879361391067505,1
14138,1,0.9995757937431335,1
14139,1,0.999045193195343,1
14140,1,0.9934044480323792,1
14141,0,0.0009323419071733952,0
14142,0,0.011650270782411098,0
14143,1,0.997221827507019,1
14144,0,0.6243739128112793,1
14145,1,0.8621205687522888,1
14146,1,0.9999903440475464,1
14147,1,0.9986854195594788,1
14148,0,0.15491560101509094,0
14149,0,0.0006176396855153143,0
14150,0,0.048110492527484894,0
14151,0,0.019555745646357536,0
14152,1,0.9933843016624451,1
14153,1,0.9991266131401062,1
14154,0,0.00014393916353583336,0
14155,0,0.1365455538034439,0
14156,1,0.999992847442627,1
14157,1,0.0743633285164833,0
14158,1,0.9571452140808105,1
14159,0,0.0011943966383114457,0
14160,0,0.0680287629365921,0
14161,0,0.3194381892681122,0
14162,1,0.788466215133667,1
14163,1,0.9999957084655762,1
14164,1,0.9999994039535522,1
14165,1,0.8760735392570496,1
14166,1,0.8409345149993896,1
14167,1,0.9837867617607117,1
14168,0,0.1805105060338974,0
14169,1,0.999967098236084,1
14170,1,0.9804137349128723,1
14171,1,0.9496736526489258,1
14172,0,0.002241272246465087,0
14173,0,0.02157631702721119,0
14174,1,0.12164431810379028,0
14175,1,0.998555600643158,1
14176,1,0.9765186905860901,1
14177,0,0.01781153678894043,0
14178,1,0.9695696234703064,1
14179,1,0.95362389087677,1
14180,0,0.015295333229005337,0
14181,1,0.9900670051574707,1
14182,0,0.0011846567504107952,0
14183,1,0.8345669507980347,1
14184,1,0.8618893623352051,1
14185,1,0.11529693007469177,0
14186,0,0.30752578377723694,0
14187,0,0.14052420854568481,0
14188,0,0.000995054142549634,0
14189,1,0.9999995231628418,1
14190,0,0.08931699395179749,0
14191,0,0.07360642403364182,0
14192,0,0.0004113332834094763,0
14193,0,0.0021298876963555813,0
14194,0,0.3048645853996277,0
14195,1,0.8787235021591187,1
14196,1,0.7427330613136292,1
14197,1,0.3794045150279999,0
14198,1,0.9886881709098816,1
14199,1,0.9930410385131836,1
14200,0,0.012359291315078735,0
14201,1,0.9820482730865479,1
14202,0,0.4186682105064392,0
14203,0,0.9814727306365967,1
14204,0,0.7686616778373718,1
14205,1,0.9758843183517456,1
14206,1,0.9997205138206482,1
14207,0,5.7260690482507925e-06,0
14208,0,0.2001466304063797,0
14209,0,0.4169609844684601,0
14210,1,0.9999524354934692,1
14211,0,0.028279630467295647,0
14212,0,0.0010962469968944788,0
14213,1,0.17953339219093323,0
14214,0,0.012883296236395836,0
14215,0,1.1905875908269081e-05,0
14216,0,0.022363580763339996,0
14217,1,0.992141842842102,1
14218,0,0.04335113242268562,0
14219,0,5.658910140482476e-06,0
14220,1,0.9589009881019592,1
14221,1,0.9974960684776306,1
14222,0,0.029623541980981827,0
14223,1,0.9773798584938049,1
14224,1,0.4552709758281708,0
14225,0,0.0009236957412213087,0
14226,1,0.9063238501548767,1
14227,1,0.9999972581863403,1
14228,0,0.11118198931217194,0
14229,1,0.9332588315010071,1
14230,1,0.9459314346313477,1
14231,1,0.2735270857810974,0
14232,1,0.9985596537590027,1
14233,0,0.006367877591401339,0
14234,1,0.9882043600082397,1
14235,1,0.6647374033927917,1
14236,0,0.00823542382568121,0
14237,0,0.08171281218528748,0
14238,0,0.001253739115782082,0
14239,1,0.9988607168197632,1
14240,0,0.11496274173259735,0
14241,0,0.35141441226005554,0
14242,0,0.03887779638171196,0
14243,0,0.0005249482928775251,0
14244,1,0.9990994930267334,1
14245,0,0.018529824912548065,0
14246,1,0.9894906878471375,1
14247,0,0.01272536814212799,0
14248,1,0.9992049336433411,1
14249,1,0.5092712640762329,1
14250,0,0.08119155466556549,0
14251,0,0.01001474354416132,0
14252,0,0.056946367025375366,0
14253,1,0.9085702300071716,1
14254,0,0.004983066115528345,0
14255,1,0.9625338912010193,1
14256,1,0.39729833602905273,0
14257,0,0.04001329466700554,0
14258,1,0.7476974725723267,1
14259,0,0.030782368034124374,0
14260,1,0.9999992847442627,1
14261,0,0.050406936556100845,0
14262,0,1.4498557447950589e-06,0
14263,1,0.5797892808914185,1
14264,1,0.9534791111946106,1
14265,1,0.9990910291671753,1
14266,1,0.8142271637916565,1
14267,1,0.4906362295150757,0
14268,1,0.13921774923801422,0
14269,0,0.03604728356003761,0
14270,0,0.018299004063010216,0
14271,0,0.023139778524637222,0
14272,1,0.9956024885177612,1
14273,1,0.9994274377822876,1
14274,1,0.9772742986679077,1
14275,1,0.9987924098968506,1
14276,0,0.01344512403011322,0
14277,1,0.9999828338623047,1
14278,0,0.43614134192466736,0
14279,0,0.23732148110866547,0
14280,0,0.0499890074133873,0
14281,0,0.10969915986061096,0
14282,1,0.9981943964958191,1
14283,1,0.9975898265838623,1
14284,1,0.9999055862426758,1
14285,1,0.9999977350234985,1
14286,0,0.0028159930370748043,0
14287,0,0.15607650578022003,0
14288,0,0.006668941117823124,0
14289,1,0.9499953389167786,1
14290,0,0.07052469253540039,0
14291,1,0.9991098046302795,1
14292,1,0.9999992847442627,1
14293,1,0.9947142004966736,1
14294,1,0.9860876202583313,1
14295,1,0.9687129855155945,1
14296,1,0.9830717444419861,1
14297,1,0.8281856775283813,1
14298,0,0.08190038055181503,0
14299,0,0.0004575367784127593,0
14300,0,0.15724511444568634,0
14301,1,0.9902006983757019,1
14302,1,0.9858232736587524,1
14303,0,0.06730515509843826,0
14304,1,0.9530447125434875,1
14305,0,0.4459066390991211,0
14306,1,0.9999507665634155,1
14307,0,0.46463310718536377,0
14308,0,0.32897576689720154,0
14309,0,0.07827688753604889,0
14310,0,0.0060781389474868774,0
14311,0,0.014051650650799274,0
14312,0,0.001478766556829214,0
14313,0,0.0033094517420977354,0
14314,0,0.08956119418144226,0
14315,1,0.8068888783454895,1
14316,1,0.9995774626731873,1
14317,1,0.9999716281890869,1
14318,0,0.0006047551869414747,0
14319,0,0.8891885280609131,1
14320,1,0.9993305206298828,1
14321,1,0.5958857536315918,1
14322,1,0.10826732963323593,0
14323,0,0.0006996947922743857,0
14324,0,0.04016411677002907,0
14325,1,0.999472439289093,1
14326,0,0.008748725056648254,0
14327,1,0.9757819175720215,1
14328,1,0.9999598264694214,1
14329,1,0.9995717406272888,1
14330,0,0.0695670023560524,0
14331,0,0.1515238732099533,0
14332,1,0.8692196011543274,1
14333,1,0.89887934923172,1
14334,0,0.05680287629365921,0
14335,1,0.9821765422821045,1
14336,1,0.944944441318512,1
14337,1,0.8987858891487122,1
14338,1,0.9977222084999084,1
14339,1,0.5812564492225647,1
14340,1,0.999599039554596,1
14341,1,0.6792271137237549,1
14342,1,0.3867768347263336,0
14343,0,0.1286650449037552,0
14344,1,0.9999986886978149,1
14345,1,0.9969407320022583,1
14346,1,0.9621315002441406,1
14347,1,0.8284977078437805,1
14348,1,0.9958796501159668,1
14349,1,0.9984664916992188,1
14350,1,0.9993534684181213,1
14351,1,0.9306761026382446,1
14352,1,0.9355599880218506,1
14353,0,0.011635023169219494,0
14354,1,0.7632513642311096,1
14355,0,0.6613764762878418,1
14356,1,0.6988740563392639,1
14357,0,0.063212551176548,0
14358,1,0.9998193383216858,1
14359,0,0.22755160927772522,0
14360,1,0.9881201982498169,1
14361,1,0.9737614393234253,1
14362,0,0.00022706804156769067,0
14363,1,0.9318143129348755,1
14364,0,5.264015712214132e-08,0
14365,1,0.9945428371429443,1
14366,0,0.006462231278419495,0
14367,0,0.19087819755077362,0
14368,1,0.9987643957138062,1
14369,1,0.8150890469551086,1
14370,1,0.9511711001396179,1
14371,0,0.10285554826259613,0
14372,1,0.9999682903289795,1
14373,0,1.976188832486514e-05,0
14374,0,0.00081112131010741,0
14375,1,0.9999984502792358,1
14376,0,0.4367733597755432,0
14377,0,0.03167125582695007,0
14378,0,0.03948377072811127,0
14379,0,0.8442455530166626,1
14380,0,0.6030603647232056,1
14381,1,0.986061692237854,1
14382,0,0.3674222528934479,0
14383,0,7.878789887172388e-08,0
14384,0,0.19583788514137268,0
14385,1,0.9957140684127808,1
14386,0,0.006539782043546438,0
14387,1,0.9278942942619324,1
14388,0,0.051753412932157516,0
14389,0,0.23333770036697388,0
14390,1,0.9874953627586365,1
14391,1,0.9951005578041077,1
14392,1,0.736435055732727,1
14393,0,0.21680410206317902,0
14394,0,0.07548351585865021,0
14395,1,0.06995392590761185,0
14396,1,0.9679944515228271,1
14397,0,0.005201101303100586,0
14398,1,0.9942388534545898,1
14399,0,0.02464749477803707,0
14400,1,0.9996834993362427,1
14401,1,0.9995114803314209,1
14402,1,0.9970299005508423,1
14403,0,0.893619954586029,1
14404,0,0.007081412244588137,0
14405,1,0.9550502300262451,1
14406,0,0.003272420959547162,0
14407,1,0.9516258835792542,1
14408,1,0.8743894100189209,1
14409,0,0.004732149187475443,0
14410,1,0.9355888962745667,1
14411,0,0.027319133281707764,0
14412,0,0.0032684325706213713,0
14413,1,0.9700912237167358,1
14414,1,0.9979921579360962,1
14415,0,0.17359378933906555,0
14416,0,0.019709592685103416,0
14417,1,0.9959388971328735,1
14418,0,0.012410465627908707,0
14419,1,0.9769338965415955,1
14420,0,0.00025143285165540874,0
14421,0,0.11190273612737656,0
14422,1,0.9612982869148254,1
14423,0,0.13778068125247955,0
14424,1,0.9987174272537231,1
14425,0,0.05998013913631439,0
14426,1,0.9689430594444275,1
14427,1,0.8508390784263611,1
14428,0,0.13621295988559723,0
14429,0,0.03237319365143776,0
14430,0,0.036700259894132614,0
14431,1,0.780121386051178,1
14432,0,0.000528590171597898,0
14433,1,0.8507112264633179,1
14434,0,0.21320298314094543,0
14435,1,0.987095057964325,1
14436,0,0.002141102682799101,0
14437,1,0.9998950958251953,1
14438,1,0.9927646517753601,1
14439,1,0.5967220664024353,1
14440,0,0.7597335577011108,1
14441,1,0.9999998807907104,1
14442,0,0.9972901344299316,1
14443,1,0.9815315008163452,1
14444,0,0.01334499754011631,0
14445,0,0.48979607224464417,0
14446,0,0.0009275361080653965,0
14447,0,0.02747325785458088,0
14448,0,0.0069847097620368,0
14449,1,0.7418129444122314,1
14450,0,0.16728907823562622,0
14451,1,0.8207711577415466,1
14452,1,0.998017430305481,1
14453,1,0.984992504119873,1
14454,0,0.0014087194576859474,0
14455,0,0.009743615053594112,0
14456,1,0.8088827729225159,1
14457,0,0.14343997836112976,0
14458,1,0.999946117401123,1
14459,0,0.11062946170568466,0
14460,0,0.19764842092990875,0
14461,1,0.6356436014175415,1
14462,1,0.9994626641273499,1
14463,0,0.0008155427640303969,0
14464,0,0.06139758601784706,0
14465,0,0.0025967343244701624,0
14466,1,0.999951958656311,1
14467,1,0.4002162516117096,0
14468,1,0.9481894373893738,1
14469,1,0.9947996139526367,1
14470,1,0.8406261205673218,1
14471,1,0.9914377331733704,1
14472,1,0.24115414917469025,0
14473,0,0.02216171659529209,0
14474,1,0.36088237166404724,0
14475,1,0.9940850734710693,1
14476,0,0.28848013281822205,0
14477,1,0.9470844268798828,1
14478,1,0.9992225170135498,1
14479,1,0.8654102683067322,1
14480,0,0.2718493938446045,0
14481,0,0.2577422857284546,0
14482,1,0.9817057847976685,1
14483,0,0.9183542728424072,1
14484,1,0.9989217519760132,1
14485,0,0.12719015777111053,0
14486,1,0.9931871891021729,1
14487,1,0.9884653091430664,1
14488,0,0.0003080977185163647,0
14489,1,0.6726042032241821,1
14490,0,0.015309307724237442,0
14491,0,0.03413965553045273,0
14492,1,0.995854914188385,1
14493,1,0.9904763698577881,1
14494,1,0.9822500348091125,1
14495,1,0.9648469686508179,1
14496,1,0.7987769842147827,1
14497,1,0.9985333681106567,1
14498,0,0.06651300191879272,0
14499,0,0.12252675741910934,0
14500,1,0.14045952260494232,0
14501,1,0.9964216947555542,1
14502,1,0.9479814171791077,1
14503,1,0.7440388798713684,1
14504,0,0.0026140755508095026,0
14505,1,0.9999381303787231,1
14506,0,0.009118973277509212,0
14507,0,0.0092625068500638,0
14508,1,0.9321218132972717,1
14509,0,0.005566117819398642,0
14510,1,0.9979044198989868,1
14511,0,0.03130440413951874,0
14512,1,0.9993399977684021,1
14513,1,0.13533775508403778,0
14514,1,0.9916238188743591,1
14515,1,0.9990781545639038,1
14516,0,2.316658901690971e-05,0
14517,0,1.0,1
14518,0,0.030864540487527847,0
14519,0,0.00012418687401805073,0
14520,0,0.504061222076416,1
14521,1,0.9973993301391602,1
14522,0,0.08532967418432236,0
14523,0,0.04605965316295624,0
14524,0,0.05114845186471939,0
14525,1,0.9609212279319763,1
14526,0,0.0002637799771036953,0
14527,1,0.9878778457641602,1
14528,1,0.246138796210289,0
14529,0,5.757521748250838e-08,0
14530,0,0.43382519483566284,0
14531,1,1.0,1
14532,1,0.9789495468139648,1
14533,1,0.9997932314872742,1
14534,1,0.8389936685562134,1
14535,1,0.9620341658592224,1
14536,0,0.021708060055971146,0
14537,1,0.8283431529998779,1
14538,1,1.0,1
14539,0,0.8156251907348633,1
14540,0,0.0416652113199234,0
14541,0,0.0012170717818662524,0
14542,0,0.08531742542982101,0
14543,1,0.9982863068580627,1
14544,1,0.980288028717041,1
14545,0,0.009883326478302479,0
14546,0,0.00017416644550394267,0
14547,1,0.9999984502792358,1
14548,1,0.9995982050895691,1
14549,1,0.9994245767593384,1
14550,1,0.9999934434890747,1
14551,0,0.7077547311782837,1
14552,0,0.006068004295229912,0
14553,1,0.9993700385093689,1
14554,0,0.032111190259456635,0
14555,1,0.9999920129776001,1
14556,0,0.02137509174644947,0
14557,0,0.02475077472627163,0
14558,1,0.9449260830879211,1
14559,0,0.034238237887620926,0
14560,0,0.20768330991268158,0
14561,1,0.7732790112495422,1
14562,0,0.5055884122848511,1
14563,1,0.952026903629303,1
14564,0,0.0002518515393603593,0
14565,1,0.995789110660553,1
14566,1,0.999984622001648,1
14567,1,0.9842888712882996,1
14568,1,0.9944224953651428,1
14569,0,0.03284833952784538,0
14570,1,0.45749059319496155,0
14571,1,0.9657697081565857,1
14572,0,0.0007813590345904231,0
14573,1,0.33397844433784485,0
14574,1,0.7653564810752869,1
14575,1,0.7978758215904236,1
14576,1,0.01636529341340065,0
14577,0,0.07660599797964096,0
14578,0,0.7068275213241577,1
14579,0,0.15989205241203308,0
14580,0,0.04731231927871704,0
14581,0,0.09185998886823654,0
14582,0,0.02682989090681076,0
14583,1,0.9999040365219116,1
14584,1,0.8906099796295166,1
14585,0,0.27308332920074463,0
14586,0,0.030262010172009468,0
14587,1,0.9389646649360657,1
14588,1,0.9999432563781738,1
14589,0,0.22333456575870514,0
14590,0,5.54304824618157e-05,0
14591,1,1.0,1
14592,0,0.11110265552997589,0
14593,1,0.9929711222648621,1
14594,0,0.03740447014570236,0
14595,1,0.9996649026870728,1
14596,1,0.8663501143455505,1
14597,1,0.9998443126678467,1
14598,0,0.012545009143650532,0
14599,1,0.9999276399612427,1
14600,0,0.07544631510972977,0
14601,1,0.9284966588020325,1
14602,1,0.941739022731781,1
14603,0,4.1058388887904584e-05,0
14604,1,0.911864697933197,1
14605,0,0.18020841479301453,0
14606,0,0.7862622141838074,1
14607,1,0.9995571970939636,1
14608,0,0.378070205450058,0
14609,1,0.911717414855957,1
14610,1,0.9992958307266235,1
14611,1,0.4182496666908264,0
14612,1,0.9963461756706238,1
14613,1,0.10369383543729782,0
14614,0,0.04857134073972702,0
14615,1,0.37754255533218384,0
14616,0,0.4402887225151062,0
14617,1,0.34738215804100037,0
14618,0,0.07510846853256226,0
14619,1,0.9990935325622559,1
14620,1,0.9999991655349731,1
14621,1,0.9922155737876892,1
14622,0,0.07255896925926208,0
14623,1,0.9998434782028198,1
14624,1,1.0,1
14625,0,0.4142012298107147,0
14626,0,0.03996749967336655,0
14627,0,0.00014339257904794067,0
14628,0,0.43304625153541565,0
14629,0,0.05050832778215408,0
14630,1,0.9318761229515076,1
14631,0,0.24224133789539337,0
14632,1,0.25308457016944885,0
14633,1,0.932918906211853,1
14634,0,0.09780331701040268,0
14635,1,0.985493004322052,1
14636,1,0.9858734607696533,1
14637,1,0.5087456703186035,1
14638,1,0.8552780151367188,1
14639,0,0.01930290088057518,0
14640,1,0.9945541620254517,1
14641,1,0.9943100214004517,1
14642,1,0.8793870210647583,1
14643,0,0.23279470205307007,0
14644,1,0.9998738765716553,1
14645,0,0.06418485939502716,0
14646,0,0.027178723365068436,0
14647,0,0.007375444285571575,0
14648,1,0.5187416076660156,1
14649,1,0.9990204572677612,1
14650,0,0.03061557188630104,0
14651,1,0.9998669624328613,1
14652,0,0.07245529443025589,0
14653,0,0.00010645373549778014,0
14654,0,6.855349965917412e-06,0
14655,1,0.9992770552635193,1
14656,0,0.3543655574321747,0
14657,1,0.9823771715164185,1
14658,1,0.9856740832328796,1
14659,1,0.95969557762146,1
14660,0,0.02749142050743103,0
14661,1,0.9990610480308533,1
14662,1,0.9755129814147949,1
14663,1,0.9748127460479736,1
14664,0,0.020443778485059738,0
14665,0,0.0023576340172439814,0
14666,0,0.15548130869865417,0
14667,0,0.015352634713053703,0
14668,1,0.8423576951026917,1
14669,0,0.0019029142567887902,0
14670,1,0.8705230951309204,1
14671,0,2.413916718069231e-06,0
14672,1,0.9971242547035217,1
14673,0,0.14728036522865295,0
14674,1,0.847900927066803,1
14675,0,0.007948853075504303,0
14676,0,0.03535338491201401,0
14677,0,0.020366650074720383,0
14678,1,0.9904491305351257,1
14679,1,0.991025447845459,1
14680,0,0.07589343935251236,0
14681,0,0.020601438358426094,0
14682,1,0.9828208684921265,1
14683,0,0.027125777676701546,0
14684,0,0.01640559546649456,0
14685,0,0.2022528350353241,0
14686,1,0.9803746342658997,1
14687,1,0.994814932346344,1
14688,0,0.09702576696872711,0
14689,0,0.010022192262113094,0
14690,1,0.9898005127906799,1
14691,1,0.8441147208213806,1
14692,1,0.5657005906105042,1
14693,1,0.8200345039367676,1
14694,0,0.03709829971194267,0
14695,0,0.023192616179585457,0
14696,1,0.9962435960769653,1
14697,0,0.003294732654467225,0
14698,0,0.0008061136468313634,0
14699,1,0.9805120229721069,1
14700,0,0.009348181076347828,0
14701,1,0.9970683455467224,1
14702,0,0.0023103642743080854,0
14703,1,0.9998279809951782,1
14704,1,0.9092918038368225,1
14705,1,0.9636811017990112,1
14706,0,0.10547251254320145,0
14707,0,0.5376142263412476,1
14708,1,0.9359717965126038,1
14709,1,0.9432308077812195,1
14710,0,0.023517390713095665,0
14711,0,0.03247329220175743,0
14712,1,0.27131572365760803,0
14713,1,0.90245121717453,1
14714,1,0.9965168237686157,1
14715,0,0.23542407155036926,0
14716,0,0.12412494421005249,0
14717,1,0.9734342694282532,1
14718,1,0.994830310344696,1
14719,0,0.12096477299928665,0
14720,1,0.9949254989624023,1
14721,1,0.9998630285263062,1
14722,1,0.3971664309501648,0
14723,0,0.014184569008648396,0
14724,0,0.0035588073078542948,0
14725,1,0.9808030128479004,1
14726,1,0.9999929666519165,1
14727,1,0.9991371035575867,1
14728,0,0.009317848831415176,0
14729,1,0.9962463974952698,1
14730,1,0.9543911814689636,1
14731,1,0.9996798038482666,1
14732,0,0.025236284360289574,0
14733,0,0.08547461777925491,0
14734,0,0.0008017683285288513,0
14735,0,3.729433728949516e-06,0
14736,0,0.017746245488524437,0
14737,0,0.001240273704752326,0
14738,0,0.010470074601471424,0
14739,1,0.9999417066574097,1
14740,0,0.02577356807887554,0
14741,0,0.03892667219042778,0
14742,0,0.5960922837257385,1
14743,0,0.004172654822468758,0
14744,1,0.74407958984375,1
14745,0,0.05393504351377487,0
14746,0,0.004966192878782749,0
14747,1,0.9182326197624207,1
14748,1,0.9262362718582153,1
14749,0,0.070610411465168,0
14750,0,1.0875202178795007e-06,0
14751,0,0.25620612502098083,0
14752,1,0.9998136162757874,1
14753,1,0.9248021245002747,1
14754,0,0.003822008380666375,0
14755,0,0.13134783506393433,0
14756,0,0.058764830231666565,0
14757,0,0.0025408691726624966,0
14758,1,0.9982511401176453,1
14759,0,0.021444521844387054,0
14760,0,0.1487703025341034,0
14761,0,0.025485606864094734,0
14762,1,0.9860326647758484,1
14763,0,0.005058910697698593,0
14764,1,0.8097438812255859,1
14765,0,0.20258210599422455,0
14766,0,0.024468285962939262,0
14767,0,0.07648130506277084,0
14768,0,9.790294825506862e-06,0
14769,1,0.9916937947273254,1
14770,1,0.34727194905281067,0
14771,0,0.09458112716674805,0
14772,1,0.998985230922699,1
14773,1,0.9608399271965027,1
14774,0,0.08912363648414612,0
14775,1,0.9999991655349731,1
14776,0,0.005241235252469778,0
14777,1,0.978814423084259,1
14778,0,0.1457201987504959,0
14779,1,0.9998695850372314,1
14780,1,0.9556015729904175,1
14781,0,3.2991829357342795e-05,0
14782,1,0.9460366368293762,1
14783,0,0.6223020553588867,1
14784,1,0.8996655941009521,1
14785,1,0.9998526573181152,1
14786,0,0.42205625772476196,0
14787,1,0.9993857145309448,1
14788,1,0.9968915581703186,1
14789,0,0.058268509805202484,0
14790,0,0.051423847675323486,0
14791,0,0.03697897121310234,0
14792,0,0.030089987441897392,0
14793,1,0.9998534917831421,1
14794,0,0.021880554035305977,0
14795,0,0.1348324418067932,0
14796,1,0.8822411894798279,1
14797,1,0.9726924896240234,1
14798,0,0.015136676840484142,0
14799,0,0.008378143422305584,0
14800,0,0.0005193023825995624,0
14801,0,0.7041597962379456,1
14802,1,0.973594069480896,1
14803,0,0.017315471544861794,0
14804,1,0.9868708848953247,1
14805,0,0.03720107674598694,0
14806,1,0.9882251024246216,1
14807,1,0.9998446702957153,1
14808,0,0.15528400242328644,0
14809,1,0.9999468326568604,1
14810,0,0.0850524976849556,0
14811,1,0.722732424736023,1
14812,1,0.9958778619766235,1
14813,0,0.02382695861160755,0
14814,0,0.13117291033267975,0
14815,1,0.3302677571773529,0
14816,1,1.0,1
14817,1,0.9814543128013611,1
14818,0,0.0001006651291390881,0
14819,0,0.11129860579967499,0
14820,1,0.6159395575523376,1
14821,1,0.8197999596595764,1
14822,0,0.06019819527864456,0
14823,1,0.9660486578941345,1
14824,0,0.013874401338398457,0
14825,0,0.03340306505560875,0
14826,1,0.9999966621398926,1
14827,1,0.9911630153656006,1
14828,1,0.9999502897262573,1
14829,0,1.3783647773379926e-05,0
14830,1,0.9988237023353577,1
14831,1,0.9910610318183899,1
14832,1,0.3749527931213379,0
14833,0,0.2724398672580719,0
14834,1,0.9881209135055542,1
14835,1,0.9977948665618896,1
14836,1,0.9913956522941589,1
14837,1,1.0,1
14838,1,0.9274299144744873,1
14839,1,0.9807928204536438,1
14840,1,0.9420269727706909,1
14841,0,0.164952352643013,0
14842,1,0.999998927116394,1
14843,1,0.9435104727745056,1
14844,1,0.9917842149734497,1
14845,1,0.9997639060020447,1
14846,1,0.7955063581466675,1
14847,0,0.30550602078437805,0
14848,0,0.002185291377827525,0
14849,1,0.9999567270278931,1
14850,1,0.9758338332176208,1
14851,1,1.0,1
14852,0,0.0016686972230672836,0
14853,1,0.999211311340332,1
14854,0,0.10627685487270355,0
14855,0,0.0001658115943428129,0
14856,0,0.020694641396403313,0
14857,0,0.19091865420341492,0
14858,0,0.0064201075583696365,0
14859,1,0.9983799457550049,1
14860,0,0.4147307872772217,0
14861,1,0.9298500418663025,1
14862,1,0.9999986886978149,1
14863,0,0.006693643052130938,0
14864,0,0.005684868898242712,0
14865,0,0.007009800523519516,0
14866,0,0.8326277732849121,1
14867,1,0.8259289264678955,1
14868,0,0.04657652974128723,0
14869,1,0.9641596078872681,1
14870,1,0.9866629242897034,1
14871,0,0.059857144951820374,0
14872,1,0.9356467127799988,1
14873,0,0.3974096179008484,0
14874,1,0.9760895371437073,1
14875,0,0.0005238847807049751,0
14876,1,0.9852291941642761,1
14877,0,0.0016537492629140615,0
14878,1,0.999862790107727,1
14879,1,0.7055799961090088,1
14880,1,0.9854875802993774,1
14881,0,0.017496077343821526,0
14882,0,0.023252736777067184,0
14883,0,0.002186243887990713,0
14884,1,0.9999916553497314,1
14885,1,0.45697322487831116,0
14886,1,0.9996539354324341,1
14887,1,0.9999682903289795,1
14888,1,0.5390563011169434,1
14889,1,0.878290593624115,1
14890,0,0.0180066991597414,0
14891,1,0.8702142834663391,1
14892,1,0.9071126580238342,1
14893,1,0.13693560659885406,0
14894,0,0.1820443719625473,0
14895,0,0.007538606412708759,0
14896,0,0.223678320646286,0
14897,0,0.03976328670978546,0
14898,0,0.0004516805347520858,0
14899,1,0.9999206066131592,1
14900,0,0.017143728211522102,0
14901,1,0.9997668862342834,1
14902,1,0.9694902896881104,1
14903,0,0.17512251436710358,0
14904,1,0.9993516802787781,1
14905,0,0.026706423610448837,0
14906,0,0.023385154083371162,0
14907,1,0.9981423616409302,1
14908,0,9.914232941810042e-05,0
14909,1,0.8279178142547607,1
14910,1,0.966149091720581,1
14911,0,0.17126040160655975,0
14912,1,0.9822205901145935,1
14913,0,2.0803374354727566e-05,0
14914,1,0.9688428044319153,1
14915,0,0.016818346455693245,0
14916,0,0.006534440442919731,0
14917,0,2.718747715846348e-08,0
14918,1,0.948365330696106,1
14919,1,0.7542476654052734,1
14920,1,0.998392641544342,1
14921,0,0.04912764951586723,0
14922,1,0.9135894179344177,1
14923,1,0.9360024333000183,1
14924,0,0.08162401616573334,0
14925,0,0.00146730977576226,0
14926,0,0.030189180746674538,0
14927,1,0.4510559141635895,0
14928,0,0.02685094252228737,0
14929,1,0.17591919004917145,0
14930,0,0.008274144493043423,0
14931,0,0.5428001880645752,1
14932,0,0.0017655172850936651,0
14933,0,0.006275704130530357,0
14934,1,0.9938125610351562,1
14935,0,0.0023122115526348352,0
14936,0,0.018204033374786377,0
14937,1,0.29802384972572327,0
14938,0,0.014452606439590454,0
14939,1,0.9986120462417603,1
14940,0,0.15861821174621582,0
14941,0,0.4121045470237732,0
14942,1,0.8810403347015381,1
14943,1,0.9083005785942078,1
14944,0,0.024139193817973137,0
14945,0,0.1720520406961441,0
14946,0,0.019449807703495026,0
14947,1,0.9995806813240051,1
14948,0,0.00027509729261510074,0
14949,0,0.5884652733802795,1
14950,0,0.0052590034902095795,0
14951,1,0.9859948754310608,1
14952,0,0.3607894480228424,0
14953,0,0.018737245351076126,0
14954,1,0.7582898736000061,1
14955,1,0.9880862236022949,1
14956,1,0.9509707689285278,1
14957,0,0.031433846801519394,0
14958,1,0.9768909811973572,1
14959,0,0.2878515124320984,0
14960,0,0.4566969573497772,0
14961,1,0.9997344613075256,1
14962,1,0.9996652603149414,1
14963,1,0.9883630871772766,1
14964,0,0.005062411073595285,0
14965,1,0.002548976568505168,0
14966,0,0.18992093205451965,0
14967,1,0.9913245439529419,1
14968,0,0.03539416193962097,0
14969,0,0.013619913719594479,0
14970,0,0.0030304905958473682,0
14971,0,0.025290509685873985,0
14972,0,0.0010756596457213163,0
14973,1,0.9562490582466125,1
14974,0,0.048271775245666504,0
14975,1,0.8441200852394104,1
14976,0,0.8623510003089905,1
14977,0,0.09848906844854355,0
14978,1,0.9911032915115356,1
14979,1,1.0,1
14980,0,0.09260035306215286,0
14981,1,0.9841794371604919,1
14982,1,0.5699030160903931,1
14983,1,0.9759239554405212,1
14984,0,0.3534488379955292,0
14985,0,0.035024769604206085,0
14986,1,0.994244396686554,1
14987,0,0.18884822726249695,0
14988,1,0.9996339082717896,1
14989,1,0.5127518773078918,1
14990,0,0.0007753813988529146,0
14991,1,0.9934130311012268,1
14992,1,0.8824272155761719,1
14993,0,1.3154551652405644e-06,0
14994,1,1.0,1
14995,0,0.045524295419454575,0
14996,1,0.9981510043144226,1
14997,1,0.6651163101196289,1
14998,1,0.9403594136238098,1
14999,1,0.10393408685922623,0
15000,0,1.903151314763818e-05,0
15001,1,0.9998736381530762,1
15002,1,0.9820579290390015,1
15003,0,0.1557813137769699,0
15004,1,0.10896268486976624,0
15005,0,0.00949216727167368,0
15006,1,0.9999998807907104,1
15007,0,0.0071462057530879974,0
15008,1,0.9396448731422424,1
15009,1,0.42655619978904724,0
15010,0,0.32503247261047363,0
15011,1,0.9991645812988281,1
15012,0,0.012419386766850948,0
15013,0,0.000692380650434643,0
15014,0,0.00013792345998808742,0
15015,1,0.9633256793022156,1
15016,1,0.9983252882957458,1
15017,0,0.31095436215400696,0
15018,0,0.02456795610487461,0
15019,1,0.9976112842559814,1
15020,0,0.0027011516503989697,0
15021,0,0.006776124704629183,0
15022,1,0.99577397108078,1
15023,1,0.9652482867240906,1
15024,1,0.6004341840744019,1
15025,1,0.9978037476539612,1
15026,0,0.010493436828255653,0
15027,1,0.9865798354148865,1
15028,0,0.1169595941901207,0
15029,1,0.9987461566925049,1
15030,0,0.007062654942274094,0
15031,0,0.21227654814720154,0
15032,0,0.10016725212335587,0
15033,1,0.7815493941307068,1
15034,1,0.9999032020568848,1
15035,1,0.9777571558952332,1
15036,0,0.0020844521932303905,0
15037,1,0.9999978542327881,1
15038,1,0.8171384930610657,1
15039,0,0.5813561677932739,1
15040,0,0.008926844224333763,0
15041,0,0.013373696245253086,0
15042,1,0.05925510823726654,0
15043,0,0.6056011319160461,1
15044,1,0.999997615814209,1
15045,1,0.9986746311187744,1
15046,0,1.1437507964728866e-05,0
15047,1,0.9958763122558594,1
15048,1,0.886262059211731,1
15049,1,0.9969272017478943,1
15050,1,0.9040354490280151,1
15051,0,1.7280074593450934e-10,0
15052,1,0.9999774694442749,1
15053,0,0.007863973267376423,0
15054,0,0.03318601846694946,0
15055,1,0.9439578652381897,1
15056,0,0.0305203665047884,0
15057,0,9.327223233412951e-05,0
15058,0,0.0014456160133704543,0
15059,0,0.0011766909155994654,0
15060,0,0.004546426702290773,0
15061,0,0.00882959645241499,0
15062,0,0.8867613673210144,1
15063,1,0.9619302749633789,1
15064,1,0.9806461334228516,1
15065,1,0.758776843547821,1
15066,0,0.015417746268212795,0
15067,0,0.852706253528595,1
15068,1,0.9595999717712402,1
15069,1,0.17206627130508423,0
15070,0,0.0715479925274849,0
15071,0,0.003743858775123954,0
15072,0,0.020907478407025337,0
15073,1,0.9995494484901428,1
15074,0,0.10050122439861298,0
15075,1,0.7671629786491394,1
15076,1,0.3234536051750183,0
15077,0,0.0015113393310457468,0
15078,1,0.9993457198143005,1
15079,0,0.18019570410251617,0
15080,1,0.9700297713279724,1
15081,1,0.35920199751853943,0
15082,0,0.06971710175275803,0
15083,1,0.26008743047714233,0
15084,1,0.9724228978157043,1
15085,1,0.9859862327575684,1
15086,1,0.9780739545822144,1
15087,0,0.032674890011548996,0
15088,0,0.03684568405151367,0
15089,1,0.9980667233467102,1
15090,1,0.5590906739234924,1
15091,1,0.9879598617553711,1
15092,0,0.00022510298003908247,0
15093,0,0.0003728057781700045,0
15094,0,0.06859264522790909,0
15095,1,0.9978649020195007,1
15096,0,0.0013536479091271758,0
15097,1,0.6814402341842651,1
15098,1,0.9998563528060913,1
15099,1,0.6350032687187195,1
15100,1,0.9801051020622253,1
15101,0,0.0005314498557709157,0
15102,1,0.990665853023529,1
15103,0,0.007417453918606043,0
15104,1,0.7370904088020325,1
15105,0,0.00039011173066683114,0
15106,0,0.0021498266141861677,0
15107,0,0.03922604024410248,0
15108,1,0.9979636669158936,1
15109,1,0.9681737422943115,1
15110,0,5.79323350393679e-05,0
15111,1,0.9666022062301636,1
15112,1,0.9774671196937561,1
15113,1,0.9996219873428345,1
15114,0,0.34204286336898804,0
15115,0,0.0011706816731020808,0
15116,1,0.9106799364089966,1
15117,1,0.9915623068809509,1
15118,0,2.863752524717711e-05,0
15119,1,0.9928901195526123,1
15120,0,0.2683544456958771,0
15121,0,0.13870802521705627,0
15122,1,0.9681394696235657,1
15123,1,0.9905461072921753,1
15124,0,0.0030368936713784933,0
15125,0,0.00022135621111374348,0
15126,1,0.948124349117279,1
15127,1,0.694983959197998,1
15128,0,0.005204223096370697,0
15129,0,0.29899927973747253,0
15130,1,0.878372073173523,1
15131,1,0.9962055683135986,1
15132,1,0.646020233631134,1
15133,1,0.9999896287918091,1
15134,1,0.9973735809326172,1
15135,1,0.9980606436729431,1
15136,1,0.9992908239364624,1
15137,1,0.8269264101982117,1
15138,1,0.9955377578735352,1
15139,0,0.13768906891345978,0
15140,1,0.5876852869987488,1
15141,1,0.9990070462226868,1
15142,1,0.6413133144378662,1
15143,0,0.004696622025221586,0
15144,1,0.5634851455688477,1
15145,1,0.9952999353408813,1
15146,1,0.9424289464950562,1
15147,1,0.9201059937477112,1
15148,0,0.051003988832235336,0
15149,1,0.25893259048461914,0
15150,1,0.9150295257568359,1
15151,1,0.9459261298179626,1
15152,0,0.0003457779239397496,0
15153,0,0.009810798801481724,0
15154,0,0.0009462459129281342,0
15155,0,0.0010460159974172711,0
15156,0,0.054469794034957886,0
15157,0,0.0621732734143734,0
15158,0,0.04812304303050041,0
15159,1,0.5773798823356628,1
15160,0,0.0007595772040076554,0
15161,0,0.00803821999579668,0
15162,1,0.9999938011169434,1
15163,1,0.9993784427642822,1
15164,1,0.7491027116775513,1
15165,0,0.007230990566313267,0
15166,0,0.003216906450688839,0
15167,0,0.4604167342185974,0
15168,1,0.8675639629364014,1
15169,1,0.9992814660072327,1
15170,0,0.02196301333606243,0
15171,0,0.022545987740159035,0
15172,0,6.010106301523876e-10,0
15173,0,0.06477773934602737,0
15174,0,0.009263158775866032,0
15175,1,0.9903066158294678,1
15176,1,0.9977123737335205,1
15177,0,0.2946713864803314,0
15178,0,0.08009088784456253,0
15179,1,0.1612377166748047,0
15180,0,0.04655710607767105,0
15181,1,0.9979727864265442,1
15182,1,0.9872963428497314,1
15183,1,0.7807925343513489,1
15184,1,0.9527811408042908,1
15185,0,0.0001857802562881261,0
15186,0,9.40624377108179e-05,0
15187,1,0.8150162100791931,1
15188,1,0.9997848868370056,1
15189,1,0.2587134838104248,0
15190,0,0.024414166808128357,0
15191,0,0.00678471801802516,0
15192,0,0.07317040115594864,0
15193,0,0.3008236885070801,0
15194,1,0.9999986886978149,1
15195,1,0.9999997615814209,1
15196,1,0.9980583786964417,1
15197,0,0.009052406065165997,0
15198,0,0.013643328100442886,0
15199,0,0.0013034808216616511,0
15200,1,0.4946762025356293,0
15201,1,0.9914630055427551,1
15202,1,0.9779510498046875,1
15203,0,0.021438300609588623,0
15204,1,0.9525078535079956,1
15205,1,0.9930610060691833,1
15206,1,0.9999716281890869,1
15207,0,0.022071396932005882,0
15208,0,0.004999710246920586,0
15209,0,0.2443781942129135,0
15210,1,0.9999871253967285,1
15211,0,0.5970826745033264,1
15212,1,0.9639859795570374,1
15213,0,0.7505583763122559,1
15214,0,0.1584385186433792,0
15215,1,0.9999998807907104,1
15216,0,0.14873363077640533,0
15217,0,0.05922434478998184,0
15218,1,0.820530891418457,1
15219,0,0.05372167006134987,0
15220,0,0.08809325098991394,0
15221,1,0.2875734865665436,0
15222,1,0.3833056688308716,0
15223,0,0.03563789650797844,0
15224,0,0.10243769735097885,0
15225,1,0.9778584837913513,1
15226,1,0.9922142624855042,1
15227,0,4.587386399634852e-07,0
15228,0,0.0013115117326378822,0
15229,0,0.0015254943864420056,0
15230,0,0.05324166268110275,0
15231,0,0.005139230750501156,0
15232,1,0.9766252040863037,1
15233,1,0.9603554606437683,1
15234,1,0.3127375841140747,0
15235,1,0.9864956736564636,1
15236,0,0.0037586779799312353,0
15237,0,0.015171976760029793,0
15238,0,0.2290491908788681,0
15239,1,0.8814027905464172,1
15240,1,0.1546171009540558,0
15241,0,0.04903005436062813,0
15242,1,0.9675121307373047,1
15243,1,0.7664554119110107,1
15244,0,0.5169955492019653,1
15245,1,0.6452761292457581,1
15246,0,0.033167801797389984,0
15247,0,0.07878493517637253,0
15248,1,0.999958872795105,1
15249,0,0.04695659503340721,0
15250,1,0.96062833070755,1
15251,1,0.999954342842102,1
15252,1,0.9807655215263367,1
15253,0,0.9110659956932068,1
15254,0,0.9273533821105957,1
15255,1,0.7213316559791565,1
15256,1,0.0015462193405255675,0
15257,1,0.9997121691703796,1
15258,1,0.9997920393943787,1
15259,1,0.9672396183013916,1
15260,1,0.988650918006897,1
15261,0,0.1134871393442154,0
15262,0,0.06486725807189941,0
15263,0,0.00838243868201971,0
15264,0,0.24398556351661682,0
15265,1,0.9205237030982971,1
15266,1,0.9999854564666748,1
15267,1,0.8217407464981079,1
15268,1,0.9894108176231384,1
15269,1,0.9639331698417664,1
15270,1,0.9998921155929565,1
15271,1,0.8886724710464478,1
15272,0,0.17353899776935577,0
15273,0,0.055815815925598145,0
15274,0,0.000744207703974098,0
15275,1,0.9767717719078064,1
15276,1,0.9998365640640259,1
15277,0,7.011232082732022e-05,0
15278,0,0.02457987144589424,0
15279,1,0.9729006290435791,1
15280,0,0.014314521104097366,0
15281,0,0.10229845345020294,0
15282,1,0.8480896949768066,1
15283,1,0.9626250267028809,1
15284,0,3.6320759022601123e-07,0
15285,1,0.9945611357688904,1
15286,1,0.9999310970306396,1
15287,0,0.0005588481435552239,0
15288,0,0.006350886542350054,0
15289,0,0.03305940702557564,0
15290,1,0.8892683386802673,1
15291,1,0.8545545339584351,1
15292,1,0.6606043577194214,1
15293,1,0.9996222257614136,1
15294,1,0.9982643723487854,1
15295,1,0.9972182512283325,1
15296,0,0.0007946345722302794,0
15297,1,0.9999873638153076,1
15298,1,0.9987099170684814,1
15299,1,0.9607027769088745,1
15300,0,0.18990148603916168,0
15301,1,0.5291578769683838,1
15302,0,0.6405027508735657,1
15303,1,0.9999982118606567,1
15304,1,0.9979060888290405,1
15305,1,0.9998971223831177,1
15306,0,0.05774692818522453,0
15307,1,0.9994518160820007,1
15308,0,0.07298257946968079,0
15309,0,0.02945350483059883,0
15310,0,0.028072763234376907,0
15311,1,0.9596084356307983,1
15312,1,0.8883754014968872,1
15313,0,0.01064498070627451,0
15314,1,0.9975985884666443,1
15315,1,0.98184734582901,1
15316,1,0.9721528887748718,1
15317,1,0.9970003962516785,1
15318,1,0.8403995037078857,1
15319,0,0.03749176859855652,0
15320,1,0.9994685053825378,1
15321,1,0.9294989109039307,1
15322,1,0.9473141431808472,1
15323,0,0.8377922773361206,1
15324,0,6.823793228249997e-07,0
15325,1,0.9341104626655579,1
15326,0,0.0285230353474617,0
15327,1,0.9945736527442932,1
15328,1,0.980686366558075,1
15329,0,0.0006751327309757471,0
15330,1,0.9699286222457886,1
15331,0,0.00037849301588721573,0
15332,0,0.042698606848716736,0
15333,0,0.10031012445688248,0
15334,0,0.03606869652867317,0
15335,0,0.00299744657240808,0
15336,1,0.9997555613517761,1
15337,1,0.9978762865066528,1
15338,0,0.012541181407868862,0
15339,0,0.040293339639902115,0
15340,0,0.10506338626146317,0
15341,0,0.01185380108654499,0
15342,0,0.12097808718681335,0
15343,1,0.9400743842124939,1
15344,0,0.14363089203834534,0
15345,1,0.762923002243042,1
15346,1,0.9992551207542419,1
15347,0,0.02207939513027668,0
15348,0,0.4059257507324219,0
15349,1,0.999495267868042,1
15350,0,0.8543976545333862,1
15351,1,0.9884684681892395,1
15352,0,0.0015638221520930529,0
15353,1,0.9992377758026123,1
15354,1,0.9995898604393005,1
15355,0,0.06800595670938492,0
15356,0,0.05515703931450844,0
15357,1,0.9999247789382935,1
15358,1,0.4609474837779999,0
15359,0,2.8328391636023298e-05,0
15360,1,0.993844747543335,1
15361,0,0.018961606547236443,0
15362,1,0.9983552098274231,1
15363,1,0.9845638275146484,1
15364,1,0.9983951449394226,1
15365,1,0.11449030786752701,0
15366,0,0.06708609312772751,0
15367,0,0.04483916983008385,0
15368,0,0.0527498796582222,0
15369,0,0.14116941392421722,0
15370,0,0.010960393585264683,0
15371,1,0.9999991655349731,1
15372,0,0.6668459177017212,1
15373,1,0.9932020306587219,1
15374,0,0.13281676173210144,0
15375,1,0.9999377727508545,1
15376,1,0.9946257472038269,1
15377,0,0.41275471448898315,0
15378,1,0.5970152020454407,1
15379,1,0.9643383026123047,1
15380,0,0.0033087660558521748,0
15381,0,0.03880174085497856,0
15382,1,0.99965500831604,1
15383,0,5.359521537684486e-07,0
15384,1,0.7465490698814392,1
15385,0,0.02224326692521572,0
15386,1,0.9999468326568604,1
15387,1,0.9885607361793518,1
15388,1,0.992999792098999,1
15389,1,0.6287163496017456,1
15390,0,0.0007919755880720913,0
15391,0,0.05982259660959244,0
15392,1,0.8029693365097046,1
15393,0,0.5413373708724976,1
15394,0,0.6209698915481567,1
15395,1,0.9998722076416016,1
15396,0,0.00022241509577725083,0
15397,1,0.9990324974060059,1
15398,1,0.2557944357395172,0
15399,1,0.9211545586585999,1
15400,1,0.8981513381004333,1
15401,1,0.997821569442749,1
15402,0,0.06366480886936188,0
15403,1,0.9966022968292236,1
15404,0,0.10107807070016861,0
15405,1,0.9145991206169128,1
15406,1,0.9727030992507935,1
15407,0,0.01567525416612625,0
15408,0,0.02289334312081337,0
15409,0,2.180160299758427e-05,0
15410,0,0.2714482247829437,0
15411,1,0.9912828207015991,1
15412,0,0.0007257836987264454,0
15413,0,0.037719741463661194,0
15414,0,0.5933759808540344,1
15415,1,0.9999939203262329,1
15416,0,0.042746033519506454,0
15417,1,0.9751453399658203,1
15418,0,0.3645707368850708,0
15419,0,0.11807877570390701,0
15420,0,0.03361889347434044,0
15421,0,0.001930557657033205,0
15422,1,0.9999048709869385,1
15423,0,0.05202673748135567,0
15424,0,0.03528589755296707,0
15425,0,0.03419649600982666,0
15426,1,0.9831854701042175,1
15427,0,2.3399677502311533e-06,0
15428,1,0.9984511137008667,1
15429,1,0.959541916847229,1
15430,0,0.3046325743198395,0
15431,1,0.9991006851196289,1
15432,0,0.6521714329719543,1
15433,0,0.5515854954719543,1
15434,0,8.218456787290052e-05,0
15435,1,0.9999998807907104,1
15436,1,0.5400046110153198,1
15437,1,0.9994200468063354,1
15438,0,0.06388302147388458,0
15439,1,0.7854587435722351,1
15440,0,0.10215023159980774,0
15441,0,0.6445695757865906,1
15442,0,0.012886219657957554,0
15443,0,0.0014311927370727062,0
15444,0,0.18019598722457886,0
15445,1,0.984752357006073,1
15446,1,0.9999542236328125,1
15447,1,0.9306304454803467,1
15448,0,0.2089816778898239,0
15449,0,0.7640882730484009,1
15450,0,0.15162193775177002,0
15451,1,1.0,1
15452,1,0.9413265585899353,1
15453,1,0.15438441932201385,0
15454,1,0.37496569752693176,0
15455,1,0.999344527721405,1
15456,0,0.21254612505435944,0
15457,1,0.8864866495132446,1
15458,0,0.11127276718616486,0
15459,1,0.9670600891113281,1
15460,1,0.9947388768196106,1
15461,0,0.0012917803833261132,0
15462,1,0.9829345345497131,1
15463,1,0.9862003326416016,1
15464,0,0.08657938987016678,0
15465,1,0.5350291728973389,1
15466,0,0.07774209976196289,0
15467,0,0.0047781760804355145,0
15468,1,0.9883337020874023,1
15469,1,0.8824118971824646,1
15470,0,0.04199858382344246,0
15471,0,0.080045685172081,0
15472,1,0.9999063014984131,1
15473,0,0.00010039834160124883,0
15474,0,0.0789647325873375,0
15475,0,0.014847864396870136,0
15476,1,0.9962993264198303,1
15477,0,0.5071730613708496,1
15478,1,0.9998873472213745,1
15479,1,0.3592775762081146,0
15480,0,0.12877288460731506,0
15481,0,0.12871332466602325,0
15482,0,6.342544907056435e-07,0
15483,1,0.9628883004188538,1
15484,1,0.9788524508476257,1
15485,1,0.9999147653579712,1
15486,1,0.3653797209262848,0
15487,0,0.000404900434659794,0
15488,0,0.03729158267378807,0
15489,0,0.01568767800927162,0
15490,1,0.7694268822669983,1
15491,0,2.6869149678532267e-06,0
15492,1,0.7481465339660645,1
15493,1,0.9970038533210754,1
15494,0,0.13743318617343903,0
15495,0,0.07180386781692505,0
15496,1,0.5835317373275757,1
15497,0,0.26086029410362244,0
15498,0,0.5595775246620178,1
15499,0,0.02103395387530327,0
15500,0,0.27630722522735596,0
15501,1,0.9398691058158875,1
15502,1,0.9997605681419373,1
15503,0,0.017583651468157768,0
15504,0,0.00040341482963413,0
15505,0,0.009885800071060658,0
15506,0,5.289940041564023e-09,0
15507,1,0.8365206122398376,1
15508,0,0.0001811791880754754,0
15509,0,0.032093387097120285,0
15510,0,0.08102517575025558,0
15511,1,0.9681007862091064,1
15512,1,0.8661901354789734,1
15513,1,0.9999998807907104,1
15514,0,0.23447197675704956,0
15515,0,0.03343767672777176,0
15516,0,0.011863373219966888,0
15517,0,0.006231250707060099,0
15518,0,0.6033920049667358,1
15519,0,0.10576067119836807,0
15520,1,0.7129940390586853,1
15521,0,0.009173240512609482,0
15522,1,0.9951620697975159,1
15523,1,0.9999964237213135,1
15524,1,0.7886812686920166,1
15525,1,0.999847412109375,1
15526,0,5.262802369543351e-05,0
15527,0,0.0013660936383530498,0
15528,1,0.9757189154624939,1
15529,1,0.9541086554527283,1
15530,0,6.790820347452736e-14,0
15531,0,0.0013352100504562259,0
15532,1,0.9700296521186829,1
15533,0,0.04405854642391205,0
15534,1,0.9999841451644897,1
15535,1,0.9924067854881287,1
15536,1,0.9986590147018433,1
15537,0,0.21617618203163147,0
15538,0,0.0012466326588764787,0
15539,1,0.999974250793457,1
15540,0,0.0018409087788313627,0
15541,0,3.4908925954368897e-06,0
15542,1,0.9337599277496338,1
15543,0,0.7379932999610901,1
15544,1,0.9794607162475586,1
15545,0,0.004164653830230236,0
15546,1,0.9652008414268494,1
15547,0,0.1451287418603897,0
15548,1,0.09766842424869537,0
15549,0,0.0002525483723729849,0
15550,1,0.7575329542160034,1
15551,0,0.001415671082213521,0
15552,1,0.5865603089332581,1
15553,1,0.9384002685546875,1
15554,0,0.3998704254627228,0
15555,1,0.9995536208152771,1
15556,1,0.9963144659996033,1
15557,1,0.9999958276748657,1
15558,0,0.5245456099510193,1
15559,1,0.890863835811615,1
15560,0,0.00429875124245882,0
15561,1,0.9950054287910461,1
15562,0,0.09297952055931091,0
15563,0,0.018986135721206665,0
15564,0,0.09927399456501007,0
15565,0,0.5675147771835327,1
15566,1,0.9985997080802917,1
15567,0,0.04385565593838692,0
15568,1,0.9997745156288147,1
15569,1,0.9999982118606567,1
15570,0,2.1356414436013438e-05,0
15571,0,0.30891165137290955,0
15572,0,0.0033587452489882708,0
15573,0,0.05543965473771095,0
15574,1,0.3516431748867035,0
15575,0,0.009529855102300644,0
15576,0,5.34914834133815e-05,0
15577,0,0.515231728553772,1
15578,0,0.005875707138329744,0
15579,1,0.9800089597702026,1
15580,1,0.9723532199859619,1
15581,0,0.2038620412349701,0
15582,0,0.00376063771545887,0
15583,0,0.007717281114310026,0
15584,1,0.9937520623207092,1
15585,1,0.4640360474586487,0
15586,1,0.9988524913787842,1
15587,1,0.9875028729438782,1
15588,0,0.005494194105267525,0
15589,0,1.3010871953156311e-06,0
15590,1,0.9788035750389099,1
15591,1,0.8813915848731995,1
15592,0,3.181899228366092e-05,0
15593,1,0.9629194736480713,1
15594,1,0.7457579970359802,1
15595,0,0.11275754868984222,0
15596,0,0.10392355918884277,0
15597,0,0.10194763541221619,0
15598,1,0.9989362359046936,1
15599,0,0.009642054326832294,0
15600,1,0.9999874830245972,1
15601,1,0.9998617172241211,1
15602,1,0.9999196529388428,1
15603,1,0.9987369179725647,1
15604,1,0.7790225744247437,1
15605,0,0.26642340421676636,0
15606,1,0.9993840456008911,1
15607,0,0.004439396783709526,0
15608,0,0.062444377690553665,0
15609,1,0.9999958276748657,1
15610,1,0.9999974966049194,1
15611,1,0.9999451637268066,1
15612,1,0.4009096920490265,0
15613,0,0.8850723505020142,1
15614,0,0.23339447379112244,0
15615,1,0.98850017786026,1
15616,0,0.00020103024144191295,0
15617,0,0.00494652334600687,0
15618,1,0.974604606628418,1
15619,1,0.9999771118164062,1
15620,1,0.34564945101737976,0
15621,0,0.046263813972473145,0
15622,0,0.00039561177254654467,0
15623,1,0.9943056702613831,1
15624,0,0.03352215886116028,0
15625,0,0.006370734889060259,0
15626,0,0.012704703956842422,0
15627,1,0.9998756647109985,1
15628,0,0.35856524109840393,0
15629,0,0.42552268505096436,0
15630,1,0.9837475419044495,1
15631,1,0.9999463558197021,1
15632,1,0.9999874830245972,1
15633,0,0.01568717695772648,0
15634,0,0.005178157705813646,0
15635,1,0.9146511554718018,1
15636,0,0.007876475341618061,0
15637,1,0.8482431173324585,1
15638,1,0.6617355346679688,1
15639,1,0.9706798791885376,1
15640,0,0.20567382872104645,0
15641,0,0.00025936291785910726,0
15642,0,0.08423004299402237,0
15643,1,0.5348140001296997,1
15644,0,0.08239579200744629,0
15645,1,0.8026018142700195,1
15646,1,0.7729811668395996,1
15647,1,0.9884002208709717,1
15648,0,0.0004649929760489613,0
15649,0,0.6381745338439941,1
15650,0,0.059000033885240555,0
15651,0,0.49104613065719604,0
15652,1,0.9936750531196594,1
15653,0,0.33102619647979736,0
15654,1,0.9567122459411621,1
15655,1,0.9998564720153809,1
15656,0,0.014008736237883568,0
15657,0,0.04052605852484703,0
15658,1,0.999021053314209,1
15659,0,0.28103500604629517,0
15660,1,0.9868345856666565,1
15661,0,0.12825943529605865,0
15662,0,8.506755955033085e-13,0
15663,1,1.0,1
15664,1,0.9449111819267273,1
15665,1,0.9994345307350159,1
15666,1,0.9558363556861877,1
15667,1,0.4037332534790039,0
15668,1,0.37207069993019104,0
15669,0,0.2848857343196869,0
15670,0,0.007191652897745371,0
15671,1,0.9999706745147705,1
15672,0,0.028957819566130638,0
15673,0,0.007204840425401926,0
15674,1,0.9347807168960571,1
15675,1,0.9741849303245544,1
15676,0,0.002111183013767004,0
15677,1,0.9977113008499146,1
15678,0,0.0009738415828906,0
15679,1,0.8225528001785278,1
15680,0,0.8697063326835632,1
15681,0,0.1927541047334671,0
15682,0,0.059006914496421814,0
15683,1,0.9464799165725708,1
15684,1,0.9957593083381653,1
15685,1,0.5018091201782227,1
15686,1,0.9999940395355225,1
15687,0,0.0027760814409703016,0
15688,1,0.9976829290390015,1
15689,1,0.21539711952209473,0
15690,0,0.0014876732602715492,0
15691,1,0.9898461103439331,1
15692,1,0.9991115927696228,1
15693,0,3.622443546191789e-05,0
15694,0,0.3167209327220917,0
15695,0,0.018200984224677086,0
15696,1,0.9978684186935425,1
15697,0,0.03632637858390808,0
15698,0,0.35018643736839294,0
15699,0,0.40432295203208923,0
15700,1,0.9993900060653687,1
15701,1,0.8832995891571045,1
15702,1,0.996469259262085,1
15703,1,0.39504966139793396,0
15704,1,0.6873493194580078,1
15705,0,0.00011731994163710624,0
15706,0,0.00020308492821641266,0
15707,0,0.48294246196746826,0
15708,0,5.119029083289206e-05,0
15709,1,0.9606157541275024,1
15710,0,0.0046144756488502026,0
15711,1,0.526816725730896,1
15712,0,0.0010858310852199793,0
15713,1,0.9999995231628418,1
15714,1,0.9999731779098511,1
15715,0,0.10123120248317719,0
15716,0,0.0096602663397789,0
15717,1,0.9986245632171631,1
15718,0,0.0007339903386309743,0
15719,0,0.6108666062355042,1
15720,1,0.9945646524429321,1
15721,1,0.9611858129501343,1
15722,0,0.0030899769626557827,0
15723,1,0.9999799728393555,1
15724,1,0.998940646648407,1
15725,1,0.9389182329177856,1
15726,0,0.005490870214998722,0
15727,0,0.018146172165870667,0
15728,1,0.9972922205924988,1
15729,0,0.01907654106616974,0
15730,0,0.03826943039894104,0
15731,0,8.977860375125601e-07,0
15732,1,0.9343542456626892,1
15733,0,0.00010191302135353908,0
15734,1,0.9987949132919312,1
15735,0,0.0027851625345647335,0
15736,0,0.1294022649526596,0
15737,0,0.999439537525177,1
15738,1,0.8594637513160706,1
15739,0,0.7306022644042969,1
15740,1,0.8122637271881104,1
15741,1,0.9968162178993225,1
15742,0,0.003553967922925949,0
15743,1,0.9987502098083496,1
15744,0,0.01616029441356659,0
15745,0,0.03539150953292847,0
15746,0,0.19737720489501953,0
15747,0,0.11262007057666779,0
15748,0,0.2699730098247528,0
15749,0,0.08136513829231262,0
15750,1,0.9943880438804626,1
15751,1,0.9710142016410828,1
15752,1,0.9196196794509888,1
15753,1,0.16895489394664764,0
15754,1,1.0,1
15755,0,3.090932750637876e-06,0
15756,0,1.752066054905299e-05,0
15757,0,0.7039778232574463,1
15758,0,0.04299374669790268,0
15759,0,0.0002359965001232922,0
15760,1,0.9999291896820068,1
15761,0,0.022882763296365738,0
15762,0,0.030425021424889565,0
15763,0,1.578180854266975e-05,0
15764,1,0.971126914024353,1
15765,1,0.9995813965797424,1
15766,0,0.2575993537902832,0
15767,1,0.999152421951294,1
15768,0,0.03730998560786247,0
15769,1,0.989835798740387,1
15770,0,0.4876801073551178,0
15771,1,0.857185959815979,1
15772,0,0.033778347074985504,0
15773,1,0.9882783889770508,1
15774,1,0.7115821838378906,1
15775,1,0.999945878982544,1
15776,0,0.4569358229637146,0
15777,1,0.9964767098426819,1
15778,1,0.9800986051559448,1
15779,1,0.8058714866638184,1
15780,0,0.021746456623077393,0
15781,1,0.9999991655349731,1
15782,0,0.3090582489967346,0
15783,0,0.007908477447926998,0
15784,1,0.9975306391716003,1
15785,0,0.00407683290541172,0
15786,1,0.8652276396751404,1
15787,1,0.7350247502326965,1
15788,0,0.0708567351102829,0
15789,0,0.004040183499455452,0
15790,1,0.9999752044677734,1
15791,1,0.9986794590950012,1
15792,0,0.19083547592163086,0
15793,1,0.9999545812606812,1
15794,0,0.029307400807738304,0
15795,1,0.9938424825668335,1
15796,0,0.00021937928977422416,0
15797,0,0.13394683599472046,0
15798,1,0.9815710186958313,1
15799,1,0.9983154535293579,1
15800,0,0.5935839414596558,1
15801,1,0.9998698234558105,1
15802,1,0.15707387030124664,0
15803,0,0.00021156214643269777,0
15804,1,0.9767280220985413,1
15805,1,0.9982339143753052,1
15806,0,0.0003355599183123559,0
15807,0,0.9616535902023315,1
15808,1,0.9392555952072144,1
15809,1,0.9998819828033447,1
15810,1,0.9773438572883606,1
15811,1,0.9480403661727905,1
15812,1,0.993238091468811,1
15813,0,0.037995316088199615,0
15814,1,0.9294493198394775,1
15815,0,0.0032085091806948185,0
15816,0,0.10218779742717743,0
15817,1,0.9996724128723145,1
15818,1,0.9719052910804749,1
15819,1,0.9970869421958923,1
15820,1,0.9851535558700562,1
15821,1,1.0,1
15822,1,0.9921886920928955,1
15823,0,0.7793224453926086,1
15824,0,4.075578908668831e-05,0
15825,1,0.9130662679672241,1
15826,0,0.7073860168457031,1
15827,1,0.9697040319442749,1
15828,0,0.004978474695235491,0
15829,0,0.00017710514657665044,0
15830,1,0.9453476071357727,1
15831,0,0.005274198949337006,0
15832,1,0.9997696280479431,1
15833,0,0.1075916513800621,0
15834,0,0.011087155900895596,0
15835,1,0.9989883303642273,1
15836,1,0.9999924898147583,1
15837,1,0.9998360872268677,1
15838,0,0.0021849856711924076,0
15839,1,0.5011747479438782,1
15840,1,0.99222332239151,1
15841,0,0.013447611592710018,0
15842,0,0.008974785916507244,0
15843,1,0.8825847506523132,1
15844,0,0.004401581361889839,0
15845,1,0.9983158111572266,1
15846,1,0.9997588992118835,1
15847,1,0.3925827741622925,0
15848,0,0.02361208200454712,0
15849,0,0.06989772617816925,0
15850,0,0.010655938647687435,0
15851,1,0.6389082074165344,1
15852,0,0.290958970785141,0
15853,1,0.999927282333374,1
15854,1,0.9526337385177612,1
15855,0,6.274178304011002e-05,0
15856,1,0.9567980170249939,1
15857,1,0.9837304353713989,1
15858,1,0.999402642250061,1
15859,1,0.9974828362464905,1
15860,0,0.0001928443234646693,0
15861,0,0.11872775852680206,0
15862,0,0.23319406807422638,0
15863,0,0.020528070628643036,0
15864,0,0.0006253127357922494,0
15865,0,0.2549503743648529,0
15866,1,0.9999924898147583,1
15867,1,0.9158127903938293,1
15868,1,0.9969087243080139,1
15869,0,0.04408067464828491,0
15870,1,0.0534956157207489,0
15871,0,0.008208757266402245,0
15872,0,0.24136853218078613,0
15873,1,0.9997530579566956,1
15874,0,0.392813503742218,0
15875,1,0.9680794477462769,1
15876,0,4.851204721489921e-06,0
15877,0,0.0034616529010236263,0
15878,0,0.6652867197990417,1
15879,0,0.0199053306132555,0
15880,0,0.0284748412668705,0
15881,1,0.996527373790741,1
15882,0,0.03161650151014328,0
15883,1,0.9992029070854187,1
15884,1,0.9535192847251892,1
15885,1,0.950698733329773,1
15886,1,0.9499983787536621,1
15887,1,0.9982717037200928,1
15888,0,0.025583310052752495,0
15889,0,0.10312224924564362,0
15890,1,0.9496487379074097,1
15891,1,0.9909351468086243,1
15892,1,0.9999586343765259,1
15893,0,0.09435837715864182,0
15894,1,0.1307896375656128,0
15895,1,0.22249698638916016,0
15896,0,0.0044695003889501095,0
15897,0,0.006795951165258884,0
15898,0,0.10595661401748657,0
15899,0,0.29112446308135986,0
15900,0,0.15382595360279083,0
15901,1,0.9851312041282654,1
15902,0,0.014566149562597275,0
15903,0,0.0906929075717926,0
15904,0,0.002436636248603463,0
15905,1,0.7666072845458984,1
15906,0,1.2510221836237179e-07,0
15907,0,0.022666146978735924,0
15908,0,0.2760869562625885,0
15909,1,0.9691160917282104,1
15910,1,0.8625554442405701,1
15911,0,0.00027820648392662406,0
15912,1,0.998046875,1
15913,1,0.3690458834171295,0
15914,0,0.3449409604072571,0
15915,0,0.0968208760023117,0
15916,1,0.9947933554649353,1
15917,0,0.0018125525675714016,0
15918,1,0.9391801953315735,1
15919,0,0.017483148723840714,0
15920,1,0.9993133544921875,1
15921,1,0.14650030434131622,0
15922,0,0.07499759644269943,0
15923,0,0.007059676572680473,0
15924,0,0.9555304050445557,1
15925,1,0.9964828491210938,1
15926,1,0.4172603189945221,0
15927,1,0.9999047517776489,1
15928,1,0.997137188911438,1
15929,1,0.8638083338737488,1
15930,1,0.9743554592132568,1
15931,1,0.9997865557670593,1
15932,0,0.0008001175010576844,0
15933,1,0.607725203037262,1
15934,1,0.9223421812057495,1
15935,0,0.0753156766295433,0
15936,0,0.14311783015727997,0
15937,0,0.1181192472577095,0
15938,1,0.9997193217277527,1
15939,0,0.001582403085194528,0
15940,1,0.9999998807907104,1
15941,0,0.18043138086795807,0
15942,1,0.9822677969932556,1
15943,0,0.8785971999168396,1
15944,1,0.9834892749786377,1
15945,0,0.5781711935997009,1
15946,0,0.003907652571797371,0
15947,0,0.5987181067466736,1
15948,0,0.3278290331363678,0
15949,1,0.9971211552619934,1
15950,0,0.0020092681515961885,0
15951,1,0.9915750622749329,1
15952,0,9.626869541534688e-07,0
15953,0,0.0013098352355882525,0
15954,0,0.3589596748352051,0
15955,0,0.448893278837204,0
15956,0,1.9728378219951992e-07,0
15957,1,0.9425443410873413,1
15958,0,0.06071927770972252,0
15959,1,0.9860288500785828,1
15960,0,9.590905392542481e-05,0
15961,1,0.9999942779541016,1
15962,0,0.0037772287614643574,0
15963,0,0.016954516991972923,0
15964,0,0.397892028093338,0
15965,0,0.001231244532391429,0
15966,1,0.9973798394203186,1
15967,0,0.803856372833252,1
15968,1,0.9971605539321899,1
15969,0,0.19224825501441956,0
15970,0,1.2986342556864372e-10,0
15971,1,0.9449286460876465,1
15972,1,0.9377796649932861,1
15973,0,0.06693761050701141,0
15974,1,0.6978992223739624,1
15975,1,0.8625060319900513,1
15976,0,0.018082259222865105,0
15977,1,0.9999860525131226,1
15978,1,0.9996246099472046,1
15979,1,0.8375200033187866,1
15980,0,0.04582544416189194,0
15981,0,0.015398416668176651,0
15982,1,0.46051111817359924,0
15983,1,0.11690940707921982,0
15984,0,0.016272788867354393,0
15985,0,0.016995757818222046,0
15986,1,0.9949769377708435,1
15987,0,0.23816101253032684,0
15988,1,0.4441000819206238,0
15989,1,0.999835729598999,1
15990,1,0.973726749420166,1
15991,0,0.1497482806444168,0
15992,1,0.9944309592247009,1
15993,0,0.0425378680229187,0
15994,0,0.0038375244475901127,0
15995,0,0.0002497103705536574,0
15996,0,0.007219815626740456,0
15997,0,0.7984815835952759,1
15998,0,0.007880128920078278,0
15999,0,0.1606757640838623,0
16000,1,0.9254907369613647,1
16001,1,0.9360709190368652,1
16002,1,0.9986873269081116,1
16003,1,0.9263672232627869,1
16004,0,0.01864570751786232,0
16005,0,0.050487909466028214,0
16006,1,0.5675049424171448,1
16007,1,1.0,1
16008,0,6.783206481486559e-05,0
16009,0,0.21322154998779297,0
16010,1,0.9900097250938416,1
16011,0,0.0078864311799407,0
16012,1,0.9850965142250061,1
16013,0,0.7305600643157959,1
16014,1,0.2123052328824997,0
16015,1,0.999476969242096,1
16016,0,1.2253781278559472e-05,0
16017,1,0.999433696269989,1
16018,1,0.9999324083328247,1
16019,0,0.12129175662994385,0
16020,0,0.22008538246154785,0
16021,1,0.9975372552871704,1
16022,0,0.07785201072692871,0
16023,1,1.0,1
16024,1,0.9949861764907837,1
16025,0,0.13933180272579193,0
16026,0,7.274936797330156e-05,0
16027,0,0.0005449971067719162,0
16028,1,0.9966493248939514,1
16029,0,1.6238418538705446e-05,0
16030,0,0.09286171942949295,0
16031,0,0.007694682106375694,0
16032,0,0.06645755469799042,0
16033,1,0.9919412136077881,1
16034,0,0.009524865075945854,0
16035,0,0.0030166194774210453,0
16036,0,0.04413408041000366,0
16037,0,0.030212929472327232,0
16038,1,0.9747724533081055,1
16039,1,0.7082909345626831,1
16040,1,0.5476891398429871,1
16041,0,0.0016282977303490043,0
16042,1,1.0,1
16043,1,0.8717788457870483,1
16044,1,0.8846357464790344,1
16045,0,0.0002374456962570548,0
16046,1,0.9583819508552551,1
16047,1,0.9992054104804993,1
16048,1,0.9776551723480225,1
16049,1,0.9999779462814331,1
16050,0,0.058913204818964005,0
16051,1,0.9796534776687622,1
16052,1,0.998976469039917,1
16053,0,0.01138832326978445,0
16054,0,0.26488009095191956,0
16055,1,0.9997965693473816,1
16056,1,0.9973254203796387,1
16057,0,0.07739459723234177,0
16058,1,0.9134831428527832,1
16059,0,0.010349562391638756,0
16060,1,0.9999034404754639,1
16061,1,0.9998303651809692,1
16062,1,0.9512823224067688,1
16063,1,0.9999810457229614,1
16064,0,0.007001845631748438,0
16065,0,0.38065001368522644,0
16066,0,0.12604431807994843,0
16067,0,0.001681425841525197,0
16068,0,0.006492396350950003,0
16069,0,0.07364220172166824,0
16070,1,0.9999830722808838,1
16071,0,0.302030086517334,0
16072,0,0.0544326975941658,0
16073,0,0.016498515382409096,0
16074,1,0.974614679813385,1
16075,0,0.6651856303215027,1
16076,1,0.9029880166053772,1
16077,0,0.015546683222055435,0
16078,1,0.9878252148628235,1
16079,0,0.008034487254917622,0
16080,0,0.004296827130019665,0
16081,0,0.023417802527546883,0
16082,1,0.9999983310699463,1
16083,0,0.7238336801528931,1
16084,0,0.01773594133555889,0
16085,1,0.9386364221572876,1
16086,0,0.197531595826149,0
16087,1,1.0,1
16088,0,0.00045218196464702487,0
16089,1,0.9998098015785217,1
16090,0,0.005913726054131985,0
16091,1,0.9732835292816162,1
16092,1,0.9884499311447144,1
16093,0,0.02123599499464035,0
16094,0,0.004276220686733723,0
16095,1,0.9956842660903931,1
16096,0,0.2250434309244156,0
16097,1,0.9059760570526123,1
16098,0,0.03146819770336151,0
16099,1,0.9974234104156494,1
16100,1,0.9894112944602966,1
16101,1,0.804575502872467,1
16102,0,0.0667254626750946,0
16103,0,0.9653856158256531,1
16104,1,0.9998779296875,1
16105,1,0.9999961853027344,1
16106,1,0.9982374906539917,1
16107,0,0.0017324710497632623,0
16108,1,0.9762583374977112,1
16109,1,0.8443600535392761,1
16110,0,0.009806964546442032,0
16111,1,0.9302595257759094,1
16112,1,0.790067195892334,1
16113,0,0.0008682563784532249,0
16114,1,0.9632186889648438,1
16115,1,0.9982940554618835,1
16116,0,0.7219496965408325,1
16117,1,0.9044134020805359,1
16118,0,0.0013377817813307047,0
16119,0,0.0013250835472717881,0
16120,1,0.666033923625946,1
16121,0,0.0048680915497243404,0
16122,0,0.014633686281740665,0
16123,1,0.9999613761901855,1
16124,1,0.9087085127830505,1
16125,1,0.9999929666519165,1
16126,0,0.012728741392493248,0
16127,0,9.648577542975545e-05,0
16128,0,0.12195051461458206,0
16129,0,0.000322213105391711,0
16130,0,0.03127773851156235,0
16131,0,0.0001988065050682053,0
16132,1,0.9999754428863525,1
16133,0,0.04031652584671974,0
16134,1,0.621366024017334,1
16135,0,0.1389964073896408,0
16136,0,0.002451677341014147,0
16137,1,0.9995410442352295,1
16138,0,0.053552430123090744,0
16139,1,0.9998924732208252,1
16140,1,0.6906530261039734,1
16141,1,0.9999561309814453,1
16142,1,0.9999978542327881,1
16143,0,0.10859045386314392,0
16144,1,0.999997615814209,1
16145,0,0.014720173552632332,0
16146,0,0.05422358587384224,0
16147,1,0.7258501648902893,1
16148,1,0.9717850685119629,1
16149,1,0.7850016951560974,1
16150,1,0.8694781064987183,1
16151,0,0.006831430830061436,0
16152,1,0.0357632115483284,0
16153,1,0.9997323155403137,1
16154,1,0.9989283680915833,1
16155,1,0.939551591873169,1
16156,0,0.029735637828707695,0
16157,0,0.03813701868057251,0
16158,0,0.03534490987658501,0
16159,0,0.23592914640903473,0
16160,1,0.998542308807373,1
16161,0,0.12140803784132004,0
16162,1,0.9996494054794312,1
16163,1,0.9965623021125793,1
16164,1,1.0,1
16165,0,0.6960064172744751,1
16166,0,0.04671390354633331,0
16167,1,0.9993446469306946,1
16168,0,0.0053309183567762375,0
16169,1,0.9751233458518982,1
16170,1,1.0,1
16171,0,0.013846057467162609,0
16172,0,0.0006060930318199098,0
16173,1,0.9774667620658875,1
16174,0,0.507859468460083,1
16175,0,0.22851663827896118,0
16176,0,0.005527518689632416,0
16177,0,0.004148270469158888,0
16178,0,0.37607330083847046,0
16179,0,0.01840916834771633,0
16180,0,0.0006356650847010314,0
16181,1,0.9999302625656128,1
16182,1,1.0,1
16183,1,0.9963433146476746,1
16184,0,1.9320461888128193e-06,0
16185,1,0.9788000583648682,1
16186,1,0.9842267632484436,1
16187,0,0.1455385535955429,0
16188,1,0.9270502328872681,1
16189,0,0.10872727632522583,0
16190,1,0.8543066382408142,1
16191,0,0.01791595295071602,0
16192,0,0.0606701485812664,0
16193,0,0.0003715585917234421,0
16194,0,0.6601797342300415,1
16195,1,0.9999996423721313,1
16196,0,0.7289271354675293,1
16197,0,0.6069579720497131,1
16198,0,0.3695164620876312,0
16199,0,0.003040878102183342,0
16200,1,0.9999597072601318,1
16201,0,0.7821062207221985,1
16202,1,0.9999996423721313,1
16203,0,0.9849751591682434,1
16204,0,0.3348676860332489,0
16205,0,0.026673035696148872,0
16206,1,0.9983716607093811,1
16207,0,0.2320808321237564,0
16208,0,0.0040240297093987465,0
16209,0,0.011873769573867321,0
16210,0,0.004894280806183815,0
16211,0,0.043267425149679184,0
16212,1,0.6927997469902039,1
16213,0,0.023958148434758186,0
16214,1,0.9914839863777161,1
16215,1,0.9171702861785889,1
16216,1,0.9999456405639648,1
16217,0,0.28482094407081604,0
16218,1,0.9611199498176575,1
16219,1,0.9198304414749146,1
16220,1,0.8964276909828186,1
16221,1,0.9974617958068848,1
16222,0,0.08161543309688568,0
16223,0,0.11254153400659561,0
16224,1,0.9347302913665771,1
16225,1,0.9880377054214478,1
16226,0,0.01773139089345932,0
16227,0,6.31170260021463e-05,0
16228,1,0.12326385080814362,0
16229,1,0.9955552220344543,1
16230,1,0.6985433101654053,1
16231,1,0.9966440200805664,1
16232,1,0.9759263396263123,1
16233,1,0.9988129138946533,1
16234,0,0.009603936225175858,0
16235,0,0.13988175988197327,0
16236,0,0.05297566205263138,0
16237,1,0.9998592138290405,1
16238,0,0.0021330337040126324,0
16239,1,0.9061825275421143,1
16240,1,0.998141884803772,1
16241,1,0.9969725608825684,1
16242,0,0.0010079670464619994,0
16243,0,0.011000214144587517,0
16244,1,0.9987874627113342,1
16245,1,0.8927705883979797,1
16246,1,0.9423350095748901,1
16247,1,0.9650878310203552,1
16248,1,0.9887686967849731,1
16249,0,0.0010692129144445062,0
16250,0,0.07627686858177185,0
16251,0,0.2379644811153412,0
16252,1,0.9999639987945557,1
16253,1,0.9999891519546509,1
16254,1,0.47771453857421875,0
16255,0,0.15471845865249634,0
16256,0,0.03201714903116226,0
16257,1,0.9981191754341125,1
16258,1,0.9997771382331848,1
16259,1,0.9999992847442627,1
16260,0,0.054691608995199203,0
16261,1,0.6665804386138916,1
16262,1,0.9984898567199707,1
16263,1,0.9758692383766174,1
16264,1,0.5793509483337402,1
16265,1,0.9823020696640015,1
16266,0,0.005429877433925867,0
16267,1,0.9351289868354797,1
16268,0,7.215230289148167e-05,0
16269,0,0.0005092434003017843,0
16270,0,0.8086127042770386,1
16271,0,0.1563553810119629,0
16272,1,0.9948450326919556,1
16273,1,0.9996993541717529,1
16274,0,0.019268417730927467,0
16275,0,0.004585535265505314,0
16276,0,0.3324085474014282,0
16277,0,0.08085252344608307,0
16278,0,0.2960034906864166,0
16279,1,0.0706980898976326,0
16280,1,0.9979960918426514,1
16281,1,0.999874472618103,1
16282,1,0.9918028712272644,1
16283,1,0.998842716217041,1
16284,1,0.8502528071403503,1
16285,0,0.8612067699432373,1
16286,0,0.003526637563481927,0
16287,0,7.730384822934866e-05,0
16288,1,0.7954238057136536,1
16289,1,0.9999997615814209,1
16290,1,0.9976523518562317,1
16291,1,0.9481536149978638,1
16292,1,0.9554446339607239,1
16293,0,0.1612403690814972,0
16294,0,0.02464606799185276,0
16295,1,0.952023446559906,1
16296,1,0.9997865557670593,1
16297,1,1.0,1
16298,0,0.0012887230841442943,0
16299,0,0.006654419936239719,0
16300,0,0.116890549659729,0
16301,0,0.025305675342679024,0
16302,1,0.9990500807762146,1
16303,0,0.5961776971817017,1
16304,1,0.2752556800842285,0
16305,1,0.9999985694885254,1
16306,1,0.734569251537323,1
16307,1,0.8449731469154358,1
16308,1,0.9920816421508789,1
16309,1,0.9672154188156128,1
16310,0,0.0798901692032814,0
16311,0,0.999643087387085,1
16312,1,0.9918328523635864,1
16313,0,0.0011808892013505101,0
16314,1,0.9921058416366577,1
16315,1,0.998524010181427,1
16316,0,4.387033186503686e-06,0
16317,1,0.7575803995132446,1
16318,0,0.2634929418563843,0
16319,0,0.0023079421371221542,0
16320,1,0.828131377696991,1
16321,1,0.9957826137542725,1
16322,1,0.7617819309234619,1
16323,0,3.999693490186473e-06,0
16324,0,0.07580500841140747,0
16325,0,0.12192860245704651,0
16326,1,0.9814931750297546,1
16327,1,0.9999834299087524,1
16328,0,0.004913153126835823,0
16329,0,1.3352125279197935e-05,0
16330,0,0.3219934403896332,0
16331,1,0.13041459023952484,0
16332,0,0.2571178674697876,0
16333,1,0.9999964237213135,1
16334,1,0.9970763921737671,1
16335,0,0.649978756904602,1
16336,0,0.0007756327395327389,0
16337,0,0.014256400987505913,0
16338,0,0.004344988614320755,0
16339,1,0.9957980513572693,1
16340,0,0.1144162267446518,0
16341,0,0.07883396744728088,0
16342,0,0.17472094297409058,0
16343,0,0.4363255500793457,0
16344,1,0.997498095035553,1
16345,0,0.3938598334789276,0
16346,0,0.4103270173072815,0
16347,0,0.0035314499400556087,0
16348,1,0.9916948676109314,1
16349,1,0.9910564422607422,1
16350,0,0.053035520017147064,0
16351,1,0.951694130897522,1
16352,1,0.7973387241363525,1
16353,0,0.01551606971770525,0
16354,0,0.03963451087474823,0
16355,0,0.9963195323944092,1
16356,1,0.7803465723991394,1
16357,1,0.7994948029518127,1
16358,0,0.4362502098083496,0
16359,0,0.006651148200035095,0
16360,1,0.3892405927181244,0
16361,1,0.9999998807907104,1
16362,0,0.000943424238357693,0
16363,1,0.8148370981216431,1
16364,0,0.01142896432429552,0
16365,0,0.046316422522068024,0
16366,0,0.010023001581430435,0
16367,1,0.9997348189353943,1
16368,0,0.14016705751419067,0
16369,0,0.11013144254684448,0
16370,1,0.9998058676719666,1
16371,0,0.0023968766909092665,0
16372,0,0.6777456998825073,1
16373,1,0.9994651675224304,1
16374,1,0.9886184930801392,1
16375,0,0.045223262161016464,0
16376,1,0.9980779886245728,1
16377,1,0.9923816323280334,1
16378,0,0.08533084392547607,0
16379,0,0.02666415460407734,0
16380,1,0.9968067407608032,1
16381,1,0.9993979930877686,1
16382,1,0.9965817332267761,1
16383,1,0.47820013761520386,0
16384,0,0.5187216401100159,1
16385,1,0.457757830619812,0
16386,1,0.9958879351615906,1
16387,1,0.9679222106933594,1
16388,0,0.39887577295303345,0
16389,1,0.9860562086105347,1
16390,1,0.9999288320541382,1
16391,1,0.8830338716506958,1
16392,0,0.19394585490226746,0
16393,1,0.6522021293640137,1
16394,1,0.9996248483657837,1
16395,1,0.9996293783187866,1
16396,1,0.9927461743354797,1
16397,0,0.05950329452753067,0
16398,1,0.9475731253623962,1
16399,0,0.04504404589533806,0
16400,0,0.02685633674263954,0
16401,0,0.00014150563220027834,0
16402,1,0.9430605173110962,1
16403,0,0.0021921980660408735,0
16404,0,0.0027881795540452003,0
16405,0,0.0036420049145817757,0
16406,1,0.9677988886833191,1
16407,1,0.989241898059845,1
16408,0,0.116684690117836,0
16409,0,0.0005037017399445176,0
16410,0,0.009319592267274857,0
16411,0,0.004903418477624655,0
16412,0,0.03545272722840309,0
16413,1,0.8954625129699707,1
16414,1,0.9849993586540222,1
16415,1,0.526747465133667,1
16416,1,0.6602840423583984,1
16417,1,0.9791821241378784,1
16418,0,0.0005204922053962946,0
16419,0,0.03916451707482338,0
16420,0,0.0012225618120282888,0
16421,0,0.03970551863312721,0
16422,1,0.9909817576408386,1
16423,0,0.0001628977042855695,0
16424,0,0.0619884617626667,0
16425,0,0.03868704289197922,0
16426,0,0.006231220904737711,0
16427,1,0.9254859089851379,1
16428,1,0.9995967745780945,1
16429,0,0.0003739593958016485,0
16430,0,0.11807757616043091,0
16431,0,0.06526792794466019,0
16432,0,1.850457010732498e-05,0
16433,1,0.9898494482040405,1
16434,1,0.9509221315383911,1
16435,1,0.9538025856018066,1
16436,0,0.0012141503393650055,0
16437,1,0.8316053152084351,1
16438,1,0.9998109936714172,1
16439,0,0.008000488393008709,0
16440,0,0.013536401093006134,0
16441,0,0.007925915531814098,0
16442,0,0.10577954351902008,0
16443,1,0.5640329122543335,1
16444,1,0.9943428039550781,1
16445,0,0.036770764738321304,0
16446,0,0.03612472489476204,0
16447,0,0.00027302626403979957,0
16448,1,0.8546320199966431,1
16449,1,0.9269751906394958,1
16450,1,0.6896109580993652,1
16451,1,0.9276425242424011,1
16452,0,0.9385210275650024,1
16453,0,6.570934147021035e-06,0
16454,0,0.06995075941085815,0
16455,0,0.06537235528230667,0
16456,0,0.002029895316809416,0
16457,0,0.014870654791593552,0
16458,1,0.9998694658279419,1
16459,0,0.00011604940664255992,0
16460,1,0.9222695827484131,1
16461,1,0.9983367919921875,1
16462,1,0.9994814991950989,1
16463,0,0.02358187548816204,0
16464,1,0.38251760601997375,0
16465,1,0.9898930191993713,1
16466,1,0.9364637136459351,1
16467,0,0.008928109891712666,0
16468,1,0.6665216088294983,1
16469,1,0.9999934434890747,1
16470,0,0.7630128860473633,1
16471,0,0.00012851918290834874,0
16472,0,0.744346559047699,1
16473,1,0.8938261866569519,1
16474,0,0.5027967095375061,1
16475,1,0.9999799728393555,1
16476,0,0.016178393736481667,0
16477,0,0.018399881199002266,0
16478,1,0.9706577658653259,1
16479,1,0.7699943780899048,1
16480,0,0.10606015473604202,0
16481,0,0.0019611509051173925,0
16482,0,0.1875726878643036,0
16483,1,0.9849618673324585,1
16484,1,0.9785336852073669,1
16485,0,0.17782798409461975,0
16486,0,0.12707743048667908,0
16487,1,0.9780408143997192,1
16488,1,0.9909695982933044,1
16489,1,0.9998846054077148,1
16490,0,0.1411214917898178,0
16491,1,0.9378014802932739,1
16492,1,0.8270329236984253,1
16493,0,0.004003515001386404,0
16494,0,0.6355621814727783,1
16495,1,0.9171355962753296,1
16496,1,0.9981868863105774,1
16497,0,0.5592269897460938,1
16498,0,0.0513760931789875,0
16499,0,2.1566318082477665e-06,0
16500,1,0.9938802719116211,1
16501,0,0.024066759273409843,0
16502,1,0.9885912537574768,1
16503,0,0.00061351980548352,0
16504,0,0.007243413478136063,0
16505,0,0.0023625113535672426,0
16506,0,0.05388868600130081,0
16507,1,0.9999982118606567,1
16508,0,0.016377026215195656,0
16509,0,0.4191575348377228,0
16510,1,0.9974347949028015,1
16511,0,0.15822018682956696,0
16512,1,0.9525980353355408,1
16513,0,0.4062349796295166,0
16514,1,0.004738309420645237,0
16515,1,0.9999407529830933,1
16516,1,0.9963340759277344,1
16517,0,0.012026729062199593,0
16518,0,0.13688018918037415,0
16519,1,0.9998912811279297,1
16520,1,0.9990142583847046,1
16521,1,0.906672477722168,1
16522,0,0.37353262305259705,0
16523,1,0.9979063272476196,1
16524,1,0.9988634586334229,1
16525,1,0.9998893737792969,1
16526,0,0.08755376189947128,0
16527,1,0.9466607570648193,1
16528,0,0.07417913526296616,0
16529,1,0.9992313385009766,1
16530,1,0.9927470088005066,1
16531,1,0.9998918771743774,1
16532,1,0.9999761581420898,1
16533,0,0.5518649220466614,1
16534,1,0.9997861981391907,1
16535,1,0.9984013438224792,1
16536,1,0.9996845722198486,1
16537,1,0.9793815016746521,1
16538,0,0.014220921322703362,0
16539,1,0.9774266481399536,1
16540,0,0.10612083226442337,0
16541,0,0.1346345692873001,0
16542,0,0.010859065689146519,0
16543,0,0.0007902010693214834,0
16544,0,0.20077495276927948,0
16545,1,0.9258784651756287,1
16546,1,0.9995654225349426,1
16547,1,0.8755582571029663,1
16548,0,0.1270180195569992,0
16549,0,0.003748943330720067,0
16550,1,0.9999219179153442,1
16551,0,0.015672855079174042,0
16552,1,0.999996542930603,1
16553,1,0.9997760653495789,1
16554,0,0.3053562045097351,0
16555,0,0.0001471080759074539,0
16556,1,0.9987753033638,1
16557,1,0.9991117119789124,1
16558,0,0.00010640166874509305,0
16559,1,0.9952093958854675,1
16560,1,0.9971670508384705,1
16561,1,0.4388669729232788,0
16562,1,0.9999992847442627,1
16563,0,0.3297301232814789,0
16564,0,0.4391671419143677,0
16565,0,1.6789765140856616e-05,0
16566,1,0.9999597072601318,1
16567,0,0.017616044729948044,0
16568,0,2.6591256974128896e-10,0
16569,0,7.6328893783284e-07,0
16570,1,0.1607828140258789,0
16571,0,0.004403556697070599,0
16572,1,0.9403228759765625,1
16573,0,0.0005692784325219691,0
16574,0,0.014296039007604122,0
16575,1,0.9561586976051331,1
16576,1,0.7578018307685852,1
16577,1,0.9710896015167236,1
16578,0,0.0038226312026381493,0
16579,1,0.9950699806213379,1
16580,0,0.0004377921868581325,0
16581,1,0.9472402334213257,1
16582,0,0.7985384464263916,1
16583,0,0.006336741615086794,0
16584,0,0.0965660884976387,0
16585,0,0.019298454746603966,0
16586,0,0.23059827089309692,0
16587,1,0.9997634291648865,1
16588,1,0.9174163937568665,1
16589,1,0.9839735627174377,1
16590,0,0.005162323359400034,0
16591,0,0.006077845115214586,0
16592,0,0.2689117193222046,0
16593,0,0.1941969096660614,0
16594,1,0.9999606609344482,1
16595,0,0.0910545065999031,0
16596,1,0.3743295669555664,0
16597,0,0.029122428968548775,0
16598,1,0.9677877426147461,1
16599,1,0.9972327351570129,1
16600,1,0.999945878982544,1
16601,1,0.9922052025794983,1
16602,0,0.6180001497268677,1
16603,1,0.9502793550491333,1
16604,1,0.9452117681503296,1
16605,0,0.5327781438827515,1
16606,0,0.00015160886687226593,0
16607,0,0.09221857041120529,0
16608,1,0.9944766163825989,1
16609,1,0.7995840907096863,1
16610,1,0.9988466501235962,1
16611,0,0.008613812737166882,0
16612,0,0.13423879444599152,0
16613,0,0.006966219749301672,0
16614,1,0.9721753001213074,1
16615,1,0.705195963382721,1
16616,0,0.48739680647850037,0
16617,1,0.9817405939102173,1
16618,1,0.9893618226051331,1
16619,1,0.6471419334411621,1
16620,1,0.9046676158905029,1
16621,1,0.9478607177734375,1
16622,1,0.9965234398841858,1
16623,0,0.09726591408252716,0
16624,0,0.000575812126044184,0
16625,0,0.04302719980478287,0
16626,1,0.8567014336585999,1
16627,0,0.00022823190374765545,0
16628,0,0.10413800925016403,0
16629,0,0.08398984372615814,0
16630,1,0.8108730316162109,1
16631,1,0.9997757077217102,1
16632,1,0.768364667892456,1
16633,0,0.158296138048172,0
16634,1,0.8450836539268494,1
16635,1,0.9999850988388062,1
16636,1,0.9989427924156189,1
16637,1,0.8941140174865723,1
16638,0,0.08082818239927292,0
16639,1,0.9999905824661255,1
16640,0,0.000869275419972837,0
16641,1,0.4195168912410736,0
16642,0,0.2647547423839569,0
16643,1,0.9511064887046814,1
16644,0,0.2532653212547302,0
16645,0,0.017814548686146736,0
16646,1,0.9998475313186646,1
16647,1,0.8162825703620911,1
16648,1,0.8578670024871826,1
16649,0,0.0002581311564426869,0
16650,0,0.04183543100953102,0
16651,0,0.010264314711093903,0
16652,0,0.7250566482543945,1
16653,0,0.6257126331329346,1
16654,0,0.004781458061188459,0
16655,0,0.20596624910831451,0
16656,0,0.0016768330242484808,0
16657,1,0.9999929666519165,1
16658,0,0.02583935298025608,0
16659,1,0.7070708274841309,1
16660,1,0.9995301961898804,1
16661,0,0.004731417633593082,0
16662,0,0.03530634194612503,0
16663,0,0.12594713270664215,0
16664,0,0.6881588101387024,1
16665,1,0.9918947815895081,1
16666,0,0.037941139191389084,0
16667,0,0.002478597918525338,0
16668,1,0.9999327659606934,1
16669,0,0.8113740682601929,1
16670,0,0.03397761657834053,0
16671,1,0.9909875988960266,1
16672,1,0.9866273999214172,1
16673,1,0.9959934949874878,1
16674,0,0.004210950341075659,0
16675,0,0.03710970655083656,0
16676,1,0.854670524597168,1
16677,0,0.0011078650131821632,0
16678,1,0.9900656938552856,1
16679,1,0.9735476970672607,1
16680,0,0.0009681055671535432,0
16681,1,0.9917752742767334,1
16682,1,0.7905812859535217,1
16683,1,0.9365746378898621,1
16684,1,0.38866931200027466,0
16685,1,0.9029533267021179,1
16686,1,0.9779372811317444,1
16687,0,0.358746737241745,0
16688,1,0.90616375207901,1
16689,1,0.5956811904907227,1
16690,0,0.0005183741450309753,0
16691,1,0.970312774181366,1
16692,0,0.5006663799285889,1
16693,1,0.8802635669708252,1
16694,0,0.001553150126710534,0
16695,0,0.24581535160541534,0
16696,0,0.05378856509923935,0
16697,1,0.9583600759506226,1
16698,1,0.9997840523719788,1
16699,1,0.999970555305481,1
16700,0,0.20998524129390717,0
16701,1,0.999976396560669,1
16702,1,0.8728601932525635,1
16703,1,0.9773740768432617,1
16704,0,0.08251029253005981,0
16705,1,0.9902554154396057,1
16706,0,0.09397828578948975,0
16707,0,0.0014875350752845407,0
16708,1,0.7459267973899841,1
16709,1,0.9512937068939209,1
16710,0,0.026984481140971184,0
16711,0,0.0054576462134718895,0
16712,0,0.013025853782892227,0
16713,1,0.9999996423721313,1
16714,1,0.7605289220809937,1
16715,0,0.02519831247627735,0
16716,1,0.8251656889915466,1
16717,1,0.9438327550888062,1
16718,1,0.70399010181427,1
16719,1,0.7792989015579224,1
16720,1,0.8994569182395935,1
16721,1,1.0,1
16722,1,0.994857668876648,1
16723,1,0.9903945326805115,1
16724,0,0.026684915646910667,0
16725,1,0.9185367822647095,1
16726,0,0.17975299060344696,0
16727,1,0.5244600772857666,1
16728,0,0.003249876666814089,0
16729,1,0.998360812664032,1
16730,0,0.7072550654411316,1
16731,1,0.9992495179176331,1
16732,1,0.7217337489128113,1
16733,0,0.03354596719145775,0
16734,1,0.9873570203781128,1
16735,0,0.32107311487197876,0
16736,1,0.9763516187667847,1
16737,0,0.14688070118427277,0
16738,0,0.03483666479587555,0
16739,1,0.9795668721199036,1
16740,1,0.9253117442131042,1
16741,0,0.07162592560052872,0
16742,0,0.24738194048404694,0
16743,1,0.9968163371086121,1
16744,1,0.9998194575309753,1
16745,1,0.9963655471801758,1
16746,0,0.05626611411571503,0
16747,0,0.12564387917518616,0
16748,1,0.43141308426856995,0
16749,0,0.8475890755653381,1
16750,0,0.11648838222026825,0
16751,1,0.9886823892593384,1
16752,0,0.00051953608635813,0
16753,1,0.8986272215843201,1
16754,0,0.042116545140743256,0
16755,0,0.6758164763450623,1
16756,0,0.04911772906780243,0
16757,1,0.5795419812202454,1
16758,1,0.9828542470932007,1
16759,1,0.9992967844009399,1
16760,0,0.6464745998382568,1
16761,1,0.9496059417724609,1
16762,0,0.02153952419757843,0
16763,0,0.12136220186948776,0
16764,1,0.9831503033638,1
16765,0,0.00013075633614789695,0
16766,1,0.9999709129333496,1
16767,0,2.567868806480078e-09,0
16768,0,0.0008529481128789485,0
16769,0,0.1076321080327034,0
16770,1,0.9847797751426697,1
16771,0,0.00015518511645495892,0
16772,1,0.9936659932136536,1
16773,1,0.9999760389328003,1
16774,1,0.9523385167121887,1
16775,0,0.0009685987024568021,0
16776,1,0.9863836765289307,1
16777,1,0.5210622549057007,1
16778,0,0.031739719212055206,0
16779,0,0.0030307869892567396,0
16780,1,0.9921901822090149,1
16781,0,4.51470295956824e-05,0
16782,1,0.9903270602226257,1
16783,1,0.9975370168685913,1
16784,1,0.6552433967590332,1
16785,1,0.962193489074707,1
16786,0,0.002985020400956273,0
16787,0,4.8604146286379546e-05,0
16788,0,0.09838832914829254,0
16789,0,0.015128902159631252,0
16790,0,0.0008093601209111512,0
16791,0,0.6761927008628845,1
16792,1,0.7174188494682312,1
16793,0,0.002896070247516036,0
16794,1,0.20512254536151886,0
16795,0,0.00415273429825902,0
16796,1,0.767727255821228,1
16797,1,0.9811282157897949,1
16798,1,0.898030698299408,1
16799,0,0.3202597200870514,0
16800,0,0.0003691083111334592,0
16801,0,0.011743531562387943,0
16802,0,0.008673049509525299,0
16803,0,0.00015346432337537408,0
16804,0,0.0005222175968810916,0
16805,1,0.5399832725524902,1
16806,1,0.8225122690200806,1
16807,0,0.01760650798678398,0
16808,1,0.9267194867134094,1
16809,1,0.8386192917823792,1
16810,1,0.9632713198661804,1
16811,1,0.9608784317970276,1
16812,1,0.8800719380378723,1
16813,1,0.8674812912940979,1
16814,0,0.0029589084442704916,0
16815,1,0.9999741315841675,1
16816,0,5.674208125583391e-08,0
16817,0,0.0604095533490181,0
16818,1,0.9981197714805603,1
16819,1,0.9975226521492004,1
16820,1,0.9404451251029968,1
16821,1,0.9198721051216125,1
16822,0,0.019200731068849564,0
16823,0,0.001723459456115961,0
16824,1,0.996058464050293,1
16825,1,0.991634726524353,1
16826,1,0.9497249722480774,1
16827,1,0.8217983245849609,1
16828,1,0.9992567896842957,1
16829,0,6.566014576492307e-07,0
16830,0,0.8821627497673035,1
16831,1,0.8205335140228271,1
16832,0,0.8891350626945496,1
16833,0,0.3003028333187103,0
16834,0,0.042921897023916245,0
16835,0,0.09143238514661789,0
16836,0,0.014090086333453655,0
16837,1,0.6177761554718018,1
16838,1,0.9998629093170166,1
16839,1,0.9985596537590027,1
16840,0,0.009762943722307682,0
16841,1,0.9919742941856384,1
16842,1,0.15512554347515106,0
16843,0,0.0683208554983139,0
16844,1,0.9748240113258362,1
16845,0,0.0011525924783200026,0
16846,1,0.9977571368217468,1
16847,1,0.9903507828712463,1
16848,1,0.9998358488082886,1
16849,0,0.11230657994747162,0
16850,0,0.28350892663002014,0
16851,0,0.9476233124732971,1
16852,0,0.017558792605996132,0
16853,1,0.9862675666809082,1
16854,1,0.9835053086280823,1
16855,0,0.17293603718280792,0
16856,1,0.572864294052124,1
16857,0,0.00497053237631917,0
16858,0,0.024304158985614777,0
16859,0,2.178173645006609e-06,0
16860,1,0.8761390447616577,1
16861,1,0.9884613752365112,1
16862,1,0.9911001324653625,1
16863,0,0.08344752341508865,0
16864,0,0.2422550916671753,0
16865,0,0.11937446892261505,0
16866,0,0.003534219926223159,0
16867,1,0.9996813535690308,1
16868,1,0.7461013197898865,1
16869,1,0.9999425411224365,1
16870,1,0.9686003923416138,1
16871,1,0.9999982118606567,1
16872,0,0.0005592952365987003,0
16873,0,0.00032953513436950743,0
16874,0,6.625249807257205e-05,0
16875,0,0.13660739362239838,0
16876,0,0.06217412278056145,0
16877,0,0.0032990528270602226,0
16878,0,0.00017007709539029747,0
16879,1,0.999977707862854,1
16880,1,0.9816383123397827,1
16881,0,2.0871297238045372e-05,0
16882,1,0.9999707937240601,1
16883,0,0.007296938449144363,0
16884,0,0.000828716903924942,0
16885,1,0.95653235912323,1
16886,0,0.21712900698184967,0
16887,0,0.06835959851741791,0
16888,0,0.008530978113412857,0
16889,0,0.07245916873216629,0
16890,1,0.9820637702941895,1
16891,1,0.9527745246887207,1
16892,1,0.9985764026641846,1
16893,1,0.19761057198047638,0
16894,0,0.18047422170639038,0
16895,0,0.7925316691398621,1
16896,0,0.2411368489265442,0
16897,1,0.0005360788782127202,0
16898,0,0.010928051546216011,0
16899,1,0.9912699460983276,1
16900,1,0.9999831914901733,1
16901,1,0.958179771900177,1
16902,0,0.021190885454416275,0
16903,1,0.9844464659690857,1
16904,0,0.18709582090377808,0
16905,1,0.9996150732040405,1
16906,1,0.9685121178627014,1
16907,1,0.9863451719284058,1
16908,0,0.0019438214367255569,0
16909,1,0.5433823466300964,1
16910,0,0.06283767521381378,0
16911,0,0.000295979407383129,0
16912,1,0.9977484345436096,1
16913,1,0.8854169249534607,1
16914,1,1.0,1
16915,0,0.10617905855178833,0
16916,1,0.9906781911849976,1
16917,1,0.792108416557312,1
16918,0,0.04571828618645668,0
16919,1,0.9557609558105469,1
16920,0,0.02843046374619007,0
16921,0,0.0161813385784626,0
16922,1,0.9683785438537598,1
16923,0,0.0010364381596446037,0
16924,0,0.014082694426178932,0
16925,1,0.8028013110160828,1
16926,0,0.029505960643291473,0
16927,1,0.9910606741905212,1
16928,0,0.0021434470545500517,0
16929,1,0.9999921321868896,1
16930,0,0.00416709715500474,0
16931,1,0.9983723759651184,1
16932,0,0.08516089618206024,0
16933,1,0.9906066656112671,1
16934,0,0.007547813002020121,0
16935,1,0.9820842146873474,1
16936,1,0.9989318251609802,1
16937,1,0.27032455801963806,0
16938,0,0.20992164313793182,0
16939,1,0.6808841824531555,1
16940,0,0.0030470716301351786,0
16941,0,0.023577900603413582,0
16942,1,0.9996590614318848,1
16943,1,1.0,1
16944,1,0.9994460940361023,1
16945,1,0.9989520311355591,1
16946,1,0.999834418296814,1
16947,0,0.07876237481832504,0
16948,0,0.0026937988586723804,0
16949,1,0.9999806880950928,1
16950,1,0.9979280233383179,1
16951,1,0.7814577221870422,1
16952,0,4.3786116293631494e-05,0
16953,1,0.9151248335838318,1
16954,0,0.003355908440425992,0
16955,1,0.9999971389770508,1
16956,1,0.9977313876152039,1
16957,0,0.06393922865390778,0
16958,1,0.9999566078186035,1
16959,0,0.008421804755926132,0
16960,1,0.8975458741188049,1
16961,0,0.04432353749871254,0
16962,1,0.999876856803894,1
16963,1,0.9979389309883118,1
16964,0,0.0053669726476073265,0
16965,0,0.0024039025884121656,0
16966,1,0.9877267479896545,1
16967,0,0.13056805729866028,0
16968,0,0.11888708174228668,0
16969,1,0.9999982118606567,1
16970,0,0.47908467054367065,0
16971,0,2.985562161939015e-07,0
16972,0,0.3913508951663971,0
16973,0,0.02793731912970543,0
16974,0,0.33256787061691284,0
16975,1,0.9953687191009521,1
16976,1,0.8082659244537354,1
16977,1,0.9999219179153442,1
16978,0,0.015595217235386372,0
16979,0,0.019680557772517204,0
16980,0,0.022676590830087662,0
16981,0,0.020432662218809128,0
16982,0,0.001610717736184597,0
16983,0,0.00753759266808629,0
16984,1,0.9502112865447998,1
16985,1,0.6524502038955688,1
16986,1,0.9758144021034241,1
16987,1,0.9601166248321533,1
16988,1,0.8429148197174072,1
16989,0,2.477166344760917e-05,0
16990,1,0.6907591223716736,1
16991,0,0.0005080991541035473,0
16992,0,0.05452407896518707,0
16993,0,0.1567375659942627,0
16994,0,0.10750117152929306,0
16995,0,0.0018581340555101633,0
16996,1,0.9967454671859741,1
16997,0,0.03231332078576088,0
16998,0,0.024348285049200058,0
16999,1,0.9998610019683838,1
17000,1,0.8342217206954956,1
17001,1,0.8967019319534302,1
17002,1,0.9999994039535522,1
17003,0,0.9855713844299316,1
17004,0,0.02110629342496395,0
17005,1,0.9991752505302429,1
17006,1,0.988052248954773,1
17007,0,0.9750416278839111,1
17008,1,0.24485540390014648,0
17009,0,0.003914964850991964,0
17010,0,0.03054645285010338,0
17011,1,0.9726052284240723,1
17012,1,0.9925560355186462,1
17013,0,0.007157375570386648,0
17014,1,0.24704480171203613,0
17015,1,0.9999450445175171,1
17016,1,0.9638732075691223,1
17017,0,0.008267330937087536,0
17018,1,0.9996333122253418,1
17019,1,0.9997590184211731,1
17020,0,0.6178107261657715,1
17021,1,0.6084785461425781,1
17022,1,0.975449800491333,1
17023,0,0.00025656013167463243,0
17024,1,0.9996894598007202,1
17025,0,0.07069184631109238,0
17026,0,0.0872943326830864,0
17027,0,0.010890686884522438,0
17028,1,0.5950818657875061,1
17029,0,0.13818752765655518,0
17030,0,0.017015527933835983,0
17031,0,0.038246043026447296,0
17032,0,0.0006968599045649171,0
17033,0,0.09528844058513641,0
17034,0,0.07713347673416138,0
17035,1,0.7565621137619019,1
17036,0,0.001513402909040451,0
17037,1,0.3479912579059601,0
17038,1,1.0,1
17039,0,0.0022091225255280733,0
17040,1,0.9963322281837463,1
17041,1,0.8887901902198792,1
17042,1,1.0,1
17043,0,0.1261555254459381,0
17044,0,0.9781755805015564,1
17045,0,0.38056764006614685,0
17046,1,0.9628612399101257,1
17047,0,0.08022234588861465,0
17048,0,0.11364056169986725,0
17049,0,0.18895292282104492,0
17050,0,0.0599665604531765,0
17051,1,0.998238205909729,1
17052,1,0.9999979734420776,1
17053,0,0.03559437766671181,0
17054,1,0.9918708801269531,1
17055,1,0.9994944334030151,1
17056,0,0.04109958931803703,0
17057,0,0.06106898561120033,0
17058,1,0.930965006351471,1
17059,1,0.9888299107551575,1
17060,0,0.004143704194575548,0
17061,0,0.07315632700920105,0
17062,1,0.9998186230659485,1
17063,1,0.7697990536689758,1
17064,0,0.2460179179906845,0
17065,1,0.979781985282898,1
17066,1,0.9959774613380432,1
17067,1,0.935668408870697,1
17068,1,0.9803174734115601,1
17069,0,0.19402407109737396,0
17070,1,0.7716534733772278,1
17071,0,0.031871043145656586,0
17072,0,0.13947558403015137,0
17073,1,0.953484058380127,1
17074,0,0.017011987045407295,0
17075,0,0.015164689160883427,0
17076,1,0.7135468125343323,1
17077,1,0.9999215602874756,1
17078,0,0.00013333225797396153,0
17079,1,0.9992917776107788,1
17080,0,0.012028185650706291,0
17081,1,0.9345652461051941,1
17082,0,0.04055538401007652,0
17083,1,0.9977301955223083,1
17084,1,0.9683776497840881,1
17085,0,0.08354967832565308,0
17086,0,0.0001408127136528492,0
17087,1,0.9993625283241272,1
17088,0,0.1215478703379631,0
17089,0,0.03573682904243469,0
17090,0,0.0010576758068054914,0
17091,0,0.07092111557722092,0
17092,1,0.16364336013793945,0
17093,0,0.007411540020257235,0
17094,0,0.0023733905982226133,0
17095,0,0.6475621461868286,1
17096,0,0.09009293466806412,0
17097,0,0.019843190908432007,0
17098,1,0.8423784971237183,1
17099,0,0.03032153658568859,0
17100,0,0.016287589445710182,0
17101,1,0.5615873336791992,1
17102,0,0.02511170692741871,0
17103,1,0.9999980926513672,1
17104,0,0.001487918314523995,0
17105,1,0.007178927771747112,0
17106,0,7.999745754716514e-09,0
17107,0,0.02262570522725582,0
17108,0,0.0009259537910111248,0
17109,1,0.998292863368988,1
17110,1,0.9865147471427917,1
17111,1,0.8464414477348328,1
17112,1,0.7978577017784119,1
17113,1,0.806397020816803,1
17114,0,0.9197972416877747,1
17115,0,0.015273816883563995,0
17116,0,0.17423905432224274,0
17117,0,0.0008396283374167979,0
17118,1,0.6474775671958923,1
17119,0,0.25563928484916687,0
17120,1,0.9987965822219849,1
17121,1,0.9999957084655762,1
17122,1,0.858973503112793,1
17123,1,0.9992192983627319,1
17124,0,0.003780663013458252,0
17125,0,0.10916843265295029,0
17126,0,0.04716505855321884,0
17127,1,0.13904836773872375,0
17128,1,0.8987927436828613,1
17129,1,0.9322628974914551,1
17130,0,0.23300881683826447,0
17131,0,0.0006499688606709242,0
17132,1,0.0007899616030044854,0
17133,0,0.0016302088042721152,0
17134,0,0.8412044048309326,1
17135,1,0.9340144395828247,1
17136,1,0.9958218336105347,1
17137,0,0.0036701124627143145,0
17138,1,0.8158759474754333,1
17139,1,1.0,1
17140,0,0.03223730996251106,0
17141,0,0.0012626864481717348,0
17142,0,0.4638426899909973,0
17143,0,0.00015442418225575238,0
17144,1,0.9998425245285034,1
17145,0,0.00011560166603885591,0
17146,1,0.2804476320743561,0
17147,0,0.23537185788154602,0
17148,0,0.02737407013773918,0
17149,1,0.9997020363807678,1
17150,1,0.7257834672927856,1
17151,1,0.9995996356010437,1
17152,0,0.008679545484483242,0
17153,0,0.0006571370759047568,0
17154,1,0.6904197335243225,1
17155,0,0.09989390522241592,0
17156,0,0.0005304461228661239,0
17157,0,0.026811016723513603,0
17158,0,0.11486514657735825,0
17159,0,0.035718873143196106,0
17160,0,0.196323961019516,0
17161,1,0.9974547028541565,1
17162,0,0.0003705070121213794,0
17163,1,0.9981744289398193,1
17164,0,0.2432779222726822,0
17165,0,0.07064773887395859,0
17166,0,0.12155907601118088,0
17167,0,0.0157521553337574,0
17168,1,0.7068114280700684,1
17169,0,0.05652578920125961,0
17170,1,0.9996024966239929,1
17171,0,0.056252699345350266,0
17172,0,0.0009547812514938414,0
17173,1,0.9997207522392273,1
17174,0,5.8069224905921146e-05,0
17175,0,0.024010377004742622,0
17176,1,0.9509631991386414,1
17177,1,0.9991106390953064,1
17178,1,0.391205757856369,0
17179,1,0.47757887840270996,0
17180,0,0.5844243168830872,1
17181,1,0.8456135392189026,1
17182,1,0.9945005178451538,1
17183,0,0.24789118766784668,0
17184,0,0.08222635835409164,0
17185,0,0.00019402454199735075,0
17186,0,0.002661790931597352,0
17187,1,0.9985842704772949,1
17188,0,0.5444287061691284,1
17189,0,1.0303800991096068e-05,0
17190,0,0.3858831524848938,0
17191,0,0.012828591279685497,0
17192,1,0.6421748995780945,1
17193,0,0.01742982119321823,0
17194,0,0.0591718852519989,0
17195,0,0.05514625459909439,0
17196,1,0.9999995231628418,1
17197,0,0.9373334050178528,1
17198,0,0.09121828526258469,0
17199,1,0.9009202122688293,1
17200,0,0.7019038200378418,1
17201,0,0.08168201148509979,0
17202,1,0.9776859283447266,1
17203,1,0.7112574577331543,1
17204,1,0.9974084496498108,1
17205,1,0.9977573752403259,1
17206,0,0.016623815521597862,0
17207,1,0.9996811151504517,1
17208,1,0.999998927116394,1
17209,1,0.9821115732192993,1
17210,0,0.11362691968679428,0
17211,1,0.12572678923606873,0
17212,0,0.034096043556928635,0
17213,0,0.009254000149667263,0
17214,1,0.980618417263031,1
17215,0,0.24744269251823425,0
17216,0,0.0013915501767769456,0
17217,0,0.0012012342922389507,0
17218,1,0.9999635219573975,1
17219,0,0.17250029742717743,0
17220,1,0.5961857438087463,1
17221,0,0.00125537917483598,0
17222,0,0.12502753734588623,0
17223,0,0.633174479007721,1
17224,1,0.9943747520446777,1
17225,0,0.0002223756309831515,0
17226,0,0.003847411135211587,0
17227,1,0.15116791427135468,0
17228,0,0.0665648803114891,0
17229,1,0.9893355965614319,1
17230,0,0.006036225240677595,0
17231,1,0.9996331930160522,1
17232,1,0.9851194024085999,1
17233,1,0.9999960660934448,1
17234,0,0.0003211614384781569,0
17235,0,0.0006641921354457736,0
17236,0,0.18246135115623474,0
17237,0,0.00046729730092920363,0
17238,1,0.9851188063621521,1
17239,0,0.026121249422430992,0
17240,0,0.22780963778495789,0
17241,0,0.08859138935804367,0
17242,0,0.12998740375041962,0
17243,0,0.021803712472319603,0
17244,1,0.9907488226890564,1
17245,0,0.006152213551104069,0
17246,1,0.9981141090393066,1
17247,0,0.16703584790229797,0
17248,0,0.008298584260046482,0
17249,1,0.9972910284996033,1
17250,1,0.9999905824661255,1
17251,0,0.06220979616045952,0
17252,1,0.9995819926261902,1
17253,0,0.03460562974214554,0
17254,0,0.07203160226345062,0
17255,0,0.0032301959581673145,0
17256,0,0.053628019988536835,0
17257,0,9.348192543257028e-05,0
17258,1,0.9350826740264893,1
17259,0,0.00038577738450840116,0
17260,1,0.8252336978912354,1
17261,1,0.6859153509140015,1
17262,1,0.9976142644882202,1
17263,1,0.9990628361701965,1
17264,1,0.9891766905784607,1
17265,1,0.9853856563568115,1
17266,0,8.370834336801636e-08,0
17267,1,0.9999663829803467,1
17268,0,2.1701400498841394e-07,0
17269,0,7.126041964511387e-06,0
17270,0,0.11626432836055756,0
17271,0,0.06426659226417542,0
17272,1,0.981590747833252,1
17273,0,0.008472779765725136,0
17274,0,0.0027702869847416878,0
17275,1,0.9998522996902466,1
17276,0,0.013715016655623913,0
17277,1,0.7872015833854675,1
17278,0,0.13958027958869934,0
17279,0,0.0006346849841065705,0
17280,0,0.004728200379759073,0
17281,1,0.9890688061714172,1
17282,0,0.0012238981435075402,0
17283,1,0.9307581782341003,1
17284,1,0.9999997615814209,1
17285,1,0.9988740086555481,1
17286,1,0.9673238396644592,1
17287,1,0.9757964611053467,1
17288,1,0.9999725818634033,1
17289,1,0.9971266388893127,1
17290,1,0.7696065306663513,1
17291,1,0.9973968267440796,1
17292,1,0.7844604849815369,1
17293,1,0.9999980926513672,1
17294,1,0.10910869389772415,0
17295,1,0.06980268657207489,0
17296,0,0.1222279816865921,0
17297,0,0.1042981743812561,0
17298,1,0.9578016400337219,1
17299,1,0.9981725215911865,1
17300,1,0.043603312224149704,0
17301,0,0.09822073578834534,0
17302,1,0.9974370002746582,1
17303,1,0.9257779121398926,1
17304,1,0.9999973773956299,1
17305,0,0.0005045564030297101,0
17306,1,0.9050722718238831,1
17307,1,0.9950729012489319,1
17308,0,0.15275903046131134,0
17309,0,7.700198693783022e-06,0
17310,0,0.09861376136541367,0
17311,0,0.16358935832977295,0
17312,1,0.4894447922706604,0
17313,1,0.9092430472373962,1
17314,1,0.9985376596450806,1
17315,1,0.9999799728393555,1
17316,1,0.9994351267814636,1
17317,0,0.11258373409509659,0
17318,0,0.12215190380811691,0
17319,1,0.9092190861701965,1
17320,0,0.00030055991373956203,0
17321,0,0.5590004324913025,1
17322,1,0.9975570440292358,1
17323,1,0.9422910809516907,1
17324,0,0.05212143063545227,0
17325,0,0.015782391652464867,0
17326,1,0.9999370574951172,1
17327,0,0.04715714231133461,0
17328,1,0.9955188035964966,1
17329,0,0.057329460978507996,0
17330,0,0.5296314358711243,1
17331,0,0.0009726963471621275,0
17332,0,0.008673664182424545,0
17333,1,0.8674495220184326,1
17334,1,0.9786781072616577,1
17335,0,0.05672164261341095,0
17336,1,0.9985142350196838,1
17337,0,0.12013494223356247,0
17338,1,0.9985995888710022,1
17339,0,0.04337151348590851,0
17340,0,0.0013907519169151783,0
17341,1,0.83421790599823,1
17342,0,0.10251525789499283,0
17343,1,0.9800349473953247,1
17344,1,0.9380217790603638,1
17345,1,0.1228381022810936,0
17346,1,0.9995651841163635,1
17347,1,0.9740237593650818,1
17348,1,0.9998301267623901,1
17349,1,0.9999430179595947,1
17350,0,0.017432117834687233,0
17351,1,0.9318706393241882,1
17352,1,0.9990687966346741,1
17353,1,0.7379071712493896,1
17354,0,0.046546850353479385,0
17355,0,0.02084062248468399,0
17356,1,0.9854409098625183,1
17357,1,0.9030101895332336,1
17358,1,0.7228047847747803,1
17359,0,0.000685057369992137,0
17360,0,0.0027253609150648117,0
17361,1,0.03656945005059242,0
17362,1,0.9995875954627991,1
17363,0,0.22987808287143707,0
17364,0,0.02498459629714489,0
17365,0,0.004320809151977301,0
17366,1,0.9999771118164062,1
17367,1,0.9308834671974182,1
17368,1,0.9999473094940186,1
17369,0,0.29956403374671936,0
17370,0,0.0071177915669977665,0
17371,1,0.9870175719261169,1
17372,1,0.9917755126953125,1
17373,0,0.18971167504787445,0
17374,0,0.0831620842218399,0
17375,1,0.9939075112342834,1
17376,1,0.8278328776359558,1
17377,0,0.00041631030035205185,0
17378,1,0.9999328851699829,1
17379,1,0.8114927411079407,1
17380,0,0.013482182286679745,0
17381,0,0.009511778131127357,0
17382,0,0.0028178240172564983,0
17383,1,0.9999260902404785,1
17384,1,0.9995632767677307,1
17385,0,0.006315520033240318,0
17386,1,0.6166748404502869,1
17387,1,0.9901946187019348,1
17388,1,0.9589658975601196,1
17389,1,0.91239994764328,1
17390,0,0.7705842852592468,1
17391,0,0.08027296513319016,0
17392,0,0.05025031790137291,0
17393,0,0.01936718448996544,0
17394,0,0.007085055112838745,0
17395,1,0.9273945093154907,1
17396,0,0.2542443573474884,0
17397,0,0.007100495044142008,0
17398,1,0.25240451097488403,0
17399,1,0.981306254863739,1
17400,1,0.8773032426834106,1
17401,1,0.9968078136444092,1
17402,0,2.4678194677107967e-05,0
17403,1,0.8186880946159363,1
17404,1,0.9117721915245056,1
17405,1,0.9999991655349731,1
17406,1,0.9483094811439514,1
17407,1,0.9990390539169312,1
17408,1,0.9877449870109558,1
17409,0,0.2914733290672302,0
17410,0,0.0003088334924541414,0
17411,0,0.02563188411295414,0
17412,0,8.049226744333282e-05,0
17413,1,0.9499927759170532,1
17414,1,0.9947419166564941,1
17415,1,0.413642942905426,0
17416,1,0.9310388565063477,1
17417,1,0.9997389912605286,1
17418,0,0.07697941362857819,0
17419,1,0.504985511302948,1
17420,0,0.009188681840896606,0
17421,1,0.60951828956604,1
17422,0,0.11708610504865646,0
17423,0,0.0036452629137784243,0
17424,1,0.9924396276473999,1
17425,1,0.9569664597511292,1
17426,1,0.850005567073822,1
17427,0,0.011325019411742687,0
17428,0,0.10459878295660019,0
17429,1,0.9114110469818115,1
17430,1,0.860409677028656,1
17431,0,0.004847753327339888,0
17432,0,0.12380197644233704,0
17433,0,0.002121255500242114,0
17434,0,0.007570674642920494,0
17435,0,0.007730623707175255,0
17436,0,4.398054807097651e-05,0
17437,0,1.1510162948979996e-05,0
17438,0,0.5506852865219116,1
17439,0,0.13180011510849,0
17440,0,0.536719560623169,1
17441,1,0.9984173774719238,1
17442,1,0.9104835391044617,1
17443,1,0.9960599541664124,1
17444,0,0.04760837182402611,0
17445,1,0.9947729706764221,1
17446,0,0.0325387679040432,0
17447,1,0.9999632835388184,1
17448,0,0.006530730053782463,0
17449,1,0.9999997615814209,1
17450,1,0.23493242263793945,0
17451,0,0.1515875607728958,0
17452,0,0.38670745491981506,0
17453,0,0.050208188593387604,0
17454,0,0.005577380303293467,0
17455,1,0.9912629127502441,1
17456,1,0.9696781635284424,1
17457,0,0.011725980788469315,0
17458,0,0.008661676198244095,0
17459,1,0.9939502477645874,1
17460,1,0.9386362433433533,1
17461,0,0.005781649611890316,0
17462,1,0.9996757507324219,1
17463,1,0.9958452582359314,1
17464,1,0.9932301044464111,1
17465,0,0.01722744107246399,0
17466,0,0.2942191958427429,0
17467,0,0.4715191125869751,0
17468,1,0.9984261989593506,1
17469,0,0.0017692097462713718,0
17470,0,8.999871351988986e-05,0
17471,1,0.8071024417877197,1
17472,0,0.06241128593683243,0
17473,1,0.970664381980896,1
17474,1,0.9965733289718628,1
17475,1,0.9336158037185669,1
17476,0,0.0028790486976504326,0
17477,1,0.4418492913246155,0
17478,0,0.0005576823023147881,0
17479,0,0.057714711874723434,0
17480,1,0.9428769946098328,1
17481,1,0.9999817609786987,1
17482,0,0.23726660013198853,0
17483,1,0.9558697938919067,1
17484,1,0.9999818801879883,1
17485,0,0.1954479068517685,0
17486,1,0.9923432469367981,1
17487,0,0.024205386638641357,0
17488,1,0.995072066783905,1
17489,0,0.006511015351861715,0
17490,0,0.08187742531299591,0
17491,0,0.007481682579964399,0
17492,0,0.3021305203437805,0
17493,1,0.997399091720581,1
17494,1,0.9998904466629028,1
17495,0,0.7352935075759888,1
17496,1,0.8139238953590393,1
17497,0,0.007788978051394224,0
17498,0,0.54469895362854,1
17499,0,0.010102630592882633,0
17500,1,0.5601570010185242,1
17501,0,0.012274905107915401,0
17502,1,0.8413649797439575,1
17503,1,0.9310911297798157,1
17504,1,0.9929710030555725,1
17505,1,0.7298526167869568,1
17506,0,4.3096042645629495e-05,0
17507,0,0.05418500676751137,0
17508,0,0.0014328067190945148,0
17509,1,0.9108830690383911,1
17510,1,0.9923302531242371,1
17511,0,0.0061434670351445675,0
17512,1,0.9716777801513672,1
17513,1,0.5813294053077698,1
17514,1,0.8597468137741089,1
17515,1,0.9999988079071045,1
17516,0,0.0540989525616169,0
17517,1,0.9667346477508545,1
17518,0,2.57905794569524e-05,0
17519,1,0.9385524392127991,1
17520,1,0.9895808696746826,1
17521,1,0.9996161460876465,1
17522,0,0.02326282113790512,0
17523,0,0.016929781064391136,0
17524,0,5.758713814429939e-05,0
17525,0,0.011926951818168163,0
17526,0,0.1219058409333229,0
17527,0,0.13108138740062714,0
17528,1,0.9637998938560486,1
17529,0,0.44199398159980774,0
17530,1,0.8810058236122131,1
17531,0,0.15306662023067474,0
17532,0,0.01285574585199356,0
17533,1,0.9998703002929688,1
17534,0,4.694400104199303e-06,0
17535,1,0.9953820109367371,1
17536,0,0.31034377217292786,0
17537,1,0.9884124398231506,1
17538,1,0.7877531051635742,1
17539,1,0.9843032360076904,1
17540,0,0.29255858063697815,0
17541,0,0.058692820370197296,0
17542,0,2.7430360205471516e-08,0
17543,1,0.9974756836891174,1
17544,1,0.9826726913452148,1
17545,1,0.9627131819725037,1
17546,0,0.781075656414032,1
17547,1,0.8900243043899536,1
17548,1,0.9835277199745178,1
17549,1,0.8767015337944031,1
17550,0,0.044807784259319305,0
17551,0,0.5041869282722473,1
17552,1,0.9999417066574097,1
17553,0,0.05761547014117241,0
17554,1,0.9959447979927063,1
17555,0,0.002120902528986335,0
17556,1,0.9641368985176086,1
17557,1,0.8577183485031128,1
17558,1,0.9984826445579529,1
17559,1,0.9999747276306152,1
17560,1,0.9385003447532654,1
17561,0,0.4954621493816376,0
17562,0,0.3984226882457733,0
17563,1,0.7484492063522339,1
17564,1,0.9623717069625854,1
17565,0,0.002053753472864628,0
17566,1,0.9999873638153076,1
17567,0,0.0010377300204709172,0
17568,0,0.04599753022193909,0
17569,0,0.7232844829559326,1
17570,1,0.886023223400116,1
17571,1,0.9987603425979614,1
17572,0,0.5597325563430786,1
17573,1,0.9999839067459106,1
17574,1,0.2217416763305664,0
17575,1,0.9808580279350281,1
17576,1,0.7098203897476196,1
17577,0,0.0030569215305149555,0
17578,0,0.08489248156547546,0
17579,0,0.08616764098405838,0
17580,1,0.48900625109672546,0
17581,0,0.3279973268508911,0
17582,0,0.3282318711280823,0
17583,0,0.4074973165988922,0
17584,0,0.02455352060496807,0
17585,0,0.30979788303375244,0
17586,0,0.14983969926834106,0
17587,0,0.0033482396975159645,0
17588,0,0.1036962941288948,0
17589,0,1.831834924814757e-05,0
17590,0,0.009537315927445889,0
17591,0,0.06420212239027023,0
17592,1,0.7570748329162598,1
17593,1,0.9956797361373901,1
17594,0,0.26080402731895447,0
17595,0,0.020596878603100777,0
17596,1,0.715876042842865,1
17597,1,0.9820778965950012,1
17598,1,0.9589964151382446,1
17599,1,0.9337601661682129,1
17600,1,0.9327247142791748,1
17601,0,0.13931164145469666,0
17602,1,0.7383319139480591,1
17603,0,0.056930623948574066,0
17604,0,0.08908896148204803,0
17605,1,0.9973922967910767,1
17606,0,0.2792150378227234,0
17607,0,0.0005748842377215624,0
17608,0,0.03265129774808884,0
17609,0,2.76714581559645e-06,0
17610,0,0.19623464345932007,0
17611,0,0.6016043424606323,1
17612,0,0.018855400383472443,0
17613,1,0.9999480247497559,1
17614,1,0.9793952107429504,1
17615,1,0.9998834133148193,1
17616,1,0.9617061614990234,1
17617,0,0.3051186501979828,0
17618,1,1.0,1
17619,0,0.009590121917426586,0
17620,0,0.4483007788658142,0
17621,0,3.7666894058929756e-05,0
17622,1,0.9149957895278931,1
17623,0,0.5961037278175354,1
17624,0,0.0018725519767031074,0
17625,0,0.0023777957540005445,0
17626,0,8.776173867080976e-27,0
17627,0,0.3039805591106415,0
17628,0,0.15785923600196838,0
17629,1,0.9993277788162231,1
17630,0,0.044881321489810944,0
17631,1,0.9801623821258545,1
17632,0,0.021944165229797363,0
17633,0,0.10264512896537781,0
17634,1,0.9696201682090759,1
17635,1,0.9999997615814209,1
17636,1,0.969617486000061,1
17637,1,0.9791108965873718,1
17638,0,0.04239268600940704,0
17639,1,0.9909495711326599,1
17640,0,0.0004894851008430123,0
17641,0,0.15101507306098938,0
17642,1,0.9943386912345886,1
17643,0,0.02593647688627243,0
17644,1,0.8329964280128479,1
17645,1,0.9996703863143921,1
17646,0,0.06614695489406586,0
17647,0,0.045182932168245316,0
17648,1,0.9128033518791199,1
17649,1,0.9483091235160828,1
17650,0,0.01514669694006443,0
17651,0,0.008516833186149597,0
17652,1,0.746151864528656,1
17653,0,0.05589742586016655,0
17654,1,0.6979717016220093,1
17655,1,0.9958797693252563,1
17656,1,0.669923722743988,1
17657,1,0.9998985528945923,1
17658,1,0.999398946762085,1
17659,0,0.011111922562122345,0
17660,0,0.0753256231546402,0
17661,0,0.4904489815235138,0
17662,0,0.030369957908988,0
17663,0,0.0013928686967119575,0
17664,0,0.01185979600995779,0
17665,1,0.9675009846687317,1
17666,0,0.008565304800868034,0
17667,1,0.850266695022583,1
17668,1,0.9663147330284119,1
17669,1,0.9859874844551086,1
17670,1,0.5766779780387878,1
17671,1,0.9330981373786926,1
17672,1,0.9046177268028259,1
17673,0,0.008027918636798859,0
17674,0,0.4730011820793152,0
17675,0,7.717865628364962e-06,0
17676,1,0.9998524188995361,1
17677,1,0.98173588514328,1
17678,0,0.27759280800819397,0
17679,0,0.0029735194984823465,0
17680,0,0.29169872403144836,0
17681,0,0.16705848276615143,0
17682,1,0.9819713234901428,1
17683,0,0.019306808710098267,0
17684,1,0.14422526955604553,0
17685,1,0.9918456673622131,1
17686,0,0.036793019622564316,0
17687,1,0.9511173963546753,1
17688,0,0.2579838037490845,0
17689,1,0.17104355990886688,0
17690,0,0.000631006492767483,0
17691,1,0.9659714102745056,1
17692,1,0.8944840431213379,1
17693,0,0.040867920964956284,0
17694,1,0.997860848903656,1
17695,1,0.9902378916740417,1
17696,1,0.9539958834648132,1
17697,0,0.23703639209270477,0
17698,1,0.997032880783081,1
17699,0,0.00390853825956583,0
17700,1,0.8163691759109497,1
17701,1,0.9902846217155457,1
17702,1,0.9975729584693909,1
17703,1,0.9999892711639404,1
17704,0,1.6961388737968264e-08,0
17705,0,0.08511391282081604,0
17706,1,0.9977123737335205,1
17707,1,0.7124260067939758,1
17708,0,0.05578499659895897,0
17709,0,0.00035208079498261213,0
17710,0,0.0011764252558350563,0
17711,0,0.10996482521295547,0
17712,1,0.7476413249969482,1
17713,1,0.8660176396369934,1
17714,0,0.060598328709602356,0
17715,1,0.9999970197677612,1
17716,0,0.49914175271987915,0
17717,1,0.9342631697654724,1
17718,1,0.9862595796585083,1
17719,0,0.36169010400772095,0
17720,0,5.5260854423977435e-05,0
17721,1,0.43603524565696716,0
17722,1,0.9997583031654358,1
17723,0,5.008961920793809e-07,0
17724,0,0.08508662134408951,0
17725,1,0.9991206526756287,1
17726,0,0.03437284380197525,0
17727,0,0.12859056890010834,0
17728,0,0.0002219077869085595,0
17729,0,0.20920079946517944,0
17730,1,0.9931240677833557,1
17731,1,0.7089239358901978,1
17732,0,0.032683875411748886,0
17733,1,0.6418304443359375,1
17734,1,0.9374932646751404,1
17735,0,0.16701847314834595,0
17736,0,0.00625935522839427,0
17737,0,0.9148312211036682,1
17738,0,0.034849509596824646,0
17739,0,0.011060241609811783,0
17740,1,0.9999998807907104,1
17741,1,0.9997983574867249,1
17742,0,0.0026868029963225126,0
17743,0,0.09499718993902206,0
17744,0,0.002224583411589265,0
17745,1,0.9984207153320312,1
17746,1,0.9883818030357361,1
17747,1,0.9999514818191528,1
17748,0,0.13574640452861786,0
17749,0,0.4871360659599304,0
17750,0,0.014407740905880928,0
17751,1,0.514153242111206,1
17752,0,0.015908317640423775,0
17753,0,0.004680338315665722,0
17754,1,0.9953048229217529,1
17755,1,0.7325009107589722,1
17756,0,0.012797107920050621,0
17757,0,0.031096840277314186,0
17758,1,0.9021263122558594,1
17759,0,0.23818626999855042,0
17760,1,0.8765071034431458,1
17761,1,0.9990695118904114,1
17762,1,0.9977824091911316,1
17763,1,0.9987037181854248,1
17764,0,0.059776775538921356,0
17765,1,0.8855008482933044,1
17766,1,0.4744390547275543,0
17767,1,0.9260805249214172,1
17768,0,0.15699467062950134,0
17769,0,0.06304934620857239,0
17770,1,0.9932923316955566,1
17771,1,0.8705967664718628,1
17772,1,0.9185254573822021,1
17773,0,0.001956603489816189,0
17774,0,0.015159077942371368,0
17775,1,0.9410016536712646,1
17776,1,0.6339309811592102,1
17777,0,0.005102044437080622,0
17778,1,0.9738754034042358,1
17779,1,0.9797164797782898,1
17780,0,0.07950872927904129,0
17781,0,0.43075326085090637,0
17782,1,0.9884107112884521,1
17783,1,0.9470244646072388,1
17784,1,0.9998111128807068,1
17785,1,0.8606924414634705,1
17786,0,0.0911436676979065,0
17787,1,0.9999538660049438,1
17788,1,0.9830363392829895,1
17789,1,0.9963853359222412,1
17790,1,0.9994681477546692,1
17791,1,0.7111954092979431,1
17792,0,0.03626764938235283,0
17793,1,0.9855812191963196,1
17794,1,1.0,1
17795,1,0.9992613196372986,1
17796,0,0.32394152879714966,0
17797,0,0.03809063881635666,0
17798,1,0.9793457984924316,1
17799,0,0.8108484148979187,1
17800,0,0.0018729789881035686,0
17801,0,0.0006933718104846776,0
17802,1,0.9998750686645508,1
17803,1,0.976531445980072,1
17804,0,0.007301623467355967,0
17805,0,2.0500383612898077e-09,0
17806,1,0.9969767332077026,1
17807,0,0.008478080853819847,0
17808,1,1.0,1
17809,1,0.9996641874313354,1
17810,1,0.999954104423523,1
17811,0,0.01869317889213562,0
17812,0,0.15831778943538666,0
17813,1,0.8626242876052856,1
17814,1,0.9999984502792358,1
17815,0,0.0500914566218853,0
17816,1,0.20445440709590912,0
17817,1,0.26120853424072266,0
17818,1,0.9387951493263245,1
17819,0,0.2821092903614044,0
17820,0,0.03047001175582409,0
17821,1,0.9979377388954163,1
17822,1,0.9973357319831848,1
17823,1,0.998701810836792,1
17824,0,0.0005964189185760915,0
17825,1,0.9999947547912598,1
17826,0,0.056937456130981445,0
17827,1,0.9946039319038391,1
17828,0,0.0012058635475113988,0
17829,1,0.9105035662651062,1
17830,0,0.003924396354705095,0
17831,1,0.9936320185661316,1
17832,0,0.1412367969751358,0
17833,0,0.32185015082359314,0
17834,0,0.013606472872197628,0
17835,1,0.9545645117759705,1
17836,0,0.0006413880037143826,0
17837,1,0.7283196449279785,1
17838,0,0.025786859914660454,0
17839,1,0.9888916015625,1
17840,0,0.004742993041872978,0
17841,1,0.43896907567977905,0
17842,0,0.05604710429906845,0
17843,0,0.0020098465029150248,0
17844,0,6.9779074692633e-05,0
17845,1,0.9988119602203369,1
17846,0,0.12163475155830383,0
17847,1,0.9777015447616577,1
17848,1,0.9565510153770447,1
17849,1,0.9988620281219482,1
17850,1,0.9767366647720337,1
17851,0,0.02016087993979454,0
17852,1,0.4471876621246338,0
17853,0,4.158242154517211e-05,0
17854,0,0.021990463137626648,0
17855,0,0.18205708265304565,0
17856,1,0.9693782925605774,1
17857,0,0.0018924240721389651,0
17858,1,0.9999997615814209,1
17859,0,0.004652741830796003,0
17860,1,0.4696941673755646,0
17861,1,0.974239706993103,1
17862,1,0.9999984502792358,1
17863,0,8.239653107011691e-05,0
17864,0,0.0002986922627314925,0
17865,0,7.573304901598021e-05,0
17866,1,0.5478014349937439,1
17867,1,0.9314638376235962,1
17868,1,0.9922381043434143,1
17869,1,0.9441577196121216,1
17870,0,0.0061262790113687515,0
17871,1,0.049578066915273666,0
17872,1,0.9999297857284546,1
17873,0,0.015081308782100677,0
17874,1,0.9715084433555603,1
17875,0,0.04447197914123535,0
17876,0,0.009105651639401913,0
17877,0,0.004427017644047737,0
17878,0,0.0029174694791436195,0
17879,0,0.07225097715854645,0
17880,1,0.9953135251998901,1
17881,1,0.9995453953742981,1
17882,1,0.9816603660583496,1
17883,1,0.9999077320098877,1
17884,1,1.0,1
17885,1,0.9792578816413879,1
17886,1,0.999993085861206,1
17887,1,0.8352258801460266,1
17888,1,0.9998621940612793,1
17889,0,7.435321549564833e-06,0
17890,1,0.9995275735855103,1
17891,0,0.3654874563217163,0
17892,0,0.03241807222366333,0
17893,0,0.031323377043008804,0
17894,0,0.0003585258382372558,0
17895,1,0.9998680353164673,1
17896,0,0.005812407471239567,0
17897,0,0.1546042263507843,0
17898,1,0.9641948342323303,1
17899,1,1.0,1
17900,1,0.389888197183609,0
17901,1,0.9745304584503174,1
17902,1,0.999958872795105,1
17903,1,0.9990577101707458,1
17904,0,0.00013410954852588475,0
17905,1,0.9999022483825684,1
17906,0,7.787623326294124e-05,0
17907,0,0.002848298754543066,0
17908,0,0.05082143470644951,0
17909,1,0.9722785353660583,1
17910,1,0.9846183657646179,1
17911,1,0.9243890643119812,1
17912,1,0.9999878406524658,1
17913,0,0.0002264754002681002,0
17914,0,1.4393247511179652e-05,0
17915,1,0.4571797251701355,0
17916,1,0.18725717067718506,0
17917,0,0.1883837729692459,0
17918,0,0.48391759395599365,0
17919,1,0.9764226675033569,1
17920,1,0.9905291199684143,1
17921,0,0.008157402276992798,0
17922,0,0.05083787813782692,0
17923,1,0.3398941159248352,0
17924,1,0.9314568042755127,1
17925,0,0.012100699357688427,0
17926,1,0.9961739182472229,1
17927,0,0.05566482990980148,0
17928,1,0.676397442817688,1
17929,1,0.9962791800498962,1
17930,0,0.005367741454392672,0
17931,1,0.9930247068405151,1
17932,1,0.9984221458435059,1
17933,1,0.9962356686592102,1
17934,0,0.0058982716873288155,0
17935,1,0.9317933917045593,1
17936,0,0.07728146761655807,0
17937,0,0.5092055201530457,1
17938,0,0.0005020294338464737,0
17939,0,0.0007755942060612142,0
17940,1,0.9755935668945312,1
17941,1,0.9919602274894714,1
17942,1,0.9861096739768982,1
17943,0,0.0038948338478803635,0
17944,1,0.9443848729133606,1
17945,1,0.6909307241439819,1
17946,1,0.9956913590431213,1
17947,1,1.0,1
17948,1,0.9991567134857178,1
17949,1,0.9889601469039917,1
17950,1,0.990527868270874,1
17951,1,0.8724039196968079,1
17952,1,0.9999068975448608,1
17953,0,0.2662043273448944,0
17954,1,0.9361512660980225,1
17955,1,0.9999550580978394,1
17956,1,0.9992663264274597,1
17957,0,0.14072008430957794,0
17958,1,0.9867781400680542,1
17959,0,0.015259028412401676,0
17960,1,0.9998238682746887,1
17961,1,0.9989583492279053,1
17962,1,0.2838444709777832,0
17963,1,0.999995231628418,1
17964,1,0.9790559411048889,1
17965,0,0.0013387646758928895,0
17966,1,0.7454136610031128,1
17967,1,0.9999990463256836,1
17968,0,0.008170116692781448,0
17969,0,0.00013657976523973048,0
17970,0,0.5356115102767944,1
17971,1,0.9990119934082031,1
17972,0,0.003880023257806897,0
17973,0,0.048186853528022766,0
17974,0,0.009107106365263462,0
17975,0,0.19088345766067505,0
17976,0,0.0665874257683754,0
17977,0,0.2783890962600708,0
17978,1,0.9999576807022095,1
17979,0,1.6738562180762528e-06,0
17980,0,0.007588832173496485,0
17981,1,0.9752861857414246,1
17982,0,0.03627556562423706,0
17983,0,0.044211942702531815,0
17984,1,0.9999984502792358,1
17985,0,0.0017248400254175067,0
17986,1,0.9887497425079346,1
17987,0,0.002352621639147401,0
17988,1,0.9904299378395081,1
17989,1,0.8685795068740845,1
17990,1,0.9961697459220886,1
17991,1,0.9972890615463257,1
17992,0,0.5930280089378357,1
17993,1,0.9999997615814209,1
17994,0,0.504348874092102,1
17995,0,0.0001635178632568568,0
17996,0,0.19938206672668457,0
17997,1,0.9959360361099243,1
17998,1,0.9577891826629639,1
17999,1,0.754304826259613,1
18000,0,0.008927654474973679,0
18001,1,0.972024142742157,1
18002,1,0.9858782291412354,1
18003,0,0.0027693200390785933,0
18004,0,0.11963940411806107,0
18005,1,0.9902421832084656,1
18006,0,0.18034303188323975,0
18007,0,0.04920235648751259,0
18008,0,0.04932503402233124,0
18009,1,0.999922513961792,1
18010,1,0.993447482585907,1
18011,1,0.9703741669654846,1
18012,0,0.015020030550658703,0
18013,0,0.05981303006410599,0
18014,0,0.09132469445466995,0
18015,0,0.009263093583285809,0
18016,0,0.011794693768024445,0
18017,0,0.0012244298122823238,0
18018,0,0.004579988308250904,0
18019,0,0.025808237493038177,0
18020,1,0.9781238436698914,1
18021,0,0.0007828689995221794,0
18022,0,0.243220254778862,0
18023,0,0.011499082669615746,0
18024,1,0.9812788963317871,1
18025,1,0.9997524619102478,1
18026,0,0.03917178511619568,0
18027,0,0.011939979158341885,0
18028,1,0.9999998807907104,1
18029,0,0.4920957088470459,0
18030,0,0.009805136360228062,0
18031,1,0.3719198703765869,0
18032,1,0.9999877214431763,1
18033,1,0.9990167617797852,1
18034,0,0.4027167558670044,0
18035,1,0.9999724626541138,1
18036,0,3.8968959415797144e-05,0
18037,1,0.992702841758728,1
18038,1,0.4992252588272095,0
18039,0,0.010599523782730103,0
18040,1,0.04703526198863983,0
18041,0,0.0070704803802073,0
18042,1,0.9990021586418152,1
18043,1,0.6750702857971191,1
18044,0,0.002744143595919013,0
18045,1,0.011021660640835762,0
18046,0,0.13612975180149078,0
18047,1,0.9881254434585571,1
18048,1,0.9161772727966309,1
18049,0,0.24066179990768433,0
18050,1,0.9907305836677551,1
18051,0,0.06740414351224899,0
18052,0,0.000631313887424767,0
18053,0,0.0025506794918328524,0
18054,1,0.997334361076355,1
18055,1,0.9996892213821411,1
18056,0,0.4036235213279724,0
18057,1,0.8901813626289368,1
18058,0,0.07194770872592926,0
18059,0,0.028584912419319153,0
18060,1,0.7392601370811462,1
18061,1,0.8691052198410034,1
18062,1,0.8995224237442017,1
18063,1,0.8267136216163635,1
18064,0,0.1959811896085739,0
18065,1,0.9720465540885925,1
18066,0,0.11327239125967026,0
18067,0,0.5367595553398132,1
18068,0,0.0013512888690456748,0
18069,1,0.9999966621398926,1
18070,0,0.0299921166151762,0
18071,0,0.1941557675600052,0
18072,0,0.00017257749277632684,0
18073,1,0.9582834243774414,1
18074,1,0.9905491471290588,1
18075,0,0.0008696201257407665,0
18076,1,0.9961244463920593,1
18077,1,0.8551822900772095,1
18078,0,0.5812662839889526,1
18079,0,0.0007690954371355474,0
18080,0,0.0008587631164118648,0
18081,0,0.3274332880973816,0
18082,0,0.060525551438331604,0
18083,0,0.015007331036031246,0
18084,0,0.198492169380188,0
18085,0,0.010648069903254509,0
18086,1,0.9962363839149475,1
18087,1,0.3396511971950531,0
18088,0,0.018461570143699646,0
18089,0,0.003725148970261216,0
18090,1,0.9975861310958862,1
18091,1,0.9991106390953064,1
18092,0,0.08406177908182144,0
18093,1,0.9464598298072815,1
18094,0,0.004530081059783697,0
18095,0,0.0006496644928120077,0
18096,0,0.06663478910923004,0
18097,1,0.9996664524078369,1
18098,1,0.9999912977218628,1
18099,0,0.01858554594218731,0
18100,0,0.014132602140307426,0
18101,0,0.0010141298407688737,0
18102,0,0.026823604479432106,0
18103,0,0.005686586257070303,0
18104,0,0.213188037276268,0
18105,1,0.9756558537483215,1
18106,0,0.08671277016401291,0
18107,1,0.9983188509941101,1
18108,1,0.9884912967681885,1
18109,0,0.01180041953921318,0
18110,0,0.06575701385736465,0
18111,0,0.13282810151576996,0
18112,0,0.001449990551918745,0
18113,0,0.05268672853708267,0
18114,1,0.999440610408783,1
18115,0,0.03709488734602928,0
18116,0,0.06790196150541306,0
18117,0,0.0308645348995924,0
18118,0,0.0007265774765983224,0
18119,1,0.9998655319213867,1
18120,0,0.4426937699317932,0
18121,0,0.004707755986601114,0
18122,1,0.904424250125885,1
18123,0,0.09892959892749786,0
18124,1,0.9204210638999939,1
18125,0,0.24968871474266052,0
18126,1,0.9778884649276733,1
18127,1,0.8726071119308472,1
18128,0,0.046366121619939804,0
18129,0,0.1986081749200821,0
18130,1,0.9926920533180237,1
18131,0,0.7646048069000244,1
18132,0,0.31453630328178406,0
18133,1,0.8246151804924011,1
18134,1,0.983461856842041,1
18135,1,0.9994612336158752,1
18136,1,0.9638358950614929,1
18137,1,0.3421609401702881,0
18138,0,0.03342772647738457,0
18139,1,0.9212070107460022,1
18140,0,0.36991333961486816,0
18141,0,0.28383028507232666,0
18142,1,0.9962602853775024,1
18143,0,0.8988771438598633,1
18144,0,0.0012789589818567038,0
18145,1,0.9939993619918823,1
18146,1,0.08991017192602158,0
18147,1,0.9997183680534363,1
18148,1,0.9981867671012878,1
18149,0,0.3227728605270386,0
18150,1,0.6123051643371582,1
18151,1,0.9986597299575806,1
18152,1,0.9927733540534973,1
18153,0,0.09599454700946808,0
18154,0,0.06420977413654327,0
18155,1,0.7634837031364441,1
18156,0,4.2622137698344886e-05,0
18157,0,0.5699015855789185,1
18158,1,0.9920660853385925,1
18159,0,0.05859757959842682,0
18160,1,0.6860364675521851,1
18161,0,0.1517152041196823,0
18162,0,0.9433184266090393,1
18163,1,0.8399614095687866,1
18164,0,0.11402569711208344,0
18165,0,0.34115171432495117,0
18166,1,0.9999995231628418,1
18167,1,0.6071680784225464,1
18168,0,0.02241985872387886,0
18169,1,0.991113007068634,1
18170,1,0.32249265909194946,0
18171,1,0.996117115020752,1
18172,0,0.0036825970746576786,0
18173,0,0.026360230520367622,0
18174,0,0.005070915445685387,0
18175,0,0.00810923334211111,0
18176,1,0.9907087087631226,1
18177,0,1.4028875838789645e-09,0
18178,0,0.0031399240251630545,0
18179,0,0.0045830244198441505,0
18180,0,0.0685897022485733,0
18181,1,0.9971538782119751,1
18182,0,0.0843936949968338,0
18183,1,0.9999986886978149,1
18184,1,0.9999990463256836,1
18185,0,0.00014299157191999257,0
18186,1,0.9904450178146362,1
18187,0,0.038058601319789886,0
18188,0,0.016386646777391434,0
18189,0,0.001209475565701723,0
18190,1,0.9978029131889343,1
18191,0,0.006064022425562143,0
18192,1,0.9990718364715576,1
18193,1,0.9546235203742981,1
18194,1,0.9970198273658752,1
18195,1,0.987073540687561,1
18196,0,0.0009100422612391412,0
18197,1,0.9999231100082397,1
18198,0,0.09712336212396622,0
18199,0,0.0027392138727009296,0
18200,0,2.952337308670394e-05,0
18201,1,0.9289512634277344,1
18202,0,0.17804154753684998,0
18203,1,0.9930279850959778,1
18204,0,0.4001864492893219,0
18205,1,0.9955757856369019,1
18206,1,0.9983067512512207,1
18207,1,0.33541542291641235,0
18208,1,0.9612153172492981,1
18209,0,0.7849273681640625,1
18210,1,0.07702862471342087,0
18211,0,0.0065080332569777966,0
18212,0,0.07636911422014236,0
18213,0,7.170491045371818e-08,0
18214,0,0.0009233763557858765,0
18215,0,0.003947496879845858,0
18216,1,0.9999977350234985,1
18217,1,0.9958135485649109,1
18218,1,0.4609454572200775,0
18219,0,0.21395182609558105,0
18220,1,0.9897773861885071,1
18221,1,0.9990543723106384,1
18222,1,0.978999137878418,1
18223,1,0.9935503005981445,1
18224,1,0.005844502709805965,0
18225,0,0.00031075446167960763,0
18226,1,0.14987829327583313,0
18227,0,0.5662792921066284,1
18228,0,0.006368143018335104,0
18229,1,0.9675130248069763,1
18230,1,0.9271396994590759,1
18231,1,0.992915153503418,1
18232,0,0.5636991858482361,1
18233,1,0.9976892471313477,1
18234,1,0.9999929666519165,1
18235,1,0.9850901365280151,1
18236,0,0.030219055712223053,0
18237,0,0.1734727919101715,0
18238,0,0.03533598408102989,0
18239,0,0.0356716550886631,0
18240,1,0.9969916343688965,1
18241,0,0.09616973996162415,0
18242,0,0.0964014008641243,0
18243,0,0.02262469194829464,0
18244,1,0.9998630285263062,1
18245,1,0.9997056126594543,1
18246,0,0.002209331374615431,0
18247,0,0.1032201498746872,0
18248,0,0.3534795045852661,0
18249,1,0.9895341992378235,1
18250,1,0.9967830181121826,1
18251,1,0.7094555497169495,1
18252,0,0.008505220524966717,0
18253,0,0.004837368614971638,0
18254,1,0.3794359266757965,0
18255,0,0.020387692376971245,0
18256,0,0.00544737046584487,0
18257,0,0.1326163411140442,0
18258,0,0.000594717392232269,0
18259,1,0.91734778881073,1
18260,1,0.9444003701210022,1
18261,0,0.0018516859272494912,0
18262,1,0.9999330043792725,1
18263,1,0.9995929598808289,1
18264,1,0.9999985694885254,1
18265,0,0.016164766624569893,0
18266,1,0.9999864101409912,1
18267,1,0.9999406337738037,1
18268,1,0.9975515007972717,1
18269,1,0.9998637437820435,1
18270,1,0.9977941513061523,1
18271,1,0.9999275207519531,1
18272,1,0.9999994039535522,1
18273,1,0.38152143359184265,0
18274,0,0.00178174686152488,0
18275,1,0.9999991655349731,1
18276,1,0.9915940761566162,1
18277,0,0.009416485205292702,0
18278,0,0.0008428599103353918,0
18279,0,0.01648438721895218,0
18280,0,0.04182184487581253,0
18281,0,0.25168487429618835,0
18282,1,0.9945981502532959,1
18283,1,0.9817164540290833,1
18284,1,0.9999935626983643,1
18285,1,0.9841694831848145,1
18286,0,0.46807849407196045,0
18287,0,0.033459942787885666,0
18288,1,0.5932883620262146,1
18289,1,0.9045527577400208,1
18290,0,0.7680935859680176,1
18291,1,0.6034266352653503,1
18292,0,0.2624650299549103,0
18293,1,0.9598179459571838,1
18294,1,0.9987794756889343,1
18295,0,0.010204204358160496,0
18296,0,0.06783463060855865,0
18297,0,0.36548662185668945,0
18298,1,0.9542194604873657,1
18299,1,0.7455059885978699,1
18300,1,0.9997710585594177,1
18301,0,0.0011639882577583194,0
18302,1,0.7325490117073059,1
18303,0,0.0009837624384090304,0
18304,0,0.03465864434838295,0
18305,0,3.634203721958329e-06,0
18306,1,0.9768446087837219,1
18307,0,0.003985073883086443,0
18308,1,0.991791844367981,1
18309,1,0.9993839263916016,1
18310,0,0.22999490797519684,0
18311,0,0.030030997470021248,0
18312,0,0.06121540069580078,0
18313,1,0.99845290184021,1
18314,0,0.041198208928108215,0
18315,0,0.022105176001787186,0
18316,1,0.921874463558197,1
18317,1,0.9648347496986389,1
18318,0,0.0016276179812848568,0
18319,0,0.04458751156926155,0
18320,0,0.44258230924606323,0
18321,1,0.9734758734703064,1
18322,1,0.10264997184276581,0
18323,1,0.7218062281608582,1
18324,0,0.12028378993272781,0
18325,0,0.1133170798420906,0
18326,1,0.4771263897418976,0
18327,0,0.014485582709312439,0
18328,0,0.0222315676510334,0
18329,1,0.9895049333572388,1
18330,0,0.0004837588930968195,0
18331,0,0.07422918826341629,0
18332,0,0.2683008909225464,0
18333,1,0.9999946355819702,1
18334,0,0.005187975242733955,0
18335,0,0.025113798677921295,0
18336,1,0.9999697208404541,1
18337,0,0.5614583492279053,1
18338,0,0.7175325155258179,1
18339,0,0.27273643016815186,0
18340,1,0.9340874552726746,1
18341,1,0.9991520643234253,1
18342,1,0.9986530542373657,1
18343,1,0.914828896522522,1
18344,1,0.999995231628418,1
18345,0,0.010237377136945724,0
18346,0,0.16383130848407745,0
18347,1,0.9980713725090027,1
18348,1,0.9981483221054077,1
18349,0,0.8809506893157959,1
18350,0,0.0019108777632936835,0
18351,1,0.8809057474136353,1
18352,1,0.9271381497383118,1
18353,1,0.9360045194625854,1
18354,1,0.9186309576034546,1
18355,1,0.9978532195091248,1
18356,0,0.044892117381095886,0
18357,1,0.9998633861541748,1
18358,1,0.0515437051653862,0
18359,1,0.6635111570358276,1
18360,0,0.0002030237519647926,0
18361,1,0.9997634291648865,1
18362,0,0.001581548247486353,0
18363,1,0.7556929588317871,1
18364,1,0.9999932050704956,1
18365,1,0.9891391396522522,1
18366,0,0.014158695936203003,0
18367,0,0.14214226603507996,0
18368,0,0.0001381804031552747,0
18369,1,0.9980720281600952,1
18370,1,0.9836022853851318,1
18371,0,1.3915673662268091e-05,0
18372,1,0.996547281742096,1
18373,1,0.9842420220375061,1
18374,1,0.8150377869606018,1
18375,0,0.03952682018280029,0
18376,1,0.9987057447433472,1
18377,0,0.031787022948265076,0
18378,1,0.9242732524871826,1
18379,0,0.05600668117403984,0
18380,0,0.9256162047386169,1
18381,1,0.001638836576603353,0
18382,0,4.47001657448709e-05,0
18383,0,0.7244932055473328,1
18384,1,0.9990397095680237,1
18385,1,0.9053797721862793,1
18386,1,0.9838200807571411,1
18387,1,0.9999703168869019,1
18388,1,0.9997116923332214,1
18389,1,0.9861264824867249,1
18390,1,0.8022761344909668,1
18391,1,0.7575903534889221,1
18392,1,0.6269910931587219,1
18393,0,0.03354746103286743,0
18394,1,0.9997910857200623,1
18395,1,0.9999501705169678,1
18396,1,0.9967592358589172,1
18397,1,0.8845707178115845,1
18398,1,0.9836401343345642,1
18399,1,0.01231500506401062,0
18400,1,0.9797331094741821,1
18401,1,0.9980776309967041,1
18402,0,0.0034322028513997793,0
18403,0,0.2286646068096161,0
18404,1,0.9997658133506775,1
18405,0,0.006179443560540676,0
18406,0,0.07145926356315613,0
18407,1,0.4834209382534027,0
18408,0,0.8058986067771912,1
18409,1,0.9995540976524353,1
18410,0,0.003166319103911519,0
18411,1,0.9983537197113037,1
18412,0,1.8177894162363373e-05,0
18413,0,0.025253428146243095,0
18414,1,0.9828944206237793,1
18415,0,0.005131483543664217,0
18416,1,0.7754219770431519,1
18417,0,0.23039813339710236,0
18418,1,0.9836649298667908,1
18419,0,0.029935423284769058,0
18420,0,0.6922900080680847,1
18421,1,0.25886982679367065,0
18422,1,0.716087818145752,1
18423,0,0.12994177639484406,0
18424,0,0.3320108652114868,0
18425,1,0.8655556440353394,1
18426,0,0.002069780370220542,0
18427,0,0.04295607656240463,0
18428,1,0.9975222945213318,1
18429,1,0.9999934434890747,1
18430,1,0.9752030372619629,1
18431,1,0.9506199359893799,1
18432,1,0.9425601363182068,1
18433,0,0.15345503389835358,0
18434,1,0.9999376535415649,1
18435,1,0.9997100234031677,1
18436,1,0.9999984502792358,1
18437,1,0.9991752505302429,1
18438,0,0.00030377687653526664,0
18439,1,0.9113780856132507,1
18440,1,0.9751117825508118,1
18441,0,0.0331285260617733,0
18442,1,0.9999445676803589,1
18443,0,0.06832213699817657,0
18444,0,0.0056121861562132835,0
18445,1,0.9471327662467957,1
18446,0,9.241268306148243e-10,0
18447,1,0.17249010503292084,0
18448,1,0.9630110263824463,1
18449,1,0.8098699450492859,1
18450,1,0.7269563674926758,1
18451,1,0.9739798307418823,1
18452,0,0.0019394210539758205,0
18453,1,0.9980131387710571,1
18454,0,0.3554588854312897,0
18455,0,0.252594530582428,0
18456,1,0.8119833469390869,1
18457,0,0.0005763496737927198,0
18458,0,0.05534084513783455,0
18459,0,0.01741478033363819,0
18460,1,0.972159206867218,1
18461,1,0.9993942975997925,1
18462,0,0.7626737952232361,1
18463,1,0.9983986020088196,1
18464,1,0.9954116940498352,1
18465,0,0.039832208305597305,0
18466,1,0.9965494871139526,1
18467,0,0.06170295178890228,0
18468,1,0.9985132813453674,1
18469,0,0.12448804825544357,0
18470,1,0.7135547399520874,1
18471,0,0.039978738874197006,0
18472,0,0.23826274275779724,0
18473,0,0.08648467063903809,0
18474,1,0.999976634979248,1
18475,1,0.9968012571334839,1
18476,1,0.9714450836181641,1
18477,0,0.0014359334018081427,0
18478,0,0.3064039945602417,0
18479,1,0.8717780113220215,1
18480,0,1.695237915555481e-05,0
18481,1,0.16927273571491241,0
18482,1,0.6814982295036316,1
18483,1,0.9998856782913208,1
18484,0,0.011964631266891956,0
18485,1,0.9911075234413147,1
18486,1,0.9990999698638916,1
18487,1,0.9841370582580566,1
18488,0,0.839422345161438,1
18489,0,0.01037265919148922,0
18490,1,0.8523475527763367,1
18491,1,0.9952601790428162,1
18492,0,0.0020281458273530006,0
18493,0,0.018940653651952744,0
18494,0,0.04670993611216545,0
18495,0,0.002069192472845316,0
18496,1,0.9652633666992188,1
18497,1,0.7756696343421936,1
18498,0,0.20264217257499695,0
18499,0,8.831950253807008e-05,0
18500,1,0.7903289198875427,1
18501,1,0.802760660648346,1
18502,1,0.5481433868408203,1
18503,1,0.902472972869873,1
18504,1,0.20374935865402222,0
18505,0,0.039016664028167725,0
18506,0,0.028645683079957962,0
18507,0,0.009618709795176983,0
18508,1,0.9154601693153381,1
18509,0,0.015573137439787388,0
18510,0,0.04478204622864723,0
18511,0,0.11022546142339706,0
18512,1,0.9446647763252258,1
18513,1,0.8697462677955627,1
18514,0,0.0031070210970938206,0
18515,0,0.20863279700279236,0
18516,0,0.03221581503748894,0
18517,1,0.8814947605133057,1
18518,0,0.15254177153110504,0
18519,1,0.9999099969863892,1
18520,0,0.010087219998240471,0
18521,0,0.04254288971424103,0
18522,1,0.8970749378204346,1
18523,0,0.9257956743240356,1
18524,1,0.9998732805252075,1
18525,0,0.016186285763978958,0
18526,1,0.8434553742408752,1
18527,0,0.002244460629299283,0
18528,0,0.017899900674819946,0
18529,1,0.873346209526062,1
18530,0,0.03503008931875229,0
18531,0,0.0016733395168557763,0
18532,0,0.004036217462271452,0
18533,1,0.9933153986930847,1
18534,1,0.6814152002334595,1
18535,0,0.023513076826930046,0
18536,1,0.9829573035240173,1
18537,1,0.9989012479782104,1
18538,0,4.1777534534048755e-06,0
18539,0,0.0005377897759899497,0
18540,1,0.9072855710983276,1
18541,0,0.12209270894527435,0
18542,1,0.9975998997688293,1
18543,0,0.12865272164344788,0
18544,0,0.8216725587844849,1
18545,1,0.9857957363128662,1
18546,0,0.0680137649178505,0
18547,0,0.01297726109623909,0
18548,1,0.9492762684822083,1
18549,0,0.013567163608968258,0
18550,0,0.043435510247945786,0
18551,0,0.09434986859560013,0
18552,1,0.9999864101409912,1
18553,1,0.9999939203262329,1
18554,0,0.002640944439917803,0
18555,0,0.008844444528222084,0
18556,1,0.9981968998908997,1
18557,0,0.005489449016749859,0
18558,0,0.02393653616309166,0
18559,1,0.9998408555984497,1
18560,0,0.13442790508270264,0
18561,0,0.0014496358344331384,0
18562,1,0.9833493232727051,1
18563,0,0.3309856951236725,0
18564,1,0.9997919201850891,1
18565,1,0.9984196424484253,1
18566,0,0.016324738040566444,0
18567,1,0.984565019607544,1
18568,1,0.9819024801254272,1
18569,0,0.00024612018023617566,0
18570,1,0.9794127941131592,1
18571,1,0.9990389347076416,1
18572,0,0.011195965111255646,0
18573,0,0.42533981800079346,0
18574,0,0.002589614363387227,0
18575,1,0.9999772310256958,1
18576,1,0.8959298133850098,1
18577,0,0.1440792977809906,0
18578,0,0.08234503865242004,0
18579,0,0.0065101576037704945,0
18580,1,0.9333676099777222,1
18581,1,0.9999940395355225,1
18582,1,0.999885082244873,1
18583,0,0.004235599655658007,0
18584,0,0.08857110142707825,0
18585,1,0.7677452564239502,1
18586,0,0.011783082969486713,0
18587,0,0.007162625901401043,0
18588,1,0.9965783953666687,1
18589,1,0.9999997615814209,1
18590,0,0.07038912177085876,0
18591,1,0.9746140241622925,1
18592,1,0.6380237340927124,1
18593,1,0.9996405839920044,1
18594,0,0.01935259997844696,0
18595,0,0.1868678778409958,0
18596,0,0.004439567681401968,0
18597,1,0.6087482571601868,1
18598,1,0.9845477938652039,1
18599,1,0.9622806906700134,1
18600,1,0.9995827078819275,1
18601,1,0.9999428987503052,1
18602,0,0.030165323987603188,0
18603,0,0.05884730443358421,0
18604,1,0.995693027973175,1
18605,0,0.03521899878978729,0
18606,0,0.13411737978458405,0
18607,1,0.8244912624359131,1
18608,1,0.982528030872345,1
18609,1,0.9068506360054016,1
18610,1,0.999010443687439,1
18611,1,0.8666276335716248,1
18612,1,0.9777984023094177,1
18613,1,0.9976515173912048,1
18614,0,0.04959847405552864,0
18615,1,0.9948863387107849,1
18616,0,0.0067873792722821236,0
18617,1,0.999350368976593,1
18618,1,0.9920141100883484,1
18619,1,0.9814583659172058,1
18620,0,0.192983478307724,0
18621,1,0.9878407120704651,1
18622,1,0.7717623710632324,1
18623,0,0.00935099832713604,0
18624,0,0.01299157366156578,0
18625,0,0.284575492143631,0
18626,0,0.008119764737784863,0
18627,0,0.00300891837105155,0
18628,1,0.8363816142082214,1
18629,1,0.9999568462371826,1
18630,1,0.9997946619987488,1
18631,1,0.26907914876937866,0
18632,0,2.519503823350533e-06,0
18633,1,0.9994317889213562,1
18634,1,0.9117262363433838,1
18635,0,0.28330913186073303,0
18636,0,0.5033896565437317,1
18637,1,0.3524925112724304,0
18638,1,0.7318786382675171,1
18639,1,0.9972137808799744,1
18640,0,0.05063113197684288,0
18641,1,0.7533076405525208,1
18642,0,0.022166872397065163,0
18643,0,0.09197623282670975,0
18644,1,0.9993126392364502,1
18645,1,0.951359212398529,1
18646,0,0.0010943833040073514,0
18647,1,0.9644489288330078,1
18648,1,0.8204243183135986,1
18649,1,0.9999405145645142,1
18650,1,0.999549925327301,1
18651,0,0.008959920145571232,0
18652,0,7.556089087756845e-08,0
18653,0,0.03874596208333969,0
18654,1,0.9996954202651978,1
18655,1,0.9909085631370544,1
18656,0,0.27554643154144287,0
18657,0,0.014959819614887238,0
18658,1,0.9989399313926697,1
18659,0,0.024065492674708366,0
18660,0,0.7520793676376343,1
18661,0,0.011057717725634575,0
18662,1,0.9956336617469788,1
18663,1,0.9436211585998535,1
18664,0,3.3904812880791724e-05,0
18665,1,0.95723956823349,1
18666,1,0.6916357278823853,1
18667,0,0.7720023393630981,1
18668,0,0.00025829585501924157,0
18669,1,0.9947485327720642,1
18670,1,0.9995065927505493,1
18671,0,0.010383392684161663,0
18672,1,0.9516150951385498,1
18673,0,0.1656021624803543,0
18674,0,0.010531555861234665,0
18675,0,0.03968295454978943,0
18676,0,0.023344771936535835,0
18677,0,0.12933360040187836,0
18678,0,0.03162619099020958,0
18679,0,0.26523882150650024,0
18680,1,0.9086148142814636,1
18681,0,0.014017348177731037,0
18682,0,4.735058973892592e-05,0
18683,1,0.9580471515655518,1
18684,0,0.011442353948950768,0
18685,1,0.989458441734314,1
18686,0,0.04512402415275574,0
18687,0,0.09673143178224564,0
18688,0,0.3359264135360718,0
18689,1,0.8546176552772522,1
18690,1,0.9998283386230469,1
18691,0,8.816590707283467e-06,0
18692,0,0.00267424201592803,0
18693,0,0.001301189768128097,0
18694,1,0.9934034943580627,1
18695,1,1.0,1
18696,1,0.942101776599884,1
18697,0,0.00667988508939743,0
18698,1,0.43709760904312134,0
18699,0,0.001245751976966858,0
18700,1,0.664324939250946,1
18701,0,0.03628730773925781,0
18702,1,0.8774626851081848,1
18703,1,0.9994944334030151,1
18704,1,0.9831103086471558,1
18705,1,0.9999933242797852,1
18706,1,0.9973465204238892,1
18707,0,0.13903585076332092,0
18708,1,0.9815436601638794,1
18709,1,0.9988414645195007,1
18710,0,0.016908936202526093,0
18711,0,0.0011148119810968637,0
18712,1,0.9754560589790344,1
18713,0,0.8080868124961853,1
18714,1,0.9240579009056091,1
18715,0,0.0007223897846415639,0
18716,0,0.26853710412979126,0
18717,1,0.9956570863723755,1
18718,0,0.027564944699406624,0
18719,1,0.9975564479827881,1
18720,1,0.9739936590194702,1
18721,0,0.8842060565948486,1
18722,1,0.9594680666923523,1
18723,1,0.9990389347076416,1
18724,1,0.870925784111023,1
18725,0,0.09391018003225327,0
18726,0,0.025648027658462524,0
18727,0,1.6134594261529855e-05,0
18728,0,0.04604124650359154,0
18729,0,0.011148507706820965,0
18730,1,0.5474472641944885,1
18731,0,0.0010087932460010052,0
18732,0,0.017008844763040543,0
18733,0,0.005398792214691639,0
18734,0,0.005640889517962933,0
18735,1,0.9851552844047546,1
18736,1,0.3128190338611603,0
18737,1,0.9984645843505859,1
18738,0,0.0003071702958550304,0
18739,1,0.9693743586540222,1
18740,1,0.997286319732666,1
18741,0,0.04003063216805458,0
18742,1,0.9934296011924744,1
18743,1,0.9782554507255554,1
18744,0,0.8009434342384338,1
18745,1,0.757361114025116,1
18746,0,0.0026114177890121937,0
18747,1,0.9943596720695496,1
18748,1,0.9994934797286987,1
18749,0,0.005661008879542351,0
18750,0,0.40801137685775757,0
18751,0,0.04466696083545685,0
18752,0,6.434236274799332e-05,0
18753,1,0.11610041558742523,0
18754,0,0.029915275052189827,0
18755,0,0.9442121386528015,1
18756,0,0.12144496291875839,0
18757,0,0.005850232206285,0
18758,0,0.08675884455442429,0
18759,1,0.9920756816864014,1
18760,1,0.842580258846283,1
18761,0,0.3583407402038574,0
18762,0,0.45339998602867126,0
18763,0,0.0005196512211114168,0
18764,1,0.999995231628418,1
18765,1,0.9999202489852905,1
18766,1,0.7133011221885681,1
18767,1,0.9916682243347168,1
18768,0,0.582210123538971,1
18769,0,0.037331078201532364,0
18770,1,0.9574070572853088,1
18771,0,0.020727235823869705,0
18772,0,0.1059919074177742,0
18773,1,0.9943404197692871,1
18774,1,0.9989207983016968,1
18775,0,0.059919971972703934,0
18776,0,0.015346717089414597,0
18777,0,0.3039368689060211,0
18778,0,0.0305479783564806,0
18779,1,0.9458579421043396,1
18780,0,0.21361735463142395,0
18781,0,0.0006964512867853045,0
18782,0,0.2675029933452606,0
18783,1,0.8256611824035645,1
18784,0,0.12346509844064713,0
18785,1,0.9993377327919006,1
18786,0,0.022273102775216103,0
18787,0,0.09009885787963867,0
18788,1,0.9815373420715332,1
18789,1,0.9714909791946411,1
18790,0,0.03474927321076393,0
18791,0,0.002084956970065832,0
18792,0,0.1419486254453659,0
18793,1,0.902357816696167,1
18794,1,0.9999103546142578,1
18795,1,0.951857328414917,1
18796,0,5.953089612376061e-07,0
18797,1,0.9995406866073608,1
18798,1,0.9992166757583618,1
18799,0,0.02205074578523636,0
18800,1,0.5877635478973389,1
18801,1,0.9506799578666687,1
18802,0,0.16129343211650848,0
18803,0,0.18436762690544128,0
18804,1,0.9992238283157349,1
18805,0,0.004243109840899706,0
18806,0,0.028544878587126732,0
18807,0,0.014637029729783535,0
18808,1,0.9992485642433167,1
18809,0,0.0005684160278178751,0
18810,0,0.03735227882862091,0
18811,1,0.9860336184501648,1
18812,0,0.3682805597782135,0
18813,0,0.00017408210260327905,0
18814,1,0.8476473689079285,1
18815,0,0.0016761969309300184,0
18816,1,0.9999606609344482,1
18817,0,0.47214624285697937,0
18818,1,0.5033745169639587,1
18819,0,0.0004702343721874058,0
18820,1,0.9950637221336365,1
18821,0,0.0023997242096811533,0
18822,1,0.9750947952270508,1
18823,0,0.02509104460477829,0
18824,0,1.7263562767766416e-05,0
18825,1,0.579481303691864,1
18826,1,0.9911579489707947,1
18827,1,0.9894869327545166,1
18828,1,0.6658831238746643,1
18829,1,0.9963709115982056,1
18830,1,0.1456546038389206,0
18831,1,0.9999899864196777,1
18832,0,0.12242496758699417,0
18833,1,0.8176681399345398,1
18834,1,0.9270331263542175,1
18835,0,0.21824860572814941,0
18836,0,0.024874310940504074,0
18837,1,0.8911012411117554,1
18838,0,0.8307008147239685,1
18839,0,0.006144340615719557,0
18840,1,0.979889452457428,1
18841,0,0.027722859755158424,0
18842,1,0.9954043626785278,1
18843,1,0.901637852191925,1
18844,0,0.2944777011871338,0
18845,1,0.9557890892028809,1
18846,0,0.006801743991672993,0
18847,1,0.9989303946495056,1
18848,1,0.9876952171325684,1
18849,1,0.24125494062900543,0
18850,1,0.829264223575592,1
18851,1,0.9999833106994629,1
18852,0,0.0007598805823363364,0
18853,1,0.9853437542915344,1
18854,1,0.8983452916145325,1
18855,1,0.9998501539230347,1
18856,0,0.0065047042444348335,0
18857,1,0.9942469000816345,1
18858,0,0.2801331579685211,0
18859,1,0.8087517023086548,1
18860,0,0.21114343404769897,0
18861,0,0.00028417527209967375,0
18862,1,0.7520036697387695,1
18863,1,0.9698559641838074,1
18864,0,0.004591208416968584,0
18865,0,0.5134039521217346,1
18866,0,0.15944744646549225,0
18867,1,0.9888629913330078,1
18868,1,0.8057989478111267,1
18869,0,0.05002304166555405,0
18870,0,0.03945785015821457,0
18871,0,0.22729089856147766,0
18872,1,0.9446120858192444,1
18873,0,0.0029117795638740063,0
18874,0,0.09730232506990433,0
18875,1,0.9999898672103882,1
18876,1,0.9991816878318787,1
18877,1,0.9312575459480286,1
18878,1,0.994368851184845,1
18879,1,0.9993441700935364,1
18880,0,0.0059027052484452724,0
18881,1,0.9975250363349915,1
18882,1,0.999825656414032,1
18883,1,0.966414213180542,1
18884,0,1.735628757160157e-05,0
18885,1,0.999981164932251,1
18886,1,1.0,1
18887,1,0.30607789754867554,0
18888,0,0.757888674736023,1
18889,1,0.840718686580658,1
18890,0,0.00182831019628793,0
18891,1,0.8653388023376465,1
18892,1,0.9747456908226013,1
18893,0,0.4060741662979126,0
18894,0,0.0035083494149148464,0
18895,0,0.0032668081112205982,0
18896,1,0.9832058548927307,1
18897,0,0.09151923656463623,0
18898,1,0.9341822266578674,1
18899,1,0.9055739641189575,1
18900,0,0.03696388751268387,0
18901,1,0.9826682209968567,1
18902,1,0.9990360736846924,1
18903,1,0.6770351529121399,1
18904,0,0.10086320340633392,0
18905,0,0.048699308186769485,0
18906,0,1.0906427633017302e-05,0
18907,1,0.9399674534797668,1
18908,1,0.7912745475769043,1
18909,0,0.911271333694458,1
18910,0,0.19710645079612732,0
18911,1,0.9983153343200684,1
18912,0,0.02405422553420067,0
18913,1,0.3548021912574768,0
18914,1,0.983331561088562,1
18915,0,0.016648512333631516,0
18916,0,0.0023334436118602753,0
18917,1,0.32080164551734924,0
18918,0,0.13202236592769623,0
18919,0,0.0031793341040611267,0
18920,0,0.0304055567830801,0
18921,1,0.9990390539169312,1
18922,0,0.00787361804395914,0
18923,0,0.022237885743379593,0
18924,1,0.9995096921920776,1
18925,0,0.11941489577293396,0
18926,0,0.21942885220050812,0
18927,0,0.0005324599333107471,0
18928,0,0.09044449031352997,0
18929,0,0.00035387824755162,0
18930,0,0.008492852561175823,0
18931,0,0.3074287474155426,0
18932,0,6.985717482166365e-05,0
18933,1,0.9963890314102173,1
18934,0,0.44748827815055847,0
18935,0,0.03955182805657387,0
18936,0,0.29669255018234253,0
18937,0,5.174718353373464e-06,0
18938,0,0.781741738319397,1
18939,1,0.4851047098636627,0
18940,1,0.9980131387710571,1
18941,0,0.3488515317440033,0
18942,0,0.027787355706095695,0
18943,0,0.005128894001245499,0
18944,0,0.007309102453291416,0
18945,1,0.979634702205658,1
18946,1,0.9998518228530884,1
18947,0,0.054870523512363434,0
18948,1,0.997322142124176,1
18949,1,0.9999984502792358,1
18950,0,0.03507606312632561,0
18951,1,0.9267065525054932,1
18952,1,0.937112033367157,1
18953,1,0.9952929615974426,1
18954,0,0.11606597155332565,0
18955,0,0.0014202893944457173,0
18956,0,0.01315214391797781,0
18957,0,0.0023261592723429203,0
18958,0,0.0036357829812914133,0
18959,1,0.9999892711639404,1
18960,1,0.9914059638977051,1
18961,1,0.9999984502792358,1
18962,0,0.3899531364440918,0
18963,1,0.9997727274894714,1
18964,0,0.11846740543842316,0
18965,1,0.8159279823303223,1
18966,0,0.10183201730251312,0
18967,1,0.9991456270217896,1
18968,1,0.9506420493125916,1
18969,1,0.7405111193656921,1
18970,1,0.9944621920585632,1
18971,1,0.5833096504211426,1
18972,0,0.06886359304189682,0
18973,0,0.14306893944740295,0
18974,1,0.9542741775512695,1
18975,1,0.3427869975566864,0
18976,1,0.9942476749420166,1
18977,1,0.9907751679420471,1
18978,0,0.11277477443218231,0
18979,0,0.09099067747592926,0
18980,1,0.9899672269821167,1
18981,0,0.030984999611973763,0
18982,0,0.03181956708431244,0
18983,0,0.053015340119600296,0
18984,0,3.867017585434951e-05,0
18985,1,0.9542608857154846,1
18986,0,0.013903262093663216,0
18987,1,0.9374369978904724,1
18988,1,0.9940627217292786,1
18989,0,0.09341098368167877,0
18990,1,0.9999897480010986,1
18991,1,0.9992194175720215,1
18992,0,0.15619505941867828,0
18993,0,0.0013933012960478663,0
18994,0,0.01498940959572792,0
18995,0,0.09007644653320312,0
18996,1,0.6099393367767334,1
18997,1,0.8698104619979858,1
18998,0,0.0006380548002198339,0
18999,1,0.9545117616653442,1
19000,1,0.9945701956748962,1
19001,0,0.0005806177505291998,0
19002,0,0.00792699120938778,0
19003,1,0.747940719127655,1
19004,1,1.0,1
19005,1,0.9999192953109741,1
19006,0,0.9166580438613892,1
19007,1,0.9975152015686035,1
19008,1,0.8932194709777832,1
19009,1,0.9951170682907104,1
19010,1,0.9995766282081604,1
19011,0,0.2912505269050598,0
19012,1,0.9986883997917175,1
19013,0,0.16685844957828522,0
19014,1,0.9574344754219055,1
19015,1,0.6182860136032104,1
19016,0,0.007982841692864895,0
19017,1,0.8782135248184204,1
19018,1,0.9302079677581787,1
19019,1,0.975674033164978,1
19020,1,0.9970263838768005,1
19021,0,0.057137370109558105,0
19022,1,0.9641162753105164,1
19023,1,0.12313571572303772,0
19024,1,0.9649945497512817,1
19025,1,0.995126485824585,1
19026,0,0.00035001139622181654,0
19027,0,0.012272980995476246,0
19028,1,0.8191012740135193,1
19029,1,0.8355041742324829,1
19030,0,0.013277173042297363,0
19031,1,0.9941978454589844,1
19032,1,1.0,1
19033,0,0.0565715953707695,0
19034,0,0.01245896052569151,0
19035,0,4.3795134843094274e-05,0
19036,0,0.8946149945259094,1
19037,0,0.0006664050160907209,0
19038,0,0.03242294862866402,0
19039,0,0.013930941000580788,0
19040,0,0.011639580130577087,0
19041,1,0.9950917959213257,1
19042,0,0.15140549838542938,0
19043,1,0.6201260089874268,1
19044,1,0.9751942157745361,1
19045,0,0.015674710273742676,0
19046,0,0.0007535499171353877,0
19047,0,0.17562854290008545,0
19048,1,0.9995530247688293,1
19049,1,0.9999929666519165,1
19050,1,0.9999998807907104,1
19051,1,0.946453332901001,1
19052,1,0.9473382234573364,1
19053,0,0.11079734563827515,0
19054,1,0.7729421854019165,1
19055,1,0.9999134540557861,1
19056,0,0.056432049721479416,0
19057,0,0.011780718341469765,0
19058,0,0.014053699560463428,0
19059,1,0.9682495594024658,1
19060,0,0.19611597061157227,0
19061,1,0.9576940536499023,1
19062,0,0.008857479318976402,0
19063,0,0.0004619163810275495,0
19064,1,0.6291699409484863,1
19065,1,0.9823463559150696,1
19066,1,0.6189941167831421,1
19067,0,0.14104314148426056,0
19068,0,3.1495519579038955e-06,0
19069,0,0.16188497841358185,0
19070,1,0.863231360912323,1
19071,0,0.9156065583229065,1
19072,0,0.018719254061579704,0
19073,1,0.9934738278388977,1
19074,0,0.4562055766582489,0
19075,0,0.048335447907447815,0
19076,1,0.9996366500854492,1
19077,1,0.9910433292388916,1
19078,0,0.019097663462162018,0
19079,0,0.04439857602119446,0
19080,1,0.231214240193367,0
19081,1,0.9972370862960815,1
19082,1,0.9121012687683105,1
19083,0,0.005817228462547064,0
19084,0,0.011378840543329716,0
19085,1,0.9999804496765137,1
19086,1,0.390549898147583,0
19087,1,0.9995218515396118,1
19088,0,0.17424169182777405,0
19089,0,0.0005282205529510975,0
19090,0,0.0070792133919894695,0
19091,0,0.02435416914522648,0
19092,1,0.9988040924072266,1
19093,0,0.011890828609466553,0
19094,0,0.02763650007545948,0
19095,1,0.9999997615814209,1
19096,0,0.04672115668654442,0
19097,1,0.9981091022491455,1
19098,0,0.3297058045864105,0
19099,0,0.0015178729081526399,0
19100,0,0.10675128549337387,0
19101,1,0.9928065538406372,1
19102,0,0.02071174420416355,0
19103,1,0.9939466118812561,1
19104,0,0.21966683864593506,0
19105,1,0.7517751455307007,1
19106,0,0.18091723322868347,0
19107,1,0.9997420907020569,1
19108,0,2.76448845397681e-05,0
19109,0,0.00034635065821930766,0
19110,1,0.998961329460144,1
19111,1,0.9908809661865234,1
19112,1,0.9136999249458313,1
19113,0,0.30049145221710205,0
19114,0,0.009090812876820564,0
19115,0,0.004085614811629057,0
19116,1,0.49419161677360535,0
19117,0,0.004433331545442343,0
19118,0,0.00027585000498220325,0
19119,0,0.08527110517024994,0
19120,1,1.0,1
19121,0,0.0009598311153240502,0
19122,0,0.013109661638736725,0
19123,0,0.00041082032839767635,0
19124,0,0.032371412962675095,0
19125,0,0.03962048888206482,0
19126,1,0.9979456067085266,1
19127,0,0.12522803246974945,0
19128,0,0.07381753623485565,0
19129,0,0.004456878639757633,0
19130,0,0.15363208949565887,0
19131,1,1.0,1
19132,1,0.9996689558029175,1
19133,1,0.908793568611145,1
19134,0,0.014623583294451237,0
19135,1,0.9994437098503113,1
19136,1,0.9999604225158691,1
19137,0,0.011057708412408829,0
19138,0,0.010135099291801453,0
19139,1,0.5920876264572144,1
19140,0,0.021503811702132225,0
19141,1,0.9984593391418457,1
19142,0,0.11414317041635513,0
19143,0,0.9875890612602234,1
19144,0,0.164505735039711,0
19145,0,0.0032756777945905924,0
19146,0,0.008780569769442081,0
19147,1,0.976070761680603,1
19148,1,0.7095327377319336,1
19149,1,0.9858810901641846,1
19150,1,0.999283492565155,1
19151,0,0.007786818780004978,0
19152,0,0.010746775195002556,0
19153,1,0.9648482799530029,1
19154,1,0.655942976474762,1
19155,0,0.0336717925965786,0
19156,0,0.0019526194082573056,0
19157,0,0.10471175611019135,0
19158,0,0.011510731652379036,0
19159,1,0.9962069988250732,1
19160,0,0.0005417918437160552,0
19161,0,0.3910781741142273,0
19162,0,0.3116360902786255,0
19163,1,0.9393494129180908,1
19164,0,0.026220330968499184,0
19165,0,0.06657327711582184,0
19166,0,0.10518927127122879,0
19167,1,0.8525528907775879,1
19168,0,0.0018190138507634401,0
19169,1,0.9274515509605408,1
19170,0,0.9071150422096252,1
19171,1,0.7835098505020142,1
19172,1,0.9999957084655762,1
19173,0,0.004797627218067646,0
19174,1,0.9995067119598389,1
19175,1,0.9945390820503235,1
19176,0,0.012839260511100292,0
19177,0,0.0868295356631279,0
19178,0,0.3899267613887787,0
19179,1,0.9005537629127502,1
19180,1,0.9940902590751648,1
19181,0,0.027860160917043686,0
19182,0,0.025867681950330734,0
19183,0,0.9948371648788452,1
19184,1,0.981586754322052,1
19185,0,0.00966610200703144,0
19186,1,0.9427902102470398,1
19187,0,0.3674089014530182,0
19188,1,0.9695450067520142,1
19189,0,0.00021301423839759082,0
19190,1,0.8992818593978882,1
19191,1,0.9843060970306396,1
19192,0,0.0034728466998785734,0
19193,1,0.980903148651123,1
19194,1,0.9997410178184509,1
19195,1,0.9999833106994629,1
19196,1,0.9682868719100952,1
19197,1,0.999757707118988,1
19198,1,0.9999986886978149,1
19199,0,0.0577363446354866,0
19200,0,0.003883109427988529,0
19201,0,0.015940485522150993,0
19202,1,0.9998278617858887,1
19203,1,0.8561046123504639,1
19204,0,0.02005588449537754,0
19205,0,0.0015998724848031998,0
19206,0,0.18258017301559448,0
19207,1,0.8548471331596375,1
19208,0,8.815147884888574e-05,0
19209,1,0.9697299003601074,1
19210,1,0.6711660623550415,1
19211,0,0.12541168928146362,0
19212,0,0.10745810717344284,0
19213,0,0.1149783506989479,0
19214,0,0.028029102832078934,0
19215,0,0.6084223389625549,1
19216,1,0.2855066657066345,0
19217,1,0.2130594700574875,0
19218,0,0.17988450825214386,0
19219,1,0.9999998807907104,1
19220,0,0.4271422028541565,0
19221,0,0.019422711804509163,0
19222,1,0.31220051646232605,0
19223,0,0.20600800216197968,0
19224,0,0.0003267162828706205,0
19225,0,0.003129473188892007,0
19226,1,0.6588545441627502,1
19227,0,0.009719641879200935,0
19228,1,0.9119939804077148,1
19229,0,0.04194917529821396,0
19230,1,0.9994340538978577,1
19231,0,0.026027685031294823,0
19232,1,0.9999982118606567,1
19233,1,0.9999752044677734,1
19234,1,0.9989538192749023,1
19235,1,0.8111362457275391,1
19236,0,0.0071136183105409145,0
19237,1,0.9580798745155334,1
19238,1,0.9986205101013184,1
19239,0,0.8730212450027466,1
19240,0,0.08256546407938004,0
19241,1,0.9998282194137573,1
19242,1,0.9946123361587524,1
19243,0,0.005827748216688633,0
19244,0,0.6475445628166199,1
19245,1,0.9739453792572021,1
19246,1,0.9999996423721313,1
19247,0,0.23513290286064148,0
19248,0,3.074972119065933e-05,0
19249,0,0.004512426443397999,0
19250,1,0.9467788934707642,1
19251,0,0.6562843918800354,1
19252,1,0.9991532564163208,1
19253,0,0.0641632154583931,0
19254,0,0.006223220843821764,0
19255,0,0.04326590150594711,0
19256,0,0.15389014780521393,0
19257,0,0.0005048902821727097,0
19258,1,0.3797828257083893,0
19259,1,0.2615126669406891,0
19260,0,0.0023877909407019615,0
19261,0,0.006790394429117441,0
19262,1,0.9994863271713257,1
19263,1,0.9998283386230469,1
19264,0,1.1346563042025082e-05,0
19265,1,0.5196412205696106,1
19266,0,0.27277055382728577,0
19267,0,0.002863135887309909,0
19268,0,0.03524976596236229,0
19269,1,0.8275294303894043,1
19270,1,0.9969044327735901,1
19271,1,0.9999802112579346,1
19272,1,0.9375097155570984,1
19273,1,0.9791517853736877,1
19274,0,0.3461605906486511,0
19275,1,0.9550034403800964,1
19276,0,0.7464612722396851,1
19277,0,0.019986866042017937,0
19278,0,0.029852421954274178,0
19279,0,0.7037244439125061,1
19280,1,0.9993537068367004,1
19281,1,0.9730662703514099,1
19282,1,0.921200156211853,1
19283,0,0.16825999319553375,0
19284,1,0.9898427128791809,1
19285,0,0.10018996894359589,0
19286,1,0.9964520931243896,1
19287,1,0.9998871088027954,1
19288,1,0.6109653115272522,1
19289,0,0.16252650320529938,0
19290,0,0.0307245422154665,0
19291,0,0.8289766907691956,1
19292,0,6.604102509299992e-07,0
19293,1,0.9818037748336792,1
19294,1,0.9993439316749573,1
19295,0,0.005443129688501358,0
19296,0,0.0914698988199234,0
19297,1,0.9829371571540833,1
19298,0,0.0012193298898637295,0
19299,0,0.05526154115796089,0
19300,1,0.6300594806671143,1
19301,1,0.9972405433654785,1
19302,0,0.11752456426620483,0
19303,1,0.9983172416687012,1
19304,0,0.04561862722039223,0
19305,0,0.03551922366023064,0
19306,1,0.9955716133117676,1
19307,0,0.23732797801494598,0
19308,1,1.0,1
19309,0,0.2865214943885803,0
19310,1,0.9999914169311523,1
19311,0,0.04705158621072769,0
19312,0,0.06586597114801407,0
19313,1,0.9849265813827515,1
19314,1,0.9961774349212646,1
19315,0,0.0001985785784199834,0
19316,0,3.257517866561699e-11,0
19317,0,0.39681845903396606,0
19318,1,0.9997987151145935,1
19319,0,0.011900804936885834,0
19320,0,0.34413987398147583,0
19321,1,0.9952796697616577,1
19322,1,0.12509272992610931,0
19323,1,0.9327430725097656,1
19324,0,0.08374259620904922,0
19325,1,0.9667025804519653,1
19326,1,0.9999067783355713,1
19327,0,0.08395352959632874,0
19328,1,0.9945383667945862,1
19329,1,0.6415331959724426,1
19330,1,0.9887158274650574,1
19331,0,0.24250581860542297,0
19332,1,0.9001811146736145,1
19333,1,0.9997683167457581,1
19334,0,0.9261593818664551,1
19335,0,0.023641180247068405,0
19336,1,0.9833571910858154,1
19337,1,0.46796831488609314,0
19338,0,0.04350818321108818,0
19339,0,0.0009371164487674832,0
19340,1,0.9999890327453613,1
19341,1,0.9915385842323303,1
19342,1,0.5914818048477173,1
19343,1,0.9866392016410828,1
19344,0,0.015006646513938904,0
19345,0,0.03523121774196625,0
19346,1,0.9725276231765747,1
19347,0,0.01102280430495739,0
19348,0,0.0058249193243682384,0
19349,1,0.9999507665634155,1
19350,0,0.021551989018917084,0
19351,1,0.9999735355377197,1
19352,0,0.16117027401924133,0
19353,1,0.857654333114624,1
19354,1,0.9873932600021362,1
19355,1,0.9999746084213257,1
19356,0,0.0006910967640578747,0
19357,1,0.8825409412384033,1
19358,0,0.006101968232542276,0
19359,1,0.9905132055282593,1
19360,0,0.0003332180785946548,0
19361,0,0.00015023411833681166,0
19362,1,0.5997349619865417,1
19363,0,0.04410276934504509,0
19364,0,0.044205427169799805,0
19365,1,0.7595797181129456,1
19366,1,0.9717977643013,1
19367,0,0.7940157651901245,1
19368,0,0.04426902160048485,0
19369,0,0.00238616019487381,0
19370,1,0.9999914169311523,1
19371,0,0.0011543581495061517,0
19372,0,0.005015968810766935,0
19373,1,0.7001327872276306,1
19374,1,0.9875325560569763,1
19375,1,0.5270305871963501,1
19376,1,0.8932584524154663,1
19377,0,0.00021655458840541542,0
19378,1,0.9998078942298889,1
19379,0,0.0003014239191543311,0
19380,1,0.9972013235092163,1
19381,1,0.9997038245201111,1
19382,0,1.1713907952071168e-05,0
19383,1,0.9997507929801941,1
19384,0,0.0572412870824337,0
19385,1,0.9991636276245117,1
19386,1,0.6399001479148865,1
19387,0,0.025516575202345848,0
19388,1,0.9966526627540588,1
19389,1,0.8057676553726196,1
19390,1,0.989687979221344,1
19391,0,0.02081344835460186,0
19392,1,0.999980092048645,1
19393,0,0.22330452501773834,0
19394,0,0.01336989551782608,0
19395,0,0.16126851737499237,0
19396,1,0.7847505211830139,1
19397,1,0.9993035793304443,1
19398,1,0.997980535030365,1
19399,0,0.004746184218674898,0
19400,1,0.9999743700027466,1
19401,0,0.6294888257980347,1
19402,1,0.9387390613555908,1
19403,1,0.9969488978385925,1
19404,1,0.9718934893608093,1
19405,0,0.10790909826755524,0
19406,1,0.9929832220077515,1
19407,0,0.030368853360414505,0
19408,0,0.01730489544570446,0
19409,0,0.15546676516532898,0
19410,0,0.20866644382476807,0
19411,0,0.004606230184435844,0
19412,1,0.9888994097709656,1
19413,0,0.43450161814689636,0
19414,1,0.9592056274414062,1
19415,1,0.9974077343940735,1
19416,0,0.07068991661071777,0
19417,1,0.9934461712837219,1
19418,1,0.9999949932098389,1
19419,1,0.9826975464820862,1
19420,0,0.010412367060780525,0
19421,1,0.9999995231628418,1
19422,1,0.947627067565918,1
19423,1,0.8875316381454468,1
19424,1,0.9257243871688843,1
19425,1,0.9945744872093201,1
19426,0,0.0006872015073895454,0
19427,1,0.9994295239448547,1
19428,1,0.9866438508033752,1
19429,1,0.8726755976676941,1
19430,1,0.9938523769378662,1
19431,0,0.00013505766401067376,0
19432,0,0.0034077048767358065,0
19433,0,0.07062878459692001,0
19434,0,0.000185621072887443,0
19435,1,0.9754636287689209,1
19436,1,0.9422023296356201,1
19437,1,0.9964710474014282,1
19438,1,0.9983717799186707,1
19439,1,0.9983742237091064,1
19440,1,0.9938445091247559,1
19441,1,0.8629401922225952,1
19442,0,0.6591593623161316,1
19443,1,0.8281790018081665,1
19444,1,0.913532018661499,1
19445,0,9.535851859254763e-05,0
19446,1,0.9999995231628418,1
19447,0,0.03074939176440239,0
19448,0,0.185908243060112,0
19449,1,0.9989243149757385,1
19450,0,0.004180490970611572,0
19451,0,0.3032664358615875,0
19452,1,0.8842913508415222,1
19453,0,0.041325975209474564,0
19454,0,0.009583837352693081,0
19455,0,0.04627154767513275,0
19456,0,7.322599412873387e-05,0
19457,1,0.9998717308044434,1
19458,0,0.03201804310083389,0
19459,1,0.9838809967041016,1
19460,1,0.971006453037262,1
19461,1,0.9936984777450562,1
19462,1,0.9986059069633484,1
19463,1,0.9730733036994934,1
19464,0,0.0016558219213038683,0
19465,1,0.9737193584442139,1
19466,1,0.9999954700469971,1
19467,1,0.5497654676437378,1
19468,1,0.3277960419654846,0
19469,1,0.901448667049408,1
19470,1,0.9923558235168457,1
19471,1,0.9960210919380188,1
19472,0,0.3582824170589447,0
19473,0,0.23407642543315887,0
19474,1,0.999975323677063,1
19475,0,0.18987588584423065,0
19476,1,0.9974299073219299,1
19477,0,0.22654837369918823,0
19478,0,0.003965109121054411,0
19479,0,0.1433257758617401,0
19480,0,0.004783439449965954,0
19481,1,0.9480039477348328,1
19482,0,0.12587714195251465,0
19483,1,0.9960971474647522,1
19484,1,0.9881004095077515,1
19485,1,0.9993732571601868,1
19486,0,0.3871675133705139,0
19487,0,0.00253195664845407,0
19488,0,0.44103512167930603,0
19489,1,0.9478245973587036,1
19490,1,0.9612572193145752,1
19491,0,0.3160909116268158,0
19492,1,0.9932553768157959,1
19493,1,0.9998944997787476,1
19494,0,0.3445050120353699,0
19495,0,0.0069295987486839294,0
19496,1,0.9559164047241211,1
19497,1,0.23669801652431488,0
19498,1,0.9893301129341125,1
19499,0,0.006952524185180664,0
19500,0,0.02750266343355179,0
19501,1,0.9999303817749023,1
19502,0,0.053641270846128464,0
19503,1,0.9999998807907104,1
19504,1,0.9992271661758423,1
19505,1,0.9928020238876343,1
19506,0,0.006293820217251778,0
19507,1,0.999967098236084,1
19508,1,1.0,1
19509,0,0.008290440775454044,0
19510,1,0.3133247196674347,0
19511,0,0.006102413404732943,0
19512,0,0.06078295409679413,0
19513,1,0.999948263168335,1
19514,1,0.9815086722373962,1
19515,1,0.9899510741233826,1
19516,0,0.009063517674803734,0
19517,1,0.9959139227867126,1
19518,1,0.9984502792358398,1
19519,1,0.11858757585287094,0
19520,0,0.021390939131379128,0
19521,1,0.9502816200256348,1
19522,1,0.9610134959220886,1
19523,1,0.9999443292617798,1
19524,0,4.77524044981692e-05,0
19525,0,0.2289966195821762,0
19526,1,0.8156964182853699,1
19527,0,0.003892237553372979,0
19528,0,0.05059289559721947,0
19529,1,0.998211145401001,1
19530,1,0.9089281558990479,1
19531,0,0.002703066449612379,0
19532,0,0.026921940967440605,0
19533,1,0.9818204045295715,1
19534,1,0.9989836812019348,1
19535,1,0.9950062036514282,1
19536,0,0.0861053541302681,0
19537,1,0.9535266757011414,1
19538,0,0.019190900027751923,0
19539,1,0.9898709654808044,1
19540,1,0.6042715907096863,1
19541,1,0.8589673638343811,1
19542,1,0.9974282383918762,1
19543,0,0.24980702996253967,0
19544,1,0.738774836063385,1
19545,1,0.9879636764526367,1
19546,0,0.007940990850329399,0
19547,1,0.9897420406341553,1
19548,0,1.5933337635942735e-05,0
19549,1,0.9922690987586975,1
19550,0,0.05928218364715576,0
19551,1,0.9988887906074524,1
19552,0,0.23850375413894653,0
19553,0,0.29583269357681274,0
19554,0,0.0012023767922073603,0
19555,1,0.9965708255767822,1
19556,1,0.9888216257095337,1
19557,1,0.7474586367607117,1
19558,0,0.4106631875038147,0
19559,1,0.8061918020248413,1
19560,0,0.03572569042444229,0
19561,1,0.8898574709892273,1
19562,1,0.9976927042007446,1
19563,1,0.7476475834846497,1
19564,0,0.008027101866900921,0
19565,1,0.9951673746109009,1
19566,1,0.9999990463256836,1
19567,0,0.0007890380802564323,0
19568,1,0.22272473573684692,0
19569,1,0.41917139291763306,0
19570,1,0.7924051284790039,1
19571,0,0.6033396124839783,1
19572,0,0.07368696480989456,0
19573,0,0.010526448488235474,0
19574,0,0.011877914890646935,0
19575,1,0.8832092881202698,1
19576,0,0.05572133883833885,0
19577,0,0.002010138239711523,0
19578,0,0.00021246472897473723,0
19579,0,0.008909075520932674,0
19580,0,8.103026630124077e-06,0
19581,0,0.02315734699368477,0
19582,1,1.0,1
19583,1,0.7290064096450806,1
19584,0,0.01508951373398304,0
19585,0,0.8925443291664124,1
19586,0,0.0005555180832743645,0
19587,0,0.8584492206573486,1
19588,1,0.8953088521957397,1
19589,1,0.9998306035995483,1
19590,1,0.9998142123222351,1
19591,0,0.05098342522978783,0
19592,1,0.9999996423721313,1
19593,1,0.9928673505783081,1
19594,0,0.003485023509711027,0
19595,0,0.03937418758869171,0
19596,1,0.999790608882904,1
19597,1,1.0,1
19598,0,0.12140350043773651,0
19599,0,0.14336402714252472,0
19600,0,0.008907249197363853,0
19601,0,0.06751204282045364,0
19602,0,0.010711176320910454,0
19603,1,0.9355089664459229,1
19604,0,0.04729847609996796,0
19605,0,0.028909388929605484,0
19606,1,0.995459258556366,1
19607,1,0.9245259761810303,1
19608,0,0.019576596096158028,0
19609,0,0.29974687099456787,0
19610,0,0.001402336056344211,0
19611,1,0.9984188079833984,1
19612,0,0.0032742300536483526,0
19613,1,0.9981274008750916,1
19614,1,0.7842872738838196,1
19615,0,0.17588958144187927,0
19616,0,0.5377204418182373,1
19617,1,0.9999990463256836,1
19618,0,0.03944697603583336,0
19619,0,2.507202407286968e-05,0
19620,1,0.9478244185447693,1
19621,1,0.7067855596542358,1
19622,1,0.9925009608268738,1
19623,0,0.00035751383984461427,0
19624,1,0.9263965487480164,1
19625,0,0.04724660515785217,0
19626,1,0.99958735704422,1
19627,0,1.5574079270663788e-07,0
19628,1,0.7988797426223755,1
19629,1,0.9704245328903198,1
19630,1,0.6936829686164856,1
19631,0,0.036360640078783035,0
19632,1,0.4549645781517029,0
19633,1,0.9436784982681274,1
19634,1,0.12124045938253403,0
19635,0,0.17486950755119324,0
19636,0,0.014795386232435703,0
19637,0,0.08976828306913376,0
19638,1,0.9999420642852783,1
19639,0,0.0014335355954244733,0
19640,0,0.007013448514044285,0
19641,1,0.8468204140663147,1
19642,0,0.015002638101577759,0
19643,0,0.002753955777734518,0
19644,1,0.8854796886444092,1
19645,1,0.9999845027923584,1
19646,1,0.9668406248092651,1
19647,1,0.9879323840141296,1
19648,0,0.16693495213985443,0
19649,1,0.9295247793197632,1
19650,1,0.9867363572120667,1
19651,1,0.9993259906768799,1
19652,1,0.9948622584342957,1
19653,1,0.9887908697128296,1
19654,1,0.8887169361114502,1
19655,1,0.7705463767051697,1
19656,0,5.868120211971473e-09,0
19657,0,0.040237635374069214,0
19658,0,0.008699113503098488,0
19659,1,0.9983041286468506,1
19660,1,0.9988471269607544,1
19661,1,0.8108688592910767,1
19662,0,0.15075887739658356,0
19663,0,0.001871638698503375,0
19664,1,0.830245316028595,1
19665,0,0.03881485015153885,0
19666,1,0.9240065217018127,1
19667,1,0.985390305519104,1
19668,0,0.005975864361971617,0
19669,0,0.0016063374932855368,0
19670,0,0.00015846401220187545,0
19671,0,0.016911568120121956,0
19672,0,0.012582010589540005,0
19673,1,0.999869704246521,1
19674,0,0.00873173214495182,0
19675,1,0.9467931389808655,1
19676,0,0.018898094072937965,0
19677,1,0.9830104112625122,1
19678,1,0.9358227849006653,1
19679,0,0.2408258616924286,0
19680,0,0.0007438475149683654,0
19681,0,0.09866319596767426,0
19682,0,0.0768919363617897,0
19683,0,0.42893508076667786,0
19684,0,0.08125542849302292,0
19685,0,0.00684355478733778,0
19686,0,0.30170148611068726,0
19687,1,0.9988349080085754,1
19688,0,0.3243120014667511,0
19689,0,0.0582849457859993,0
19690,1,0.1381019800901413,0
19691,1,0.684990406036377,1
19692,0,0.09826014935970306,0
19693,0,0.0003758755046874285,0
19694,1,0.9984161853790283,1
19695,0,0.8699567914009094,1
19696,0,0.09603144228458405,0
19697,0,1.8536733477958478e-05,0
19698,0,0.017943130806088448,0
19699,0,0.011587275192141533,0
19700,0,0.031210768967866898,0
19701,0,0.003631959203630686,0
19702,0,2.0549454499141362e-11,0
19703,1,0.8992974758148193,1
19704,1,0.951403796672821,1
19705,0,0.010930164717137814,0
19706,1,0.998878538608551,1
19707,1,0.6942892074584961,1
19708,0,0.0027385251596570015,0
19709,1,0.8627079725265503,1
19710,0,0.007447448559105396,0
19711,1,0.9972522854804993,1
19712,1,0.9807839393615723,1
19713,1,0.9995782971382141,1
19714,0,0.0034950035624206066,0
19715,1,0.5076872706413269,1
19716,0,0.0006592271965928376,0
19717,0,0.009625121019780636,0
19718,1,0.9976462721824646,1
19719,0,0.0018412056379020214,0
19720,0,0.04750017076730728,0
19721,1,0.8623368740081787,1
19722,0,0.1368531584739685,0
19723,0,0.003943443298339844,0
19724,1,0.9861499667167664,1
19725,1,0.9977807402610779,1
19726,0,0.016105201095342636,0
19727,0,0.00033131492091342807,0
19728,0,8.37396271435864e-07,0
19729,1,0.987722635269165,1
19730,0,0.034342121332883835,0
19731,1,0.09206709265708923,0
19732,0,0.39928099513053894,0
19733,0,0.0134007902815938,0
19734,1,0.3153304159641266,0
19735,0,0.05168389528989792,0
19736,0,6.867073534522206e-05,0
19737,1,0.9994420409202576,1
19738,0,0.2798672616481781,0
19739,0,0.014308163896203041,0
19740,0,0.0008863291586749256,0
19741,1,0.9979016780853271,1
19742,0,0.00839194841682911,0
19743,0,0.043866340070962906,0
19744,0,0.5511078238487244,1
19745,0,0.020244866609573364,0
19746,0,0.036744218319654465,0
19747,1,0.33385348320007324,0
19748,0,0.0035901928786188364,0
19749,1,0.995608389377594,1
19750,0,0.09163444489240646,0
19751,1,0.9987460374832153,1
19752,1,0.9917247295379639,1
19753,0,0.007457311265170574,0
19754,1,0.8991864919662476,1
19755,0,0.0033303131349384785,0
19756,1,0.0015778631204739213,0
19757,0,0.16414502263069153,0
19758,0,1.685833922238089e-05,0
19759,1,0.9538110494613647,1
19760,1,0.9968024492263794,1
19761,1,0.9892158508300781,1
19762,1,0.9631105065345764,1
19763,1,0.8991580009460449,1
19764,1,0.9362627267837524,1
19765,1,0.9338570237159729,1
19766,0,0.197056382894516,0
19767,0,0.1261800229549408,0
19768,1,0.9983162879943848,1
19769,0,0.00910965446382761,0
19770,0,0.052171994000673294,0
19771,0,0.1933470070362091,0
19772,0,0.19526472687721252,0
19773,1,0.9999743700027466,1
19774,0,0.17361494898796082,0
19775,0,0.0037752969656139612,0
19776,0,0.14704030752182007,0
19777,0,3.6153618566459045e-05,0
19778,0,0.00873564649373293,0
19779,1,0.7479758262634277,1
19780,0,0.03162437304854393,0
19781,1,0.7105588912963867,1
19782,1,0.9999765157699585,1
19783,1,0.9852820038795471,1
19784,0,0.02362162061035633,0
19785,0,0.001278746989555657,0
19786,1,0.2440474033355713,0
19787,0,0.0005443792906589806,0
19788,1,0.7403141260147095,1
19789,1,0.9414368271827698,1
19790,0,0.15553458034992218,0
19791,0,0.26817551255226135,0
19792,1,0.9118581414222717,1
19793,0,0.0053681437857449055,0
19794,0,0.006359396036714315,0
19795,0,0.012066061608493328,0
19796,0,0.09716534614562988,0
19797,0,0.15121084451675415,0
19798,0,0.16504593193531036,0
19799,0,0.5256136655807495,1
19800,1,0.8768185377120972,1
19801,1,0.981603741645813,1
19802,1,0.7819434404373169,1
19803,1,0.5452712774276733,1
19804,1,0.9513919353485107,1
19805,0,0.6959717869758606,1
19806,1,0.8575501441955566,1
19807,0,0.09839408099651337,0
19808,0,0.11994431912899017,0
19809,0,0.0005920877447351813,0
19810,1,0.9919350147247314,1
19811,1,0.9873982667922974,1
19812,1,0.8206667304039001,1
19813,1,0.9971923232078552,1
19814,1,0.46750688552856445,0
19815,1,0.9865565896034241,1
19816,0,0.16673772037029266,0
19817,0,0.01745631732046604,0
19818,0,0.0010969124268740416,0
19819,0,0.01667175441980362,0
19820,0,0.030711380764842033,0
19821,0,0.188616082072258,0
19822,1,0.9924758076667786,1
19823,1,0.8040274381637573,1
19824,1,0.8384543061256409,1
19825,1,0.9340800642967224,1
19826,1,0.9992375373840332,1
19827,1,0.3550889194011688,0
19828,0,0.0018716984195634723,0
19829,1,0.6610888838768005,1
19830,1,0.9999918937683105,1
19831,1,0.711441159248352,1
19832,0,0.0016803743783384562,0
19833,1,0.15630286931991577,0
19834,1,0.9933562874794006,1
19835,1,0.5080386996269226,1
19836,1,0.9999747276306152,1
19837,1,0.99891197681427,1
19838,1,0.9999982118606567,1
19839,0,0.0217555183917284,0
19840,1,0.9999865293502808,1
19841,1,0.9577245712280273,1
19842,1,0.9941263198852539,1
19843,1,0.9621087312698364,1
19844,0,0.0003198097401764244,0
19845,0,0.009084032848477364,0
19846,0,0.04918721318244934,0
19847,0,0.29631322622299194,0
19848,0,0.013115468434989452,0
19849,0,0.004764800425618887,0
19850,0,0.0017750764964148402,0
19851,0,0.0010086707770824432,0
19852,0,0.00095812336076051,0
19853,0,0.0074071320705115795,0
19854,1,0.9999833106994629,1
19855,0,0.020500333979725838,0
19856,1,0.9999350309371948,1
19857,1,0.9928271174430847,1
19858,1,0.994666337966919,1
19859,1,0.9960559606552124,1
19860,0,0.010543741285800934,0
19861,0,0.02636941522359848,0
19862,0,0.007378977723419666,0
19863,0,0.007579958997666836,0
19864,1,0.9813706278800964,1
19865,0,2.4176530132535845e-05,0
19866,1,0.9733126759529114,1
19867,0,0.017415553331375122,0
19868,0,0.010743449442088604,0
19869,0,0.0843738242983818,0
19870,0,0.20793721079826355,0
19871,1,0.9995976090431213,1
19872,0,0.0006203303928487003,0
19873,1,0.7222753167152405,1
19874,0,0.06856207549571991,0
19875,1,0.9698185920715332,1
19876,0,0.0433136522769928,0
19877,0,0.14708004891872406,0
19878,0,0.005347783677279949,0
19879,0,0.007766530849039555,0
19880,0,0.9002886414527893,1
19881,0,0.002823748392984271,0
19882,0,0.027640599757432938,0
19883,0,0.190139040350914,0
19884,0,0.009353543631732464,0
19885,1,0.9428460597991943,1
19886,0,0.1586374044418335,0
19887,1,0.6109088659286499,1
19888,0,0.042070940136909485,0
19889,0,0.04283088445663452,0
19890,0,0.06894094496965408,0
19891,1,0.9997757077217102,1
19892,0,0.001551938010379672,0
19893,0,0.010262957774102688,0
19894,1,0.9315069913864136,1
19895,1,0.9228686094284058,1
19896,1,0.9996480941772461,1
19897,1,0.9183381795883179,1
19898,0,0.0006305131828412414,0
19899,1,0.9935289025306702,1
19900,0,0.273664265871048,0
19901,1,0.999997615814209,1
19902,1,0.9993035793304443,1
19903,0,0.037534527480602264,0
19904,0,0.19212839007377625,0
19905,1,0.8812658190727234,1
19906,0,0.0001417465682607144,0
19907,0,0.8788824081420898,1
19908,1,0.9991951584815979,1
19909,1,0.8110265135765076,1
19910,1,0.8955559134483337,1
19911,0,0.02600209228694439,0
19912,1,0.9789367914199829,1
19913,1,0.930889904499054,1
19914,0,0.16617652773857117,0
19915,1,0.9999676942825317,1
19916,0,0.2549969553947449,0
19917,1,0.9590050578117371,1
19918,1,0.9999963045120239,1
19919,1,0.5775551795959473,1
19920,1,0.9991463422775269,1
19921,1,0.9979400038719177,1
19922,1,0.5961277484893799,1
19923,0,0.02093556895852089,0
19924,0,0.9990659356117249,1
19925,0,0.02611539140343666,0
19926,0,0.0042608315125107765,0
19927,0,0.0033553726971149445,0
19928,0,0.2584460973739624,0
19929,0,0.03594638779759407,0
19930,0,0.016103116795420647,0
19931,0,0.0010863158386200666,0
19932,1,0.9975413084030151,1
19933,1,0.999776303768158,1
19934,0,0.6481959223747253,1
19935,0,0.0449378527700901,0
19936,0,0.06748742610216141,0
19937,1,0.9948126077651978,1
19938,0,0.4481266438961029,0
19939,0,0.06939858943223953,0
19940,0,0.2404530942440033,0
19941,1,0.9975067973136902,1
19942,0,0.0015578059246763587,0
19943,0,0.005708142649382353,0
19944,0,0.17148131132125854,0
19945,1,0.875594973564148,1
19946,0,0.003421033965423703,0
19947,0,0.013266138732433319,0
19948,0,0.005197014659643173,0
19949,1,0.9583954215049744,1
19950,0,0.0009190451819449663,0
19951,0,0.015782412141561508,0
19952,0,0.13979150354862213,0
19953,0,0.011486233212053776,0
19954,1,1.0,1
19955,1,0.89470374584198,1
19956,0,0.807668149471283,1
19957,0,0.033661969006061554,0
19958,1,0.9859256148338318,1
19959,1,0.9903632998466492,1
19960,1,0.0003751429030671716,0
19961,0,0.021410807967185974,0
19962,1,0.9336885213851929,1
19963,1,0.999951958656311,1
19964,0,0.021579386666417122,0
19965,0,0.12442631274461746,0
19966,1,0.9999301433563232,1
19967,0,0.007287887390702963,0
19968,0,0.5673062801361084,1
19969,1,0.9900360107421875,1
19970,1,0.5105800032615662,1
19971,1,0.07035379111766815,0
19972,0,0.35721734166145325,0
19973,1,0.998134195804596,1
19974,0,0.04396674782037735,0
19975,0,0.001868712017312646,0
19976,0,0.0002533205260988325,0
19977,1,0.9999468326568604,1
19978,1,0.8455336093902588,1
19979,0,0.12917107343673706,0
19980,1,0.9943180680274963,1
19981,0,0.24149908125400543,0
19982,1,0.31363773345947266,0
19983,1,0.9998828172683716,1
19984,0,0.017475906759500504,0
19985,0,0.017564669251441956,0
19986,1,0.6273233294487,1
19987,1,0.7879995107650757,1
19988,0,0.0035903924144804478,0
19989,1,0.9943591952323914,1
19990,1,0.996185839176178,1
19991,1,0.9953775405883789,1
19992,1,0.9205387234687805,1
19993,1,0.9997475743293762,1
19994,1,0.34022971987724304,0
19995,0,0.00801790039986372,0
19996,1,0.8698980808258057,1
19997,1,0.9851475358009338,1
19998,0,0.06495841592550278,0
19999,0,0.03433217480778694,0
