test_index,label,probability_positive,prediction
0,1,0.9999037981033325,1
1,1,0.9997947812080383,1
2,1,0.4669692814350128,0
3,0,2.1314623154466972e-05,0
4,1,0.9934658408164978,1
5,1,0.999902606010437,1
6,0,0.001394332037307322,0
7,1,0.9920309782028198,1
8,1,0.9999418258666992,1
9,1,0.9986227750778198,1
10,1,0.6321151256561279,1
11,1,0.9999138116836548,1
12,1,0.9967879056930542,1
13,1,0.1205119863152504,0
14,0,0.48515504598617554,0
15,1,0.991278350353241,1
16,1,0.9867849946022034,1
17,0,0.0002521080896258354,0
18,1,0.9986591339111328,1
19,1,0.52458256483078,1
20,1,0.875505805015564,1
21,1,0.9991287589073181,1
22,1,0.44906482100486755,0
23,1,0.997998058795929,1
24,1,0.9999825954437256,1
25,0,0.01186949573457241,0
26,1,0.9930616021156311,1
27,0,0.00033780012745410204,0
28,1,0.9998477697372437,1
29,1,0.9998899698257446,1
30,0,1.66128775163088e-05,0
31,1,0.9986082911491394,1
32,1,0.901316225528717,1
33,0,0.05562547221779823,0
34,0,0.006407972890883684,0
35,0,0.003963378723710775,0
36,0,0.0001870088599389419,0
37,0,0.0005961034912616014,0
38,0,0.03774045780301094,0
39,0,0.02480332925915718,0
40,1,0.999804675579071,1
41,0,0.0003354241489432752,0
42,1,0.9993694424629211,1
43,0,0.001710935146547854,0
44,0,0.002271396806463599,0
45,0,0.0007528322166763246,0
46,0,0.005423266440629959,0
47,1,0.9920302629470825,1
48,1,0.9999035596847534,1
49,0,0.010584826581180096,0
50,0,0.00146042974665761,0
51,1,0.9999936819076538,1
52,0,4.799350062967278e-05,0
53,1,0.9998989105224609,1
54,0,0.01236914936453104,0
55,0,0.014579564332962036,0
56,1,0.9202867746353149,1
57,0,0.003207248169928789,0
58,0,0.0010376988211646676,0
59,1,0.9994729161262512,1
60,1,0.9995098114013672,1
61,0,0.7321116924285889,1
62,1,0.8570250272750854,1
63,1,0.9999452829360962,1
64,0,2.7852111088577658e-05,0
65,1,0.999723494052887,1
66,0,0.009718874469399452,0
67,1,0.9991233944892883,1
68,1,0.9999178647994995,1
69,1,0.9192606210708618,1
70,0,0.0280726607888937,0
71,0,0.8945563435554504,1
72,0,0.04070230573415756,0
73,1,0.9995916485786438,1
74,0,0.00014857572386972606,0
75,0,0.0026478006038814783,0
76,0,0.002490521175786853,0
77,0,0.0006712221656925976,0
78,0,0.8321911096572876,1
79,0,0.0002707023231778294,0
80,1,0.9237955808639526,1
81,1,0.9995476603507996,1
82,1,0.9999665021896362,1
83,0,0.0024160416796803474,0
84,1,0.9964163303375244,1
85,0,0.005581288132816553,0
86,0,0.0027351451572030783,0
87,0,0.12757140398025513,0
88,0,0.6424213647842407,1
89,0,0.00028236687649041414,0
90,0,0.014743326231837273,0
91,0,0.0028846582863479853,0
92,0,0.004238490480929613,0
93,1,0.9812885522842407,1
94,0,0.9437904953956604,1
95,0,0.000947246269788593,0
96,1,0.9997592568397522,1
97,0,0.12850700318813324,0
98,0,0.02232784777879715,0
99,1,0.9998927116394043,1
100,0,0.0789618045091629,0
101,0,0.01532795187085867,0
102,1,0.9991798996925354,1
103,0,0.3918694257736206,0
104,0,0.0006883649621158838,0
105,1,0.9999717473983765,1
106,1,0.999729335308075,1
107,0,0.0033769654110074043,0
108,1,0.5512952208518982,1
109,1,0.9894821643829346,1
110,1,0.9987525939941406,1
111,1,0.9993898868560791,1
112,1,0.9894938468933105,1
113,0,0.04556037113070488,0
114,1,0.9985861778259277,1
115,0,0.00010528650454944,0
116,1,0.9968731999397278,1
117,0,0.011631349101662636,0
118,1,0.999454915523529,1
119,0,0.0647510513663292,0
120,1,0.9904235005378723,1
121,0,0.0029357976745814085,0
122,1,0.9994927644729614,1
123,1,0.6016594171524048,1
124,0,0.01237399596720934,0
125,0,0.000287243805360049,0
126,1,0.772830605506897,1
127,0,6.615041638724506e-05,0
128,1,0.9999779462814331,1
129,0,0.00020111822232138366,0
130,0,0.7744593620300293,1
131,0,0.002418961375951767,0
132,0,0.0026236772537231445,0
133,1,0.9588684439659119,1
134,0,0.0010908335680142045,0
135,0,0.0005559237906709313,0
136,0,0.0008495106012560427,0
137,0,0.001007887884043157,0
138,1,0.24640992283821106,0
139,0,0.0012071121018379927,0
140,1,0.9992517828941345,1
141,1,0.9998700618743896,1
142,1,0.9589501023292542,1
143,1,0.9999730587005615,1
144,1,0.9997307658195496,1
145,1,0.988277018070221,1
146,1,0.9988896250724792,1
147,1,0.9770435690879822,1
148,0,0.13907676935195923,0
149,1,0.99997878074646,1
150,1,0.9995630383491516,1
151,0,0.7650905847549438,1
152,0,0.28914523124694824,0
153,1,0.9951757192611694,1
154,0,0.5100015997886658,1
155,1,0.9999555349349976,1
156,0,0.0016299410490319133,0
157,0,0.002210701582953334,0
158,1,0.9990091323852539,1
159,1,0.8473265171051025,1
160,1,0.9993792772293091,1
161,0,0.01812461018562317,0
162,0,0.0017801971407607198,0
163,0,0.000642927538137883,0
164,0,0.12160834670066833,0
165,0,0.02513687126338482,0
166,0,0.00021569467207882553,0
167,0,0.001202980987727642,0
168,1,0.9985272884368896,1
169,1,0.9611709713935852,1
170,1,0.9994207620620728,1
171,1,0.9974851608276367,1
172,1,0.9992151260375977,1
173,1,0.9970220923423767,1
174,1,0.9921513795852661,1
175,0,0.0021958358120173216,0
176,0,0.007711944170296192,0
177,0,0.0009946703212335706,0
178,0,0.007644257508218288,0
179,1,0.9909590482711792,1
180,0,0.003423619782552123,0
181,1,0.9995864033699036,1
182,0,0.0004071418952662498,0
183,1,0.995610773563385,1
184,1,0.9999639987945557,1
185,0,0.0024450598284602165,0
186,0,7.66069206292741e-05,0
187,0,0.0003244983381591737,0
188,1,0.9989615678787231,1
189,0,0.01975170150399208,0
190,0,0.00957479327917099,0
191,1,0.9418009519577026,1
192,1,0.9780027270317078,1
193,0,0.0030215999577194452,0
194,0,0.00018058071145787835,0
195,1,0.9981927275657654,1
196,1,0.9987350106239319,1
197,0,0.040865782648324966,0
198,1,0.9996838569641113,1
199,0,0.029180966317653656,0
200,0,0.9621335864067078,1
201,0,0.022204603999853134,0
202,1,0.9999269247055054,1
203,1,0.9996521472930908,1
204,1,0.9998897314071655,1
205,0,0.058989088982343674,0
206,0,2.567822957644239e-05,0
207,0,0.9861543774604797,1
208,1,0.9892742037773132,1
209,0,0.27253615856170654,0
210,0,0.00661225663498044,0
211,0,0.00021054352691862732,0
212,0,0.05878373235464096,0
213,1,0.843672513961792,1
214,0,0.5070207118988037,1
215,1,0.994839608669281,1
216,1,0.9983637928962708,1
217,1,0.9617168307304382,1
218,0,0.05844657123088837,0
219,1,0.9820399880409241,1
220,0,0.0003326736914459616,0
221,0,0.0024832391645759344,0
222,0,0.20661181211471558,0
223,1,0.9987003803253174,1
224,1,0.9092069864273071,1
225,0,0.00033464047010056674,0
226,1,0.9196237325668335,1
227,0,6.621946522500366e-05,0
228,1,0.9869703054428101,1
229,0,0.01300542987883091,0
230,1,0.999915361404419,1
231,1,0.9905829429626465,1
232,1,0.9997432827949524,1
233,0,0.0672907754778862,0
234,0,0.0006225223187357187,0
235,1,0.9997937083244324,1
236,0,0.0006895905826240778,0
237,1,0.9995390176773071,1
238,0,0.00011097809328930452,0
239,1,0.9807040691375732,1
240,1,0.9998964071273804,1
241,0,0.0006459197611548007,0
242,1,0.9962198138237,1
243,0,0.23138368129730225,0
244,0,0.0002428306033834815,0
245,1,0.147841215133667,0
246,1,0.9997524619102478,1
247,0,0.0007478012703359127,0
248,0,0.012560086324810982,0
249,0,0.004226860590279102,0
250,0,0.0002927260647993535,0
251,1,0.9936785101890564,1
252,0,0.34597811102867126,0
253,0,0.5831300020217896,1
254,0,0.2992278039455414,0
255,0,0.7897641658782959,1
256,1,0.9993329644203186,1
257,1,0.9986945986747742,1
258,0,0.00012961513129994273,0
259,0,0.06992778927087784,0
260,1,0.9976807832717896,1
261,0,0.0033408168237656355,0
262,0,0.04913856461644173,0
263,1,0.9993396401405334,1
264,0,6.850682984804735e-05,0
265,1,0.9646815061569214,1
266,1,0.14161977171897888,0
267,0,0.000751793384552002,0
268,1,0.9995869994163513,1
269,1,0.9784098267555237,1
270,0,0.08027416467666626,0
271,0,0.00029849668499082327,0
272,1,0.8408519625663757,1
273,0,0.0006039922591298819,0
274,0,0.2950894832611084,0
275,1,0.8990091681480408,1
276,1,0.9997404217720032,1
277,0,0.007623994257301092,0
278,1,0.4106961190700531,0
279,0,0.013268984854221344,0
280,0,0.000613647629506886,0
281,1,0.9991704225540161,1
282,0,0.020489521324634552,0
283,0,5.891448745387606e-05,0
284,0,0.1034783348441124,0
285,0,0.000939051853492856,0
286,0,0.003319135867059231,0
287,0,0.0003810322959907353,0
288,1,0.9975816011428833,1
289,1,0.997113823890686,1
290,1,0.999535322189331,1
291,0,1.3274448974698316e-05,0
292,0,0.006679249461740255,0
293,1,0.999271810054779,1
294,0,0.0009576337179169059,0
295,1,0.9997062087059021,1
296,0,0.002189702121540904,0
297,1,0.9998370409011841,1
298,1,0.9956113696098328,1
299,1,0.9999686479568481,1
300,0,0.00529964454472065,0
301,1,0.999822199344635,1
302,1,0.9583841562271118,1
303,0,0.0015883438754826784,0
304,1,0.9988139867782593,1
305,0,0.010784033685922623,0
306,0,0.26436948776245117,0
307,0,0.00044040405191481113,0
308,1,0.9999942779541016,1
309,1,0.9997265934944153,1
310,1,0.9994761347770691,1
311,1,0.9984880685806274,1
312,1,0.9998836517333984,1
313,1,0.9997896552085876,1
314,1,0.9959784746170044,1
315,1,0.9581831693649292,1
316,0,0.028493748977780342,0
317,0,0.011914892122149467,0
318,0,0.06810405105352402,0
319,1,0.48550960421562195,0
320,1,0.9016280174255371,1
321,0,0.05555443838238716,0
322,1,0.9982989430427551,1
323,0,0.15967527031898499,0
324,0,0.05166207253932953,0
325,0,0.02013631910085678,0
326,0,0.0002805895055644214,0
327,1,0.9999094009399414,1
328,1,0.9998551607131958,1
329,0,0.008747067302465439,0
330,0,0.0051486860029399395,0
331,1,0.999832272529602,1
332,1,0.9776500463485718,1
333,0,0.01228871289640665,0
334,1,0.9998363256454468,1
335,1,0.6716210842132568,1
336,1,0.9996875524520874,1
337,0,0.01468187477439642,0
338,1,0.9523500800132751,1
339,0,0.004975870251655579,0
340,0,0.14236988127231598,0
341,1,0.10874722898006439,0
342,0,0.0014577819965779781,0
343,1,0.8462810516357422,1
344,0,0.2194117307662964,0
345,1,0.9886892437934875,1
346,0,0.0004187333688605577,0
347,0,0.00199325499124825,0
348,0,0.0038215292152017355,0
349,0,0.00037485870416276157,0
350,0,0.0016894233413040638,0
351,0,0.0003874307149089873,0
352,0,0.012883144430816174,0
353,0,0.0077691650949418545,0
354,0,0.00033356391941197217,0
355,0,0.008512988686561584,0
356,0,0.0015282566891983151,0
357,1,0.9989494681358337,1
358,0,0.0003862362646032125,0
359,1,0.9902737736701965,1
360,1,0.7379468679428101,1
361,1,0.9998083710670471,1
362,1,0.9999730587005615,1
363,0,0.010939153842628002,0
364,0,0.0245538130402565,0
365,1,0.9999465942382812,1
366,0,0.00015177417662926018,0
367,1,0.996510922908783,1
368,0,0.0001312784297624603,0
369,0,0.04086415842175484,0
370,0,0.0005506963934749365,0
371,0,0.0001840809709392488,0
372,0,0.0014395439065992832,0
373,1,0.9955747127532959,1
374,0,0.011870871298015118,0
375,0,0.003945082891732454,0
376,1,0.9997197985649109,1
377,0,0.000340678496286273,0
378,1,0.8981249332427979,1
379,0,0.005774945951998234,0
380,1,0.9999405145645142,1
381,0,0.001968744210898876,0
382,0,0.00019265961600467563,0
383,0,0.2786276340484619,0
384,1,0.9991913437843323,1
385,0,0.0003564337093848735,0
386,1,0.9998606443405151,1
387,1,0.9995265007019043,1
388,0,0.0029155269730836153,0
389,1,0.9341781735420227,1
390,1,0.9986220598220825,1
391,0,0.005337665788829327,0
392,1,0.9987342953681946,1
393,1,0.9999440908432007,1
394,0,0.5383478403091431,1
395,0,0.00045393084292300045,0
396,1,0.9972525238990784,1
397,0,0.3120221197605133,0
398,1,0.9968758821487427,1
399,1,0.8754145503044128,1
400,0,0.2036357820034027,0
401,0,1.6180974853341468e-05,0
402,1,0.9997130036354065,1
403,0,0.9414855241775513,1
404,1,0.9772048592567444,1
405,0,0.0027872382197529078,0
406,1,0.9944862723350525,1
407,1,0.9979307651519775,1
408,1,0.9625030755996704,1
409,1,0.977084219455719,1
410,1,0.25748100876808167,0
411,0,0.000190632781595923,0
412,1,0.9997928738594055,1
413,0,0.0021587321534752846,0
414,0,0.01210363395512104,0
415,1,0.9992390871047974,1
416,0,0.007278908975422382,0
417,0,0.00013225871953181922,0
418,0,0.00474464800208807,0
419,1,0.9995585083961487,1
420,0,0.11895802617073059,0
421,1,0.015758365392684937,0
422,1,0.9998990297317505,1
423,1,0.9506125450134277,1
424,1,0.9998832941055298,1
425,1,0.059499453753232956,0
426,0,0.00025397399440407753,0
427,1,0.992149829864502,1
428,0,3.663737152237445e-05,0
429,1,0.970095157623291,1
430,1,0.5436151623725891,1
431,0,3.602813012548722e-05,0
432,0,0.000274535792414099,0
433,0,0.19474852085113525,0
434,1,0.8780617117881775,1
435,0,0.06679724901914597,0
436,0,0.005516853183507919,0
437,0,0.0003250066947657615,0
438,1,0.992673933506012,1
439,0,0.0015253802994266152,0
440,1,0.9992353916168213,1
441,0,0.002470537554472685,0
442,1,0.9758927226066589,1
443,1,0.9750463962554932,1
444,0,0.00023614845122210681,0
445,1,0.9999200105667114,1
446,0,0.003909890074282885,0
447,0,0.7559049129486084,1
448,0,0.00014133464719634503,0
449,1,0.9924852252006531,1
450,1,0.998960018157959,1
451,0,0.09660764783620834,0
452,0,0.0008967684116214514,0
453,0,0.00019310155767016113,0
454,0,0.6791617274284363,1
455,1,0.8226886987686157,1
456,1,0.9989343285560608,1
457,1,0.9733813405036926,1
458,0,0.0011735986918210983,0
459,0,0.0031071749981492758,0
460,0,0.0066968402825295925,0
461,0,0.00023042122484184802,0
462,0,0.7791972756385803,1
463,0,0.002811666112393141,0
464,0,0.0005353908054530621,0
465,1,0.9995228052139282,1
466,1,0.99949049949646,1
467,0,0.10195978730916977,0
468,1,0.9948267340660095,1
469,1,0.9982120990753174,1
470,1,0.9953343272209167,1
471,1,0.9991760849952698,1
472,1,0.8422850370407104,1
473,1,0.9980031847953796,1
474,0,0.13169018924236298,0
475,0,0.00012811821943614632,0
476,1,0.9998164772987366,1
477,1,0.9993245601654053,1
478,1,0.9997000694274902,1
479,0,0.009312369860708714,0
480,1,0.9999449253082275,1
481,0,0.0026075865607708693,0
482,1,0.9991862177848816,1
483,0,0.028038548305630684,0
484,1,0.9300257563591003,1
485,0,0.007647604215890169,0
486,1,0.9996205568313599,1
487,0,0.07706193625926971,0
488,1,0.9994229078292847,1
489,1,0.9995912909507751,1
490,1,0.9944291114807129,1
491,1,0.9982929825782776,1
492,1,0.7026153206825256,1
493,1,0.9995056390762329,1
494,1,0.08588119596242905,0
495,1,0.9996292591094971,1
496,1,0.9941561222076416,1
497,1,0.3863135278224945,0
498,0,0.003507722867652774,0
499,1,0.9999552965164185,1
500,1,0.7580766677856445,1
501,1,0.9852220416069031,1
502,1,0.9974499344825745,1
503,1,0.9937688708305359,1
504,0,0.005940497852861881,0
505,0,0.0025769511703401804,0
506,1,0.888887882232666,1
507,0,0.007299356162548065,0
508,0,0.0003120542096439749,0
509,1,0.9944049119949341,1
510,1,0.9822447896003723,1
511,1,0.9748823046684265,1
512,0,0.0005344841629266739,0
513,1,0.9966232776641846,1
514,0,0.0025509221013635397,0
515,1,0.08604858815670013,0
516,0,0.002149175154045224,0
517,0,0.000618751801084727,0
518,0,0.00013746654440183192,0
519,1,0.9998063445091248,1
520,0,0.024023504927754402,0
521,0,0.002283623442053795,0
522,0,0.0011439267545938492,0
523,1,0.9985736608505249,1
524,1,0.5090715885162354,1
525,1,0.9998766183853149,1
526,0,0.02481001242995262,0
527,0,0.10641925036907196,0
528,1,0.9999741315841675,1
529,0,0.00016804758342914283,0
530,1,0.978659451007843,1
531,0,0.00042142177699133754,0
532,1,0.9998868703842163,1
533,0,0.0011596522526815534,0
534,0,0.9922741055488586,1
535,0,0.0001444558729417622,0
536,1,0.9997962117195129,1
537,1,0.999744713306427,1
538,1,0.9527020454406738,1
539,0,0.0003571920969989151,0
540,1,0.998928964138031,1
541,0,8.212276588892564e-05,0
542,0,0.0540735125541687,0
543,1,0.9963165521621704,1
544,1,0.9693663120269775,1
545,0,0.01343554724007845,0
546,0,0.011915229260921478,0
547,1,0.9998114705085754,1
548,1,0.9970397353172302,1
549,1,0.9994390606880188,1
550,0,0.00020772300194948912,0
551,0,0.0035370204132050276,0
552,0,0.13035111129283905,0
553,1,0.9979521632194519,1
554,1,0.9912002682685852,1
555,0,0.00035087368451058865,0
556,1,0.9206041693687439,1
557,0,0.7471252083778381,1
558,1,0.9894647598266602,1
559,0,0.45319047570228577,0
560,1,0.9984569549560547,1
561,1,0.9997466206550598,1
562,0,0.0003973328275606036,0
563,1,0.9997612833976746,1
564,0,0.002784599782899022,0
565,1,0.997365415096283,1
566,0,0.05764549970626831,0
567,0,0.00286543439142406,0
568,0,0.010983310639858246,0
569,0,0.22737175226211548,0
570,0,2.2154152247821912e-05,0
571,0,8.428456931142136e-05,0
572,0,0.0021685182582587004,0
573,0,0.0013210601173341274,0
574,1,0.9986951947212219,1
575,0,0.2963811457157135,0
576,1,0.9974045157432556,1
577,1,0.9995785355567932,1
578,0,0.00238899071700871,0
579,1,0.9994509816169739,1
580,0,0.3509340286254883,0
581,0,0.0012559981551021338,0
582,0,0.010162781924009323,0
583,1,0.9961745738983154,1
584,1,0.9976601600646973,1
585,1,0.9895188212394714,1
586,1,0.9955340623855591,1
587,0,0.03853735700249672,0
588,0,0.19505581259727478,0
589,0,0.0008016214123927057,0
590,1,0.9912428855895996,1
591,1,0.1804928183555603,0
592,0,0.0050763338804244995,0
593,0,0.001000762335024774,0
594,1,0.999915361404419,1
595,1,0.9813655614852905,1
596,1,0.9998916387557983,1
597,0,0.0002992632216773927,0
598,1,0.9683771729469299,1
599,1,0.9999089241027832,1
600,0,0.007671575527638197,0
601,1,0.982653796672821,1
602,0,0.0010620958637446165,0
603,0,0.00019415371934883296,0
604,1,0.9998822212219238,1
605,1,0.9999352693557739,1
606,0,0.0004256374086253345,0
607,1,0.9997534155845642,1
608,1,0.999956488609314,1
609,1,0.9993534684181213,1
610,0,0.2907624840736389,0
611,1,0.9987103939056396,1
612,0,0.0022299285046756268,0
613,0,0.0029566131997853518,0
614,0,0.0024986653588712215,0
615,1,0.12219703942537308,0
616,0,0.00022071722196415067,0
617,0,0.027818379923701286,0
618,0,0.0015128008089959621,0
619,1,0.9486873149871826,1
620,1,0.9981784820556641,1
621,1,0.9980788230895996,1
622,1,0.9998764991760254,1
623,1,0.9903995394706726,1
624,1,0.9943248629570007,1
625,1,0.9998754262924194,1
626,1,0.9998297691345215,1
627,0,0.005416280124336481,0
628,1,0.9689225554466248,1
629,1,0.9956852197647095,1
630,1,0.9939563870429993,1
631,0,0.3169960081577301,0
632,0,0.06399727612733841,0
633,0,0.00404058862477541,0
634,1,0.990270733833313,1
635,0,0.0005498409736901522,0
636,0,0.8607821464538574,1
637,1,0.9965314269065857,1
638,1,0.7134763598442078,1
639,0,0.0003192118019796908,0
640,1,0.9993636012077332,1
641,1,0.9149161577224731,1
642,1,0.9873325228691101,1
643,1,0.9998971223831177,1
644,1,0.9736039638519287,1
645,0,0.1939530074596405,0
646,1,0.9999698400497437,1
647,1,0.9831374883651733,1
648,0,0.020822590216994286,0
649,0,0.09001737833023071,0
650,1,0.9565897583961487,1
651,0,0.014666693285107613,0
652,1,0.9987144470214844,1
653,0,0.00027672931901179254,0
654,1,0.9989903569221497,1
655,0,0.00022882543271407485,0
656,0,0.081261046230793,0
657,0,0.039326827973127365,0
658,1,0.9999831914901733,1
659,1,0.990588903427124,1
660,0,0.0002110194182023406,0
661,1,0.9969885945320129,1
662,1,0.9992688298225403,1
663,1,0.998779833316803,1
664,0,0.00044815795263275504,0
665,0,0.05988217890262604,0
666,0,0.01859026588499546,0
667,1,0.9997902512550354,1
668,0,0.035997409373521805,0
669,1,0.9995852112770081,1
670,1,0.9998723268508911,1
671,0,0.0006602070643566549,0
672,1,0.9965362548828125,1
673,0,0.9903296232223511,1
674,1,0.9999480247497559,1
675,0,6.875592225696892e-05,0
676,1,0.9609045386314392,1
677,1,0.0072938124649226665,0
678,1,0.9972611665725708,1
679,1,0.99934321641922,1
680,1,0.9997687935829163,1
681,1,0.99434894323349,1
682,0,0.020708151161670685,0
683,0,0.005174437537789345,0
684,0,0.09930239617824554,0
685,0,0.0011224572081118822,0
686,1,0.9996505975723267,1
687,0,0.00572198536247015,0
688,1,0.9958003163337708,1
689,0,0.0006821095012128353,0
690,1,0.9861406087875366,1
691,1,0.9978043437004089,1
692,0,6.567786476807669e-05,0
693,0,0.09528815746307373,0
694,1,0.992612361907959,1
695,0,6.564700015587732e-05,0
696,1,0.6687362194061279,1
697,0,0.09694494307041168,0
698,0,0.0014834767207503319,0
699,0,0.0009187357500195503,0
700,1,0.9442619681358337,1
701,1,0.9972227811813354,1
702,1,0.9892459511756897,1
703,1,0.995975911617279,1
704,1,0.9813790321350098,1
705,1,0.9968083500862122,1
706,0,0.016902795061469078,0
707,1,0.9989858269691467,1
708,1,0.9868316650390625,1
709,0,0.002058301819488406,0
710,1,0.9985336065292358,1
711,0,0.013507021591067314,0
712,1,0.9986431002616882,1
713,0,0.004725914914160967,0
714,0,0.6610958576202393,1
715,1,0.9999154806137085,1
716,0,0.3363182842731476,0
717,1,0.9791700839996338,1
718,1,0.9998959302902222,1
719,1,0.9977641105651855,1
720,1,0.48584672808647156,0
721,0,0.9789203405380249,1
722,1,0.999784529209137,1
723,1,0.9737875461578369,1
724,0,0.0017946475418284535,0
725,1,0.8592022657394409,1
726,0,0.0018105909693986177,0
727,1,0.7855464220046997,1
728,1,0.6455680727958679,1
729,1,0.9997043013572693,1
730,1,0.9835566282272339,1
731,0,0.0014763562940061092,0
732,0,8.688814887136687e-06,0
733,1,0.9997591376304626,1
734,1,0.9989751577377319,1
735,0,0.6536076664924622,1
736,0,0.06098512187600136,0
737,1,0.7722218632698059,1
738,0,0.003814032068476081,0
739,1,0.6644777655601501,1
740,1,0.9998741149902344,1
741,0,0.0010534076718613505,0
742,1,0.3230178952217102,0
743,1,0.9781618118286133,1
744,1,0.9968447685241699,1
745,1,0.9996325969696045,1
746,1,0.4905937612056732,0
747,1,0.05697360634803772,0
748,0,0.5747685432434082,1
749,0,0.003946926910430193,0
750,1,0.9284949898719788,1
751,0,0.023466045036911964,0
752,0,0.0034930312540382147,0
753,0,0.013445859774947166,0
754,1,0.9911770820617676,1
755,0,0.014916345477104187,0
756,0,0.05808532238006592,0
757,0,0.023551447317004204,0
758,1,0.9969135522842407,1
759,1,0.983060896396637,1
760,1,0.9992465972900391,1
761,0,0.00019872008124366403,0
762,0,0.007772504352033138,0
763,0,0.0014620249858126044,0
764,0,0.001140461303293705,0
765,0,0.0009552912670187652,0
766,1,0.9987844824790955,1
767,1,0.99979168176651,1
768,0,0.00013880319602321833,0
769,0,0.07143926620483398,0
770,0,0.0014175658579915762,0
771,0,0.005073309876024723,0
772,0,0.00339690619148314,0
773,1,0.06480354070663452,0
774,1,0.09569461643695831,0
775,0,0.9095328450202942,1
776,1,0.9996503591537476,1
777,1,0.9984143972396851,1
778,0,0.0004171942709945142,0
779,1,0.9992628693580627,1
780,0,0.031016025692224503,0
781,0,0.0031513958238065243,0
782,1,0.9996708631515503,1
783,1,0.9999327659606934,1
784,0,0.005891880951821804,0
785,1,0.9259629845619202,1
786,1,0.9871871471405029,1
787,0,0.000231746060308069,0
788,1,0.9994760155677795,1
789,0,0.0012413202784955502,0
790,1,0.9997643828392029,1
791,0,0.0001953438186319545,0
792,0,0.002087498316541314,0
793,0,0.0004455213202163577,0
794,0,0.0024522754829376936,0
795,0,0.004212206229567528,0
796,0,0.0001885029923869297,0
797,0,0.00020712650439236313,0
798,0,0.0009127059020102024,0
799,0,0.006929421331733465,0
800,0,2.00311878870707e-05,0
801,0,0.10000821202993393,0
802,1,0.9998173117637634,1
803,0,0.00035041035152971745,0
804,0,1.3320176549314056e-05,0
805,1,0.5207116603851318,1
806,0,0.07141239941120148,0
807,1,0.9998664855957031,1
808,0,0.0006586111267097294,0
809,0,0.14076626300811768,0
810,0,0.0003963567432947457,0
811,0,0.0017761834897100925,0
812,0,0.0007942905067466199,0
813,1,0.9963723421096802,1
814,0,0.010085410438477993,0
815,1,0.9999974966049194,1
816,1,0.9999421834945679,1
817,1,0.985621988773346,1
818,0,0.0077989487908780575,0
819,1,0.999974250793457,1
820,1,0.9993712306022644,1
821,0,0.0005061170668341219,0
822,0,0.019750399515032768,0
823,0,0.00905979610979557,0
824,0,0.002908992813900113,0
825,1,0.8466688394546509,1
826,1,0.9893649816513062,1
827,1,0.9929627776145935,1
828,0,0.007675170432776213,0
829,0,0.0010602353140711784,0
830,1,0.9971089959144592,1
831,1,0.9908079504966736,1
832,1,0.7586420178413391,1
833,1,0.9999693632125854,1
834,0,0.003349106991663575,0
835,1,0.9988068342208862,1
836,0,0.7896515130996704,1
837,0,0.0003479502920527011,0
838,1,0.9895574450492859,1
839,0,0.0018252887530252337,0
840,1,0.9991980195045471,1
841,0,0.9830765724182129,1
842,0,0.0004183575510978699,0
843,0,0.014802483841776848,0
844,1,0.8963232636451721,1
845,1,0.9473931193351746,1
846,0,0.006305070128291845,0
847,0,0.7110807299613953,1
848,1,0.9960107803344727,1
849,0,0.000228586868615821,0
850,0,0.00031148205744102597,0
851,1,0.9930673837661743,1
852,0,0.002430250169709325,0
853,0,0.00029203586746007204,0
854,1,0.3239375948905945,0
855,1,0.5552510023117065,1
856,0,0.000844760681502521,0
857,1,0.9997956156730652,1
858,0,0.0007088254787959158,0
859,1,0.8552619218826294,1
860,0,0.0006887317285872996,0
861,0,0.0006824664305895567,0
862,1,0.9425479769706726,1
863,0,0.10175838321447372,0
864,0,0.0001056838154909201,0
865,1,0.9987945556640625,1
866,1,0.99965500831604,1
867,0,0.008996691554784775,0
868,1,0.9988969564437866,1
869,0,0.0003069841186515987,0
870,0,0.0013680655974894762,0
871,1,0.7521255612373352,1
872,0,0.000331200601067394,0
873,0,0.01323246955871582,0
874,0,0.008487309329211712,0
875,0,0.00032166644814424217,0
876,1,0.82218337059021,1
877,1,0.999599277973175,1
878,1,0.9924173355102539,1
879,0,0.0019572069868445396,0
880,0,0.04709213599562645,0
881,0,0.0021044681780040264,0
882,0,0.0003093765990342945,0
883,1,0.9996823072433472,1
884,0,0.9315299391746521,1
885,1,0.948339581489563,1
886,1,0.9959083795547485,1
887,1,0.9996403455734253,1
888,0,0.004201657138764858,0
889,1,0.9891617298126221,1
890,1,0.9988551139831543,1
891,0,0.024138327687978745,0
892,1,0.9999427795410156,1
893,0,0.00021777435904368758,0
894,0,0.00036832006298936903,0
895,0,0.005274989642202854,0
896,0,0.5440946221351624,1
897,0,0.0007232325151562691,0
898,0,0.0016517617041245103,0
899,1,0.9999654293060303,1
900,0,0.6548975706100464,1
901,1,0.9994462132453918,1
902,1,0.9999953508377075,1
903,0,0.00021243740047793835,0
904,0,0.0006547876982949674,0
905,0,0.0037926065269857645,0
906,1,0.9998730421066284,1
907,0,0.0025578676722943783,0
908,1,0.9813516736030579,1
909,0,0.008359425701200962,0
910,0,2.9556838853750378e-05,0
911,1,0.7383996248245239,1
912,0,0.0001252018118975684,0
913,0,0.6319602131843567,1
914,1,0.03443934768438339,0
915,1,0.9866792559623718,1
916,1,0.9953710436820984,1
917,1,0.988527774810791,1
918,1,0.9998151659965515,1
919,0,0.0028752253856509924,0
920,1,0.8300551772117615,1
921,1,0.9972187280654907,1
922,0,0.0014028617879375815,0
923,1,0.9998247027397156,1
924,0,0.0006686681881546974,0
925,1,0.7425730228424072,1
926,1,0.9998911619186401,1
927,0,0.8603635430335999,1
928,1,0.9940180778503418,1
929,1,0.952494204044342,1
930,1,0.9026762247085571,1
931,0,0.0035745115019381046,0
932,1,0.9579395055770874,1
933,0,0.9864611029624939,1
934,1,0.9999558925628662,1
935,0,0.01066160574555397,0
936,1,0.9998812675476074,1
937,0,0.18434128165245056,0
938,1,0.9999127388000488,1
939,0,0.0025756913237273693,0
940,0,0.7143978476524353,1
941,0,0.26882457733154297,0
942,0,0.0016119389329105616,0
943,0,0.8726899027824402,1
944,1,0.9833411574363708,1
945,1,0.9993798732757568,1
946,0,0.0015416097594425082,0
947,1,0.9835319519042969,1
948,0,0.00028479855973273516,0
949,0,0.0023874309845268726,0
950,0,0.00022788810019847006,0
951,1,0.9957965612411499,1
952,0,0.014974934980273247,0
953,1,0.533506453037262,1
954,1,0.6049060225486755,1
955,0,0.003519228659570217,0
956,0,0.004619590472429991,0
957,0,0.020599136129021645,0
958,1,0.9996044039726257,1
959,1,0.9995569586753845,1
960,0,0.4897427558898926,0
961,1,0.9995181560516357,1
962,0,0.0006694489857181907,0
963,0,0.012912672944366932,0
964,0,0.0009850332280620933,0
965,0,3.044387631234713e-05,0
966,0,0.0008934715297073126,0
967,1,0.9999897480010986,1
968,1,0.7780511379241943,1
969,0,0.039906974881887436,0
970,1,0.9666686058044434,1
971,0,0.0007060861680656672,0
972,1,0.9981791973114014,1
973,1,0.9999542236328125,1
974,1,0.9973861575126648,1
975,1,0.9994016885757446,1
976,1,0.9998067021369934,1
977,1,0.5934303402900696,1
978,1,0.9999176263809204,1
979,0,0.0002850764722097665,0
980,1,0.9959854483604431,1
981,1,0.7251946926116943,1
982,1,0.999893069267273,1
983,1,0.27489206194877625,0
984,0,0.019588768482208252,0
985,1,0.999853253364563,1
986,1,0.9999419450759888,1
987,1,0.6282510757446289,1
988,1,0.9933745265007019,1
989,0,0.9244877696037292,1
990,1,0.9999830722808838,1
991,0,0.02068084292113781,0
992,0,0.3868769705295563,0
993,1,0.9853246808052063,1
994,1,0.9992885589599609,1
995,1,0.999913215637207,1
996,1,0.9919706583023071,1
997,1,0.8766075372695923,1
998,0,0.963982343673706,1
999,0,0.00022362585877999663,0
1000,1,0.9730244278907776,1
1001,1,0.9792790412902832,1
1002,0,0.0001532037858851254,0
1003,0,0.004068724811077118,0
1004,0,0.054208721965551376,0
1005,1,0.8806678652763367,1
1006,1,0.9920997023582458,1
1007,0,0.8294844627380371,1
1008,1,0.9994920492172241,1
1009,0,0.06299727410078049,0
1010,0,1.3271143870952073e-05,0
1011,0,0.0031812041997909546,0
1012,1,0.9890186786651611,1
1013,0,0.9167900681495667,1
1014,1,0.9994282126426697,1
1015,0,0.22218625247478485,0
1016,0,0.0014088476309552789,0
1017,1,0.9996281862258911,1
1018,0,0.06938989460468292,0
1019,1,0.7143557071685791,1
1020,0,0.01530290488153696,0
1021,0,0.021176671609282494,0
1022,0,0.009878973476588726,0
1023,0,0.019094130024313927,0
1024,1,0.999779999256134,1
1025,0,0.002514515072107315,0
1026,0,0.0046047852374613285,0
1027,1,0.9696770310401917,1
1028,1,0.992676317691803,1
1029,1,0.9993107318878174,1
1030,1,0.9999943971633911,1
1031,1,0.9651691913604736,1
1032,1,0.9128230214118958,1
1033,0,0.0004067085974384099,0
1034,1,0.9999929666519165,1
1035,1,0.973494827747345,1
1036,1,0.9750620722770691,1
1037,1,0.9978470802307129,1
1038,0,0.037641167640686035,0
1039,1,0.9740512371063232,1
1040,0,0.005030850414186716,0
1041,1,0.9999675750732422,1
1042,0,0.7631297707557678,1
1043,1,0.9920827150344849,1
1044,1,0.999855637550354,1
1045,1,0.9972031116485596,1
1046,0,0.20655332505702972,0
1047,1,0.9997802376747131,1
1048,1,0.9995017051696777,1
1049,1,0.9988743662834167,1
1050,1,0.9976590871810913,1
1051,0,0.00016351333761122078,0
1052,0,0.07483159005641937,0
1053,0,0.021205471828579903,0
1054,1,0.9960137605667114,1
1055,1,0.927925169467926,1
1056,1,0.999550998210907,1
1057,1,0.989452064037323,1
1058,1,0.9631984233856201,1
1059,0,0.01486682053655386,0
1060,0,0.00022261132835410535,0
1061,1,0.999053418636322,1
1062,1,0.9991247057914734,1
1063,0,0.0006398280384019017,0
1064,1,0.002370011294260621,0
1065,0,0.5098511576652527,1
1066,0,0.0026390962302684784,0
1067,0,0.004231123253703117,0
1068,0,5.298020914779045e-05,0
1069,1,0.9996166229248047,1
1070,1,0.8816595673561096,1
1071,1,0.5167795419692993,1
1072,1,0.9986893534660339,1
1073,0,0.00015408103354275227,0
1074,0,0.0030832423362880945,0
1075,1,0.9903634190559387,1
1076,0,0.005919281393289566,0
1077,0,0.0012871791841462255,0
1078,1,0.5685608386993408,1
1079,0,0.0006895041442476213,0
1080,1,0.9985623955726624,1
1081,1,0.28715837001800537,0
1082,0,0.0007226011366583407,0
1083,0,0.0025999844074249268,0
1084,0,0.47966259717941284,0
1085,0,0.0019594456534832716,0
1086,1,0.9988794922828674,1
1087,0,0.015335172414779663,0
1088,0,0.009105975739657879,0
1089,1,0.9979561567306519,1
1090,1,0.9859981536865234,1
1091,0,0.004489085171371698,0
1092,1,0.9977927207946777,1
1093,0,0.0018669340061023831,0
1094,0,0.8605111837387085,1
1095,1,0.9806071519851685,1
1096,0,0.0005907498998567462,0
1097,1,0.9963791966438293,1
1098,0,0.002178086433559656,0
1099,1,0.9977880716323853,1
1100,0,0.0005303925136104226,0
1101,1,0.999894380569458,1
1102,1,0.3114430010318756,0
1103,1,0.26101741194725037,0
1104,1,0.99932861328125,1
1105,0,0.3376980125904083,0
1106,1,0.9999480247497559,1
1107,1,0.999704897403717,1
1108,0,0.025270553305745125,0
1109,1,0.9941867589950562,1
1110,1,0.9980512857437134,1
1111,0,0.17726245522499084,0
1112,1,0.9881994724273682,1
1113,1,0.9998019337654114,1
1114,0,0.0019922831561416388,0
1115,0,0.00015557774167973548,0
1116,0,0.013547497801482677,0
1117,0,0.010394684039056301,0
1118,0,0.15452870726585388,0
1119,0,0.4722929298877716,0
1120,0,0.000244663271587342,0
1121,0,0.00020166531612630934,0
1122,1,0.9888091683387756,1
1123,1,0.8576024174690247,1
1124,1,0.6962351202964783,1
1125,0,0.0008417117642238736,0
1126,1,0.9717786312103271,1
1127,0,0.9150524735450745,1
1128,1,0.9997898936271667,1
1129,0,0.000206356548005715,0
1130,1,0.9970577955245972,1
1131,0,0.03681427985429764,0
1132,1,0.9999548196792603,1
1133,1,0.9640932083129883,1
1134,0,0.47202587127685547,0
1135,0,0.013495996594429016,0
1136,0,0.00019780626462306827,0
1137,0,0.00038876611506566405,0
1138,0,0.00039878630195744336,0
1139,0,0.0001451593852834776,0
1140,0,0.00011343106598360464,0
1141,0,0.2680231034755707,0
1142,1,0.9906778335571289,1
1143,0,0.00040325947338715196,0
1144,1,0.992546021938324,1
1145,1,0.9852024912834167,1
1146,0,0.05230625718832016,0
1147,1,0.9933401942253113,1
1148,0,0.09289463609457016,0
1149,0,0.7064903378486633,1
1150,0,0.008346273563802242,0
1151,0,0.003339062910526991,0
1152,1,0.9844808578491211,1
1153,1,0.9938299059867859,1
1154,0,0.009709746576845646,0
1155,0,0.00811233650892973,0
1156,1,0.9938403367996216,1
1157,0,0.00029387811082415283,0
1158,1,0.9998444318771362,1
1159,0,0.029230717569589615,0
1160,1,0.9442132711410522,1
1161,0,0.000419119925936684,0
1162,0,0.028872938826680183,0
1163,1,0.9940314888954163,1
1164,1,0.8888235092163086,1
1165,0,0.4728381335735321,0
1166,1,0.9994074106216431,1
1167,0,0.00019494487787596881,0
1168,0,0.00044210636406205595,0
1169,0,0.009056714363396168,0
1170,1,0.4853011965751648,0
1171,1,0.97864830493927,1
1172,1,0.9998016953468323,1
1173,0,0.05575680732727051,0
1174,0,0.001287862192839384,0
1175,1,0.9997230172157288,1
1176,1,0.9999295473098755,1
1177,1,0.9791863560676575,1
1178,1,0.999790370464325,1
1179,1,0.9848735332489014,1
1180,0,0.0030202327761799097,0
1181,0,0.02077413536608219,0
1182,0,0.0002695922157727182,0
1183,0,0.0004405825166031718,0
1184,0,0.0883251428604126,0
1185,0,0.06763476878404617,0
1186,0,0.0033756382763385773,0
1187,1,0.7863302230834961,1
1188,1,0.11002856492996216,0
1189,0,0.07325472682714462,0
1190,1,0.9999268054962158,1
1191,1,0.9981138706207275,1
1192,1,0.999545156955719,1
1193,1,0.9996979236602783,1
1194,1,0.9997522234916687,1
1195,0,0.0005400439840741456,0
1196,0,9.505591879133135e-05,0
1197,1,0.9996176958084106,1
1198,0,0.03073268197476864,0
1199,0,0.0037129283882677555,0
1200,1,0.9715757369995117,1
1201,0,0.0002872925251722336,0
1202,0,0.00027791433967649937,0
1203,1,0.856510579586029,1
1204,0,0.0013996203197166324,0
1205,1,0.9995198249816895,1
1206,0,0.10505659133195877,0
1207,1,0.9988112449645996,1
1208,0,0.005999417044222355,0
1209,0,0.05590656399726868,0
1210,0,0.012411839328706264,0
1211,0,0.44629353284835815,0
1212,0,0.00023689575027674437,0
1213,0,0.0017928342567756772,0
1214,0,0.002651449991390109,0
1215,1,0.9984099864959717,1
1216,0,0.18742497265338898,0
1217,0,0.001062489114701748,0
1218,1,0.004627580754458904,0
1219,1,0.9996613264083862,1
1220,0,0.0007853268180042505,0
1221,0,0.000710066466126591,0
1222,1,0.9996515512466431,1
1223,0,0.0015048368368297815,0
1224,0,0.0002977721451316029,0
1225,0,0.16202911734580994,0
1226,1,0.9925552010536194,1
1227,0,0.01944367028772831,0
1228,0,0.25734812021255493,0
1229,1,0.9999051094055176,1
1230,1,0.7200589179992676,1
1231,0,0.02911006286740303,0
1232,0,0.025735974311828613,0
1233,1,0.9950981736183167,1
1234,0,0.6795321106910706,1
1235,0,0.0072048744186758995,0
1236,0,0.5557970404624939,1
1237,1,0.9995699524879456,1
1238,1,0.9473147988319397,1
1239,1,0.9840078353881836,1
1240,1,0.9999196529388428,1
1241,1,0.999950647354126,1
1242,0,0.0008400563965551555,0
1243,0,0.0001953255559783429,0
1244,1,0.9973456263542175,1
1245,1,0.9996799230575562,1
1246,1,0.9977529644966125,1
1247,1,0.9809251427650452,1
1248,0,0.0073133003897964954,0
1249,1,0.9993878602981567,1
1250,1,0.999950647354126,1
1251,1,0.9994608759880066,1
1252,0,0.023124950006604195,0
1253,1,0.9996652603149414,1
1254,1,0.9995878338813782,1
1255,1,0.9978662133216858,1
1256,1,0.9993178844451904,1
1257,1,0.9972484707832336,1
1258,1,0.9867441654205322,1
1259,1,0.9620215892791748,1
1260,1,0.042396172881126404,0
1261,1,0.9997664093971252,1
1262,1,0.9997534155845642,1
1263,0,0.05623842403292656,0
1264,0,0.033181000500917435,0
1265,0,0.00036902911961078644,0
1266,0,2.955322815978434e-05,0
1267,0,0.0005822009989060462,0
1268,0,0.007442632224410772,0
1269,0,0.011356166563928127,0
1270,1,0.9893452525138855,1
1271,1,0.006040861364454031,0
1272,0,0.015496961772441864,0
1273,1,0.9960771203041077,1
1274,0,0.3170596957206726,0
1275,1,0.9999703168869019,1
1276,0,0.0013580452650785446,0
1277,1,0.9601911306381226,1
1278,0,0.41436660289764404,0
1279,1,0.2426062524318695,0
1280,0,0.00038192691863514483,0
1281,1,0.9657618999481201,1
1282,0,0.004274161998182535,0
1283,0,0.00036979475407861173,0
1284,1,0.8241657614707947,1
1285,0,0.0414852648973465,0
1286,0,0.13057434558868408,0
1287,0,0.000195089538465254,0
1288,0,1.647976205276791e-05,0
1289,1,0.9995974898338318,1
1290,0,0.01936175487935543,0
1291,0,0.10720513761043549,0
1292,1,0.9995334148406982,1
1293,1,0.9998316764831543,1
1294,0,0.00016868910461198539,0
1295,0,0.004407873842865229,0
1296,0,0.00544275576248765,0
1297,1,0.979759156703949,1
1298,1,0.998865008354187,1
1299,1,0.9969985485076904,1
1300,1,0.8772971034049988,1
1301,1,0.9998406171798706,1
1302,1,0.9960357546806335,1
1303,1,0.10193444788455963,0
1304,1,0.9989417195320129,1
1305,1,0.9999005794525146,1
1306,0,3.2201209251070395e-05,0
1307,0,0.0013867398956790566,0
1308,0,0.007921215146780014,0
1309,1,0.9932261109352112,1
1310,0,0.002111681504175067,0
1311,0,0.00020283277262933552,0
1312,1,0.9956978559494019,1
1313,0,0.016903918236494064,0
1314,0,0.0031558957416564226,0
1315,1,0.9999911785125732,1
1316,1,0.9996439218521118,1
1317,0,0.00044905467075295746,0
1318,0,0.0005452994955703616,0
1319,0,0.0009039707365445793,0
1320,1,0.6030804514884949,1
1321,0,0.0803479552268982,0
1322,1,0.9465868473052979,1
1323,1,0.13642336428165436,0
1324,0,0.00013779476284980774,0
1325,1,0.9974834322929382,1
1326,1,0.9550670385360718,1
1327,0,0.7762787342071533,1
1328,0,0.006481182295829058,0
1329,1,0.999631404876709,1
1330,1,0.999934196472168,1
1331,1,0.9919569492340088,1
1332,1,0.984769344329834,1
1333,0,0.034612249583005905,0
1334,0,3.849970016744919e-05,0
1335,0,0.9707340598106384,1
1336,1,0.9999574422836304,1
1337,1,0.9826486110687256,1
1338,0,0.009382923133671284,0
1339,0,0.006099808029830456,0
1340,1,0.8363856673240662,1
1341,0,0.012949032709002495,0
1342,1,0.9973540306091309,1
1343,1,0.9897955060005188,1
1344,1,0.9997052550315857,1
1345,0,0.02454311028122902,0
1346,0,0.0002869126037694514,0
1347,0,0.0614079125225544,0
1348,1,0.9996254444122314,1
1349,1,0.9999743700027466,1
1350,0,0.9780893921852112,1
1351,1,0.999819815158844,1
1352,0,0.0017477008514106274,0
1353,0,0.03704244643449783,0
1354,0,0.0001556240167701617,0
1355,1,0.9999085664749146,1
1356,0,0.21225574612617493,0
1357,0,0.00033632872509770095,0
1358,1,0.9837746620178223,1
1359,1,0.9999372959136963,1
1360,1,0.9973710775375366,1
1361,1,0.9757543802261353,1
1362,0,0.010859444737434387,0
1363,0,0.3119647800922394,0
1364,0,0.025054555386304855,0
1365,0,0.021455703303217888,0
1366,0,0.003031170228496194,0
1367,0,0.0028851372189819813,0
1368,1,0.998060405254364,1
1369,0,0.36550015211105347,0
1370,1,0.9999688863754272,1
1371,1,0.5017079710960388,1
1372,0,0.0066271694377064705,0
1373,0,0.0029652342200279236,0
1374,0,0.0032857691403478384,0
1375,0,0.007205952890217304,0
1376,0,8.79534927662462e-05,0
1377,1,0.99649977684021,1
1378,1,0.9996709823608398,1
1379,0,0.005271422676742077,0
1380,1,0.9987758994102478,1
1381,1,0.8288993239402771,1
1382,0,0.000865021487697959,0
1383,0,0.00039363824180327356,0
1384,1,0.999975323677063,1
1385,0,0.0006656613550148904,0
1386,1,0.9974884986877441,1
1387,0,0.10420522093772888,0
1388,0,0.000742636329960078,0
1389,0,0.0011548273032531142,0
1390,0,9.787179442355409e-05,0
1391,1,0.8844068050384521,1
1392,0,0.0003384545270819217,0
1393,1,0.9997196793556213,1
1394,0,0.0017536382656544447,0
1395,1,0.9023258090019226,1
1396,1,0.9980820417404175,1
1397,1,0.9996213912963867,1
1398,1,0.999589741230011,1
1399,1,0.9972872734069824,1
1400,1,0.9997736811637878,1
1401,1,0.5311319828033447,1
1402,1,0.9975347518920898,1
1403,0,0.001555852242745459,0
1404,1,0.9998113512992859,1
1405,0,0.011979466304183006,0
1406,1,0.9998822212219238,1
1407,0,0.0016298447735607624,0
1408,0,0.006533248350024223,0
1409,1,0.99280846118927,1
1410,1,0.9997836947441101,1
1411,0,0.0011648323852568865,0
1412,1,0.9991466999053955,1
1413,0,0.0072852615267038345,0
1414,0,0.00032945408020168543,0
1415,1,0.8668424487113953,1
1416,1,0.9993769526481628,1
1417,1,0.9996563196182251,1
1418,0,0.004782059229910374,0
1419,0,0.003159014508128166,0
1420,1,0.2504238188266754,0
1421,1,0.9990082383155823,1
1422,0,8.386413537664339e-05,0
1423,0,0.03184359893202782,0
1424,1,0.9962770342826843,1
1425,0,0.035843197256326675,0
1426,1,0.9999234676361084,1
1427,0,0.010714566335082054,0
1428,0,0.0008989297784864902,0
1429,1,0.7298635840415955,1
1430,0,0.0014995371457189322,0
1431,0,0.03521079570055008,0
1432,0,0.00021364580607041717,0
1433,0,0.00015839769912417978,0
1434,0,0.0001721467124298215,0
1435,1,0.9998716115951538,1
1436,1,0.9994513392448425,1
1437,1,0.9980290532112122,1
1438,0,0.09588775783777237,0
1439,1,0.9918752312660217,1
1440,0,0.14215734601020813,0
1441,0,0.00268051540479064,0
1442,1,0.9739400744438171,1
1443,0,9.439256245968863e-05,0
1444,1,0.9998295307159424,1
1445,1,0.9994277358055115,1
1446,0,0.011213181540369987,0
1447,0,0.001346776494756341,0
1448,1,0.999970555305481,1
1449,0,0.036883771419525146,0
1450,1,0.9999065399169922,1
1451,1,0.8742101192474365,1
1452,0,0.022958194836974144,0
1453,1,0.9916244149208069,1
1454,0,0.00021467986516654491,0
1455,0,0.0001619166723685339,0
1456,0,0.013070877641439438,0
1457,0,0.9405826330184937,1
1458,0,0.0026883482933044434,0
1459,0,0.011413970030844212,0
1460,1,0.9978907704353333,1
1461,0,0.03546915575861931,0
1462,1,0.9285406470298767,1
1463,1,0.9995911717414856,1
1464,1,0.9999305009841919,1
1465,0,0.7464495301246643,1
1466,0,0.053988415747880936,0
1467,0,0.0011029589222744107,0
1468,0,0.00243751029483974,0
1469,0,0.0011195915285497904,0
1470,1,0.9994810223579407,1
1471,0,0.020376428961753845,0
1472,1,0.9808387756347656,1
1473,0,0.015402937307953835,0
1474,0,0.9115989208221436,1
1475,1,0.9104737639427185,1
1476,1,0.9013414978981018,1
1477,0,0.5491513609886169,1
1478,0,0.037375837564468384,0
1479,0,0.005031810142099857,0
1480,0,0.0005389810539782047,0
1481,0,0.7223482131958008,1
1482,1,0.9971840977668762,1
1483,0,0.0022138720378279686,0
1484,1,0.9934978485107422,1
1485,0,0.20647649466991425,0
1486,0,0.00962950848042965,0
1487,0,4.317115235608071e-05,0
1488,1,0.9988788962364197,1
1489,1,0.9998311996459961,1
1490,1,0.9840285181999207,1
1491,1,0.9934303164482117,1
1492,0,0.8909133076667786,1
1493,0,0.0006068051443435252,0
1494,0,9.679533104645088e-05,0
1495,1,0.9936627149581909,1
1496,1,0.9805789589881897,1
1497,0,0.0027339293155819178,0
1498,1,0.9984111785888672,1
1499,1,0.9991695880889893,1
1500,0,0.025654347613453865,0
1501,1,0.9999421834945679,1
1502,1,0.9999179840087891,1
1503,1,0.9999721050262451,1
1504,1,0.9999912977218628,1
1505,0,0.014898587018251419,0
1506,0,0.00022877458832226694,0
1507,0,0.003632326377555728,0
1508,0,0.00044314051046967506,0
1509,0,0.0010707138571888208,0
1510,0,0.026134436950087547,0
1511,1,0.9972772002220154,1
1512,0,0.0030196644365787506,0
1513,0,0.011978731490671635,0
1514,1,0.9994483590126038,1
1515,0,0.4308180510997772,0
1516,1,0.9989514350891113,1
1517,1,0.9617668986320496,1
1518,0,0.0003771606716327369,0
1519,1,0.9997029900550842,1
1520,1,0.9996930360794067,1
1521,0,0.008041292428970337,0
1522,1,0.8923637270927429,1
1523,1,0.9942911863327026,1
1524,1,0.9818456172943115,1
1525,0,0.0028326199389994144,0
1526,1,0.011526394635438919,0
1527,0,0.0009986022487282753,0
1528,1,0.9803569912910461,1
1529,0,0.00021755478519480675,0
1530,1,0.999321460723877,1
1531,1,0.999947190284729,1
1532,1,0.9892483353614807,1
1533,0,0.0026637008413672447,0
1534,1,0.9386901259422302,1
1535,0,0.005495233926922083,0
1536,0,0.006177988369017839,0
1537,1,0.7226858139038086,1
1538,0,0.0022418575827032328,0
1539,0,0.000230444100452587,0
1540,1,0.9617661237716675,1
1541,1,0.9989776611328125,1
1542,0,0.33559736609458923,0
1543,1,0.9941638112068176,1
1544,1,0.999931812286377,1
1545,1,0.7301154732704163,1
1546,0,0.03364267945289612,0
1547,0,0.005603650584816933,0
1548,1,0.7665448784828186,1
1549,0,0.0003157922765240073,0
1550,1,0.9989120960235596,1
1551,0,0.08220646530389786,0
1552,1,0.9971877932548523,1
1553,0,0.05752204358577728,0
1554,1,0.9999045133590698,1
1555,1,0.9994733929634094,1
1556,0,0.0011868326691910625,0
1557,0,0.14364393055438995,0
1558,0,0.012439578771591187,0
1559,0,0.0021384363062679768,0
1560,1,0.8758886456489563,1
1561,0,0.11328034847974777,0
1562,1,0.3969057500362396,0
1563,1,0.9973809123039246,1
1564,0,0.00028848511283285916,0
1565,1,0.9992710947990417,1
1566,1,0.9994882345199585,1
1567,1,0.9974743723869324,1
1568,1,0.7027638554573059,1
1569,0,0.19580107927322388,0
1570,1,0.9887319803237915,1
1571,0,0.043993689119815826,0
1572,0,0.0024920618161559105,0
1573,0,0.0014138366095721722,0
1574,0,0.007897807285189629,0
1575,1,0.4139470160007477,0
1576,0,0.008097601123154163,0
1577,0,0.0006067536305636168,0
1578,1,0.9954448938369751,1
1579,0,0.0006846089381724596,0
1580,0,0.0009133435087278485,0
1581,1,0.9986057877540588,1
1582,0,0.0009962189942598343,0
1583,0,0.0008408220019191504,0
1584,1,0.9985917210578918,1
1585,0,0.0002589181822258979,0
1586,0,0.000774456886574626,0
1587,0,0.00013332792150322348,0
1588,1,0.9752022624015808,1
1589,0,0.003062073141336441,0
1590,1,0.9880538582801819,1
1591,1,0.9995916485786438,1
1592,1,0.9089942574501038,1
1593,0,0.0028100234922021627,0
1594,0,0.0003536463773343712,0
1595,1,0.9975032210350037,1
1596,1,0.9998537302017212,1
1597,1,0.9969907999038696,1
1598,0,0.009537577629089355,0
1599,0,0.047043509781360626,0
1600,0,0.02472931332886219,0
1601,1,0.9988395571708679,1
1602,0,0.0012498879805207253,0
1603,0,0.19710542261600494,0
1604,1,0.9998650550842285,1
1605,1,0.5697029232978821,1
1606,1,0.99974125623703,1
1607,1,0.9997252821922302,1
1608,0,0.02964676544070244,0
1609,0,0.00036552990786731243,0
1610,0,0.007449984550476074,0
1611,0,0.051814496517181396,0
1612,1,0.9987624883651733,1
1613,0,0.5429085493087769,1
1614,1,0.9811221361160278,1
1615,1,0.9776788949966431,1
1616,0,0.00018314746557734907,0
1617,0,0.00039223040221259,0
1618,0,0.004200643859803677,0
1619,0,0.0004262158181518316,0
1620,0,0.027875637635588646,0
1621,1,0.9969745874404907,1
1622,0,0.007397427689284086,0
1623,0,0.0012063795002177358,0
1624,0,0.0012565383221954107,0
1625,1,0.9925596714019775,1
1626,0,0.0007749437354505062,0
1627,0,0.0009504696354269981,0
1628,0,0.025629960000514984,0
1629,0,0.0004328502982389182,0
1630,1,0.9897023439407349,1
1631,1,0.12704961001873016,0
1632,0,0.002210064325481653,0
1633,0,0.0005612109671346843,0
1634,0,0.003985329531133175,0
1635,1,0.4611339867115021,0
1636,1,0.9987061023712158,1
1637,1,0.1908406764268875,0
1638,0,0.0017175693064928055,0
1639,0,0.0005630680243484676,0
1640,1,0.999483585357666,1
1641,1,0.9998379945755005,1
1642,1,0.5209501385688782,1
1643,0,0.004916653502732515,0
1644,0,0.0012351030018180609,0
1645,0,0.019353246316313744,0
1646,1,0.9995146989822388,1
1647,0,0.0017909135203808546,0
1648,0,0.009056029841303825,0
1649,0,5.248038360150531e-05,0
1650,1,0.5838212370872498,1
1651,1,0.9962419271469116,1
1652,0,0.0002698509197216481,0
1653,1,0.9998527765274048,1
1654,0,0.01331497635692358,0
1655,1,0.9999617338180542,1
1656,0,0.4298398196697235,0
1657,0,0.22860795259475708,0
1658,0,0.015266438946127892,0
1659,1,0.9586858749389648,1
1660,1,0.9970920085906982,1
1661,1,0.9971681237220764,1
1662,0,0.007667046971619129,0
1663,0,0.003085407894104719,0
1664,0,8.537856956536416e-06,0
1665,1,0.7767091393470764,1
1666,0,0.13308236002922058,0
1667,0,0.24493104219436646,0
1668,0,0.0007944987155497074,0
1669,0,0.2864875793457031,0
1670,1,0.9910224676132202,1
1671,1,0.00683899549767375,0
1672,0,0.9982203841209412,1
1673,1,0.9990525841712952,1
1674,0,0.01699790172278881,0
1675,1,0.999259889125824,1
1676,0,0.002055835910141468,0
1677,0,0.00017038550868164748,0
1678,0,0.01759827882051468,0
1679,0,0.0028805371839553118,0
1680,0,0.030549630522727966,0
1681,1,0.9838967323303223,1
1682,1,0.2563258111476898,0
1683,0,0.0001052658335538581,0
1684,0,0.6238746047019958,1
1685,0,0.002715188078582287,0
1686,0,7.55182045395486e-05,0
1687,1,0.9999241828918457,1
1688,1,0.9434474110603333,1
1689,0,0.0007785005145706236,0
1690,0,0.003142684930935502,0
1691,0,0.00017350673442706466,0
1692,0,0.0008134344825521111,0
1693,1,0.9935170412063599,1
1694,0,0.632904589176178,1
1695,1,0.9970771074295044,1
1696,1,0.9999970197677612,1
1697,1,0.9515257477760315,1
1698,1,0.9016854763031006,1
1699,1,0.9993675351142883,1
1700,0,0.0011154551757499576,0
1701,1,0.8779811859130859,1
1702,1,0.06492342799901962,0
1703,0,0.006872295867651701,0
1704,1,0.9998242259025574,1
1705,0,0.006373613141477108,0
1706,1,0.29702919721603394,0
1707,1,0.9999827146530151,1
1708,0,0.5860010385513306,1
1709,1,0.9999116659164429,1
1710,0,0.0004737662384286523,0
1711,0,0.04718051105737686,0
1712,1,0.9992243051528931,1
1713,1,0.9988937973976135,1
1714,1,0.9999873638153076,1
1715,0,0.009009033441543579,0
1716,0,0.0048553249798715115,0
1717,0,0.007197003345936537,0
1718,1,0.9882718920707703,1
1719,0,0.000622218125499785,0
1720,1,0.9766790866851807,1
1721,0,0.6478538513183594,1
1722,0,0.5414155721664429,1
1723,1,0.999845027923584,1
1724,1,0.44801926612854004,0
1725,1,0.5444588661193848,1
1726,1,0.9987466335296631,1
1727,1,0.9891958236694336,1
1728,1,0.9957648515701294,1
1729,0,0.004485798999667168,0
1730,0,0.26870542764663696,0
1731,1,0.10229494422674179,0
1732,0,0.002315735211595893,0
1733,0,0.7499849796295166,1
1734,1,0.9760037660598755,1
1735,1,0.999076247215271,1
1736,0,0.017159562557935715,0
1737,1,0.9989250302314758,1
1738,0,3.7159905332373455e-05,0
1739,0,0.09286977350711823,0
1740,1,0.9955482482910156,1
1741,1,0.9971016049385071,1
1742,0,0.00016096812032628804,0
1743,1,0.9999730587005615,1
1744,0,0.03046790510416031,0
1745,1,0.9999264478683472,1
1746,1,0.8455241918563843,1
1747,0,0.017200978472828865,0
1748,0,0.0018713108729571104,0
1749,1,0.9996602535247803,1
1750,0,0.008744128048419952,0
1751,1,0.9998087286949158,1
1752,0,0.002254927298054099,0
1753,0,0.0038592072669416666,0
1754,1,0.8462385535240173,1
1755,0,0.04441515728831291,0
1756,1,0.999426007270813,1
1757,1,0.9981651902198792,1
1758,1,0.9860975742340088,1
1759,0,0.4664480984210968,0
1760,1,0.9995737671852112,1
1761,0,0.01571178063750267,0
1762,1,0.9943617582321167,1
1763,1,0.899206817150116,1
1764,1,0.9958315491676331,1
1765,0,0.9681944251060486,1
1766,1,0.967606246471405,1
1767,1,0.9552673697471619,1
1768,0,0.009010289795696735,0
1769,0,0.00022460561012849212,0
1770,1,0.9483981132507324,1
1771,0,0.15728798508644104,0
1772,0,0.005930133163928986,0
1773,0,0.010627347975969315,0
1774,0,0.0015110457316040993,0
1775,0,0.16046011447906494,0
1776,0,0.002768157981336117,0
1777,0,0.3746555745601654,0
1778,0,0.000341311126248911,0
1779,0,0.049307070672512054,0
1780,0,0.002585657639428973,0
1781,0,2.2924597942619585e-05,0
1782,1,0.6390721201896667,1
1783,0,0.001871888292953372,0
1784,0,0.00021928746718913317,0
1785,1,0.9986936450004578,1
1786,0,0.010590285994112492,0
1787,0,4.46868289145641e-05,0
1788,1,0.9994753003120422,1
1789,1,0.43662551045417786,0
1790,0,0.00012123202759539708,0
1791,1,0.9509392380714417,1
1792,1,0.989136815071106,1
1793,0,0.00040918111335486174,0
1794,0,0.0003175169404130429,0
1795,0,0.02269788272678852,0
1796,0,0.04820583760738373,0
1797,1,0.999829888343811,1
1798,1,0.9995551705360413,1
1799,0,0.7731670141220093,1
1800,0,0.19463862478733063,0
1801,0,0.030496137216687202,0
1802,1,0.9999499320983887,1
1803,0,0.05264325439929962,0
1804,0,7.998390356078744e-05,0
1805,1,0.9743301272392273,1
1806,0,0.00025301738060079515,0
1807,0,0.01406246330589056,0
1808,0,0.0045292675495147705,0
1809,0,0.6435011625289917,1
1810,0,0.015034145675599575,0
1811,0,0.7479098439216614,1
1812,0,0.008907956071197987,0
1813,0,0.005573980510234833,0
1814,0,4.981243546353653e-05,0
1815,1,0.5589686632156372,1
1816,0,0.0009681267547421157,0
1817,1,0.9654869437217712,1
1818,1,0.8353286981582642,1
1819,0,0.004983671475201845,0
1820,1,0.42203715443611145,0
1821,1,0.9998847246170044,1
1822,1,0.999822199344635,1
1823,1,0.9870678782463074,1
1824,1,0.956718385219574,1
1825,1,0.9996707439422607,1
1826,0,0.011188824661076069,0
1827,0,0.09015471488237381,0
1828,1,0.9713379740715027,1
1829,1,0.9019272327423096,1
1830,0,0.002424361649900675,0
1831,0,0.01894720271229744,0
1832,1,0.999535322189331,1
1833,1,0.9807711243629456,1
1834,1,0.9941898584365845,1
1835,1,0.999890923500061,1
1836,1,0.9997968077659607,1
1837,1,0.99887615442276,1
1838,1,0.9994199275970459,1
1839,1,0.9915342926979065,1
1840,1,0.9980766773223877,1
1841,1,0.9996213912963867,1
1842,0,0.00033847871236503124,0
1843,0,0.0007522387313656509,0
1844,0,0.04207552224397659,0
1845,1,0.9972155094146729,1
1846,1,0.14327959716320038,0
1847,0,8.296000305563211e-05,0
1848,1,0.9999761581420898,1
1849,0,0.0018407816532999277,0
1850,0,0.004618708975613117,0
1851,1,0.9979118704795837,1
1852,1,0.9946367144584656,1
1853,0,0.24712450802326202,0
1854,0,0.9126604199409485,1
1855,0,0.025914520025253296,0
1856,0,0.00018233843729831278,0
1857,1,0.8647339940071106,1
1858,0,0.0012835566885769367,0
1859,1,0.5040122270584106,1
1860,0,0.001434009987860918,0
1861,0,0.1955927163362503,0
1862,1,0.999947190284729,1
1863,1,0.997692346572876,1
1864,1,0.9990131855010986,1
1865,1,0.9552190899848938,1
1866,1,0.1570674628019333,0
1867,0,0.001386001124046743,0
1868,1,0.9979352951049805,1
1869,0,0.017489217221736908,0
1870,0,3.37861965817865e-05,0
1871,0,0.0005631028907373548,0
1872,1,0.6187094449996948,1
1873,1,0.9996298551559448,1
1874,1,0.9939919114112854,1
1875,0,0.05688050016760826,0
1876,1,0.9740235209465027,1
1877,0,0.00043259005178697407,0
1878,1,0.9980633854866028,1
1879,0,0.048380251973867416,0
1880,0,0.00034173342282883823,0
1881,1,0.5053156018257141,1
1882,1,0.2379440814256668,0
1883,0,0.0020260331220924854,0
1884,1,0.9919203519821167,1
1885,1,0.9997439980506897,1
1886,0,0.0003285491548012942,0
1887,1,0.9992664456367493,1
1888,0,0.00021284064860083163,0
1889,0,0.06698435544967651,0
1890,1,0.9963456988334656,1
1891,0,0.0011531305499374866,0
1892,1,0.9956824779510498,1
1893,1,0.9995371103286743,1
1894,1,0.8589587211608887,1
1895,1,0.9995587468147278,1
1896,0,0.02479584701359272,0
1897,0,0.002435702597722411,0
1898,1,0.999397873878479,1
1899,0,0.11458340287208557,0
1900,0,0.01050443947315216,0
1901,1,0.9907675385475159,1
1902,1,0.9992976188659668,1
1903,1,0.9994077682495117,1
1904,0,0.08357664942741394,0
1905,1,0.006929421331733465,0
1906,0,0.13206619024276733,0
1907,1,0.9999418258666992,1
1908,0,0.05256783589720726,0
1909,1,0.9998605251312256,1
1910,0,0.7539150714874268,1
1911,0,0.02955743484199047,0
1912,0,0.0005319135962054133,0
1913,0,0.002982987556606531,0
1914,1,0.9999771118164062,1
1915,0,0.10406412184238434,0
1916,1,0.5297492742538452,1
1917,0,0.2565084993839264,0
1918,0,0.036897577345371246,0
1919,0,0.0020218761637806892,0
1920,0,0.002418008865788579,0
1921,0,0.0002807042910717428,0
1922,1,0.999872088432312,1
1923,0,0.03191797435283661,0
1924,0,0.032984409481287,0
1925,0,0.07779943943023682,0
1926,0,0.005184469278901815,0
1927,0,0.0005262974882498384,0
1928,0,0.9323155283927917,1
1929,0,0.507087767124176,1
1930,1,0.9990813732147217,1
1931,1,0.42033812403678894,0
1932,1,0.5038692355155945,1
1933,0,0.00023321944172494113,0
1934,1,0.24411995708942413,0
1935,1,0.9998154044151306,1
1936,0,0.0009540533646941185,0
1937,1,0.8151543140411377,1
1938,0,0.0011025076964870095,0
1939,1,0.9764263033866882,1
1940,1,0.9970976114273071,1
1941,1,0.01286448072642088,0
1942,0,0.0013461218914017081,0
1943,1,0.8558377027511597,1
1944,0,0.9048829674720764,1
1945,1,0.9985036849975586,1
1946,0,0.015901248902082443,0
1947,0,0.0003888977225869894,0
1948,0,0.09921416640281677,0
1949,0,0.024028608575463295,0
1950,0,0.006199884694069624,0
1951,0,0.8738630414009094,1
1952,0,0.0007342008757404983,0
1953,1,0.544018030166626,1
1954,1,0.9999817609786987,1
1955,1,0.9958630800247192,1
1956,0,0.003108401084318757,0
1957,1,0.9599419236183167,1
1958,1,0.9987189769744873,1
1959,1,0.9946218729019165,1
1960,0,0.669253408908844,1
1961,1,0.9997186064720154,1
1962,0,1.0620832654240075e-05,0
1963,0,0.005113852676004171,0
1964,1,0.9983697533607483,1
1965,0,0.6853615045547485,1
1966,1,0.9997755885124207,1
1967,1,0.9996349811553955,1
1968,1,0.4085974097251892,0
1969,1,0.7896419167518616,1
1970,0,0.00023331219563260674,0
1971,1,0.13061349093914032,0
1972,0,0.014194601215422153,0
1973,0,0.02941827103495598,0
1974,0,0.003344352589920163,0
1975,0,0.051089394837617874,0
1976,1,0.955223560333252,1
1977,1,0.956667959690094,1
1978,1,0.9989064931869507,1
1979,0,0.0008565570460632443,0
1980,0,0.009010638110339642,0
1981,0,0.015682827681303024,0
1982,1,0.9997180104255676,1
1983,1,0.997742772102356,1
1984,1,0.9989504814147949,1
1985,1,0.999839186668396,1
1986,0,0.0005466494476422668,0
1987,1,0.9995239973068237,1
1988,1,0.9995430707931519,1
1989,1,0.999649167060852,1
1990,0,0.0016120747895911336,0
1991,0,0.37274307012557983,0
1992,1,0.9997404217720032,1
1993,1,0.9273375272750854,1
1994,1,0.9562199711799622,1
1995,1,0.9985092282295227,1
1996,0,0.7922922968864441,1
1997,0,0.004356020130217075,0
1998,0,0.019099945202469826,0
1999,1,0.9996393918991089,1
2000,1,0.9873037934303284,1
2001,0,0.000824779155664146,0
2002,0,0.0008847686112858355,0
2003,0,0.0028751364443451166,0
2004,0,0.010509228333830833,0
2005,0,0.7516893148422241,1
2006,1,0.9996592998504639,1
2007,1,0.9999024868011475,1
2008,0,0.009298799559473991,0
2009,1,0.9994686245918274,1
2010,0,0.0011167097836732864,0
2011,0,0.00582301476970315,0
2012,1,0.9999699592590332,1
2013,0,0.0007083035307005048,0
2014,0,0.008115341886878014,0
2015,1,0.9846379160881042,1
2016,0,0.0013323716120794415,0
2017,0,0.0002756912144832313,0
2018,1,0.9989928603172302,1
2019,1,0.7878273725509644,1
2020,0,0.06709432601928711,0
2021,1,0.9466703534126282,1
2022,0,0.005900176241993904,0
2023,0,0.13419000804424286,0
2024,1,0.9651317000389099,1
2025,0,0.0018554325215518475,0
2026,1,0.9997863173484802,1
2027,0,0.0009974350687116385,0
2028,0,0.1717715561389923,0
2029,1,0.9969081282615662,1
2030,1,0.993567168712616,1
2031,1,0.9994781613349915,1
2032,1,0.990884006023407,1
2033,1,0.7952913045883179,1
2034,1,0.9981409311294556,1
2035,1,0.9999232292175293,1
2036,0,0.17238876223564148,0
2037,0,0.1939055174589157,0
2038,0,0.004014921840280294,0
2039,0,0.029968369752168655,0
2040,1,0.9991078972816467,1
2041,1,0.9801067113876343,1
2042,0,0.012560873292386532,0
2043,0,0.015703879296779633,0
2044,0,0.8958689570426941,1
2045,1,0.014111463911831379,0
2046,1,0.9999191761016846,1
2047,0,0.001210815622471273,0
2048,0,0.008374277502298355,0
2049,0,0.0035578501410782337,0
2050,1,0.7812727093696594,1
2051,1,0.9992961883544922,1
2052,0,0.3167836666107178,0
2053,1,0.9950541257858276,1
2054,0,0.14546717703342438,0
2055,1,0.9997373223304749,1
2056,0,0.005084063392132521,0
2057,1,0.9998617172241211,1
2058,1,0.9851365089416504,1
2059,1,0.9989314675331116,1
2060,1,0.7093760967254639,1
2061,1,0.954882800579071,1
2062,1,0.9924559593200684,1
2063,0,0.00034645944833755493,0
2064,1,0.9999278783798218,1
2065,1,0.9994089603424072,1
2066,1,0.9983888864517212,1
2067,0,0.000450043473392725,0
2068,0,0.00945992860943079,0
2069,1,0.9998002648353577,1
2070,1,0.509612500667572,1
2071,1,0.9993661046028137,1
2072,1,0.9987214207649231,1
2073,0,7.316262053791434e-05,0
2074,1,0.9994680285453796,1
2075,1,0.9933419823646545,1
2076,0,0.002036778721958399,0
2077,1,0.98064124584198,1
2078,1,0.9993869066238403,1
2079,1,0.4128953814506531,0
2080,0,0.47714173793792725,0
2081,0,0.0013739189598709345,0
2082,0,0.0299190953373909,0
2083,0,0.0023706969805061817,0
2084,1,0.9943172335624695,1
2085,1,0.9004197716712952,1
2086,1,0.971581757068634,1
2087,1,0.999658465385437,1
2088,0,0.040446918457746506,0
2089,0,0.0388307049870491,0
2090,1,0.9963131546974182,1
2091,1,0.2740315794944763,0
2092,0,0.00020146564929746091,0
2093,1,0.9777668714523315,1
2094,0,4.005261143902317e-05,0
2095,1,0.0026239617727696896,0
2096,1,0.9983129501342773,1
2097,0,0.005441547837108374,0
2098,1,0.9998179078102112,1
2099,1,0.7297762632369995,1
2100,0,0.00023335045261774212,0
2101,0,0.09802425652742386,0
2102,1,0.9726488590240479,1
2103,0,0.0003667208075057715,0
2104,1,0.9999191761016846,1
2105,1,0.9252368211746216,1
2106,1,0.9897000789642334,1
2107,0,0.00010866580123547465,0
2108,0,0.00017771750572137535,0
2109,0,0.5439777374267578,1
2110,1,0.9797184467315674,1
2111,0,0.021355614066123962,0
2112,0,0.872646152973175,1
2113,0,0.010731308721005917,0
2114,1,0.9975323677062988,1
2115,0,0.00031406525522470474,0
2116,1,0.9974879026412964,1
2117,0,0.00025114609161391854,0
2118,1,0.3174995183944702,0
2119,0,0.005511440336704254,0
2120,0,0.008031758479773998,0
2121,0,0.027574921026825905,0
2122,0,0.8350789546966553,1
2123,1,0.9945293068885803,1
2124,0,0.004314683843404055,0
2125,0,0.008628717623651028,0
2126,1,0.9994379878044128,1
2127,0,0.0002711259003262967,0
2128,1,0.911705732345581,1
2129,1,0.9993253946304321,1
2130,1,0.9660317301750183,1
2131,1,0.5810693502426147,1
2132,0,0.05139857158064842,0
2133,1,0.9996110796928406,1
2134,0,0.13916374742984772,0
2135,0,0.001275335205718875,0
2136,1,0.9995290040969849,1
2137,0,0.023774228990077972,0
2138,1,0.9989104270935059,1
2139,0,0.00032711459789425135,0
2140,0,0.0008941924315877259,0
2141,0,0.040698640048503876,0
2142,1,0.8717973232269287,1
2143,1,0.6737176775932312,1
2144,0,1.964965667866636e-05,0
2145,0,0.7497486472129822,1
2146,1,0.9981247782707214,1
2147,1,0.9999861717224121,1
2148,1,0.9999480247497559,1
2149,1,0.997383177280426,1
2150,0,0.21766254305839539,0
2151,0,0.0006356805679388344,0
2152,0,0.0008230946259573102,0
2153,1,0.9992258548736572,1
2154,1,0.9996734857559204,1
2155,1,0.9999023675918579,1
2156,0,0.5322957634925842,1
2157,0,0.10174784064292908,0
2158,0,0.0008806108962744474,0
2159,0,0.024851782247424126,0
2160,0,0.1588207632303238,0
2161,0,0.006476943381130695,0
2162,0,0.0010991921881213784,0
2163,1,0.9999430179595947,1
2164,1,0.9964916110038757,1
2165,1,0.4040052890777588,0
2166,1,0.9998890161514282,1
2167,0,0.003066238947212696,0
2168,1,0.23254725337028503,0
2169,1,0.9986691474914551,1
2170,0,0.0007007097592577338,0
2171,1,0.9879692792892456,1
2172,0,0.29071637988090515,0
2173,0,0.0018989279633387923,0
2174,0,0.20747746527194977,0
2175,0,0.12314745783805847,0
2176,1,0.9968282580375671,1
2177,0,0.04045139625668526,0
2178,0,0.0004886960959993303,0
2179,0,0.003017293754965067,0
2180,0,0.004051837604492903,0
2181,1,0.9991853833198547,1
2182,1,0.9288106560707092,1
2183,0,0.0001657048997003585,0
2184,1,0.9890374541282654,1
2185,1,0.9997252821922302,1
2186,0,2.205143573519308e-05,0
2187,0,0.00047759179142303765,0
2188,0,0.0010279915295541286,0
2189,0,3.2844643556018127e-06,0
2190,1,0.9997171759605408,1
2191,1,0.9873308539390564,1
2192,1,0.9995867609977722,1
2193,1,0.9995610117912292,1
2194,0,0.7217503190040588,1
2195,1,0.9997054934501648,1
2196,0,0.005371189676225185,0
2197,1,0.9995378255844116,1
2198,0,0.002283351728692651,0
2199,1,0.9883105754852295,1
2200,1,0.9995880722999573,1
2201,0,0.0587712787091732,0
2202,0,0.00027170582325197756,0
2203,0,2.7173768103239127e-05,0
2204,1,0.9862922430038452,1
2205,1,0.9986899495124817,1
2206,1,0.9414534568786621,1
2207,1,0.9997820258140564,1
2208,1,0.9977251887321472,1
2209,0,0.07570802420377731,0
2210,1,0.9658772349357605,1
2211,0,0.002508723409846425,0
2212,0,0.0008359894854947925,0
2213,0,0.019804412499070168,0
2214,1,0.9852112531661987,1
2215,0,0.000586879497859627,0
2216,0,0.00012424490705598146,0
2217,1,0.9019519090652466,1
2218,0,0.006342743057757616,0
2219,1,0.9999617338180542,1
2220,0,0.0724463015794754,0
2221,0,0.0008456469513475895,0
2222,1,0.9990787506103516,1
2223,1,0.9798870086669922,1
2224,1,0.9504128694534302,1
2225,1,0.9995328187942505,1
2226,1,0.9978263974189758,1
2227,0,0.00014431544695980847,0
2228,0,2.041435982391704e-05,0
2229,1,0.9354807138442993,1
2230,1,0.9999066591262817,1
2231,1,0.7299383878707886,1
2232,1,0.48852479457855225,0
2233,1,0.9454591274261475,1
2234,0,5.963169314782135e-06,0
2235,0,0.0017453341279178858,0
2236,0,0.001692002872005105,0
2237,0,0.26325899362564087,0
2238,0,0.004714937414973974,0
2239,1,0.9716222882270813,1
2240,1,0.9998564720153809,1
2241,1,0.9981101751327515,1
2242,1,0.5870664119720459,1
2243,1,0.9979039430618286,1
2244,0,5.278051321511157e-05,0
2245,0,0.00579458475112915,0
2246,0,0.005031604319810867,0
2247,0,0.008697728626430035,0
2248,1,0.9990295171737671,1
2249,0,0.00453453604131937,0
2250,0,0.0033071653451770544,0
2251,0,0.00014409268624149263,0
2252,0,0.0018766364082694054,0
2253,1,0.9982529282569885,1
2254,0,0.11665737628936768,0
2255,1,0.7074345946311951,1
2256,1,0.9995282888412476,1
2257,0,0.002053535543382168,0
2258,0,0.0008101159473881125,0
2259,0,0.004077499266713858,0
2260,0,0.004146607592701912,0
2261,1,0.9977239966392517,1
2262,1,0.8390880227088928,1
2263,0,0.08180921524763107,0
2264,0,0.05607135221362114,0
2265,1,0.9816854000091553,1
2266,1,0.9550068378448486,1
2267,1,0.9991500377655029,1
2268,0,0.0008382184896618128,0
2269,0,0.002673208015039563,0
2270,1,0.965272068977356,1
2271,1,0.999895453453064,1
2272,1,0.9975255131721497,1
2273,1,0.1598847359418869,0
2274,0,0.0010421883780509233,0
2275,1,0.9951678514480591,1
2276,0,0.5594847798347473,1
2277,1,0.9895021319389343,1
2278,0,0.0031700613908469677,0
2279,1,0.9986457228660583,1
2280,1,0.9941878318786621,1
2281,1,0.9999645948410034,1
2282,0,0.0014757596654817462,0
2283,0,0.0002326493413420394,0
2284,0,0.022199520841240883,0
2285,1,0.9941006302833557,1
2286,1,0.9993873834609985,1
2287,0,0.00033509093918837607,0
2288,1,0.03993252292275429,0
2289,0,0.036249976605176926,0
2290,1,0.09262720495462418,0
2291,0,1.7131522326963022e-05,0
2292,0,0.0035103773698210716,0
2293,0,0.0009729174780659378,0
2294,1,0.9261776804924011,1
2295,1,0.9577897191047668,1
2296,0,0.004001897294074297,0
2297,1,0.9889631271362305,1
2298,0,0.0005911252228543162,0
2299,0,0.00021063085296191275,0
2300,1,0.670391321182251,1
2301,1,0.9134541153907776,1
2302,0,0.8881940245628357,1
2303,1,0.9989872574806213,1
2304,1,0.9991152882575989,1
2305,1,0.9258448481559753,1
2306,0,0.0030147817451506853,0
2307,0,0.017823420464992523,0
2308,1,0.9642311930656433,1
2309,1,0.9998880624771118,1
2310,1,0.9993601441383362,1
2311,1,0.999527096748352,1
2312,1,0.5207077264785767,1
2313,1,0.9919825196266174,1
2314,1,0.9971722960472107,1
2315,1,0.9931221604347229,1
2316,0,0.0035499294754117727,0
2317,1,0.9994716048240662,1
2318,0,0.5505087375640869,1
2319,1,0.9999769926071167,1
2320,1,0.771108865737915,1
2321,1,0.9990990161895752,1
2322,0,0.07022616267204285,0
2323,1,0.9694222807884216,1
2324,0,0.002352882642298937,0
2325,1,0.8532837629318237,1
2326,0,0.0754174068570137,0
2327,0,0.00012310546298976988,0
2328,0,0.2987998425960541,0
2329,0,0.009236367419362068,0
2330,1,0.9988031387329102,1
2331,0,0.004307889845222235,0
2332,1,0.996177077293396,1
2333,1,0.9984183311462402,1
2334,1,0.9972714781761169,1
2335,1,0.9998366832733154,1
2336,1,0.9709876775741577,1
2337,1,0.9985503554344177,1
2338,0,0.010741118341684341,0
2339,0,0.00746639771386981,0
2340,1,0.9990370273590088,1
2341,0,0.07216202467679977,0
2342,1,0.9981901049613953,1
2343,1,0.9999585151672363,1
2344,1,0.7861008644104004,1
2345,1,0.9994953870773315,1
2346,0,0.0004957286873832345,0
2347,0,0.019479529932141304,0
2348,1,0.9960494637489319,1
2349,0,0.004919822793453932,0
2350,1,0.9989656209945679,1
2351,0,0.674068808555603,1
2352,1,0.9647466540336609,1
2353,1,0.9971530437469482,1
2354,0,0.0025139579083770514,0
2355,0,7.061374344630167e-05,0
2356,1,0.9853238463401794,1
2357,0,0.06679017841815948,0
2358,0,0.0017725612269714475,0
2359,0,0.8000862002372742,1
2360,1,0.9285979866981506,1
2361,1,0.9986305236816406,1
2362,0,0.0043579936027526855,0
2363,0,0.0002054131036857143,0
2364,1,0.9989405274391174,1
2365,0,0.001297993236221373,0
2366,1,0.9998124241828918,1
2367,0,0.0019740608986467123,0
2368,0,0.019529499113559723,0
2369,0,0.04485505074262619,0
2370,0,0.06517364829778671,0
2371,0,0.0018994398415088654,0
2372,1,0.996738851070404,1
2373,1,0.8015882968902588,1
2374,1,0.8790814876556396,1
2375,0,0.000393892201827839,0
2376,0,0.0007016647141426802,0
2377,0,0.00782432034611702,0
2378,0,0.009717820212244987,0
2379,0,0.5680553317070007,1
2380,1,0.8677189350128174,1
2381,0,0.0029111497569829226,0
2382,0,0.016046348959207535,0
2383,1,0.9994083642959595,1
2384,0,0.12197615951299667,0
2385,1,0.2795970141887665,0
2386,0,0.00027141792816109955,0
2387,1,0.007919326424598694,0
2388,0,0.2802688777446747,0
2389,1,0.9986592531204224,1
2390,1,0.994830310344696,1
2391,1,0.9999839067459106,1
2392,0,0.001717206323519349,0
2393,1,0.9999545812606812,1
2394,1,0.9999722242355347,1
2395,0,0.11637336015701294,0
2396,0,0.00010098943312186748,0
2397,0,0.015048493631184101,0
2398,0,0.1836802065372467,0
2399,0,0.01908138208091259,0
2400,0,0.010797852650284767,0
2401,1,0.9941354990005493,1
2402,0,0.01987403817474842,0
2403,1,0.9987019300460815,1
2404,0,0.22732678055763245,0
2405,1,0.9997968077659607,1
2406,0,0.010478658601641655,0
2407,0,0.00011300246842438355,0
2408,0,0.1791544258594513,0
2409,1,0.9994206428527832,1
2410,1,0.997021496295929,1
2411,0,0.0013020148035138845,0
2412,0,0.09281481057405472,0
2413,1,0.9336901903152466,1
2414,1,0.9990177154541016,1
2415,0,0.7897322773933411,1
2416,1,0.9858468174934387,1
2417,0,0.6018081903457642,1
2418,0,0.00044447314576245844,0
2419,1,0.39178311824798584,0
2420,1,0.9966408014297485,1
2421,1,0.993137776851654,1
2422,0,0.001377604086883366,0
2423,1,0.9989210367202759,1
2424,1,0.99891197681427,1
2425,1,0.9997653365135193,1
2426,1,0.9994656443595886,1
2427,1,0.46439239382743835,0
2428,1,0.36899179220199585,0
2429,0,0.0028200920205563307,0
2430,0,0.004062370862811804,0
2431,1,0.1647956669330597,0
2432,1,0.7327643036842346,1
2433,0,0.34069275856018066,0
2434,1,0.9982602000236511,1
2435,1,0.9984585046768188,1
2436,1,0.00644572963938117,0
2437,1,0.9939783811569214,1
2438,1,0.9953740239143372,1
2439,0,0.00011660524614853784,0
2440,0,0.0005867788568139076,0
2441,0,0.8916928768157959,1
2442,1,0.9966351389884949,1
2443,1,0.9996452331542969,1
2444,1,0.9951098561286926,1
2445,0,0.02225823886692524,0
2446,0,0.007524616550654173,0
2447,0,0.9542133808135986,1
2448,0,0.05977652594447136,0
2449,1,0.9595822691917419,1
2450,1,0.9637024998664856,1
2451,0,0.10007331520318985,0
2452,1,0.9951568245887756,1
2453,0,0.0010244400473311543,0
2454,0,0.0071281748823821545,0
2455,1,0.9988303780555725,1
2456,0,0.00012747284199576825,0
2457,0,0.0032043822575360537,0
2458,0,0.0819978415966034,0
2459,0,0.0079214321449399,0
2460,1,0.942598283290863,1
2461,1,0.9970963001251221,1
2462,0,0.0020810398273169994,0
2463,1,0.9869256019592285,1
2464,1,0.9999467134475708,1
2465,1,0.9995086193084717,1
2466,1,0.9999445676803589,1
2467,0,0.0004346572095528245,0
2468,0,0.010954528115689754,0
2469,0,0.1378462314605713,0
2470,0,0.00028876608121208847,0
2471,1,0.9998558759689331,1
2472,0,0.004945281893014908,0
2473,0,0.35872721672058105,0
2474,1,0.9997698664665222,1
2475,1,0.36832481622695923,0
2476,0,0.00043877254938706756,0
2477,0,5.438615698949434e-05,0
2478,1,0.9954749941825867,1
2479,0,0.0005057635717093945,0
2480,0,0.00045346227125264704,0
2481,0,0.8745477795600891,1
2482,0,0.004138719290494919,0
2483,1,0.9883596897125244,1
2484,0,0.004101899918168783,0
2485,1,0.9987519979476929,1
2486,1,0.9999033212661743,1
2487,1,0.9985201954841614,1
2488,1,0.993573009967804,1
2489,0,0.15820181369781494,0
2490,1,0.7075444459915161,1
2491,1,0.9970415234565735,1
2492,0,0.0021043650340288877,0
2493,0,0.01700419746339321,0
2494,0,0.002012098440900445,0
2495,1,0.9998776912689209,1
2496,1,0.6764580011367798,1
2497,1,0.7472778558731079,1
2498,1,0.9878132343292236,1
2499,0,0.0002074818912660703,0
2500,0,0.00030867126770317554,0
2501,1,0.9683955311775208,1
2502,0,0.6611378192901611,1
2503,0,0.9672629237174988,1
2504,1,0.9999772310256958,1
2505,1,0.9995366334915161,1
2506,0,0.001994412625208497,0
2507,0,0.00080373469972983,0
2508,1,0.9993417859077454,1
2509,0,0.08109336346387863,0
2510,0,0.0001510881702415645,0
2511,1,0.9959971904754639,1
2512,0,0.340141236782074,0
2513,1,0.9999924898147583,1
2514,1,0.9966897964477539,1
2515,1,0.9734857082366943,1
2516,0,5.6772994867060333e-05,0
2517,0,9.065790800377727e-05,0
2518,1,0.999824583530426,1
2519,1,0.9966158270835876,1
2520,0,0.006876808125525713,0
2521,1,0.46946820616722107,0
2522,1,0.9952097535133362,1
2523,1,0.9988659620285034,1
2524,1,0.4278428256511688,0
2525,1,0.9997963309288025,1
2526,1,0.999785840511322,1
2527,1,0.31248801946640015,0
2528,1,0.9999377727508545,1
2529,1,0.9826099276542664,1
2530,0,0.0026832090225070715,0
2531,1,0.9999042749404907,1
2532,1,0.8958426713943481,1
2533,0,0.00028581725200638175,0
2534,1,0.7110058069229126,1
2535,0,0.0016905368538573384,0
2536,1,0.9949853420257568,1
2537,0,0.8672179579734802,1
2538,1,0.999640703201294,1
2539,1,0.9993102550506592,1
2540,1,0.7875058054924011,1
2541,0,0.7636402249336243,1
2542,1,0.9930644631385803,1
2543,1,0.9960952401161194,1
2544,1,0.9999150037765503,1
2545,0,2.7601312467595562e-05,0
2546,1,0.999762237071991,1
2547,0,0.012755290605127811,0
2548,0,0.00024974870029836893,0
2549,0,0.009042889811098576,0
2550,1,0.9982157945632935,1
2551,0,0.08603522926568985,0
2552,1,0.014858742244541645,0
2553,1,0.9930393099784851,1
2554,0,0.04804037883877754,0
2555,1,0.9988465309143066,1
2556,1,0.9643839597702026,1
2557,0,0.0025298404507339,0
2558,1,0.18251170217990875,0
2559,1,0.9968921542167664,1
2560,1,0.9985533356666565,1
2561,0,0.4119267463684082,0
2562,0,0.24853815138339996,0
2563,0,0.0005459820968098938,0
2564,0,0.2827470600605011,0
2565,0,0.0013083526864647865,0
2566,0,0.030914785340428352,0
2567,0,0.032252296805381775,0
2568,1,0.9993487000465393,1
2569,0,5.920758121646941e-05,0
2570,0,0.21740476787090302,0
2571,0,0.000923178915400058,0
2572,1,0.9999057054519653,1
2573,0,0.013355782255530357,0
2574,1,0.9780271053314209,1
2575,0,0.001002480392344296,0
2576,0,0.0025726929306983948,0
2577,1,0.9970051646232605,1
2578,1,0.9999697208404541,1
2579,1,0.9998986721038818,1
2580,0,0.011407030746340752,0
2581,1,0.9653252363204956,1
2582,0,0.0007791882380843163,0
2583,1,0.999496579170227,1
2584,0,0.06416846811771393,0
2585,1,0.9613018035888672,1
2586,0,0.000246230250922963,0
2587,1,0.9840990304946899,1
2588,1,0.9999768733978271,1
2589,0,0.0001603273703949526,0
2590,0,0.14093570411205292,0
2591,0,0.006636134814471006,0
2592,1,0.9999606609344482,1
2593,0,0.6320518255233765,1
2594,0,0.00023309540119953454,0
2595,1,0.9998321533203125,1
2596,1,0.9999822378158569,1
2597,1,0.9967225193977356,1
2598,1,0.972244143486023,1
2599,1,0.9934112429618835,1
2600,0,0.005578676704317331,0
2601,1,0.9998648166656494,1
2602,0,0.004755603615194559,0
2603,1,0.9956346154212952,1
2604,1,0.0787193775177002,0
2605,1,0.5637315511703491,1
2606,0,0.24165430665016174,0
2607,1,0.9981718063354492,1
2608,0,0.0006374442600645125,0
2609,0,0.26443997025489807,0
2610,1,0.9964236617088318,1
2611,1,0.9985785484313965,1
2612,1,0.9999581575393677,1
2613,1,0.9999185800552368,1
2614,0,0.004524418152868748,0
2615,0,0.00010539981303736567,0
2616,0,0.0553123839199543,0
2617,1,0.8766316771507263,1
2618,0,0.0025686740409582853,0
2619,1,0.12312310934066772,0
2620,1,0.8811838626861572,1
2621,0,0.00019371934467926621,0
2622,0,0.8851975202560425,1
2623,1,0.043673109263181686,0
2624,0,0.016817132011055946,0
2625,1,0.9282253384590149,1
2626,0,0.07546985894441605,0
2627,0,0.06148615479469299,0
2628,0,0.41532638669013977,0
2629,1,0.9978256821632385,1
2630,1,0.9998455047607422,1
2631,1,0.9998741149902344,1
2632,1,0.2666037380695343,0
2633,0,0.0006675982149317861,0
2634,0,0.0010863251518458128,0
2635,0,0.0014863513642922044,0
2636,1,0.9999005794525146,1
2637,1,0.05326377972960472,0
2638,0,0.000465741497464478,0
2639,0,8.442774560535327e-05,0
2640,1,0.9996681213378906,1
2641,0,0.015435939654707909,0
2642,1,0.8167780637741089,1
2643,0,0.0071299271658062935,0
2644,0,0.0023491177707910538,0
2645,0,0.04968592897057533,0
2646,1,0.9997718930244446,1
2647,1,0.9850136637687683,1
2648,1,0.9999831914901733,1
2649,1,0.9987537860870361,1
2650,1,0.9985955357551575,1
2651,0,0.8935756683349609,1
2652,1,0.9998594522476196,1
2653,1,0.987675666809082,1
2654,0,0.41586172580718994,0
2655,1,0.999314546585083,1
2656,1,0.8259444236755371,1
2657,0,0.0009939039591699839,0
2658,0,0.08963701128959656,0
2659,0,0.12201003730297089,0
2660,0,0.0006839209818281233,0
2661,0,0.004449908621609211,0
2662,1,0.9997848868370056,1
2663,0,0.10892099887132645,0
2664,1,0.9444891810417175,1
2665,1,0.9995558857917786,1
2666,1,0.998645007610321,1
2667,0,0.0006076940917409956,0
2668,0,0.0011073605855926871,0
2669,1,0.8984670639038086,1
2670,0,0.001302440301515162,0
2671,0,0.0005224934429861605,0
2672,1,0.9877662658691406,1
2673,1,0.9966322779655457,1
2674,1,0.9999710321426392,1
2675,0,0.07382488250732422,0
2676,1,0.9994605183601379,1
2677,1,0.9992778897285461,1
2678,1,0.9975179433822632,1
2679,1,0.5018506646156311,1
2680,1,0.9978150129318237,1
2681,0,0.002277800813317299,0
2682,0,0.00019167842401657254,0
2683,0,0.0003533314447849989,0
2684,1,0.9987718462944031,1
2685,1,0.9999884366989136,1
2686,0,0.0014971457421779633,0
2687,1,0.9649064540863037,1
2688,0,0.011785466223955154,0
2689,1,0.5919060111045837,1
2690,0,8.091019481071271e-06,0
2691,0,0.3567667007446289,0
2692,0,0.00011070466280216351,0
2693,0,2.3864606191636994e-05,0
2694,1,0.9977249503135681,1
2695,1,0.9975488781929016,1
2696,0,0.03184511512517929,0
2697,1,0.999030590057373,1
2698,0,0.10469546914100647,0
2699,0,0.8530136346817017,1
2700,0,0.014921200461685658,0
2701,0,0.0001969788718270138,0
2702,0,0.007157574873417616,0
2703,0,0.18478797376155853,0
2704,0,0.0011242539621889591,0
2705,1,0.9996383190155029,1
2706,0,0.005887995008379221,0
2707,1,0.9998340606689453,1
2708,0,5.382875315262936e-05,0
2709,1,0.9744709134101868,1
2710,1,0.9507714509963989,1
2711,1,0.8025348782539368,1
2712,1,0.9989705085754395,1
2713,0,0.004850997589528561,0
2714,1,0.9886521697044373,1
2715,1,0.2929135859012604,0
2716,0,0.08805995434522629,0
2717,0,0.0019089982379227877,0
2718,1,0.9998396635055542,1
2719,1,0.9892874956130981,1
2720,1,0.9998711347579956,1
2721,1,0.9993066787719727,1
2722,0,0.0008878920343704522,0
2723,1,0.8492140769958496,1
2724,1,0.8874451518058777,1
2725,0,0.004331421572715044,0
2726,0,0.7012263536453247,1
2727,1,0.9627227783203125,1
2728,0,0.03408283740282059,0
2729,1,0.9111595749855042,1
2730,0,0.0005098794354125857,0
2731,0,0.03481416776776314,0
2732,0,0.0007918390328995883,0
2733,0,0.11666063219308853,0
2734,1,0.9993802309036255,1
2735,0,0.1932738870382309,0
2736,1,0.9991058707237244,1
2737,0,0.0005473670898936689,0
2738,0,3.451232987572439e-05,0
2739,1,0.9928641319274902,1
2740,0,0.12663394212722778,0
2741,0,0.003912674728780985,0
2742,1,0.9998076558113098,1
2743,1,0.999970555305481,1
2744,0,0.09451287239789963,0
2745,1,0.9888968467712402,1
2746,1,0.9667761921882629,1
2747,0,0.00012373084609862417,0
2748,0,0.00011120203998871148,0
2749,1,0.9995864033699036,1
2750,1,0.9975759387016296,1
2751,0,0.18418678641319275,0
2752,0,0.431784451007843,0
2753,0,0.0014942430425435305,0
2754,0,0.32775771617889404,0
2755,1,0.9869846105575562,1
2756,1,0.9986826777458191,1
2757,1,0.7650423049926758,1
2758,0,0.0004905718378722668,0
2759,1,0.02727506496012211,0
2760,1,0.9999948740005493,1
2761,1,0.9985767602920532,1
2762,1,0.9973726272583008,1
2763,1,0.99506014585495,1
2764,1,0.9984436631202698,1
2765,1,0.9999732971191406,1
2766,0,0.02200147695839405,0
2767,1,0.9801698327064514,1
2768,1,0.9999297857284546,1
2769,0,0.00031330506317317486,0
2770,1,0.9998207688331604,1
2771,0,0.0072109280154109,0
2772,0,0.00025886090588755906,0
2773,1,0.0006860338035039604,0
2774,1,0.8773195147514343,1
2775,1,0.998803973197937,1
2776,0,0.7235949039459229,1
2777,1,0.9996786117553711,1
2778,1,0.9946184754371643,1
2779,0,0.7355742454528809,1
2780,0,0.000904903223272413,0
2781,0,0.008134556002914906,0
2782,1,0.9999465942382812,1
2783,0,0.9173532128334045,1
2784,0,0.0037056715227663517,0
2785,0,0.0005078751710243523,0
2786,1,0.9999003410339355,1
2787,1,0.9935927987098694,1
2788,0,0.0019567159470170736,0
2789,1,0.9638957381248474,1
2790,0,0.0006888768984936178,0
2791,1,0.9973219037055969,1
2792,0,0.010052069090306759,0
2793,1,0.9991907477378845,1
2794,0,0.015072846785187721,0
2795,1,0.9997311234474182,1
2796,0,7.55695000407286e-05,0
2797,0,0.009334743954241276,0
2798,1,0.9984681010246277,1
2799,0,0.0006254796171560884,0
2800,1,0.9961835741996765,1
2801,1,0.9966142773628235,1
2802,1,0.9940510392189026,1
2803,0,0.6556932926177979,1
2804,1,0.9369896650314331,1
2805,0,0.11080984026193619,0
2806,0,0.001264940481632948,0
2807,0,0.005611736327409744,0
2808,1,0.9966974258422852,1
2809,1,0.9989989399909973,1
2810,1,0.9940359592437744,1
2811,1,0.9985517859458923,1
2812,0,0.00682723568752408,0
2813,1,0.020220473408699036,0
2814,0,0.0006267165881581604,0
2815,1,0.14730866253376007,0
2816,1,0.9495688676834106,1
2817,1,0.9971146583557129,1
2818,1,0.9950056672096252,1
2819,0,0.011513428762555122,0
2820,1,0.8643900156021118,1
2821,0,0.014813614077866077,0
2822,0,0.005398830398917198,0
2823,1,0.9517161846160889,1
2824,1,0.8500726819038391,1
2825,1,0.9992697834968567,1
2826,0,0.017838167026638985,0
2827,1,0.997933030128479,1
2828,1,0.9999608993530273,1
2829,1,0.9964504241943359,1
2830,0,0.058687880635261536,0
2831,0,0.022826310247182846,0
2832,1,0.9710841178894043,1
2833,1,0.9760579466819763,1
2834,1,0.9997701048851013,1
2835,0,0.03415454179048538,0
2836,0,0.004887903109192848,0
2837,1,0.9999312162399292,1
2838,0,0.008167597465217113,0
2839,0,0.0029750510584563017,0
2840,1,0.9838175773620605,1
2841,1,0.9998929500579834,1
2842,0,0.00029199908021837473,0
2843,0,0.004154113121330738,0
2844,1,0.7659432291984558,1
2845,0,0.0028912315610796213,0
2846,1,0.9998636245727539,1
2847,0,0.04872884228825569,0
2848,0,0.03272871673107147,0
2849,0,0.02851705253124237,0
2850,0,0.0001429713738616556,0
2851,1,0.9009099006652832,1
2852,1,0.9995707869529724,1
2853,1,0.9816442131996155,1
2854,0,0.00025250649196095765,0
2855,1,0.9974662065505981,1
2856,0,0.0853487104177475,0
2857,1,0.9981576800346375,1
2858,1,0.9225853085517883,1
2859,0,0.9992382526397705,1
2860,1,0.9981645941734314,1
2861,0,0.007722928654402494,0
2862,0,0.004787147976458073,0
2863,1,0.8276886343955994,1
2864,1,0.9521390795707703,1
2865,0,0.001668022945523262,0
2866,1,0.9997194409370422,1
2867,0,0.0005414588376879692,0
2868,0,0.004851421341300011,0
2869,1,0.9999798536300659,1
2870,1,0.9995423555374146,1
2871,1,0.9977123737335205,1
2872,1,0.8274465799331665,1
2873,1,0.9996033310890198,1
2874,0,0.06281505525112152,0
2875,1,0.9995724558830261,1
2876,0,0.032726388424634933,0
2877,0,0.009635563008487225,0
2878,0,0.001304277335293591,0
2879,1,0.9992420673370361,1
2880,1,0.9987626075744629,1
2881,1,0.9003439545631409,1
2882,1,0.9986108541488647,1
2883,1,0.8717416524887085,1
2884,0,0.0007992118480615318,0
2885,1,0.9919428825378418,1
2886,0,0.0006185430102050304,0
2887,1,0.9908273816108704,1
2888,1,0.9950280785560608,1
2889,0,0.0044139716774225235,0
2890,0,0.06604064255952835,0
2891,0,0.0002760299830697477,0
2892,0,0.0013403203338384628,0
2893,1,0.9956804513931274,1
2894,1,0.9913153648376465,1
2895,1,0.7753735184669495,1
2896,1,0.9999868869781494,1
2897,1,0.9703004956245422,1
2898,1,0.9879962801933289,1
2899,1,0.9525118470191956,1
2900,0,0.1222567930817604,0
2901,1,0.9597868323326111,1
2902,0,0.0002207399666076526,0
2903,0,0.029991790652275085,0
2904,1,0.6642650961875916,1
2905,0,0.07340584695339203,0
2906,1,0.9999593496322632,1
2907,1,0.9880855083465576,1
2908,0,0.04363640397787094,0
2909,1,0.9545401930809021,1
2910,0,0.005554563831537962,0
2911,1,0.9391895532608032,1
2912,0,0.0316556841135025,0
2913,0,0.36364084482192993,0
2914,1,0.9995875954627991,1
2915,1,0.9998663663864136,1
2916,0,0.18453267216682434,0
2917,1,0.9991044402122498,1
2918,0,0.9481103420257568,1
2919,1,0.9996887445449829,1
2920,0,0.007257117889821529,0
2921,1,0.23827281594276428,0
2922,1,0.9986875653266907,1
2923,1,0.9999407529830933,1
2924,0,0.00107394193764776,0
2925,0,0.014615978114306927,0
2926,0,0.026428425684571266,0
2927,0,0.003304916899651289,0
2928,1,0.9522677063941956,1
2929,1,0.9980525970458984,1
2930,0,0.9849875569343567,1
2931,0,0.030668245628476143,0
2932,0,0.025017132982611656,0
2933,1,0.999921441078186,1
2934,1,0.9930310845375061,1
2935,0,0.0022148832213133574,0
2936,0,0.012982680462300777,0
2937,1,0.9745921492576599,1
2938,1,0.9226219654083252,1
2939,1,0.9992838501930237,1
2940,0,0.0078263645991683,0
2941,1,0.9766156673431396,1
2942,1,0.8689373135566711,1
2943,0,0.00445933174341917,0
2944,1,0.9922836422920227,1
2945,1,0.08952224254608154,0
2946,0,0.0023269907105714083,0
2947,0,0.005649888422340155,0
2948,0,0.0007934485329315066,0
2949,1,0.9999114274978638,1
2950,1,0.99430251121521,1
2951,0,0.005634479224681854,0
2952,0,0.9971511960029602,1
2953,1,0.924712061882019,1
2954,1,0.9998263716697693,1
2955,1,0.9861323833465576,1
2956,0,0.0007706804317422211,0
2957,0,0.0008705075597390532,0
2958,1,0.9923112988471985,1
2959,0,0.0037782408762723207,0
2960,1,0.9980851411819458,1
2961,0,0.0018106151837855577,0
2962,1,0.9998617172241211,1
2963,1,0.9757299423217773,1
2964,1,0.9999662637710571,1
2965,1,0.9997147917747498,1
2966,1,0.9909771680831909,1
2967,1,0.9995835423469543,1
2968,0,0.01920422911643982,0
2969,1,0.3840746283531189,0
2970,1,0.9997660517692566,1
2971,0,0.10047801584005356,0
2972,1,0.9996520280838013,1
2973,0,0.0182922575622797,0
2974,0,0.030668161809444427,0
2975,1,0.9994820952415466,1
2976,1,0.9468804597854614,1
2977,0,0.9500008225440979,1
2978,1,0.9976134300231934,1
2979,1,0.9999686479568481,1
2980,1,0.9999805688858032,1
2981,0,0.0003493130498100072,0
2982,1,0.9987402558326721,1
2983,0,0.5142357349395752,1
2984,0,0.00011353212903486565,0
2985,1,0.9993090629577637,1
2986,1,0.9987737536430359,1
2987,0,0.23702594637870789,0
2988,1,0.9988184571266174,1
2989,0,0.0016200437676161528,0
2990,0,5.3615120123140514e-05,0
2991,1,0.9889348149299622,1
2992,1,0.9999558925628662,1
2993,1,0.9981293082237244,1
2994,0,0.015180998481810093,0
2995,1,0.999015212059021,1
2996,0,0.07567082345485687,0
2997,1,0.9994649291038513,1
2998,0,0.00025481198099441826,0
2999,0,0.00795746874064207,0
3000,0,0.12369075417518616,0
3001,1,0.9997417330741882,1
3002,0,0.00838310457766056,0
3003,1,0.999758780002594,1
3004,0,0.8410536050796509,1
3005,0,0.00018675012688618153,0
3006,0,0.0007567580323666334,0
3007,0,0.003601215546950698,0
3008,0,0.37448132038116455,0
3009,1,0.9549209475517273,1
3010,1,0.9980207681655884,1
3011,0,0.3404576778411865,0
3012,1,0.9931203126907349,1
3013,1,0.8522428274154663,1
3014,1,0.8085302710533142,1
3015,0,0.0003763026907108724,0
3016,1,0.8139949440956116,1
3017,1,0.998854398727417,1
3018,0,0.00012391550990287215,0
3019,1,0.9998062252998352,1
3020,0,0.13632871210575104,0
3021,0,0.19800235331058502,0
3022,1,0.6211203336715698,1
3023,0,0.1114979013800621,0
3024,1,0.847643256187439,1
3025,1,0.9935837388038635,1
3026,1,0.9885544180870056,1
3027,1,0.9967468976974487,1
3028,0,0.928695797920227,1
3029,1,0.9978294968605042,1
3030,0,0.001231172471307218,0
3031,0,0.2873184382915497,0
3032,0,0.034938663244247437,0
3033,0,0.0003813022922258824,0
3034,0,0.0005467765731737018,0
3035,0,0.03232267126441002,0
3036,1,0.8625122904777527,1
3037,0,0.00017627287888899446,0
3038,0,0.012573210522532463,0
3039,0,0.12561385333538055,0
3040,1,0.9997195601463318,1
3041,0,0.0007766825146973133,0
3042,1,0.9960536956787109,1
3043,0,0.0012029599165543914,0
3044,0,0.0007388438680209219,0
3045,1,0.9997753500938416,1
3046,0,0.006231330335140228,0
3047,0,0.002233153907582164,0
3048,0,0.008484220132231712,0
3049,0,0.11496689170598984,0
3050,0,0.004170624539256096,0
3051,0,0.0030678105540573597,0
3052,1,0.9987924098968506,1
3053,1,0.9978197813034058,1
3054,0,0.07410822063684464,0
3055,0,0.029221311211586,0
3056,1,0.9967789053916931,1
3057,0,0.0003404226736165583,0
3058,0,0.06966429948806763,0
3059,1,0.9998732805252075,1
3060,1,0.9321344494819641,1
3061,1,0.999117910861969,1
3062,1,0.9826850295066833,1
3063,1,0.9996429681777954,1
3064,0,0.9509148001670837,1
3065,1,0.9998457431793213,1
3066,0,0.0010501581709831953,0
3067,0,0.01682101935148239,0
3068,1,0.9996232986450195,1
3069,0,0.00016137183411046863,0
3070,0,0.006064849905669689,0
3071,0,0.00018594737048260868,0
3072,0,0.0019769894424825907,0
3073,1,0.9989804625511169,1
3074,0,0.00022055166482459754,0
3075,1,0.7517567276954651,1
3076,1,0.9987748265266418,1
3077,1,0.9999469518661499,1
3078,1,0.8776521682739258,1
3079,0,0.00027888582553714514,0
3080,0,0.07766135782003403,0
3081,0,0.0025167143903672695,0
3082,1,0.8371133208274841,1
3083,0,0.02399141527712345,0
3084,1,0.9995201826095581,1
3085,1,0.9996403455734253,1
3086,1,0.9813738465309143,1
3087,1,0.9974272847175598,1
3088,0,0.002428579144179821,0
3089,0,0.00031766347819939256,0
3090,1,0.8371869921684265,1
3091,1,0.9997426867485046,1
3092,0,0.017326809465885162,0
3093,1,0.9663054943084717,1
3094,1,0.9455548524856567,1
3095,1,0.9998099207878113,1
3096,1,0.99973064661026,1
3097,0,0.01383706834167242,0
3098,1,0.9991851449012756,1
3099,0,0.009964139200747013,0
3100,1,0.9999470710754395,1
3101,1,0.9984195232391357,1
3102,0,0.7192322015762329,1
3103,0,0.04699718952178955,0
3104,1,0.9130380153656006,1
3105,1,0.8529213666915894,1
3106,1,0.9981743097305298,1
3107,1,0.9644861817359924,1
3108,0,1.0912876859947573e-05,0
3109,0,0.0020374127198010683,0
3110,0,0.002024067100137472,0
3111,1,0.9998743534088135,1
3112,0,0.04844916611909866,0
3113,1,0.96026211977005,1
3114,1,0.9999632835388184,1
3115,1,0.947490394115448,1
3116,1,0.9980923533439636,1
3117,0,0.0009761019609868526,0
3118,0,0.012060737237334251,0
3119,0,0.00013485844829119742,0
3120,0,0.0033222176134586334,0
3121,0,0.2682802379131317,0
3122,0,0.2291731983423233,0
3123,1,0.9412358999252319,1
3124,0,8.146966138156131e-05,0
3125,1,0.9966597557067871,1
3126,0,2.867193143174518e-05,0
3127,0,0.06526465713977814,0
3128,0,0.0022946400567889214,0
3129,0,0.0038925944827497005,0
3130,0,4.092961535206996e-05,0
3131,0,0.0018171092960983515,0
3132,0,0.0015453736996278167,0
3133,0,0.00040096603333950043,0
3134,1,0.9959491491317749,1
3135,0,0.021335119381546974,0
3136,1,0.9991476535797119,1
3137,0,0.282344788312912,0
3138,1,0.9995482563972473,1
3139,0,0.005000163335353136,0
3140,0,0.14278927445411682,0
3141,0,0.5587671399116516,1
3142,0,0.008557278662919998,0
3143,0,0.0005519039114005864,0
3144,0,0.016021380200982094,0
3145,1,0.999581515789032,1
3146,1,0.9959775805473328,1
3147,0,0.004957994911819696,0
3148,1,0.9998842477798462,1
3149,0,3.651807855931111e-05,0
3150,0,0.005487020593136549,0
3151,1,0.8006228804588318,1
3152,1,0.9959391355514526,1
3153,0,0.0001350524980807677,0
3154,0,0.41874459385871887,0
3155,1,0.9769245386123657,1
3156,1,0.9894452691078186,1
3157,0,0.03553972765803337,0
3158,1,0.9998277425765991,1
3159,0,4.750374955619918e-06,0
3160,1,0.987949013710022,1
3161,0,3.0453691579168662e-05,0
3162,0,0.012687400914728642,0
3163,0,0.0014667914947494864,0
3164,0,0.09325389564037323,0
3165,1,0.439727783203125,0
3166,1,0.9999608993530273,1
3167,1,0.9999226331710815,1
3168,0,0.015139940194785595,0
3169,0,0.1406629979610443,0
3170,1,0.9991335272789001,1
3171,1,0.9995198249816895,1
3172,0,0.19851726293563843,0
3173,0,0.12264594435691833,0
3174,0,0.24909695982933044,0
3175,0,0.002229823498055339,0
3176,0,0.0009240919025614858,0
3177,1,0.9991703033447266,1
3178,0,0.9671664834022522,1
3179,0,0.49448221921920776,0
3180,0,0.23079687356948853,0
3181,0,6.357382517307997e-05,0
3182,1,0.9999563694000244,1
3183,0,0.001642004819586873,0
3184,0,0.0032561172265559435,0
3185,1,0.8582478761672974,1
3186,0,0.5907891988754272,1
3187,1,0.9963094592094421,1
3188,1,0.9990231990814209,1
3189,1,0.9964972138404846,1
3190,1,0.9962510466575623,1
3191,1,0.9982659220695496,1
3192,0,0.003966319840401411,0
3193,0,0.11330929398536682,0
3194,1,0.9961842894554138,1
3195,1,0.9733139872550964,1
3196,0,0.009782729670405388,0
3197,0,0.9724009037017822,1
3198,1,0.9990614056587219,1
3199,0,0.0023931977339088917,0
3200,0,0.0011774954618886113,0
3201,0,2.684823084564414e-05,0
3202,1,0.9997172951698303,1
3203,1,0.9998869895935059,1
3204,0,0.003202427178621292,0
3205,0,0.16261284053325653,0
3206,0,0.014550491236150265,0
3207,1,0.9693288803100586,1
3208,1,0.9714175462722778,1
3209,0,0.0005589898210018873,0
3210,1,0.998497724533081,1
3211,1,0.5007061958312988,1
3212,1,0.9993345141410828,1
3213,1,0.9999574422836304,1
3214,0,0.7244201898574829,1
3215,1,0.9998911619186401,1
3216,0,0.001295893918722868,0
3217,0,0.0001722912274999544,0
3218,1,0.9995751976966858,1
3219,0,0.007527123671025038,0
3220,1,0.9983822107315063,1
3221,0,0.04613719508051872,0
3222,1,0.9970188140869141,1
3223,0,0.00010233381181024015,0
3224,0,0.7560493350028992,1
3225,1,0.8975245952606201,1
3226,1,0.9993574023246765,1
3227,1,0.9999327659606934,1
3228,0,0.0019139205105602741,0
3229,0,0.0024998984299600124,0
3230,1,0.9621226787567139,1
3231,0,0.010691029019653797,0
3232,1,0.9985291957855225,1
3233,0,0.0008749702828936279,0
3234,0,0.06268933415412903,0
3235,0,0.04946637153625488,0
3236,0,4.9660284275887534e-05,0
3237,1,0.9976292252540588,1
3238,1,0.9813790321350098,1
3239,1,0.9982038736343384,1
3240,1,0.9997324347496033,1
3241,0,0.00026834465097635984,0
3242,0,0.42418909072875977,0
3243,0,0.5089274644851685,1
3244,1,0.9994839429855347,1
3245,0,0.0002595556143205613,0
3246,0,0.06245313212275505,0
3247,1,0.99642014503479,1
3248,1,0.9986714124679565,1
3249,0,0.00479091564193368,0
3250,0,0.010021458379924297,0
3251,1,0.9997435212135315,1
3252,0,0.8023319840431213,1
3253,1,0.9978164434432983,1
3254,1,0.9999245405197144,1
3255,1,0.9966367483139038,1
3256,1,0.9580603837966919,1
3257,0,0.0009084074990823865,0
3258,0,0.37171775102615356,0
3259,1,0.9353621006011963,1
3260,0,0.06418070942163467,0
3261,0,0.01903662458062172,0
3262,0,0.006874762941151857,0
3263,0,0.0016108088893815875,0
3264,0,0.0014362465590238571,0
3265,0,4.0646253182785586e-05,0
3266,0,0.00033594033448025584,0
3267,0,0.0020778437610715628,0
3268,0,0.0003646573459263891,0
3269,1,0.9239668250083923,1
3270,0,0.02214270643889904,0
3271,0,0.7359562516212463,1
3272,0,0.005959331523627043,0
3273,0,0.00046996574383229017,0
3274,1,0.9999719858169556,1
3275,0,0.19700345396995544,0
3276,0,0.000987125327810645,0
3277,0,0.0016768442001193762,0
3278,1,0.9983311295509338,1
3279,0,0.07277707010507584,0
3280,1,0.9999500513076782,1
3281,0,0.013954470865428448,0
3282,1,0.9887891411781311,1
3283,0,0.004730820190161467,0
3284,0,0.0012828502804040909,0
3285,0,0.007704442832618952,0
3286,0,0.00013892952119931579,0
3287,1,0.9999369382858276,1
3288,0,0.8172836899757385,1
3289,0,0.0010874210856854916,0
3290,0,0.00422461936250329,0
3291,1,0.9998633861541748,1
3292,0,0.001467615831643343,0
3293,1,0.9997830986976624,1
3294,1,0.9779698848724365,1
3295,1,0.9999666213989258,1
3296,1,0.9998389482498169,1
3297,0,0.0001769147493178025,0
3298,0,0.009679770097136497,0
3299,1,0.9989768266677856,1
3300,0,0.0009366454905830324,0
3301,0,0.001085731782950461,0
3302,1,0.9066755771636963,1
3303,0,0.005265713203698397,0
3304,0,0.0002809364232234657,0
3305,0,0.001500637037679553,0
3306,1,0.999975323677063,1
3307,1,0.7183023691177368,1
3308,0,0.0036144088953733444,0
3309,1,0.9988201260566711,1
3310,1,0.9999779462814331,1
3311,1,0.9889933466911316,1
3312,1,0.9943566918373108,1
3313,0,0.014479954726994038,0
3314,1,0.4471254348754883,0
3315,0,0.00015557075676042587,0
3316,1,0.9951404333114624,1
3317,1,0.999815046787262,1
3318,0,0.028304124251008034,0
3319,0,0.004684289917349815,0
3320,0,0.023918209597468376,0
3321,0,0.927796483039856,1
3322,0,0.0026512090116739273,0
3323,1,0.9487175345420837,1
3324,1,0.9557225108146667,1
3325,0,0.0017444039694964886,0
3326,0,0.016251223161816597,0
3327,0,0.005988935939967632,0
3328,1,0.9995937943458557,1
3329,0,0.7112779021263123,1
3330,0,0.003021349897608161,0
3331,1,0.9949237704277039,1
3332,1,0.5298330187797546,1
3333,1,0.9298174977302551,1
3334,1,0.9970906972885132,1
3335,1,0.8545107245445251,1
3336,0,0.002819372108206153,0
3337,1,0.9747939705848694,1
3338,0,0.14227718114852905,0
3339,1,0.9995241165161133,1
3340,0,0.0010321519803255796,0
3341,0,0.0021338521037250757,0
3342,0,0.0022899725008755922,0
3343,1,0.9980409741401672,1
3344,1,0.5875935554504395,1
3345,1,0.7446319460868835,1
3346,0,0.0032446770928800106,0
3347,0,0.00102671526838094,0
3348,0,0.0010303991148248315,0
3349,1,0.9769375324249268,1
3350,1,0.997389018535614,1
3351,1,0.9971796274185181,1
3352,1,0.9818280339241028,1
3353,1,0.9970787763595581,1
3354,0,0.0035290950909256935,0
3355,0,0.07287700474262238,0
3356,1,0.9981789588928223,1
3357,1,0.9880071878433228,1
3358,0,0.3051953911781311,0
3359,1,0.9966405630111694,1
3360,0,0.00021380862744990736,0
3361,0,0.0005882097175344825,0
3362,1,0.9912793040275574,1
3363,1,0.9999004602432251,1
3364,0,0.6571267247200012,1
3365,0,0.025594007223844528,0
3366,1,0.11148941516876221,0
3367,0,0.2543310225009918,0
3368,0,0.0033338177017867565,0
3369,0,0.02401275746524334,0
3370,0,0.8985763192176819,1
3371,0,0.002364369807764888,0
3372,0,0.0054338788613677025,0
3373,1,0.985017716884613,1
3374,1,0.9998544454574585,1
3375,1,0.9990476965904236,1
3376,1,0.8102535009384155,1
3377,1,0.9294332265853882,1
3378,1,0.6103787422180176,1
3379,0,0.002252703532576561,0
3380,0,0.03839072585105896,0
3381,1,0.9796579480171204,1
3382,1,0.8981349468231201,1
3383,0,0.0016937281470745802,0
3384,1,0.9835397005081177,1
3385,1,0.9997113347053528,1
3386,0,0.00015055763651616871,0
3387,1,0.983331561088562,1
3388,0,0.00013627235603053123,0
3389,0,0.0036235288716852665,0
3390,0,0.005947033874690533,0
3391,1,0.9989722967147827,1
3392,0,0.5668596029281616,1
3393,0,1.8197546523879282e-05,0
3394,1,0.9988952875137329,1
3395,0,0.0002199546288466081,0
3396,0,0.0005610213847830892,0
3397,0,0.623363733291626,1
3398,1,0.9355247616767883,1
3399,1,0.9470897912979126,1
3400,0,0.0002675126597750932,0
3401,1,0.999842643737793,1
3402,1,0.9918763637542725,1
3403,0,0.09816519916057587,0
3404,1,0.9455341696739197,1
3405,0,0.0013208871241658926,0
3406,1,0.9904122948646545,1
3407,1,0.7657327651977539,1
3408,1,0.9601078033447266,1
3409,0,0.011231521144509315,0
3410,1,0.9045317769050598,1
3411,0,0.003368504112586379,0
3412,0,0.0007232483476400375,0
3413,0,0.0006881996523588896,0
3414,1,0.9984410405158997,1
3415,1,0.9994636178016663,1
3416,1,0.9293301701545715,1
3417,0,0.9856422543525696,1
3418,0,0.5973592400550842,1
3419,0,0.004177073482424021,0
3420,0,0.00024561386089771986,0
3421,0,0.005725583992898464,0
3422,0,3.611743522924371e-05,0
3423,1,0.9996236562728882,1
3424,1,0.010539837181568146,0
3425,0,2.1251215002848767e-05,0
3426,1,0.9554650783538818,1
3427,1,0.7138872742652893,1
3428,1,0.998660683631897,1
3429,1,0.9833322763442993,1
3430,0,0.011898870579898357,0
3431,1,0.9989944100379944,1
3432,1,0.9996716976165771,1
3433,0,0.0005253286799415946,0
3434,0,0.0005667166551575065,0
3435,0,0.008310939185321331,0
3436,0,0.00022005720529705286,0
3437,1,0.9952918291091919,1
3438,0,0.01198124885559082,0
3439,1,0.9982813596725464,1
3440,0,0.0005972866783849895,0
3441,1,0.9687906503677368,1
3442,1,0.947902262210846,1
3443,1,0.8416751027107239,1
3444,0,0.034190062433481216,0
3445,1,0.6880236268043518,1
3446,1,0.99937504529953,1
3447,1,0.9453840255737305,1
3448,1,0.9979117512702942,1
3449,0,0.001304536359384656,0
3450,1,0.9994460940361023,1
3451,1,0.9962310194969177,1
3452,0,0.0017354043666273355,0
3453,0,0.01184113509953022,0
3454,0,0.002363126026466489,0
3455,0,0.005399196874350309,0
3456,1,0.9970588684082031,1
3457,0,0.03421207517385483,0
3458,0,0.00467165419831872,0
3459,1,0.9960060715675354,1
3460,0,0.036201220005750656,0
3461,1,0.2527368664741516,0
3462,1,0.9947128891944885,1
3463,1,0.9992904663085938,1
3464,1,0.10282155871391296,0
3465,1,0.8986206650733948,1
3466,1,0.9994716048240662,1
3467,0,0.15074442327022552,0
3468,0,0.019335949793457985,0
3469,0,0.9114322066307068,1
3470,0,0.03524259477853775,0
3471,1,0.9997544884681702,1
3472,1,0.6250030994415283,1
3473,0,0.0005312916473485529,0
3474,0,0.007549605797976255,0
3475,0,0.004865613766014576,0
3476,0,0.009906118735671043,0
3477,0,0.013045582920312881,0
3478,1,0.9983590245246887,1
3479,0,0.008986124768853188,0
3480,0,0.1438652127981186,0
3481,0,0.000342893588822335,0
3482,1,0.9999681711196899,1
3483,0,1.7580061467015184e-05,0
3484,0,0.03806832432746887,0
3485,1,0.967032790184021,1
3486,0,0.002138839103281498,0
3487,0,0.0020914068445563316,0
3488,0,0.014354797080159187,0
3489,0,0.00022889066895004362,0
3490,0,0.0016100590582937002,0
3491,0,0.013503681868314743,0
3492,1,0.9997518658638,1
3493,1,0.9981741905212402,1
3494,0,0.14693142473697662,0
3495,1,0.5859756469726562,1
3496,0,0.0023805696982890368,0
3497,0,0.4598999321460724,0
3498,1,0.997032642364502,1
3499,0,0.05157233402132988,0
3500,1,0.9877405762672424,1
3501,0,0.0010409237584099174,0
3502,0,0.000555992650333792,0
3503,1,0.9999657869338989,1
3504,1,0.9994698166847229,1
3505,0,0.0001695951505098492,0
3506,0,0.08977488428354263,0
3507,0,0.06082529202103615,0
3508,1,0.9689515829086304,1
3509,0,1.2615172636287753e-05,0
3510,1,0.9992699027061462,1
3511,0,0.0004973993054591119,0
3512,1,0.9992469549179077,1
3513,1,0.9985494017601013,1
3514,1,0.9991036057472229,1
3515,1,0.997692346572876,1
3516,0,0.006038426421582699,0
3517,0,0.0013332284288480878,0
3518,1,0.9627724289894104,1
3519,1,0.9999176263809204,1
3520,0,0.0017584178131073713,0
3521,1,0.9959314465522766,1
3522,0,0.00011292641283944249,0
3523,1,0.9998432397842407,1
3524,1,0.9999579191207886,1
3525,0,0.06708704680204391,0
3526,1,0.9976367950439453,1
3527,0,0.00020795821910724044,0
3528,0,0.03166472539305687,0
3529,1,0.9995118379592896,1
3530,0,0.00010355368431191891,0
3531,1,0.9593648910522461,1
3532,1,0.9999812841415405,1
3533,1,0.9448505640029907,1
3534,1,0.957642674446106,1
3535,0,0.00017000397201627493,0
3536,0,0.00048194461851380765,0
3537,0,0.00016392578254453838,0
3538,1,0.9999512434005737,1
3539,0,0.524067223072052,1
3540,1,0.9979999661445618,1
3541,0,0.0023913918994367123,0
3542,0,0.00031490655965171754,0
3543,1,0.9930965304374695,1
3544,0,0.004314659163355827,0
3545,0,0.0021119103766977787,0
3546,0,0.00014877135981805623,0
3547,0,0.01195922214537859,0
3548,0,5.498519749380648e-05,0
3549,0,2.231813414255157e-05,0
3550,1,0.9954338669776917,1
3551,0,0.37414559721946716,0
3552,0,0.002566711511462927,0
3553,0,0.15822617709636688,0
3554,1,0.9994165897369385,1
3555,0,0.00026573019567877054,0
3556,1,0.9984065890312195,1
3557,0,0.0028691510669887066,0
3558,0,0.00039997894782572985,0
3559,0,0.9676340222358704,1
3560,1,0.999966025352478,1
3561,0,0.003919005859643221,0
3562,1,0.0008059507235884666,0
3563,0,0.002923727734014392,0
3564,0,0.6143816709518433,1
3565,0,0.001106606563553214,0
3566,1,0.9334758520126343,1
3567,1,0.9999573230743408,1
3568,1,0.2842733860015869,0
3569,0,0.0005483597633428872,0
3570,0,0.05207737535238266,0
3571,1,0.8829885125160217,1
3572,0,0.003818792523816228,0
3573,0,1.5493267710553482e-05,0
3574,0,0.0001105412666220218,0
3575,1,0.7400937080383301,1
3576,0,0.002745040226727724,0
3577,0,0.0007281631114892662,0
3578,1,0.9780650734901428,1
3579,1,0.9965747594833374,1
3580,1,0.9950345754623413,1
3581,0,0.0005710250115953386,0
3582,1,0.995887815952301,1
3583,0,0.004900461994111538,0
3584,0,0.8660494089126587,1
3585,0,0.0005422361427918077,0
3586,1,0.9986936450004578,1
3587,0,0.002802314003929496,0
3588,0,0.12911386787891388,0
3589,1,0.36554816365242004,0
3590,1,0.9987558126449585,1
3591,1,0.5378941297531128,1
3592,0,0.0008835714543238282,0
3593,0,0.0002561079745646566,0
3594,1,0.9987130165100098,1
3595,1,0.7851628661155701,1
3596,0,0.9908343553543091,1
3597,0,0.0031638897489756346,0
3598,0,0.0005556429969146848,0
3599,1,0.6649372577667236,1
3600,1,0.9999706745147705,1
3601,1,0.3293074667453766,0
3602,0,0.0021817092783749104,0
3603,1,0.9974589943885803,1
3604,1,0.9997183680534363,1
3605,1,0.9996017813682556,1
3606,1,0.999559223651886,1
3607,1,0.9986668825149536,1
3608,0,0.0034091256093233824,0
3609,0,0.0006172580178827047,0
3610,0,0.005432580132037401,0
3611,0,0.08197924494743347,0
3612,1,0.9884613752365112,1
3613,1,0.9999551773071289,1
3614,1,0.9848772287368774,1
3615,0,0.9722621440887451,1
3616,1,0.18707561492919922,0
3617,0,0.002343256026506424,0
3618,0,0.6793332695960999,1
3619,1,0.9851046204566956,1
3620,1,0.9870304465293884,1
3621,1,0.9996715784072876,1
3622,1,0.9998120665550232,1
3623,1,0.07319159060716629,0
3624,1,0.9787459969520569,1
3625,0,0.3336399495601654,0
3626,1,0.9997597336769104,1
3627,0,0.0016024275682866573,0
3628,1,0.9976918697357178,1
3629,1,0.9537565112113953,1
3630,1,0.950790286064148,1
3631,0,0.005191280972212553,0
3632,1,0.997017502784729,1
3633,0,0.0008716612937860191,0
3634,1,0.9535693526268005,1
3635,1,0.9911921620368958,1
3636,0,0.8346049785614014,1
3637,0,0.0006955339340493083,0
3638,1,0.920400857925415,1
3639,0,0.0003389737685211003,0
3640,1,0.9992861151695251,1
3641,0,0.0012425724416971207,0
3642,0,0.005712184589356184,0
3643,0,0.006633950397372246,0
3644,0,0.9764003753662109,1
3645,0,0.0021514343097805977,0
3646,0,0.002659252844750881,0
3647,1,0.31701070070266724,0
3648,0,0.007432529237121344,0
3649,0,0.0011339378543198109,0
3650,1,0.9905080795288086,1
3651,1,0.9999897480010986,1
3652,0,0.0006459339056164026,0
3653,0,0.01476991269737482,0
3654,1,0.9999749660491943,1
3655,0,0.0034948955290019512,0
3656,0,0.00026714077102951705,0
3657,0,0.006608474068343639,0
3658,0,0.0016916170716285706,0
3659,1,0.013736201450228691,0
3660,1,0.9931333661079407,1
3661,0,0.004894046112895012,0
3662,0,0.13556161522865295,0
3663,0,0.0002701531338971108,0
3664,1,0.9965655207633972,1
3665,1,0.9882044792175293,1
3666,1,0.3670566976070404,0
3667,1,0.9984157085418701,1
3668,1,0.9997546076774597,1
3669,1,0.7205567359924316,1
3670,1,0.9999778270721436,1
3671,1,0.4764493703842163,0
3672,1,0.884852409362793,1
3673,1,0.9737231135368347,1
3674,0,0.0007850380497984588,0
3675,1,0.9999911785125732,1
3676,1,0.9996802806854248,1
3677,1,0.995475709438324,1
3678,1,0.9983093738555908,1
3679,1,0.9998980760574341,1
3680,0,0.006605751812458038,0
3681,0,0.04941251128911972,0
3682,0,0.0006543700583279133,0
3683,1,0.9962140917778015,1
3684,0,0.0002191708335885778,0
3685,1,0.9867397546768188,1
3686,0,0.00048055758816190064,0
3687,0,0.002889707451686263,0
3688,1,0.9967635869979858,1
3689,1,0.9929444193840027,1
3690,0,0.0005253108683973551,0
3691,1,0.9813823699951172,1
3692,0,0.02220430225133896,0
3693,0,0.000771984807215631,0
3694,0,0.0009515120182186365,0
3695,0,0.7139281034469604,1
3696,0,0.0883711501955986,0
3697,1,0.9999293088912964,1
3698,1,0.5626001358032227,1
3699,0,0.6044406294822693,1
3700,1,0.9998735189437866,1
3701,1,0.9921931624412537,1
3702,1,0.9703782200813293,1
3703,0,0.006121254991739988,0
3704,0,0.0003726179711520672,0
3705,0,0.034481532871723175,0
3706,1,0.9950920343399048,1
3707,1,0.9961961507797241,1
3708,0,0.00587180070579052,0
3709,1,0.9995729327201843,1
3710,0,0.02839559316635132,0
3711,0,0.9167585968971252,1
3712,0,0.0619795061647892,0
3713,1,0.999824583530426,1
3714,1,0.999834418296814,1
3715,1,0.984874427318573,1
3716,0,0.006844717543572187,0
3717,1,0.9999492168426514,1
3718,1,0.998116135597229,1
3719,1,0.999852180480957,1
3720,1,0.9269408583641052,1
3721,1,0.9879546165466309,1
3722,0,0.011472002603113651,0
3723,1,0.007706356234848499,0
3724,1,0.9999425411224365,1
3725,1,0.998809814453125,1
3726,1,0.997895359992981,1
3727,1,0.9419867992401123,1
3728,1,0.9012385010719299,1
3729,1,0.9952816367149353,1
3730,1,0.9993785619735718,1
3731,0,0.0300577525049448,0
3732,1,0.8521009087562561,1
3733,0,0.011539462022483349,0
3734,1,0.9999401569366455,1
3735,1,0.32394108176231384,0
3736,0,0.0065478915348649025,0
3737,1,0.34386566281318665,0
3738,0,0.04385732114315033,0
3739,0,0.0017918420489877462,0
3740,1,0.1557573676109314,0
3741,1,0.13660120964050293,0
3742,1,0.9999071359634399,1
3743,1,0.9999587535858154,1
3744,1,0.9995669722557068,1
3745,1,0.9988059997558594,1
3746,1,0.9976089000701904,1
3747,1,0.9923233985900879,1
3748,1,0.3597673177719116,0
3749,0,0.25548967719078064,0
3750,0,0.0008814376778900623,0
3751,1,0.9929822683334351,1
3752,1,0.9597752094268799,1
3753,1,0.07457935065031052,0
3754,0,0.0002908433089032769,0
3755,1,0.9972304701805115,1
3756,0,8.169379725586623e-05,0
3757,0,0.0017584445886313915,0
3758,0,0.07229194790124893,0
3759,1,0.999895453453064,1
3760,0,0.04204022139310837,0
3761,0,0.0003253560862503946,0
3762,0,0.003532381495460868,0
3763,0,0.21742650866508484,0
3764,0,0.011878570541739464,0
3765,0,0.00040700059616938233,0
3766,1,0.9997847676277161,1
3767,0,0.3971191346645355,0
3768,0,0.014943850226700306,0
3769,1,0.9991527795791626,1
3770,1,0.9991082549095154,1
3771,1,0.4748203754425049,0
3772,0,8.881561370799318e-05,0
3773,0,0.01572706177830696,0
3774,0,0.00030345964478328824,0
3775,1,0.9998559951782227,1
3776,1,0.9968904852867126,1
3777,1,0.9999781847000122,1
3778,0,0.0020657354034483433,0
3779,0,4.700318822870031e-05,0
3780,0,7.851100235711783e-05,0
3781,0,0.003239572048187256,0
3782,0,0.21953435242176056,0
3783,1,0.9014415740966797,1
3784,0,0.012451411224901676,0
3785,1,0.9999498128890991,1
3786,1,0.964300811290741,1
3787,1,0.9987853169441223,1
3788,0,0.010297846980392933,0
3789,0,0.7510396242141724,1
3790,1,0.9777249097824097,1
3791,1,0.7183884978294373,1
3792,0,0.21075671911239624,0
3793,1,0.9999804496765137,1
3794,0,0.002382529666647315,0
3795,0,0.0019149555591866374,0
3796,0,0.0021697888150811195,0
3797,0,0.002499663969501853,0
3798,1,0.9977887868881226,1
3799,1,0.1088370531797409,0
3800,1,0.9675329327583313,1
3801,0,0.003150037257000804,0
3802,0,0.006081117782741785,0
3803,0,0.0033653615973889828,0
3804,0,0.0001481918734498322,0
3805,1,0.99992835521698,1
3806,1,0.9838446974754333,1
3807,1,0.028657685965299606,0
3808,1,0.24084560573101044,0
3809,0,0.8606031537055969,1
3810,1,0.9999587535858154,1
3811,1,0.6960459351539612,1
3812,0,0.08359521627426147,0
3813,0,0.0006274852203205228,0
3814,0,3.295230271760374e-05,0
3815,0,0.13067841529846191,0
3816,0,0.0009253791067749262,0
3817,1,0.9783212542533875,1
3818,0,0.13538160920143127,0
3819,1,0.12818805873394012,0
3820,0,0.00019764488388318568,0
3821,1,0.9994186162948608,1
3822,1,0.9998946189880371,1
3823,0,0.00015543094195891172,0
3824,0,0.0019577539060264826,0
3825,1,0.9581465125083923,1
3826,1,0.9999271631240845,1
3827,1,0.998837411403656,1
3828,1,0.9992244243621826,1
3829,1,0.9999606609344482,1
3830,1,0.9681204557418823,1
3831,1,0.9966210126876831,1
3832,0,0.0004124032275285572,0
3833,1,0.9887989163398743,1
3834,1,0.9996651411056519,1
3835,0,0.5260089635848999,1
3836,0,0.0006925670895725489,0
3837,1,0.9960525035858154,1
3838,1,0.8161519169807434,1
3839,1,0.4000106453895569,0
3840,1,0.9881070852279663,1
3841,0,0.0008776597096584737,0
3842,0,0.08655411005020142,0
3843,1,0.9953818917274475,1
3844,0,0.0017478415975347161,0
3845,0,0.8964071869850159,1
3846,1,0.9950120449066162,1
3847,1,0.9936761260032654,1
3848,0,0.03296228125691414,0
3849,1,0.9996554851531982,1
3850,1,0.9209368228912354,1
3851,1,0.9998272061347961,1
3852,0,0.0034812118392437696,0
3853,1,0.9996194839477539,1
3854,1,0.9999449253082275,1
3855,0,0.255125492811203,0
3856,1,0.9978052973747253,1
3857,1,0.9963515996932983,1
3858,0,0.0004926228430122137,0
3859,1,0.9148759245872498,1
3860,0,0.0036716905888170004,0
3861,0,0.002194334054365754,0
3862,1,0.9699287414550781,1
3863,1,0.997489333152771,1
3864,1,0.9979091286659241,1
3865,0,0.0027546302881091833,0
3866,1,0.8549569249153137,1
3867,0,0.005612310953438282,0
3868,1,0.9922852516174316,1
3869,1,0.9999206066131592,1
3870,1,0.938140869140625,1
3871,1,0.9999617338180542,1
3872,1,0.9328345656394958,1
3873,0,1.0133450814464595e-05,0
3874,1,0.9987502098083496,1
3875,0,0.0058971731923520565,0
3876,0,3.725173155544326e-05,0
3877,1,0.999289870262146,1
3878,1,0.999893069267273,1
3879,0,0.017938492819666862,0
3880,1,0.9984734654426575,1
3881,0,0.0033191877882927656,0
3882,1,0.9987220168113708,1
3883,1,0.9995039701461792,1
3884,0,0.001314840978011489,0
3885,0,0.9429618120193481,1
3886,1,0.9940130114555359,1
3887,0,0.00039530586218461394,0
3888,0,0.941961407661438,1
3889,0,0.00016065331874415278,0
3890,0,0.01693766936659813,0
3891,0,6.654382741544396e-05,0
3892,0,0.0014145493041723967,0
3893,0,0.7089554667472839,1
3894,1,0.0030772313475608826,0
3895,0,0.00018259923672303557,0
3896,1,0.9997496008872986,1
3897,1,0.9888932108879089,1
3898,1,0.9999710321426392,1
3899,0,0.0013303940650075674,0
3900,1,0.9907523393630981,1
3901,1,0.9994194507598877,1
3902,1,0.9995349645614624,1
3903,0,3.9387861761497334e-05,0
3904,0,0.06356628984212875,0
3905,1,0.9852493405342102,1
3906,1,0.92229825258255,1
3907,0,0.053442176431417465,0
3908,1,0.8954680562019348,1
3909,0,0.0011311096604913473,0
3910,0,7.309510692721233e-05,0
3911,1,0.8320450186729431,1
3912,1,0.9995081424713135,1
3913,0,0.005577483680099249,0
3914,0,0.07320022583007812,0
3915,1,0.9999521970748901,1
3916,0,0.027171319350600243,0
3917,0,0.01717216894030571,0
3918,0,0.0009815033990889788,0
3919,0,0.09511063247919083,0
3920,0,3.571750858100131e-05,0
3921,0,0.00046264324919320643,0
3922,1,0.8548765778541565,1
3923,0,0.006553641986101866,0
3924,0,9.491498349234462e-05,0
3925,0,0.007762720808386803,0
3926,1,0.9943394064903259,1
3927,1,0.889369547367096,1
3928,0,0.05557224527001381,0
3929,0,0.009789573960006237,0
3930,0,0.0001955435873242095,0
3931,0,0.014567695558071136,0
3932,0,0.4582314193248749,0
3933,1,0.07632383704185486,0
3934,1,0.9839257001876831,1
3935,1,0.9999676942825317,1
3936,0,2.467264494043775e-05,0
3937,1,0.921666145324707,1
3938,0,0.003240930149331689,0
3939,1,0.9980335831642151,1
3940,0,0.003047156846150756,0
3941,1,0.9624911546707153,1
3942,0,0.006128921639174223,0
3943,0,0.07724267989397049,0
3944,0,0.009317219257354736,0
3945,0,0.07817450910806656,0
3946,0,0.0020734171848744154,0
3947,1,0.06721208244562149,0
3948,0,0.002741012256592512,0
3949,1,0.999987006187439,1
3950,1,0.9994675517082214,1
3951,0,0.8880922198295593,1
3952,1,0.9998329877853394,1
3953,0,6.55460316920653e-05,0
3954,0,0.002970102010294795,0
3955,0,0.34948253631591797,0
3956,0,0.03425036743283272,0
3957,1,0.9999337196350098,1
3958,1,0.9970780611038208,1
3959,1,0.7581264972686768,1
3960,1,0.9556825757026672,1
3961,1,0.9999058246612549,1
3962,1,0.9933307766914368,1
3963,0,0.042371757328510284,0
3964,0,2.1737370843766257e-05,0
3965,1,0.9973115921020508,1
3966,1,0.6021925210952759,1
3967,0,0.0021391850896179676,0
3968,0,0.07089992612600327,0
3969,1,0.8782874941825867,1
3970,0,0.0021556150168180466,0
3971,1,0.9965416789054871,1
3972,1,0.9896001815795898,1
3973,0,0.005749182775616646,0
3974,1,0.9999986886978149,1
3975,0,6.818200199631974e-05,0
3976,1,0.9999325275421143,1
3977,1,0.9933187961578369,1
3978,0,0.8408957719802856,1
3979,0,0.044547803699970245,0
3980,1,0.9278668761253357,1
3981,1,0.9944480657577515,1
3982,0,0.1263040155172348,0
3983,0,0.0005049061728641391,0
3984,1,0.8007055521011353,1
3985,1,0.9965096116065979,1
3986,1,0.9974120259284973,1
3987,1,0.9974283576011658,1
3988,1,0.9998615980148315,1
3989,0,0.0005352338775992393,0
3990,0,0.0037646163254976273,0
3991,1,0.9982119798660278,1
3992,1,0.9996565580368042,1
3993,1,0.9995446801185608,1
3994,1,0.9997966885566711,1
3995,1,0.999860405921936,1
3996,1,0.7852520942687988,1
3997,1,0.9980990290641785,1
3998,0,0.06976620107889175,0
3999,0,0.002345071639865637,0
4000,1,0.9995986819267273,1
4001,0,0.00887530017644167,0
4002,1,0.9152259826660156,1
4003,0,0.0013434956781566143,0
4004,1,0.998524010181427,1
4005,0,0.9084821343421936,1
4006,1,0.9992585778236389,1
4007,1,0.6205360889434814,1
4008,0,0.005475375335663557,0
4009,0,2.9458491553668864e-05,0
4010,0,0.0019063533982262015,0
4011,0,0.0038282042369246483,0
4012,0,4.418792741489597e-05,0
4013,0,0.0017802302027121186,0
4014,0,0.4096047878265381,0
4015,0,0.016391288489103317,0
4016,0,0.06805100291967392,0
4017,1,0.999518632888794,1
4018,0,0.0031587460543960333,0
4019,1,0.9992734789848328,1
4020,1,0.9904174208641052,1
4021,1,0.9989232420921326,1
4022,1,0.9962632060050964,1
4023,0,0.0015085829654708505,0
4024,1,0.9989930987358093,1
4025,1,0.9999672174453735,1
4026,0,0.00116428651381284,0
4027,0,0.0038637309335172176,0
4028,1,0.9964691400527954,1
4029,0,0.0018923672614619136,0
4030,0,0.0005231572431512177,0
4031,0,0.0011971263447776437,0
4032,0,0.01784018985927105,0
4033,1,0.9997472167015076,1
4034,0,0.0013034044532105327,0
4035,0,0.002114820759743452,0
4036,1,0.9868963360786438,1
4037,1,0.9995798468589783,1
4038,0,0.21741819381713867,0
4039,0,0.4416569769382477,0
4040,0,0.010973619297146797,0
4041,1,0.3521506190299988,0
4042,1,0.9998753070831299,1
4043,1,0.9956875443458557,1
4044,1,0.9925205707550049,1
4045,1,0.9125784039497375,1
4046,0,0.0005118271801620722,0
4047,0,0.005114900879561901,0
4048,0,9.770636825123802e-05,0
4049,1,0.9879840612411499,1
4050,1,0.9994408488273621,1
4051,1,0.8473946452140808,1
4052,1,0.5669474601745605,1
4053,1,0.9999407529830933,1
4054,0,0.0032445553224533796,0
4055,0,0.0009944007033482194,0
4056,1,0.9999200105667114,1
4057,0,8.747880929149687e-05,0
4058,0,0.0005755841266363859,0
4059,0,0.012460656464099884,0
4060,1,0.9999181032180786,1
4061,0,0.06968659162521362,0
4062,1,0.4536759555339813,0
4063,1,0.9997381567955017,1
4064,0,0.0017412995221093297,0
4065,1,0.9263572692871094,1
4066,0,0.002300981432199478,0
4067,0,0.1282970905303955,0
4068,0,0.0008093354990705848,0
4069,1,0.9931665062904358,1
4070,0,0.0016989405266940594,0
4071,0,0.0009743273258209229,0
4072,0,0.0003395734238438308,0
4073,1,0.8637076616287231,1
4074,0,0.002731961663812399,0
4075,1,0.5953364372253418,1
4076,1,0.9245519638061523,1
4077,1,0.9948110580444336,1
4078,1,0.9916975498199463,1
4079,0,0.9994058609008789,1
4080,0,0.00012589810648933053,0
4081,0,0.03964709863066673,0
4082,0,0.002509246114641428,0
4083,1,0.9999061822891235,1
4084,1,0.41182732582092285,0
4085,0,0.007545641157776117,0
4086,0,0.0400225892663002,0
4087,0,0.003052834887057543,0
4088,1,0.9992679953575134,1
4089,0,0.022535964846611023,0
4090,0,0.1145135909318924,0
4091,0,0.002337544457986951,0
4092,0,0.004537548404186964,0
4093,1,0.9993669390678406,1
4094,1,0.9712509512901306,1
4095,1,0.9917616844177246,1
4096,0,7.791278039803728e-05,0
4097,0,0.32335904240608215,0
4098,0,0.005595725029706955,0
4099,0,0.008066343143582344,0
4100,1,0.9999092817306519,1
4101,0,0.014412852935492992,0
4102,0,0.06355203688144684,0
4103,0,0.007829696871340275,0
4104,0,0.2761509418487549,0
4105,1,0.9998513460159302,1
4106,0,0.009110643528401852,0
4107,1,0.9896765351295471,1
4108,1,0.925341784954071,1
4109,1,0.7747243046760559,1
4110,0,0.0006158186588436365,0
4111,1,0.99982750415802,1
4112,0,0.00876352097839117,0
4113,1,0.9447953104972839,1
4114,0,0.0025809030048549175,0
4115,0,0.0016718576662242413,0
4116,1,0.9996973276138306,1
4117,0,0.981208086013794,1
4118,1,0.25319626927375793,0
4119,0,0.0011304046493023634,0
4120,0,0.0006723794504068792,0
4121,0,9.64513819781132e-05,0
4122,1,0.9997555613517761,1
4123,1,0.8644129037857056,1
4124,1,0.9780262112617493,1
4125,1,0.9436892867088318,1
4126,0,0.012647158466279507,0
4127,0,0.06624777615070343,0
4128,0,0.023021098226308823,0
4129,1,0.9993759989738464,1
4130,0,0.8455708026885986,1
4131,0,0.011386244557797909,0
4132,1,0.9994558691978455,1
4133,0,0.006688246503472328,0
4134,1,0.9848380088806152,1
4135,1,0.9621953964233398,1
4136,0,0.006596292369067669,0
4137,1,0.9866752028465271,1
4138,1,0.9917783141136169,1
4139,0,0.0759596973657608,0
4140,0,0.009181669913232327,0
4141,1,0.9994888305664062,1
4142,1,0.9997813105583191,1
4143,0,0.2122941017150879,0
4144,0,0.00019348750356584787,0
4145,0,0.029768554493784904,0
4146,1,0.9948903322219849,1
4147,0,0.0005888371379114687,0
4148,0,0.16355831921100616,0
4149,1,0.9997689127922058,1
4150,1,0.8104556798934937,1
4151,0,1.7369600755046122e-05,0
4152,1,0.999951958656311,1
4153,0,0.0003390600613784045,0
4154,0,0.004874834790825844,0
4155,1,0.9833622574806213,1
4156,1,0.8013001680374146,1
4157,0,0.0006572382408194244,0
4158,1,0.48442530632019043,0
4159,0,0.0009275227785110474,0
4160,1,0.9233310222625732,1
4161,1,0.9774450063705444,1
4162,0,0.012411816045641899,0
4163,0,0.036379650235176086,0
4164,0,0.05774860829114914,0
4165,0,0.0004934690659865737,0
4166,1,0.9991951584815979,1
4167,1,0.9999703168869019,1
4168,0,0.0005238188314251602,0
4169,1,0.9873570203781128,1
4170,1,0.9998587369918823,1
4171,0,0.5471842885017395,1
4172,0,0.044950179755687714,0
4173,1,0.9642796516418457,1
4174,0,0.012702993117272854,0
4175,1,0.999874472618103,1
4176,0,0.12562577426433563,0
4177,1,0.9997037053108215,1
4178,0,0.0032601896673440933,0
4179,1,0.9998302459716797,1
4180,0,0.0006433713133446872,0
4181,1,0.9884063005447388,1
4182,1,0.9740381836891174,1
4183,0,0.0025875596329569817,0
4184,0,0.00856243446469307,0
4185,1,0.9931921362876892,1
4186,0,0.006474142428487539,0
4187,0,0.0009611653513275087,0
4188,0,0.08602746576070786,0
4189,1,0.9993886947631836,1
4190,1,0.9999744892120361,1
4191,1,0.999961256980896,1
4192,1,0.9998160004615784,1
4193,0,0.0007600206881761551,0
4194,0,0.030596047639846802,0
4195,0,0.0004706857434939593,0
4196,1,0.9998157620429993,1
4197,0,0.004089704714715481,0
4198,1,0.9999160766601562,1
4199,0,0.6797364354133606,1
4200,0,0.009736035019159317,0
4201,1,0.548084020614624,1
4202,1,0.9998828172683716,1
4203,0,0.0006510039092972875,0
4204,0,0.01521206833422184,0
4205,1,0.9339659810066223,1
4206,0,0.00520396837964654,0
4207,1,0.9701513648033142,1
4208,0,0.012139533646404743,0
4209,1,0.9999486207962036,1
4210,0,0.00024216101155616343,0
4211,0,0.008136187680065632,0
4212,0,0.024258648976683617,0
4213,1,0.19078244268894196,0
4214,0,0.09952718019485474,0
4215,0,0.973883867263794,1
4216,0,8.077461097855121e-05,0
4217,0,0.027784239500761032,0
4218,0,0.004547762684524059,0
4219,0,0.4693470597267151,0
4220,1,0.9872526526451111,1
4221,1,0.9851660132408142,1
4222,0,0.5573477149009705,1
4223,1,0.9990676045417786,1
4224,0,0.0001971197925740853,0
4225,1,0.9988507032394409,1
4226,0,0.0422983318567276,0
4227,0,0.00010425210348330438,0
4228,0,0.10308649390935898,0
4229,1,0.9676727652549744,1
4230,0,0.0007562219980172813,0
4231,0,0.0083375358954072,0
4232,0,9.358075476484373e-05,0
4233,1,0.8152910470962524,1
4234,0,0.002917348872870207,0
4235,0,0.00010202513658441603,0
4236,0,0.004174839239567518,0
4237,0,0.17854028940200806,0
4238,1,0.9997434020042419,1
4239,0,0.008845356293022633,0
4240,0,0.0007964487303979695,0
4241,1,0.9207583069801331,1
4242,0,0.0006791282794438303,0
4243,0,0.00020072053303010762,0
4244,0,4.901938154944219e-06,0
4245,1,0.986143171787262,1
4246,0,0.0018809385364875197,0
4247,0,0.0014986478490754962,0
4248,0,0.0012102707987651229,0
4249,0,0.0009048122446984053,0
4250,0,0.0009043355821631849,0
4251,1,0.9896180033683777,1
4252,1,0.08183716237545013,0
4253,1,0.6731846928596497,1
4254,1,0.9994828701019287,1
4255,0,0.040610406547784805,0
4256,0,0.038714807480573654,0
4257,0,0.00669795973226428,0
4258,0,0.04195180535316467,0
4259,0,0.0003985873481724411,0
4260,0,0.6408032178878784,1
4261,1,0.9992527365684509,1
4262,0,0.003031705040484667,0
4263,1,0.9999192953109741,1
4264,1,0.9835597276687622,1
4265,0,0.00017295834550168365,0
4266,0,0.008495640009641647,0
4267,0,0.001734742894768715,0
4268,1,0.5517008900642395,1
4269,0,0.7645437717437744,1
4270,1,0.9993613362312317,1
4271,0,0.0018046956975013018,0
4272,0,0.008602984249591827,0
4273,1,0.9997691512107849,1
4274,1,0.9594656229019165,1
4275,0,0.0015100173186510801,0
4276,0,0.07269198447465897,0
4277,0,0.01490403339266777,0
4278,1,0.9998286962509155,1
4279,1,0.99739009141922,1
4280,1,0.9885032773017883,1
4281,1,0.9996942281723022,1
4282,0,0.042417462915182114,0
4283,1,0.9965165853500366,1
4284,1,0.9992271661758423,1
4285,0,0.001733284443616867,0
4286,0,0.24243231117725372,0
4287,0,0.0002487430174369365,0
4288,1,0.9902262091636658,1
4289,0,0.0023727358784526587,0
4290,1,0.9973698854446411,1
4291,1,0.7429813146591187,1
4292,0,0.0001108366996049881,0
4293,0,0.041177600622177124,0
4294,1,0.999771773815155,1
4295,0,0.09178267419338226,0
4296,1,0.4672587215900421,0
4297,0,0.0014177346602082253,0
4298,1,0.999962568283081,1
4299,0,0.0036047655157744884,0
4300,0,0.0043372102081775665,0
4301,1,0.9998589754104614,1
4302,0,0.2477409541606903,0
4303,1,0.9937210083007812,1
4304,0,0.0031584487296640873,0
4305,0,0.46075016260147095,0
4306,1,0.920453667640686,1
4307,1,0.9890923500061035,1
4308,1,0.8791062831878662,1
4309,0,5.4837109928485006e-05,0
4310,0,0.0025415788404643536,0
4311,1,0.9986451268196106,1
4312,1,0.9999741315841675,1
4313,0,0.000738234375603497,0
4314,1,0.9158622622489929,1
4315,0,0.005431734956800938,0
4316,0,0.9543629884719849,1
4317,0,0.00040743715362623334,0
4318,1,0.9917228817939758,1
4319,0,0.014671904034912586,0
4320,1,0.9948744177818298,1
4321,1,0.9998177886009216,1
4322,0,0.00020834662427660078,0
4323,0,0.005260694772005081,0
4324,1,0.7012184858322144,1
4325,0,0.0007886806852184236,0
4326,1,0.9995902180671692,1
4327,1,0.9281452894210815,1
4328,1,0.9926429390907288,1
4329,1,0.9894635677337646,1
4330,0,0.0008400464430451393,0
4331,1,0.9992420673370361,1
4332,0,0.0013234546640887856,0
4333,1,0.9996131062507629,1
4334,1,0.9993614554405212,1
4335,0,0.07124929130077362,0
4336,1,0.8284753561019897,1
4337,0,0.13977877795696259,0
4338,1,0.07736360281705856,0
4339,1,0.9996176958084106,1
4340,0,0.0029612500220537186,0
4341,1,0.9901492595672607,1
4342,0,0.26442664861679077,0
4343,0,0.014815005473792553,0
4344,1,0.9961307048797607,1
4345,0,0.0002111528447130695,0
4346,1,0.9901748895645142,1
4347,1,0.9999480247497559,1
4348,1,0.9998602867126465,1
4349,1,0.9980642199516296,1
4350,0,0.019002439454197884,0
4351,1,0.9998711347579956,1
4352,1,0.995550274848938,1
4353,0,0.02943859063088894,0
4354,0,0.001393278711475432,0
4355,1,0.9925616383552551,1
4356,0,0.0005945502198301256,0
4357,1,0.9553943872451782,1
4358,1,0.9994469285011292,1
4359,1,0.9999101161956787,1
4360,0,0.0022036321461200714,0
4361,0,0.005892934277653694,0
4362,1,0.9996659755706787,1
4363,1,0.9997597336769104,1
4364,1,0.32554346323013306,0
4365,1,0.9869130849838257,1
4366,1,0.7936518788337708,1
4367,1,0.9999299049377441,1
4368,1,0.9806644916534424,1
4369,1,0.9999186992645264,1
4370,0,0.45603108406066895,0
4371,0,0.007432494778186083,0
4372,1,0.992588996887207,1
4373,0,0.00019491775310598314,0
4374,0,0.013697816990315914,0
4375,1,0.9991071820259094,1
4376,0,0.0007730688084848225,0
4377,0,0.0006532593397423625,0
4378,1,0.9868695139884949,1
4379,1,0.9994634985923767,1
4380,1,0.9999600648880005,1
4381,0,0.010802554897964,0
4382,0,0.022145085036754608,0
4383,0,0.003010469488799572,0
4384,0,0.0005030250176787376,0
4385,0,0.006353448145091534,0
4386,0,0.010298283770680428,0
4387,1,0.999281108379364,1
4388,0,0.0014618461718782783,0
4389,1,0.9570120573043823,1
4390,0,0.01497071422636509,0
4391,1,0.971250593662262,1
4392,0,0.4742030203342438,0
4393,1,0.9971601963043213,1
4394,0,0.0026273345574736595,0
4395,0,0.16787689924240112,0
4396,0,0.004732441622763872,0
4397,0,3.632586231105961e-05,0
4398,0,0.023791542276740074,0
4399,0,0.02895551361143589,0
4400,1,0.9904025793075562,1
4401,0,0.2061862349510193,0
4402,1,0.08368466049432755,0
4403,1,0.9994957447052002,1
4404,0,0.0010098196798935533,0
4405,1,0.985723078250885,1
4406,0,0.0027768746949732304,0
4407,0,0.0004886818351224065,0
4408,1,0.998278021812439,1
4409,0,0.004460178781300783,0
4410,1,0.9998261332511902,1
4411,1,0.999916672706604,1
4412,0,0.0052257864736020565,0
4413,0,0.03168570622801781,0
4414,1,0.9983733892440796,1
4415,1,0.9840773344039917,1
4416,1,0.9993098974227905,1
4417,0,0.0030303020030260086,0
4418,0,0.0006456815171986818,0
4419,1,0.9980924725532532,1
4420,0,0.0018999929307028651,0
4421,1,0.9814625978469849,1
4422,1,0.9996610879898071,1
4423,0,0.00019853183766826987,0
4424,1,0.8208679556846619,1
4425,1,0.9998071789741516,1
4426,1,0.9988131523132324,1
4427,1,0.9993945360183716,1
4428,1,0.997624933719635,1
4429,1,0.9295652508735657,1
4430,0,0.0002949776535388082,0
4431,1,0.9993782043457031,1
4432,1,0.9991326928138733,1
4433,0,0.007618023082613945,0
4434,1,0.9926180243492126,1
4435,0,0.0027512398082762957,0
4436,0,0.5147091746330261,1
4437,0,0.0033061783760786057,0
4438,0,0.05267574265599251,0
4439,1,0.9996858835220337,1
4440,0,0.003075007349252701,0
4441,0,0.00048972008517012,0
4442,1,0.9996637105941772,1
4443,0,0.0010476080933585763,0
4444,1,0.9997484087944031,1
4445,1,0.6111883521080017,1
4446,0,0.004211552441120148,0
4447,1,0.9994282126426697,1
4448,1,0.9986948370933533,1
4449,0,0.042372219264507294,0
4450,0,0.0005769586423411965,0
4451,1,0.9999229907989502,1
4452,0,0.021100318059325218,0
4453,1,0.9985607266426086,1
4454,0,0.1244068443775177,0
4455,1,0.997519314289093,1
4456,0,0.3320513069629669,0
4457,0,0.0096984738484025,0
4458,1,0.9998360872268677,1
4459,0,0.0010299899149686098,0
4460,1,0.9957705140113831,1
4461,1,0.9774259924888611,1
4462,0,0.003653427120298147,0
4463,0,0.00015343680570367724,0
4464,0,0.00037598639028146863,0
4465,1,0.3741197884082794,0
4466,1,0.9826933145523071,1
4467,1,0.9921343326568604,1
4468,1,0.9996533393859863,1
4469,1,0.9921620488166809,1
4470,1,0.6140531897544861,1
4471,0,0.6693913340568542,1
4472,0,0.00253778463229537,0
4473,0,0.0004916621255688369,0
4474,1,0.999832272529602,1
4475,0,0.016916530206799507,0
4476,0,9.938313451129943e-05,0
4477,1,0.9083810448646545,1
4478,1,0.9770568013191223,1
4479,1,0.9773363471031189,1
4480,1,0.18754138052463531,0
4481,1,0.9992639422416687,1
4482,1,0.9999085664749146,1
4483,1,0.9450128674507141,1
4484,1,0.9996720552444458,1
4485,1,0.9260956048965454,1
4486,1,0.9960198998451233,1
4487,0,0.5629397034645081,1
4488,0,0.005871906876564026,0
4489,1,0.9982830286026001,1
4490,1,0.05003378167748451,0
4491,0,0.9361231327056885,1
4492,0,0.00041098386282101274,0
4493,0,0.0037547913379967213,0
4494,0,0.0027465312741696835,0
4495,0,0.0038280191365629435,0
4496,1,0.43444395065307617,0
4497,0,0.0061300573870539665,0
4498,1,0.997405469417572,1
4499,1,0.999924898147583,1
4500,1,0.931202232837677,1
4501,0,0.0037055800203233957,0
4502,0,0.0006814440712332726,0
4503,0,0.21242325007915497,0
4504,1,0.9972639083862305,1
4505,1,0.996324360370636,1
4506,0,0.0010737312259152532,0
4507,0,0.004333262797445059,0
4508,1,0.999283492565155,1
4509,1,0.9943536520004272,1
4510,1,0.9978563189506531,1
4511,1,0.10645218938589096,0
4512,1,0.8598273396492004,1
4513,0,6.62632446619682e-05,0
4514,0,0.017093919217586517,0
4515,0,0.12019293010234833,0
4516,1,0.9837747812271118,1
4517,1,0.9169638156890869,1
4518,0,0.42950257658958435,0
4519,0,0.10457153618335724,0
4520,0,0.0007294338429346681,0
4521,0,0.005399908404797316,0
4522,0,0.072483129799366,0
4523,0,0.7918221354484558,1
4524,1,0.9869979619979858,1
4525,1,0.9998883008956909,1
4526,1,0.9999438524246216,1
4527,0,0.07582993805408478,0
4528,0,0.002038748236373067,0
4529,0,0.11686131358146667,0
4530,0,8.657746366225183e-05,0
4531,1,0.5610077977180481,1
4532,0,0.01564190164208412,0
4533,1,0.9991764426231384,1
4534,0,0.2308637499809265,0
4535,0,0.0012695578625425696,0
4536,1,0.9999452829360962,1
4537,1,0.9998195767402649,1
4538,1,0.9945646524429321,1
4539,1,0.9972248077392578,1
4540,0,0.23131099343299866,0
4541,0,0.0008821847150102258,0
4542,1,0.9990206956863403,1
4543,1,0.9997491240501404,1
4544,0,7.511492731282488e-05,0
4545,0,0.2094462364912033,0
4546,0,0.09701317548751831,0
4547,0,0.030754249542951584,0
4548,1,0.9792966246604919,1
4549,0,0.0013074764283373952,0
4550,0,0.01985601894557476,0
4551,0,0.1120167076587677,0
4552,0,0.4309665858745575,0
4553,1,0.9698213934898376,1
4554,1,0.9996936321258545,1
4555,0,0.003621721640229225,0
4556,0,0.8748204708099365,1
4557,0,0.11181249469518661,0
4558,1,0.41399651765823364,0
4559,0,0.3076251447200775,0
4560,0,0.016495073214173317,0
4561,1,0.9990947246551514,1
4562,1,0.9688461422920227,1
4563,1,0.4502929449081421,0
4564,1,0.9992808699607849,1
4565,1,0.9992915391921997,1
4566,0,0.0012328141601756215,0
4567,0,0.0006785602308809757,0
4568,1,0.9206863641738892,1
4569,1,0.9997068047523499,1
4570,1,0.9995137453079224,1
4571,1,0.9790295362472534,1
4572,0,0.0002645756467245519,0
4573,1,0.9747485518455505,1
4574,1,0.26455754041671753,0
4575,0,0.0017297659069299698,0
4576,0,0.14564232528209686,0
4577,0,0.0036364358384162188,0
4578,1,0.9162612557411194,1
4579,0,0.00011916054063476622,0
4580,0,0.25108033418655396,0
4581,0,0.9959698915481567,1
4582,1,0.9996304512023926,1
4583,0,0.000256577244726941,0
4584,1,0.9979633092880249,1
4585,1,0.9999531507492065,1
4586,0,0.008385848253965378,0
4587,1,0.9992517828941345,1
4588,1,0.9590864181518555,1
4589,1,0.8680594563484192,1
4590,0,0.00447282986715436,0
4591,1,0.9946039319038391,1
4592,1,0.9131661057472229,1
4593,0,0.0016889737453311682,0
4594,0,0.031132394447922707,0
4595,1,0.9998736381530762,1
4596,0,0.00019520863133948296,0
4597,1,0.9415891170501709,1
4598,0,0.0002009018644457683,0
4599,0,0.0006461417069658637,0
4600,0,0.00540936179459095,0
4601,1,0.966227650642395,1
4602,0,0.0005080134142190218,0
4603,0,0.020219309255480766,0
4604,1,0.9978552460670471,1
4605,1,0.6359624266624451,1
4606,1,0.9858988523483276,1
4607,1,0.9902443885803223,1
4608,0,0.00048676738515496254,0
4609,1,0.9942296743392944,1
4610,1,0.9998924732208252,1
4611,1,0.9938681721687317,1
4612,0,0.001630250015296042,0
4613,0,0.006810508202761412,0
4614,0,0.0004960986552760005,0
4615,1,0.9983155727386475,1
4616,0,0.1588508039712906,0
4617,1,0.999842643737793,1
4618,1,0.9998294115066528,1
4619,1,0.9985477328300476,1
4620,0,0.005032597575336695,0
4621,1,0.9999294281005859,1
4622,0,0.014715347439050674,0
4623,0,0.08607254177331924,0
4624,0,0.9655961394309998,1
4625,1,0.9946304559707642,1
4626,1,0.9873707294464111,1
4627,0,0.00041949370643123984,0
4628,0,0.002467750571668148,0
4629,0,0.02773216739296913,0
4630,0,0.0004524844989646226,0
4631,0,0.0004181255353614688,0
4632,0,0.0020343794021755457,0
4633,0,0.23188723623752594,0
4634,0,0.004248093347996473,0
4635,1,0.9998815059661865,1
4636,0,0.09881021082401276,0
4637,0,0.002705954946577549,0
4638,1,0.9997974038124084,1
4639,0,0.17240656912326813,0
4640,1,0.998629093170166,1
4641,0,0.024605488404631615,0
4642,0,0.0333762988448143,0
4643,0,0.0836358293890953,0
4644,0,0.028246093541383743,0
4645,1,0.9989256262779236,1
4646,0,0.010632934048771858,0
4647,0,0.00831110030412674,0
4648,1,0.9995494484901428,1
4649,1,0.9945107698440552,1
4650,0,7.105368422344327e-05,0
4651,0,0.002467358484864235,0
4652,1,0.9879663586616516,1
4653,0,0.0038653917144984007,0
4654,0,0.0014262741897255182,0
4655,0,0.4105713367462158,0
4656,1,0.7493258118629456,1
4657,0,0.010997558943927288,0
4658,1,0.9985369443893433,1
4659,1,0.99151211977005,1
4660,0,0.0022495717275887728,0
4661,0,0.0005541016580536962,0
4662,0,0.11789724975824356,0
4663,1,0.996815025806427,1
4664,1,0.9704027771949768,1
4665,1,0.9416080117225647,1
4666,1,0.9875401258468628,1
4667,1,0.8217311501502991,1
4668,0,0.0017845280235633254,0
4669,0,0.0003668017452582717,0
4670,0,0.017675766721367836,0
4671,0,0.6720647811889648,1
4672,1,0.9880766868591309,1
4673,1,0.9685167074203491,1
4674,0,0.0009058180148713291,0
4675,0,0.00647007068619132,0
4676,1,0.9994334578514099,1
4677,0,0.010590181685984135,0
4678,1,0.24684831500053406,0
4679,0,0.00309294112958014,0
4680,0,0.807894766330719,1
4681,0,0.16098366677761078,0
4682,0,0.01964922621846199,0
4683,0,0.029703406617045403,0
4684,0,0.0014664283953607082,0
4685,0,0.054240498691797256,0
4686,1,0.9996182918548584,1
4687,1,0.9958488941192627,1
4688,1,0.9993584752082825,1
4689,0,0.007763381581753492,0
4690,1,0.995747983455658,1
4691,0,0.0002066674642264843,0
4692,0,0.9991235136985779,1
4693,0,0.0008161316509358585,0
4694,0,0.0019839259330183268,0
4695,0,0.486934632062912,0
4696,1,0.9975364208221436,1
4697,1,0.9997311234474182,1
4698,1,0.999649167060852,1
4699,0,0.0014925984432920814,0
4700,1,0.9990121126174927,1
4701,1,0.558484673500061,1
4702,0,0.0029901410453021526,0
4703,1,0.9996542930603027,1
4704,1,0.9999234676361084,1
4705,1,0.9997785687446594,1
4706,0,0.1862596720457077,0
4707,1,0.7837559580802917,1
4708,1,0.9996713399887085,1
4709,0,0.004458651877939701,0
4710,1,0.9785182476043701,1
4711,1,0.9999090433120728,1
4712,1,0.9547532200813293,1
4713,0,0.013208115473389626,0
4714,1,0.9986722469329834,1
4715,1,0.9999498128890991,1
4716,1,0.9995782971382141,1
4717,1,0.9998632669448853,1
4718,0,0.00914759747684002,0
4719,1,0.9813282489776611,1
4720,0,0.0006970558897592127,0
4721,0,0.0033671981655061245,0
4722,0,0.002668070839717984,0
4723,1,0.8261046409606934,1
4724,1,0.9202782511711121,1
4725,0,0.002338103950023651,0
4726,0,0.2075369507074356,0
4727,0,0.0024832107592374086,0
4728,0,0.007434510625898838,0
4729,1,0.9995763897895813,1
4730,1,0.9986616373062134,1
4731,1,0.9961989521980286,1
4732,1,0.9997149109840393,1
4733,1,0.9997857213020325,1
4734,0,0.046784210950136185,0
4735,0,0.00035880520590581,0
4736,0,0.135161355137825,0
4737,1,0.9978445768356323,1
4738,0,0.10189419239759445,0
4739,0,4.351351162767969e-05,0
4740,1,0.4789949655532837,0
4741,1,0.9971790313720703,1
4742,1,0.011932791210711002,0
4743,1,0.9868420958518982,1
4744,1,0.9966633915901184,1
4745,1,0.9943963289260864,1
4746,1,0.9975196719169617,1
4747,1,0.9985367059707642,1
4748,0,0.010975471697747707,0
4749,1,0.9981135129928589,1
4750,1,0.9999227523803711,1
4751,0,0.11850560456514359,0
4752,0,0.000640525424387306,0
4753,0,0.01738854870200157,0
4754,1,0.99922776222229,1
4755,1,0.9998770952224731,1
4756,0,0.00014897323853801936,0
4757,0,0.0005166301853023469,0
4758,0,0.0009199234191328287,0
4759,1,0.9970966577529907,1
4760,0,0.0018393786158412695,0
4761,0,0.0016146956477314234,0
4762,0,0.004338101949542761,0
4763,1,0.9138269424438477,1
4764,0,0.0034588330890983343,0
4765,0,0.8508949875831604,1
4766,1,0.9903696179389954,1
4767,0,0.001732786069624126,0
4768,0,0.35915234684944153,0
4769,1,0.9995697140693665,1
4770,0,0.10510037839412689,0
4771,1,0.9972915053367615,1
4772,0,0.00030149694066494703,0
4773,0,0.0056291548535227776,0
4774,0,0.00013223652786109596,0
4775,0,0.005320175550878048,0
4776,0,0.0006883482565172017,0
4777,0,0.025254452601075172,0
4778,1,0.9960901141166687,1
4779,1,0.9660714268684387,1
4780,0,0.5178918242454529,1
4781,1,0.0801229178905487,0
4782,1,0.995162308216095,1
4783,1,0.9996410608291626,1
4784,0,0.02308141440153122,0
4785,1,0.591310977935791,1
4786,0,0.03706683963537216,0
4787,0,0.09110613912343979,0
4788,1,0.9846400022506714,1
4789,1,0.9881622195243835,1
4790,1,0.08963517844676971,0
4791,1,0.3861628472805023,0
4792,1,0.9995179176330566,1
4793,1,0.9740506410598755,1
4794,0,0.0013562544481828809,0
4795,0,5.797285211883718e-06,0
4796,0,0.9140127301216125,1
4797,1,0.9999537467956543,1
4798,1,0.9998830556869507,1
4799,0,0.023037640377879143,0
4800,1,0.28726398944854736,0
4801,1,0.9678184390068054,1
4802,1,0.9999186992645264,1
4803,1,0.5895218253135681,1
4804,0,0.02037481591105461,0
4805,1,0.25911256670951843,0
4806,1,0.9669479727745056,1
4807,1,0.9963571429252625,1
4808,0,0.0042403023689985275,0
4809,0,0.02321636490523815,0
4810,0,0.0004713763191830367,0
4811,0,0.3005580008029938,0
4812,0,0.7772611975669861,1
4813,0,0.0001492574519943446,0
4814,1,0.9372984170913696,1
4815,1,0.9963667392730713,1
4816,1,0.9991689920425415,1
4817,1,0.9997709393501282,1
4818,0,0.003226286731660366,0
4819,0,9.616870374884456e-05,0
4820,1,0.9999574422836304,1
4821,1,0.999840497970581,1
4822,0,0.0023038415238261223,0
4823,1,0.9974253177642822,1
4824,0,0.0007021486526355147,0
4825,1,0.9950363039970398,1
4826,0,0.003725959686562419,0
4827,0,0.015434164553880692,0
4828,0,6.0351219872245565e-05,0
4829,1,0.9915018081665039,1
4830,0,7.35415960662067e-05,0
4831,0,0.7202184796333313,1
4832,0,0.018658505752682686,0
4833,1,0.8966410756111145,1
4834,1,0.9953324198722839,1
4835,1,0.967516303062439,1
4836,1,0.9998763799667358,1
4837,1,0.9990707635879517,1
4838,1,0.9992603659629822,1
4839,1,0.9995391368865967,1
4840,0,0.0248807892203331,0
4841,1,0.9984898567199707,1
4842,1,0.9999656677246094,1
4843,1,0.999750554561615,1
4844,1,0.9992148876190186,1
4845,1,0.9997239708900452,1
4846,1,0.9999911785125732,1
4847,0,0.0031593539752066135,0
4848,0,0.01566195860505104,0
4849,1,0.9978153705596924,1
4850,1,0.9999383687973022,1
4851,0,0.0008636469137854874,0
4852,1,0.999625563621521,1
4853,1,0.9569774866104126,1
4854,0,0.041380375623703,0
4855,0,0.0005020535900257528,0
4856,1,0.9966784715652466,1
4857,1,0.41087689995765686,0
4858,0,0.0028300846461206675,0
4859,0,0.35126352310180664,0
4860,1,0.9980506896972656,1
4861,0,0.45195984840393066,0
4862,1,0.9993271827697754,1
4863,0,0.017389290034770966,0
4864,1,0.9997459053993225,1
4865,1,0.9988466501235962,1
4866,1,0.9995540976524353,1
4867,1,0.9991917014122009,1
4868,0,0.04605528712272644,0
4869,0,0.18719452619552612,0
4870,0,0.01902810111641884,0
4871,0,0.6359273791313171,1
4872,1,0.999338686466217,1
4873,1,0.9999270439147949,1
4874,0,0.002697467803955078,0
4875,1,0.9998413324356079,1
4876,0,7.942548836581409e-05,0
4877,1,0.9990435242652893,1
4878,1,0.9991493225097656,1
4879,1,0.9840061068534851,1
4880,1,0.9854617118835449,1
4881,1,0.9978087544441223,1
4882,1,0.99985671043396,1
4883,0,0.0021413073409348726,0
4884,0,0.8423312306404114,1
4885,1,0.9998396635055542,1
4886,1,0.9917662739753723,1
4887,1,0.9986369013786316,1
4888,0,0.013316403143107891,0
4889,1,0.9989663362503052,1
4890,1,0.9999021291732788,1
4891,0,0.002353567397221923,0
4892,1,0.9953563809394836,1
4893,1,0.9874518513679504,1
4894,0,0.006254463456571102,0
4895,1,0.9983861446380615,1
4896,0,0.024627046659588814,0
4897,1,0.9984800219535828,1
4898,1,0.9999827146530151,1
4899,1,0.999107301235199,1
4900,1,0.9993951320648193,1
4901,1,0.9999682903289795,1
4902,0,0.009026961401104927,0
4903,1,0.998936116695404,1
4904,0,0.0004178784729447216,0
4905,1,0.9368187785148621,1
4906,1,0.9783711433410645,1
4907,1,0.9997485280036926,1
4908,0,0.026164352893829346,0
4909,0,0.0008632219978608191,0
4910,1,0.9926264882087708,1
4911,0,0.0013280020793899894,0
4912,0,0.006373942364007235,0
4913,0,0.01277023833245039,0
4914,1,0.9998451471328735,1
4915,1,0.9991926550865173,1
4916,0,0.01627643033862114,0
4917,1,0.9680101871490479,1
4918,0,0.019041551277041435,0
4919,1,0.9996193647384644,1
4920,0,0.012939892709255219,0
4921,1,0.9898751378059387,1
4922,1,0.9452229738235474,1
4923,0,0.00030254852026700974,0
4924,0,0.000399098003981635,0
4925,1,0.9999854564666748,1
4926,0,0.00019117082410957664,0
4927,1,0.9989145994186401,1
4928,0,0.0005479734390974045,0
4929,0,0.0016499346820637584,0
4930,1,0.9999408721923828,1
4931,1,0.9999986886978149,1
4932,1,0.9760305881500244,1
4933,1,0.9973466396331787,1
4934,0,0.0012147051747888327,0
4935,1,0.9953480362892151,1
4936,0,0.07426872104406357,0
4937,0,0.0003712356847245246,0
4938,0,0.04933521896600723,0
4939,1,0.9675704836845398,1
4940,1,0.9893084168434143,1
4941,1,0.9936763644218445,1
4942,0,0.00027242250507697463,0
4943,1,0.9362400770187378,1
4944,1,0.9978803396224976,1
4945,0,0.5810530185699463,1
4946,0,0.9785187244415283,1
4947,1,0.995390772819519,1
4948,1,0.9999693632125854,1
4949,1,0.8144599795341492,1
4950,0,0.0005365616525523365,0
4951,1,0.9938680529594421,1
4952,0,0.0002655220159795135,0
4953,1,0.987025797367096,1
4954,0,0.001720379339531064,0
4955,1,0.39472517371177673,0
4956,0,0.001916880370117724,0
4957,0,0.9842766523361206,1
4958,1,0.7138518691062927,1
4959,1,0.9987859129905701,1
4960,1,0.999038815498352,1
4961,1,0.9996321201324463,1
4962,1,0.9950510859489441,1
4963,1,0.9980528354644775,1
4964,1,0.99293053150177,1
4965,0,0.0023297411389648914,0
4966,1,0.9993552565574646,1
4967,1,0.9002923369407654,1
4968,0,0.0018825317965820432,0
4969,1,0.9981992840766907,1
4970,0,0.0010764022590592504,0
4971,0,8.399219223065302e-05,0
4972,0,0.0001562492543598637,0
4973,1,0.9998619556427002,1
4974,1,0.9990078806877136,1
4975,1,0.9996904134750366,1
4976,0,0.0441606231033802,0
4977,1,0.9991419315338135,1
4978,1,0.9985154271125793,1
4979,0,0.0025432256516069174,0
4980,1,0.9998462200164795,1
4981,0,0.0038273425307124853,0
4982,1,0.9596092104911804,1
4983,0,0.04410630092024803,0
4984,0,0.030102543532848358,0
4985,1,0.9850704669952393,1
4986,0,0.44038477540016174,0
4987,0,0.0004321298620197922,0
4988,1,0.9821304678916931,1
4989,1,0.09639650583267212,0
4990,0,0.16833409667015076,0
4991,0,0.30514246225357056,0
4992,0,6.795987428631634e-05,0
4993,1,0.9974633455276489,1
4994,1,0.999969482421875,1
4995,1,0.9992191791534424,1
4996,0,0.006677768658846617,0
4997,0,0.0004393959534354508,0
4998,1,0.9998132586479187,1
4999,1,0.9995256662368774,1
5000,1,0.999152421951294,1
5001,1,0.9886217713356018,1
5002,0,0.005814678035676479,0
5003,0,0.14521586894989014,0
5004,1,0.2516758441925049,0
5005,1,0.9979826211929321,1
5006,1,0.7849167585372925,1
5007,1,0.9985072016716003,1
5008,0,0.003862097393721342,0
5009,0,0.0006722234538756311,0
5010,0,0.0004881132044829428,0
5011,0,0.001067865639925003,0
5012,0,0.00015521500608883798,0
5013,0,2.7649099138216116e-05,0
5014,1,0.9986885190010071,1
5015,0,0.0016145833069458604,0
5016,0,0.01906982809305191,0
5017,0,0.08028573542833328,0
5018,0,7.809867383912206e-05,0
5019,0,0.30192831158638,0
5020,0,0.001956736668944359,0
5021,0,0.012981286272406578,0
5022,0,0.0001234600058523938,0
5023,0,0.0005410183221101761,0
5024,0,0.14940617978572845,0
5025,1,0.683952808380127,1
5026,1,0.9999113082885742,1
5027,1,0.9424349665641785,1
5028,1,0.9997560381889343,1
5029,0,0.0023360680788755417,0
5030,0,0.4284362196922302,0
5031,0,0.0017144914017990232,0
5032,1,0.8927133679389954,1
5033,0,0.0039370316080749035,0
5034,1,0.7375183701515198,1
5035,0,0.0006439528078772128,0
5036,1,0.04583239555358887,0
5037,1,0.9984777569770813,1
5038,0,0.022970927879214287,0
5039,0,0.0040733590722084045,0
5040,1,0.9939656853675842,1
5041,0,0.005473553203046322,0
5042,0,0.04589894041419029,0
5043,1,0.9939210414886475,1
5044,0,0.0009463852038607001,0
5045,1,0.9318657517433167,1
5046,1,0.9996564388275146,1
5047,1,0.8690314888954163,1
5048,1,0.9999170303344727,1
5049,1,0.9998475313186646,1
5050,1,0.9833453893661499,1
5051,0,0.6811144351959229,1
5052,1,0.9995008707046509,1
5053,0,0.932091474533081,1
5054,0,0.12722493708133698,0
5055,0,0.030640406534075737,0
5056,0,0.016877781599760056,0
5057,0,0.5774707794189453,1
5058,0,0.00048450392205268145,0
5059,1,0.9991604089736938,1
5060,1,0.9988945126533508,1
5061,0,0.0006089775706641376,0
5062,1,0.9994977712631226,1
5063,0,9.314878116128966e-05,0
5064,0,0.00017863525135908276,0
5065,0,0.9204127788543701,1
5066,0,0.0008894962957128882,0
5067,0,0.4139132797718048,0
5068,1,0.9967208504676819,1
5069,1,0.9979448914527893,1
5070,0,0.00020570747437886894,0
5071,0,3.7891706597292796e-05,0
5072,1,0.98435378074646,1
5073,1,0.9991987347602844,1
5074,1,0.9997037053108215,1
5075,0,0.012325170449912548,0
5076,0,0.0034013513941317797,0
5077,1,0.9999281167984009,1
5078,0,0.0001328776270383969,0
5079,1,0.9904447197914124,1
5080,0,0.021459829062223434,0
5081,0,6.885099719511345e-05,0
5082,0,9.118210437009111e-05,0
5083,0,0.0017387085827067494,0
5084,0,0.0011285808868706226,0
5085,0,0.0060499077662825584,0
5086,1,0.9998892545700073,1
5087,1,0.30066943168640137,0
5088,1,0.999708354473114,1
5089,1,0.00686765369027853,0
5090,1,0.977123498916626,1
5091,1,0.9370352029800415,1
5092,0,0.02355731651186943,0
5093,1,0.999964714050293,1
5094,1,0.8492354154586792,1
5095,1,0.9998548030853271,1
5096,0,0.00010771737288450822,0
5097,1,0.9996621608734131,1
5098,1,0.9982692003250122,1
5099,0,0.07846579700708389,0
5100,1,0.9999070167541504,1
5101,0,0.0015713926404714584,0
5102,1,0.9045072197914124,1
5103,0,0.005832933355122805,0
5104,1,0.9006786942481995,1
5105,1,0.9948228597640991,1
5106,1,0.9996474981307983,1
5107,0,0.0006880274740979075,0
5108,0,0.003058456117287278,0
5109,0,0.006389001850038767,0
5110,0,0.21929654479026794,0
5111,0,4.274307138985023e-05,0
5112,0,0.02209225483238697,0
5113,0,0.002287567127496004,0
5114,0,0.23770345747470856,0
5115,1,0.9938375353813171,1
5116,0,0.003979736473411322,0
5117,0,0.00016426453657913953,0
5118,0,0.0005473457276821136,0
5119,0,0.17443139851093292,0
5120,1,0.9306902289390564,1
5121,0,0.0001363480114378035,0
5122,0,0.001737198093906045,0
5123,1,0.9996070265769958,1
5124,1,0.9998542070388794,1
5125,0,0.0023688673973083496,0
5126,0,0.11265099793672562,0
5127,0,0.0002811338927131146,0
5128,0,0.00600612536072731,0
5129,1,0.9998024106025696,1
5130,0,0.020244592800736427,0
5131,0,0.0011384141398593783,0
5132,1,0.9997100234031677,1
5133,1,0.9938192963600159,1
5134,1,0.9822256565093994,1
5135,0,0.04508624225854874,0
5136,0,0.42353683710098267,0
5137,1,0.9923281073570251,1
5138,1,0.9897226095199585,1
5139,1,0.9975643157958984,1
5140,0,0.015475129708647728,0
5141,0,0.00010402666521258652,0
5142,1,0.9976060390472412,1
5143,1,0.9998996257781982,1
5144,1,0.9999345541000366,1
5145,0,0.00023679572041146457,0
5146,1,0.05495447292923927,0
5147,1,0.999876856803894,1
5148,1,0.681623637676239,1
5149,1,0.18267108500003815,0
5150,1,0.1922243982553482,0
5151,1,0.9997597336769104,1
5152,0,0.000400515622459352,0
5153,0,0.01873057894408703,0
5154,1,0.9914932250976562,1
5155,1,0.9976443648338318,1
5156,1,0.9987426400184631,1
5157,0,0.05401211604475975,0
5158,1,0.9980339407920837,1
5159,0,0.003938879817724228,0
5160,0,0.02629961259663105,0
5161,1,0.9318421483039856,1
5162,1,0.9994915723800659,1
5163,0,6.220424256753176e-05,0
5164,0,0.0002186871861340478,0
5165,1,0.9944462776184082,1
5166,0,0.09365581721067429,0
5167,1,0.9954590797424316,1
5168,0,0.07988195866346359,0
5169,1,0.9999953508377075,1
5170,1,0.9284477233886719,1
5171,0,0.5764319896697998,1
5172,0,0.0006622346118092537,0
5173,1,0.9987547397613525,1
5174,1,0.3906747102737427,0
5175,1,0.9903708100318909,1
5176,0,0.0013660917757079005,0
5177,1,0.9970876574516296,1
5178,1,0.9302288293838501,1
5179,0,0.004304669797420502,0
5180,1,0.8480190634727478,1
5181,0,0.0006702224491164088,0
5182,0,0.01130575593560934,0
5183,1,0.9998632669448853,1
5184,1,0.9995774626731873,1
5185,0,0.04290447384119034,0
5186,1,0.9290434122085571,1
5187,1,0.9446214437484741,1
5188,1,0.927141010761261,1
5189,0,0.626257061958313,1
5190,1,0.999768078327179,1
5191,1,0.999062716960907,1
5192,0,0.0027237983886152506,0
5193,1,0.9726240038871765,1
5194,0,9.06924979062751e-05,0
5195,0,0.0033420617692172527,0
5196,1,0.9980605244636536,1
5197,0,0.0014185004401952028,0
5198,1,0.9956666231155396,1
5199,1,0.9980276226997375,1
5200,1,0.05234191194176674,0
5201,1,0.9768933653831482,1
5202,1,0.997563362121582,1
5203,0,0.0480906143784523,0
5204,1,0.999927282333374,1
5205,1,0.6888710856437683,1
5206,0,0.029970843344926834,0
5207,1,0.999954104423523,1
5208,1,0.9980056881904602,1
5209,0,0.034789759665727615,0
5210,0,0.02159440889954567,0
5211,0,0.0010561086237430573,0
5212,0,0.004926938563585281,0
5213,1,0.9999144077301025,1
5214,0,0.0013833631528541446,0
5215,1,0.9989491105079651,1
5216,1,0.9999158382415771,1
5217,1,0.9997788071632385,1
5218,1,0.9996984004974365,1
5219,1,0.9924787282943726,1
5220,1,0.9999071359634399,1
5221,0,0.01090704370290041,0
5222,0,0.001126802060753107,0
5223,0,0.004001224413514137,0
5224,1,0.15019644796848297,0
5225,0,0.0002694842987693846,0
5226,0,0.06957033276557922,0
5227,1,0.9990518689155579,1
5228,0,0.0019614382181316614,0
5229,1,0.9998687505722046,1
5230,1,0.9988395571708679,1
5231,0,0.10441230237483978,0
5232,1,0.9999269247055054,1
5233,0,7.448907126672566e-05,0
5234,1,0.9988034963607788,1
5235,1,0.9998691082000732,1
5236,0,0.0009843609295785427,0
5237,0,0.00895603746175766,0
5238,0,0.39123472571372986,0
5239,1,0.9997716546058655,1
5240,0,0.0002590297954156995,0
5241,0,0.07361948490142822,0
5242,0,0.0007695836829952896,0
5243,1,0.9956620335578918,1
5244,0,0.0033536937553435564,0
5245,0,0.002327556489035487,0
5246,1,0.9997259974479675,1
5247,1,0.9996340274810791,1
5248,1,0.8256423473358154,1
5249,0,0.07541181892156601,0
5250,0,0.0016165799461305141,0
5251,0,0.1577315330505371,0
5252,0,0.0022018305025994778,0
5253,0,0.0003314258356112987,0
5254,1,0.9998366832733154,1
5255,0,0.10658488422632217,0
5256,0,0.00026574436924420297,0
5257,0,9.614072769181803e-05,0
5258,0,0.006744896527379751,0
5259,1,0.07540802657604218,0
5260,0,0.007256451062858105,0
5261,0,0.8419079780578613,1
5262,1,0.7157260179519653,1
5263,1,0.9986439347267151,1
5264,1,0.997617781162262,1
5265,1,0.999269425868988,1
5266,0,0.006012574303895235,0
5267,1,0.8843336701393127,1
5268,0,0.3546491265296936,0
5269,0,0.9841741323471069,1
5270,0,0.00029192311922088265,0
5271,1,0.9951724410057068,1
5272,1,0.9996116757392883,1
5273,0,0.0020674506668001413,0
5274,1,0.2959914803504944,0
5275,1,0.999915599822998,1
5276,0,0.0035330308601260185,0
5277,0,0.0016893139109015465,0
5278,0,0.034265171736478806,0
5279,1,0.9990468621253967,1
5280,1,0.999698281288147,1
5281,1,0.996752917766571,1
5282,0,0.0015108975348994136,0
5283,1,0.9973251819610596,1
5284,0,0.29827409982681274,0
5285,0,0.001165734720416367,0
5286,1,0.999836802482605,1
5287,0,0.38271564245224,0
5288,0,0.18907316029071808,0
5289,1,0.9994638562202454,1
5290,1,0.9997510313987732,1
5291,1,0.9989219903945923,1
5292,1,0.998430073261261,1
5293,1,0.9987941980361938,1
5294,0,0.00094818533398211,0
5295,0,0.1594534069299698,0
5296,0,0.045086100697517395,0
5297,1,0.9994089603424072,1
5298,0,0.0013157329522073269,0
5299,1,0.7018751502037048,1
5300,0,0.05874539166688919,0
5301,0,0.012701827101409435,0
5302,0,0.013159837573766708,0
5303,0,0.00015066334162838757,0
5304,1,0.9997658133506775,1
5305,0,0.0018565712962299585,0
5306,1,0.9748345017433167,1
5307,1,0.9997397065162659,1
5308,0,0.0017010964220389724,0
5309,1,0.4123440086841583,0
5310,0,0.22119317948818207,0
5311,1,0.9995148181915283,1
5312,0,0.0752045214176178,0
5313,0,0.003950131591409445,0
5314,0,0.012532256543636322,0
5315,1,0.9767774939537048,1
5316,1,0.9974194765090942,1
5317,1,0.9949434399604797,1
5318,1,0.26210519671440125,0
5319,1,0.9971502423286438,1
5320,1,0.9997885823249817,1
5321,0,0.00022568968415725976,0
5322,0,0.0034402385354042053,0
5323,1,0.9992207288742065,1
5324,0,0.00041172283818013966,0
5325,0,0.0023528242018073797,0
5326,0,0.29229873418807983,0
5327,1,0.9960620999336243,1
5328,1,0.9997562766075134,1
5329,0,0.0006392840296030045,0
5330,0,0.5097692012786865,1
5331,1,0.9863276481628418,1
5332,0,0.0001777507277438417,0
5333,0,0.26851582527160645,0
5334,1,0.9985851049423218,1
5335,1,0.9985608458518982,1
5336,0,0.053410355001688004,0
5337,0,0.00027953615062870085,0
5338,0,0.01041884534060955,0
5339,1,0.6798348426818848,1
5340,1,0.9998897314071655,1
5341,1,0.24840831756591797,0
5342,1,0.9935012459754944,1
5343,0,0.026007402688264847,0
5344,1,0.9931249022483826,1
5345,0,0.004802608862519264,0
5346,0,0.0009747888543643057,0
5347,0,0.064485564827919,0
5348,0,0.0003814426308963448,0
5349,0,0.20064514875411987,0
5350,0,0.00024485206813551486,0
5351,1,0.9997978806495667,1
5352,1,0.9996775388717651,1
5353,0,0.0637303814291954,0
5354,0,0.001411039032973349,0
5355,0,0.0032645449973642826,0
5356,0,0.0005318930489011109,0
5357,0,0.0022785246837884188,0
5358,0,0.0003628781414590776,0
5359,0,0.00016926557873375714,0
5360,1,0.997141420841217,1
5361,0,0.06405965983867645,0
5362,0,0.8496458530426025,1
5363,1,0.9688600301742554,1
5364,1,0.9972208738327026,1
5365,1,0.997087299823761,1
5366,1,0.9098528027534485,1
5367,0,0.005508879665285349,0
5368,1,0.9975973963737488,1
5369,1,0.9990813732147217,1
5370,1,0.9112253189086914,1
5371,0,0.2780722677707672,0
5372,1,0.8314831256866455,1
5373,0,0.0002592387900222093,0
5374,1,0.5481419563293457,1
5375,1,0.9997734427452087,1
5376,0,0.14446072280406952,0
5377,1,0.9970977306365967,1
5378,1,0.9997150301933289,1
5379,1,0.3120444416999817,0
5380,1,0.9991891980171204,1
5381,1,0.9999245405197144,1
5382,1,0.7781311869621277,1
5383,1,0.9953402280807495,1
5384,1,0.9978408813476562,1
5385,1,0.9988663196563721,1
5386,1,0.3392951190471649,0
5387,1,0.6338882446289062,1
5388,1,0.9997788071632385,1
5389,1,0.9991488456726074,1
5390,0,5.5342916311929e-05,0
5391,1,0.9983452558517456,1
5392,1,0.9998866319656372,1
5393,1,0.9812608957290649,1
5394,0,0.8671722412109375,1
5395,1,0.00562296062707901,0
5396,1,0.9533714652061462,1
5397,0,0.004466910380870104,0
5398,1,0.8956984281539917,1
5399,0,0.001253552851267159,0
5400,1,0.9996691942214966,1
5401,0,0.037991248071193695,0
5402,0,0.0005768511327914894,0
5403,1,0.9999074935913086,1
5404,1,0.9995179176330566,1
5405,0,0.08976958692073822,0
5406,0,0.00014601022121496499,0
5407,1,0.9980385899543762,1
5408,1,0.9602924585342407,1
5409,1,0.9967542290687561,1
5410,1,0.9992521405220032,1
5411,0,0.008923972025513649,0
5412,1,0.9746699333190918,1
5413,0,0.8119314908981323,1
5414,1,0.9998192191123962,1
5415,1,0.9979586601257324,1
5416,1,0.9995935559272766,1
5417,1,0.9996219873428345,1
5418,1,0.9996825456619263,1
5419,1,0.9998495578765869,1
5420,0,0.007802723906934261,0
5421,0,0.0009515387937426567,0
5422,0,0.014527801424264908,0
5423,0,0.0005272047710604966,0
5424,1,0.9984176158905029,1
5425,1,0.1645771712064743,0
5426,1,0.9983614087104797,1
5427,1,0.9998316764831543,1
5428,0,0.0647927075624466,0
5429,0,0.6185358762741089,1
5430,1,0.9883887767791748,1
5431,1,0.9998631477355957,1
5432,1,0.9974633455276489,1
5433,0,0.05825081095099449,0
5434,0,0.520111620426178,1
5435,1,0.9992541670799255,1
5436,0,8.729213732294738e-05,0
5437,0,0.00044684536987915635,0
5438,0,0.03287333622574806,0
5439,1,0.9998461008071899,1
5440,0,0.0004192994092591107,0
5441,1,0.9995355606079102,1
5442,1,0.9748857021331787,1
5443,0,0.0003314179484732449,0
5444,1,0.993085503578186,1
5445,0,0.001092553255148232,0
5446,0,0.012508934363722801,0
5447,1,0.9987578392028809,1
5448,1,0.9988069534301758,1
5449,1,0.9973118305206299,1
5450,1,0.9999740123748779,1
5451,1,0.9988048076629639,1
5452,0,0.00043375755194574594,0
5453,0,0.0038563250564038754,0
5454,1,0.9999632835388184,1
5455,0,0.0016717559192329645,0
5456,1,0.9994688630104065,1
5457,1,0.9968242645263672,1
5458,0,0.013322696089744568,0
5459,0,0.005392714869230986,0
5460,0,0.26892656087875366,0
5461,0,0.001494428957812488,0
5462,1,0.9990066885948181,1
5463,1,0.9998617172241211,1
5464,0,0.008408086374402046,0
5465,1,0.9629598259925842,1
5466,1,0.999893069267273,1
5467,0,0.21427002549171448,0
5468,1,0.9397525191307068,1
5469,1,0.9352846145629883,1
5470,0,0.0066350409761071205,0
5471,0,0.01977132447063923,0
5472,1,0.9995468258857727,1
5473,0,0.0006722839316353202,0
5474,1,0.9995934367179871,1
5475,1,0.9995064735412598,1
5476,1,0.9239637851715088,1
5477,1,0.6956290602684021,1
5478,1,0.9982911944389343,1
5479,0,0.0009458023705519736,0
5480,0,0.2304507941007614,0
5481,0,0.000571174721699208,0
5482,1,0.9983479976654053,1
5483,0,0.010282059200108051,0
5484,0,0.6529985070228577,1
5485,0,0.18619012832641602,0
5486,0,2.7794952984550036e-05,0
5487,0,0.10470576584339142,0
5488,1,0.9395120143890381,1
5489,1,0.8643361330032349,1
5490,0,0.0013545467518270016,0
5491,0,0.006636185105890036,0
5492,0,0.005411488935351372,0
5493,0,0.0008745809900574386,0
5494,1,0.9899926781654358,1
5495,1,0.8194909691810608,1
5496,1,0.32211926579475403,0
5497,0,0.0013905646046623588,0
5498,0,0.0005394641775637865,0
5499,0,0.0005940593546256423,0
5500,1,0.999397873878479,1
5501,1,0.9992601275444031,1
5502,1,0.9882445335388184,1
5503,0,0.0077308835461735725,0
5504,1,0.8655198216438293,1
5505,1,0.997830331325531,1
5506,0,0.0027740292716771364,0
5507,0,0.00038408589898608625,0
5508,1,0.9999520778656006,1
5509,0,0.00018687536066863686,0
5510,0,0.08206821978092194,0
5511,0,0.030544711276888847,0
5512,1,0.9999080896377563,1
5513,0,0.005909096449613571,0
5514,1,0.9915562868118286,1
5515,0,0.0003705345734488219,0
5516,0,0.0010718374978750944,0
5517,0,0.0014986962778493762,0
5518,1,0.9947602152824402,1
5519,0,0.0048074498772621155,0
5520,1,0.9925770163536072,1
5521,0,0.00024766201386228204,0
5522,0,0.03554486855864525,0
5523,1,0.9966371059417725,1
5524,1,0.008617710322141647,0
5525,0,0.005315701477229595,0
5526,1,0.9994146823883057,1
5527,1,0.9997585415840149,1
5528,1,0.9999731779098511,1
5529,0,0.012859958223998547,0
5530,0,0.003962249495089054,0
5531,0,0.0011396066984161735,0
5532,0,0.00035269776708446443,0
5533,1,0.4842532277107239,0
5534,0,0.0006109317182563245,0
5535,0,0.00021682710212189704,0
5536,0,0.002026550006121397,0
5537,0,0.003948981873691082,0
5538,1,0.9893004298210144,1
5539,1,0.9994876384735107,1
5540,1,0.9995567202568054,1
5541,1,0.7477947473526001,1
5542,0,0.0053779445588588715,0
5543,1,0.9988816380500793,1
5544,1,0.9973846077919006,1
5545,1,0.9995207786560059,1
5546,1,0.9998396635055542,1
5547,0,0.0008111324859783053,0
5548,1,0.9997943043708801,1
5549,1,0.9996333122253418,1
5550,1,0.9900804162025452,1
5551,0,0.003855925751850009,0
5552,0,0.01612534373998642,0
5553,0,0.004482803866267204,0
5554,0,0.009769034571945667,0
5555,1,0.999944806098938,1
5556,0,0.2809545397758484,0
5557,1,0.9484490752220154,1
5558,1,0.975260317325592,1
5559,1,0.9091044664382935,1
5560,0,0.002510093618184328,0
5561,0,0.0001221515121869743,0
5562,1,0.9997507929801941,1
5563,1,0.8947898149490356,1
5564,1,0.9700453877449036,1
5565,0,0.02382367104291916,0
5566,1,0.904803991317749,1
5567,0,0.0016512891743332148,0
5568,0,0.009489024989306927,0
5569,1,0.9997177720069885,1
5570,0,0.0007982038077898324,0
5571,1,0.9547635316848755,1
5572,1,0.9982835054397583,1
5573,0,0.0437103696167469,0
5574,1,0.3642278015613556,0
5575,0,0.0005517821991816163,0
5576,1,0.998894989490509,1
5577,0,0.9658274054527283,1
5578,1,0.9680482149124146,1
5579,0,0.0013238663086667657,0
5580,0,0.00631606113165617,0
5581,0,0.00034551412682048976,0
5582,1,0.9975979924201965,1
5583,0,0.008257836103439331,0
5584,1,0.9945462942123413,1
5585,0,0.006526455283164978,0
5586,0,0.007482199463993311,0
5587,0,0.0014070079196244478,0
5588,1,0.9996784925460815,1
5589,1,0.9647595286369324,1
5590,0,0.02293160930275917,0
5591,1,0.9985544085502625,1
5592,0,0.0037662566173821688,0
5593,1,0.9998457431793213,1
5594,1,0.9846692681312561,1
5595,1,0.9254266023635864,1
5596,1,0.9724447727203369,1
5597,1,0.9997467398643494,1
5598,1,0.9957576394081116,1
5599,0,0.05153718590736389,0
5600,1,0.9715476632118225,1
5601,1,0.9966650605201721,1
5602,0,0.9460394978523254,1
5603,0,0.04940009489655495,0
5604,1,0.9999396800994873,1
5605,1,0.9998188614845276,1
5606,1,0.9991471767425537,1
5607,0,0.0005957501707598567,0
5608,0,0.015187658369541168,0
5609,0,0.00018245460523758084,0
5610,1,0.9880345463752747,1
5611,0,6.15927783655934e-05,0
5612,1,0.8099457621574402,1
5613,1,0.9902904629707336,1
5614,0,0.047424256801605225,0
5615,1,0.998753547668457,1
5616,1,0.9994598031044006,1
5617,1,0.00318977702409029,0
5618,1,0.73125159740448,1
5619,0,0.01664149761199951,0
5620,1,0.9968243837356567,1
5621,0,0.02868671528995037,0
5622,1,0.9994563460350037,1
5623,1,0.995697021484375,1
5624,1,0.9921791553497314,1
5625,1,0.9996455907821655,1
5626,0,0.0028088304679840803,0
5627,0,0.0007308605709113181,0
5628,0,0.0007931638974696398,0
5629,0,0.0002480554685462266,0
5630,1,0.9846788644790649,1
5631,0,0.001028707716614008,0
5632,1,0.9998422861099243,1
5633,1,0.9988583326339722,1
5634,0,0.0005248961970210075,0
5635,1,0.9817487597465515,1
5636,1,0.9999703168869019,1
5637,0,0.003368095960468054,0
5638,0,4.315230398788117e-05,0
5639,1,0.9986653327941895,1
5640,0,0.001038171467371285,0
5641,0,0.006328613497316837,0
5642,1,0.932002604007721,1
5643,1,0.974452018737793,1
5644,0,5.3895219025434926e-05,0
5645,1,0.9989368319511414,1
5646,0,0.03496918827295303,0
5647,0,0.0007161221583373845,0
5648,1,0.9916560649871826,1
5649,0,0.9194262623786926,1
5650,1,0.9844539761543274,1
5651,1,0.9884379506111145,1
5652,0,0.15021876990795135,0
5653,1,0.9955639839172363,1
5654,1,0.9995819926261902,1
5655,0,0.0002640708698891103,0
5656,1,0.9961014986038208,1
5657,0,0.00013240118278190494,0
5658,1,0.9999282360076904,1
5659,0,0.0007728938944637775,0
5660,0,0.00010525005927775055,0
5661,0,0.02509879320859909,0
5662,1,0.9999076128005981,1
5663,1,0.9958135485649109,1
5664,0,0.0005161758745089173,0
5665,0,0.9712275862693787,1
5666,0,0.00012545469508040696,0
5667,0,0.4249463677406311,0
5668,1,0.9973502159118652,1
5669,1,0.9989365935325623,1
5670,0,0.043101850897073746,0
5671,1,0.9993439316749573,1
5672,0,0.007319742813706398,0
5673,0,0.0036652348935604095,0
5674,0,0.06697367131710052,0
5675,0,0.012179752811789513,0
5676,1,0.9997815489768982,1
5677,0,0.000431589171057567,0
5678,1,0.9959269165992737,1
5679,1,0.43720027804374695,0
5680,1,0.978438675403595,1
5681,1,0.9913203120231628,1
5682,1,0.9819723963737488,1
5683,0,0.02164958417415619,0
5684,0,0.0003070725069846958,0
5685,1,0.9999827146530151,1
5686,0,0.004419752396643162,0
5687,0,0.0054322294890880585,0
5688,1,0.9975652694702148,1
5689,0,3.198443300789222e-05,0
5690,1,0.9889166355133057,1
5691,0,0.003673657076433301,0
5692,0,0.0010619062231853604,0
5693,1,0.9965147972106934,1
5694,0,0.00047670150524936616,0
5695,0,0.0037924302741885185,0
5696,1,0.9789505004882812,1
5697,0,0.002804428106173873,0
5698,0,0.008890010416507721,0
5699,0,0.025517208501696587,0
5700,0,0.13664740324020386,0
5701,0,0.3731999695301056,0
5702,0,0.027073604986071587,0
5703,0,0.004459511488676071,0
5704,1,0.9981099367141724,1
5705,1,0.99970942735672,1
5706,1,0.8896552324295044,1
5707,0,0.0004611664917320013,0
5708,0,0.0007295888499356806,0
5709,0,0.00017563030996825546,0
5710,1,0.9867047071456909,1
5711,1,0.9152944087982178,1
5712,0,0.022028541192412376,0
5713,0,0.0015435419045388699,0
5714,0,0.7206227779388428,1
5715,0,0.00018798858218360692,0
5716,1,0.9998568296432495,1
5717,1,0.9993621706962585,1
5718,1,0.879386842250824,1
5719,1,0.9990134239196777,1
5720,0,0.03290790319442749,0
5721,0,0.06970880180597305,0
5722,1,0.980519711971283,1
5723,0,0.0002292315912200138,0
5724,0,0.10758272558450699,0
5725,1,0.999758780002594,1
5726,1,0.996743381023407,1
5727,0,0.16212159395217896,0
5728,1,0.9982380867004395,1
5729,0,0.002319373656064272,0
5730,0,0.00026399761554785073,0
5731,1,0.9726136326789856,1
5732,1,0.9957270622253418,1
5733,1,0.9588778614997864,1
5734,1,0.9958745837211609,1
5735,0,0.0013568532885983586,0
5736,0,0.00028251606272533536,0
5737,1,0.9987612962722778,1
5738,1,0.9778165221214294,1
5739,0,0.0004672493669204414,0
5740,0,0.0001520209916634485,0
5741,0,0.00045719760237261653,0
5742,1,0.9583026766777039,1
5743,1,0.9970340728759766,1
5744,1,0.996113657951355,1
5745,1,0.9998539686203003,1
5746,0,0.0717960000038147,0
5747,1,0.9992918968200684,1
5748,1,0.9965981841087341,1
5749,0,0.009120416827499866,0
5750,1,0.9997908473014832,1
5751,1,0.9991437196731567,1
5752,1,0.9995038509368896,1
5753,1,0.9990645051002502,1
5754,0,0.03168778121471405,0
5755,0,0.00873821135610342,0
5756,0,0.5356711745262146,1
5757,1,0.9924815893173218,1
5758,0,0.3864137530326843,0
5759,1,0.9657778143882751,1
5760,1,0.9988607168197632,1
5761,1,0.9879477620124817,1
5762,1,0.9671556353569031,1
5763,1,0.9999394416809082,1
5764,1,0.9983049631118774,1
5765,0,0.0012207842664793134,0
5766,1,0.9748134613037109,1
5767,0,4.941665974911302e-05,0
5768,0,0.0002563967718742788,0
5769,0,0.001421710359863937,0
5770,0,0.0027240831404924393,0
5771,1,0.9991143345832825,1
5772,0,0.019471708685159683,0
5773,0,0.3491100072860718,0
5774,1,0.5113527774810791,1
5775,0,0.004595446866005659,0
5776,0,0.0004913070006296039,0
5777,1,0.9999308586120605,1
5778,1,0.4873671233654022,0
5779,0,0.0004313388781156391,0
5780,1,0.9431332349777222,1
5781,1,0.999565064907074,1
5782,1,0.8612031936645508,1
5783,1,0.999810516834259,1
5784,1,0.4428355395793915,0
5785,0,0.01012701727449894,0
5786,1,0.980048418045044,1
5787,1,0.9992689490318298,1
5788,1,0.9996116757392883,1
5789,1,0.9991395473480225,1
5790,1,0.998978853225708,1
5791,0,0.002401017816737294,0
5792,1,0.9994837045669556,1
5793,0,0.9745656847953796,1
5794,1,0.9917541742324829,1
5795,1,0.9964497089385986,1
5796,1,0.9998396635055542,1
5797,1,0.5648486018180847,1
5798,0,0.0171490628272295,0
5799,0,0.37448230385780334,0
5800,0,0.0006936599384061992,0
5801,0,3.1693132768850774e-05,0
5802,0,0.003316084621474147,0
5803,1,0.9989150762557983,1
5804,1,0.007454696111381054,0
5805,0,0.029875414445996284,0
5806,1,0.9985551238059998,1
5807,1,0.9999117851257324,1
5808,1,0.8043531775474548,1
5809,1,0.9995176792144775,1
5810,1,0.9978356957435608,1
5811,1,0.9912886619567871,1
5812,1,0.9992620348930359,1
5813,0,0.09673912823200226,0
5814,1,0.9999023675918579,1
5815,0,0.2654242217540741,0
5816,1,0.9996967315673828,1
5817,0,0.0010429248213768005,0
5818,0,0.0016122881788760424,0
5819,0,0.5717907547950745,1
5820,1,0.11553622037172318,0
5821,1,0.999863862991333,1
5822,1,0.9962221384048462,1
5823,1,0.9742658138275146,1
5824,1,0.9953302145004272,1
5825,1,0.9983150959014893,1
5826,0,0.014043099246919155,0
5827,1,0.999221920967102,1
5828,1,0.9423572421073914,1
5829,1,0.9959190487861633,1
5830,1,0.9974344372749329,1
5831,1,0.8556423187255859,1
5832,0,0.04716319590806961,0
5833,1,0.7427471876144409,1
5834,1,0.9985803365707397,1
5835,0,0.01689510978758335,0
5836,1,0.9998970031738281,1
5837,1,0.9990347623825073,1
5838,1,0.6879523992538452,1
5839,0,0.004013619851320982,0
5840,1,0.9984807372093201,1
5841,1,0.9982762336730957,1
5842,0,0.0002863969129975885,0
5843,0,0.06416752189397812,0
5844,0,0.3688031733036041,0
5845,1,0.9377983212471008,1
5846,1,0.9692854285240173,1
5847,0,0.241702601313591,0
5848,0,0.01568840816617012,0
5849,1,0.9999086856842041,1
5850,1,0.9995694756507874,1
5851,0,0.0001071014121407643,0
5852,1,0.9980702996253967,1
5853,1,0.9979263544082642,1
5854,0,0.002322601154446602,0
5855,0,0.0018873355584219098,0
5856,1,0.8817684650421143,1
5857,0,0.5587268471717834,1
5858,1,0.9987626075744629,1
5859,1,0.9996479749679565,1
5860,0,0.0001556964562041685,0
5861,1,0.9909537434577942,1
5862,1,0.9080652594566345,1
5863,0,0.029052847996354103,0
5864,0,0.00015267076378222555,0
5865,0,0.001776040648110211,0
5866,0,0.7374191880226135,1
5867,1,0.9956409931182861,1
5868,0,0.0031864282209426165,0
5869,1,0.997654914855957,1
5870,0,0.0003791524504777044,0
5871,1,0.9967204928398132,1
5872,1,0.9677479863166809,1
5873,0,0.032073479145765305,0
5874,1,0.9998904466629028,1
5875,1,0.000509641831740737,0
5876,0,0.21789008378982544,0
5877,0,0.016420913860201836,0
5878,1,0.1522129774093628,0
5879,0,0.0030823175329715014,0
5880,0,0.0003888558130711317,0
5881,1,0.999829888343811,1
5882,1,0.9991674423217773,1
5883,0,0.0003786030865740031,0
5884,0,0.09682707488536835,0
5885,0,8.39670465211384e-05,0
5886,1,0.9487118721008301,1
5887,0,0.00011367068509571254,0
5888,1,0.9999680519104004,1
5889,0,0.0010875698644667864,0
5890,1,0.9973626732826233,1
5891,0,0.006917176302522421,0
5892,1,0.9988447427749634,1
5893,0,0.018484042957425117,0
5894,0,0.0017646545311436057,0
5895,0,0.002414114074781537,0
5896,1,0.9979534149169922,1
5897,1,0.9915518760681152,1
5898,0,0.008010080084204674,0
5899,1,0.9924482107162476,1
5900,1,0.99504154920578,1
5901,1,0.7337449193000793,1
5902,1,0.8955572843551636,1
5903,0,0.11986903846263885,0
5904,0,0.11113494634628296,0
5905,1,0.9988151788711548,1
5906,1,0.9650856852531433,1
5907,0,0.9918591380119324,1
5908,0,0.0023240577429533005,0
5909,1,0.9999374151229858,1
5910,1,0.999514102935791,1
5911,1,0.9999586343765259,1
5912,0,0.0006192573346197605,0
5913,1,0.9930285811424255,1
5914,1,0.9997891783714294,1
5915,0,0.4326111972332001,0
5916,0,0.6245747208595276,1
5917,0,0.04579002037644386,0
5918,0,0.05414417386054993,0
5919,1,0.9818363785743713,1
5920,1,0.9855448603630066,1
5921,0,0.9358415007591248,1
5922,1,0.9919438362121582,1
5923,0,0.09916941076517105,0
5924,1,0.08886456489562988,0
5925,1,0.27802860736846924,0
5926,1,0.9405088424682617,1
5927,0,0.11404866725206375,0
5928,0,0.005374672822654247,0
5929,0,0.0032350514084100723,0
5930,0,0.0007368269725702703,0
5931,1,0.801221489906311,1
5932,1,0.9891776442527771,1
5933,0,0.010693404823541641,0
5934,0,0.0004573922196868807,0
5935,1,0.9878692030906677,1
5936,0,0.013523888774216175,0
5937,1,0.9915511608123779,1
5938,1,0.868264377117157,1
5939,0,0.002036813646554947,0
5940,0,0.3671596944332123,0
5941,1,0.995926022529602,1
5942,1,0.9998531341552734,1
5943,0,0.18024076521396637,0
5944,0,0.07097701728343964,0
5945,1,0.9976511597633362,1
5946,1,0.9118074178695679,1
5947,0,0.0011116517707705498,0
5948,1,0.9989608526229858,1
5949,0,0.024101290851831436,0
5950,0,0.008604134432971478,0
5951,0,0.6389049291610718,1
5952,1,0.9516358375549316,1
5953,1,0.9997745156288147,1
5954,0,0.14887958765029907,0
5955,0,0.004155904054641724,0
5956,1,0.9700340628623962,1
5957,1,0.986126720905304,1
5958,1,0.7901896834373474,1
5959,0,0.0056556942872703075,0
5960,0,0.20088253915309906,0
5961,1,0.9962888956069946,1
5962,0,0.009823638014495373,0
5963,0,9.2112306447234e-05,0
5964,1,0.9997798800468445,1
5965,1,0.9849404692649841,1
5966,0,0.0003757792874239385,0
5967,0,0.01816965639591217,0
5968,1,0.9982275366783142,1
5969,0,0.008107917383313179,0
5970,1,0.9999438524246216,1
5971,0,0.0002693099086172879,0
5972,1,0.9995138645172119,1
5973,0,0.012777497060596943,0
5974,0,0.371868759393692,0
5975,0,0.001684666727669537,0
5976,0,0.00030779323424212635,0
5977,0,0.010575841180980206,0
5978,1,0.10766955465078354,0
5979,0,0.08120599389076233,0
5980,0,4.9133079301100224e-05,0
5981,0,6.208458944456652e-05,0
5982,1,0.9493929147720337,1
5983,0,0.003348410129547119,0
5984,0,0.2074628621339798,0
5985,0,0.002433262299746275,0
5986,0,0.00026519817765802145,0
5987,1,0.8222012519836426,1
5988,0,0.006961925886571407,0
5989,0,3.0351140594575554e-05,0
5990,0,0.014498121105134487,0
5991,1,0.9735626578330994,1
5992,1,0.9998990297317505,1
5993,0,4.208312020637095e-06,0
5994,0,0.01007150486111641,0
5995,0,0.008154173381626606,0
5996,0,0.10413305461406708,0
5997,0,0.0014882448595017195,0
5998,1,0.9993447661399841,1
5999,0,0.0006818306865170598,0
6000,1,0.9951105713844299,1
6001,0,0.028776375576853752,0
6002,1,0.9831970930099487,1
6003,1,0.9865489602088928,1
6004,1,0.9980584979057312,1
6005,0,3.993861173512414e-05,0
6006,0,0.1683419793844223,0
6007,1,0.966903567314148,1
6008,1,0.9916268587112427,1
6009,0,0.0005046689766459167,0
6010,1,0.9981825351715088,1
6011,0,0.8338875770568848,1
6012,1,0.9998181462287903,1
6013,0,0.12280403077602386,0
6014,1,0.9996917247772217,1
6015,1,0.9876039028167725,1
6016,1,0.9940827488899231,1
6017,1,0.9620175957679749,1
6018,1,0.9994327425956726,1
6019,0,0.0017895125783979893,0
6020,1,0.9995056390762329,1
6021,1,0.9814968109130859,1
6022,0,0.003262502374127507,0
6023,1,0.9928576946258545,1
6024,0,0.02180631272494793,0
6025,1,0.9997467398643494,1
6026,0,0.006528873927891254,0
6027,0,0.003215185133740306,0
6028,0,0.0008251013932749629,0
6029,1,0.9989609718322754,1
6030,1,0.9993876218795776,1
6031,1,0.9219734072685242,1
6032,1,0.9998656511306763,1
6033,0,0.5328766107559204,1
6034,0,0.22005584836006165,0
6035,1,0.9997217059135437,1
6036,0,0.0007190994219854474,0
6037,1,0.9992780089378357,1
6038,0,0.006300774868577719,0
6039,1,0.9928523898124695,1
6040,1,0.9997504353523254,1
6041,0,0.7975408434867859,1
6042,0,0.0014824881218373775,0
6043,1,0.7690699100494385,1
6044,1,0.992220938205719,1
6045,0,0.9421335458755493,1
6046,1,0.9509177207946777,1
6047,0,0.00013187802687752992,0
6048,1,0.9998722076416016,1
6049,1,0.9997844099998474,1
6050,0,0.005488745868206024,0
6051,0,0.9287142753601074,1
6052,0,0.0023420057259500027,0
6053,1,0.9950910806655884,1
6054,0,0.07544372975826263,0
6055,0,0.05236385390162468,0
6056,1,0.9978679418563843,1
6057,1,0.9853840470314026,1
6058,0,0.804634690284729,1
6059,1,0.9995778203010559,1
6060,0,0.027694648131728172,0
6061,1,0.9993137121200562,1
6062,1,0.0029526676516979933,0
6063,1,0.9998359680175781,1
6064,1,0.9990416169166565,1
6065,1,0.9820095300674438,1
6066,0,0.0211623627692461,0
6067,0,0.003101232461631298,0
6068,0,0.02626548707485199,0
6069,1,0.8483433127403259,1
6070,0,0.13568444550037384,0
6071,0,0.36949047446250916,0
6072,0,0.0007434271974489093,0
6073,1,0.9998810291290283,1
6074,0,0.00037372790393419564,0
6075,1,0.9775951504707336,1
6076,0,0.07821329683065414,0
6077,1,0.5650841593742371,1
6078,0,0.9286112785339355,1
6079,1,0.9991570711135864,1
6080,1,0.6936237812042236,1
6081,1,0.9880317449569702,1
6082,1,0.9985681772232056,1
6083,1,0.9817128777503967,1
6084,0,0.009214283898472786,0
6085,1,0.9947391152381897,1
6086,0,0.23443427681922913,0
6087,0,0.0016085513634607196,0
6088,1,0.9979937076568604,1
6089,0,0.0005730693228542805,0
6090,0,0.013585216365754604,0
6091,0,0.0002089655608870089,0
6092,0,0.2448202222585678,0
6093,1,0.9997451901435852,1
6094,1,0.345927357673645,0
6095,0,0.26565155386924744,0
6096,0,0.0058652302250266075,0
6097,1,0.9984478950500488,1
6098,0,0.008421948179602623,0
6099,0,0.025108598172664642,0
6100,1,0.9979571104049683,1
6101,1,0.9989609718322754,1
6102,1,0.9914984107017517,1
6103,1,0.9942717552185059,1
6104,0,0.00025880910106934607,0
6105,1,0.9549630880355835,1
6106,1,0.8193553686141968,1
6107,0,0.0003122247289866209,0
6108,1,0.9794501066207886,1
6109,0,0.11490345001220703,0
6110,0,0.0021314381156116724,0
6111,1,0.9819880127906799,1
6112,1,0.9999129772186279,1
6113,1,0.9386089444160461,1
6114,1,0.6477103233337402,1
6115,1,0.9648814797401428,1
6116,0,0.004451353568583727,0
6117,1,0.9985719919204712,1
6118,1,0.9999405145645142,1
6119,1,0.9977801442146301,1
6120,0,4.639946928364225e-05,0
6121,1,0.9999951124191284,1
6122,0,0.001585927326232195,0
6123,1,0.2700299322605133,0
6124,1,0.995318591594696,1
6125,0,6.564655632246286e-05,0
6126,1,0.9995105266571045,1
6127,0,0.0016935629537329078,0
6128,0,0.013147527351975441,0
6129,0,2.817490167217329e-05,0
6130,0,0.0006521955947391689,0
6131,1,0.9983997941017151,1
6132,1,0.9999845027923584,1
6133,0,0.01650303602218628,0
6134,1,0.8955761194229126,1
6135,0,0.00011584331514313817,0
6136,1,0.998748779296875,1
6137,0,0.006530630402266979,0
6138,0,0.5987045168876648,1
6139,0,1.8482120140106417e-05,0
6140,0,0.009170775301754475,0
6141,0,0.1488884836435318,0
6142,0,0.0007362369797192514,0
6143,0,0.00195410568267107,0
6144,1,0.9999876022338867,1
6145,0,0.3519178330898285,0
6146,1,0.9999535083770752,1
6147,0,0.010824221186339855,0
6148,1,0.9999147653579712,1
6149,1,0.9948784112930298,1
6150,0,0.0012854223605245352,0
6151,1,0.9821089506149292,1
6152,1,0.9972586631774902,1
6153,0,0.0007591299945488572,0
6154,0,0.0013010529801249504,0
6155,1,0.9875699877738953,1
6156,1,0.9994469285011292,1
6157,1,0.14538022875785828,0
6158,1,0.9993197917938232,1
6159,0,0.018853846937417984,0
6160,0,0.3870912492275238,0
6161,1,0.9999063014984131,1
6162,0,6.005852992529981e-05,0
6163,0,0.7979794144630432,1
6164,0,0.015317095443606377,0
6165,1,0.9603621959686279,1
6166,1,0.998559296131134,1
6167,1,0.9229846596717834,1
6168,0,0.0008747652755118906,0
6169,1,0.5039063096046448,1
6170,1,0.7476582527160645,1
6171,0,0.020586401224136353,0
6172,0,0.00026035518385469913,0
6173,1,0.9991258978843689,1
6174,0,0.010427520610392094,0
6175,0,0.00849080178886652,0
6176,1,0.9933555126190186,1
6177,1,0.5261887311935425,1
6178,1,0.9996962547302246,1
6179,1,0.9989796280860901,1
6180,0,0.0008814724860712886,0
6181,1,0.9998292922973633,1
6182,0,0.34595364332199097,0
6183,1,0.9991770386695862,1
6184,1,0.9957150816917419,1
6185,1,0.9976455569267273,1
6186,0,0.06132149696350098,0
6187,1,0.7675091624259949,1
6188,0,0.0006597064202651381,0
6189,1,0.9826436638832092,1
6190,0,0.3118431866168976,0
6191,1,0.9999781847000122,1
6192,1,0.9999591112136841,1
6193,0,0.001563875819556415,0
6194,0,0.2938193380832672,0
6195,1,0.9976825714111328,1
6196,1,0.9987429976463318,1
6197,1,0.9802746176719666,1
6198,1,0.9978882670402527,1
6199,0,0.0012536406284198165,0
6200,0,0.005460561718791723,0
6201,0,0.7602976560592651,1
6202,0,3.3125939808087423e-05,0
6203,1,0.9994696974754333,1
6204,0,0.014049571938812733,0
6205,0,2.279375803482253e-05,0
6206,0,0.0011025586863979697,0
6207,0,0.011611883528530598,0
6208,1,0.9621574282646179,1
6209,0,0.0012835102388635278,0
6210,1,0.9979884624481201,1
6211,0,0.004863076843321323,0
6212,1,0.2925902307033539,0
6213,1,0.9997511506080627,1
6214,0,0.0011918797390535474,0
6215,0,0.00017825310351327062,0
6216,1,0.9991926550865173,1
6217,1,0.10150091350078583,0
6218,0,0.6476466059684753,1
6219,1,0.9994263648986816,1
6220,0,6.381282582879066e-05,0
6221,0,0.0004451208224054426,0
6222,0,0.012670007534325123,0
6223,0,0.062227215617895126,0
6224,1,0.9975499510765076,1
6225,0,0.0006445904728025198,0
6226,0,0.0009755321661941707,0
6227,0,0.01618366129696369,0
6228,1,0.9975191354751587,1
6229,0,0.005201728083193302,0
6230,0,0.1685815453529358,0
6231,1,0.9997038245201111,1
6232,1,0.9998931884765625,1
6233,1,0.9997678399085999,1
6234,1,0.9986909031867981,1
6235,1,0.9917545318603516,1
6236,0,0.005392479244619608,0
6237,0,0.00026873251772485673,0
6238,0,0.0005175251862965524,0
6239,1,0.9999814033508301,1
6240,1,0.9998015761375427,1
6241,1,0.1342085301876068,0
6242,0,0.07663990557193756,0
6243,1,0.9643551111221313,1
6244,1,0.9768465161323547,1
6245,1,0.9980702996253967,1
6246,1,0.9998313188552856,1
6247,1,0.9989935755729675,1
6248,1,0.9989270567893982,1
6249,0,0.29954472184181213,0
6250,0,0.008533225394785404,0
6251,0,0.8550804853439331,1
6252,0,0.03229334577918053,0
6253,0,4.7979774535633624e-05,0
6254,0,0.00036740649375133216,0
6255,0,0.003636391134932637,0
6256,0,0.002461668336763978,0
6257,1,0.9998701810836792,1
6258,0,0.0015106602804735303,0
6259,0,0.04105983301997185,0
6260,1,0.999031662940979,1
6261,0,0.006217729300260544,0
6262,0,0.17738571763038635,0
6263,0,8.346331742359325e-05,0
6264,1,0.9997625946998596,1
6265,1,0.9797976613044739,1
6266,1,0.9792311191558838,1
6267,1,0.9029949307441711,1
6268,1,0.9907801747322083,1
6269,1,0.9886376261711121,1
6270,1,0.9989590644836426,1
6271,1,0.9957126379013062,1
6272,0,0.00694594020023942,0
6273,0,0.00028459038003347814,0
6274,0,1.8511771486373618e-05,0
6275,0,0.0004456198657862842,0
6276,0,0.0009290095767937601,0
6277,1,0.9769895076751709,1
6278,1,0.9962558746337891,1
6279,1,0.967219889163971,1
6280,1,0.9878612756729126,1
6281,0,0.02911107987165451,0
6282,1,0.9904969930648804,1
6283,0,0.011721615679562092,0
6284,1,0.9998364448547363,1
6285,1,0.998449444770813,1
6286,1,0.9893167614936829,1
6287,1,0.9546054601669312,1
6288,1,0.9911118149757385,1
6289,0,0.0006563944043591619,0
6290,0,0.15565156936645508,0
6291,1,0.8581375479698181,1
6292,1,0.8917620778083801,1
6293,1,0.9998639822006226,1
6294,1,0.999982476234436,1
6295,0,0.03123261220753193,0
6296,0,0.18517445027828217,0
6297,0,0.02169194445014,0
6298,1,0.9994484782218933,1
6299,0,0.00016835246060509235,0
6300,0,0.00029835724853910506,0
6301,1,0.9986085295677185,1
6302,0,0.02656380645930767,0
6303,1,0.9985976815223694,1
6304,0,0.00027126914937980473,0
6305,0,1.5857045582379214e-05,0
6306,0,0.00028841226594522595,0
6307,0,0.0017377290641888976,0
6308,0,0.08108033984899521,0
6309,0,0.0030837857630103827,0
6310,0,0.9504485726356506,1
6311,1,0.9475395083427429,1
6312,1,0.9849802851676941,1
6313,1,0.9987624883651733,1
6314,0,0.013743516989052296,0
6315,0,0.6011762022972107,1
6316,0,0.0008258864399977028,0
6317,0,0.01528226025402546,0
6318,0,0.0583396852016449,0
6319,0,0.0019217244116589427,0
6320,1,0.999870777130127,1
6321,0,0.00015882858133409172,0
6322,1,0.9959904551506042,1
6323,0,0.5152987241744995,1
6324,1,0.996254563331604,1
6325,0,0.0023476232308894396,0
6326,0,0.6682217121124268,1
6327,0,0.0020180244464427233,0
6328,0,0.0031984217930585146,0
6329,1,0.9975076913833618,1
6330,0,0.012901331298053265,0
6331,1,0.9994592070579529,1
6332,1,0.9996064305305481,1
6333,1,0.999021053314209,1
6334,0,0.0015009643975645304,0
6335,1,0.9977019429206848,1
6336,0,0.0023161431308835745,0
6337,1,0.9999680519104004,1
6338,1,0.9753261804580688,1
6339,0,8.320790948346257e-05,0
6340,1,0.9999104738235474,1
6341,0,0.007422748953104019,0
6342,1,0.998097836971283,1
6343,1,0.9997710585594177,1
6344,0,0.0001549647859064862,0
6345,0,0.47172361612319946,0
6346,1,0.9993844032287598,1
6347,1,0.9974074959754944,1
6348,0,0.035961467772722244,0
6349,0,0.027385465800762177,0
6350,1,0.9997777342796326,1
6351,1,0.9968738555908203,1
6352,1,0.3999768793582916,0
6353,1,0.9869493842124939,1
6354,0,0.004428775515407324,0
6355,0,0.0008063974673859775,0
6356,1,0.9961054921150208,1
6357,1,0.9986975193023682,1
6358,1,0.9998310804367065,1
6359,0,0.0010414727730676532,0
6360,1,0.9900420904159546,1
6361,0,0.026624910533428192,0
6362,0,0.06785672158002853,0
6363,1,0.99378901720047,1
6364,0,0.002743577351793647,0
6365,0,0.009665262885391712,0
6366,1,0.9997363686561584,1
6367,0,0.8937621116638184,1
6368,0,0.0013397926231846213,0
6369,0,0.3868047297000885,0
6370,0,0.0004117424541618675,0
6371,0,0.010542959906160831,0
6372,0,0.0153418043628335,0
6373,1,0.9984691739082336,1
6374,0,0.016577117145061493,0
6375,0,0.049854032695293427,0
6376,1,0.5958699584007263,1
6377,1,0.8765051364898682,1
6378,1,0.9241147041320801,1
6379,0,0.0013496605679392815,0
6380,0,1.708132549538277e-05,0
6381,0,8.135150710586458e-05,0
6382,0,0.0040039196610450745,0
6383,1,0.9168187975883484,1
6384,0,0.0016718648839741945,0
6385,1,0.9998672008514404,1
6386,1,0.997917115688324,1
6387,1,0.9996223449707031,1
6388,0,0.002976394956931472,0
6389,1,0.8851853013038635,1
6390,0,0.04879036918282509,0
6391,0,0.010222313925623894,0
6392,1,0.9959427714347839,1
6393,1,0.9999094009399414,1
6394,0,0.04969412833452225,0
6395,0,0.8085486888885498,1
6396,1,0.9998829364776611,1
6397,1,0.9914233088493347,1
6398,1,0.9990641474723816,1
6399,0,0.008806291967630386,0
6400,1,0.9985591769218445,1
6401,0,0.5123031139373779,1
6402,1,0.3751612901687622,0
6403,0,0.0005189847433939576,0
6404,1,0.9896298050880432,1
6405,0,0.00024460005806759,0
6406,1,0.9992252588272095,1
6407,0,4.228582474752329e-05,0
6408,0,0.03559713438153267,0
6409,1,0.9653542637825012,1
6410,1,0.9956105351448059,1
6411,1,0.974460244178772,1
6412,0,0.022266749292612076,0
6413,0,0.0199194997549057,0
6414,1,0.9968339800834656,1
6415,0,0.6290874481201172,1
6416,0,0.02604408748447895,0
6417,0,0.0013140917290002108,0
6418,0,0.001503701671026647,0
6419,0,0.9636672735214233,1
6420,0,0.001109202392399311,0
6421,1,0.8941347599029541,1
6422,1,0.9981156587600708,1
6423,0,0.26484453678131104,0
6424,0,0.0001463715307181701,0
6425,1,0.9999270439147949,1
6426,0,3.3708183764247224e-05,0
6427,0,0.07845566421747208,0
6428,0,0.0002627731882967055,0
6429,0,0.008835858665406704,0
6430,0,0.002019230043515563,0
6431,0,0.0002805761469062418,0
6432,0,0.3707575798034668,0
6433,0,0.6861460208892822,1
6434,1,0.9999399185180664,1
6435,1,0.9992610812187195,1
6436,0,0.9041174650192261,1
6437,1,0.9999635219573975,1
6438,0,0.9311468601226807,1
6439,1,0.9993628859519958,1
6440,0,0.011473586782813072,0
6441,0,0.10780207067728043,0
6442,0,0.012881076894700527,0
6443,1,0.9977079629898071,1
6444,1,0.9909667372703552,1
6445,1,0.9999760389328003,1
6446,0,0.014522955752909184,0
6447,0,0.0001279449788853526,0
6448,0,0.0011554621160030365,0
6449,0,0.0003186978865414858,0
6450,0,0.0005967538454569876,0
6451,0,0.0032336926087737083,0
6452,0,0.057471033185720444,0
6453,1,0.9916512370109558,1
6454,1,0.9466997385025024,1
6455,1,0.9999324083328247,1
6456,1,0.9993700385093689,1
6457,1,0.9993513226509094,1
6458,0,0.0004862287314608693,0
6459,0,0.4038679897785187,0
6460,0,0.0012460194993764162,0
6461,1,0.40760892629623413,0
6462,1,0.9991512298583984,1
6463,1,0.9999116659164429,1
6464,1,0.9447532892227173,1
6465,1,0.9999591112136841,1
6466,1,0.9999855756759644,1
6467,0,0.002390692476183176,0
6468,1,0.9716097116470337,1
6469,1,0.9474602341651917,1
6470,0,0.6021307110786438,1
6471,1,0.021073924377560616,0
6472,1,0.995098888874054,1
6473,0,0.002564501715824008,0
6474,0,3.535062205628492e-05,0
6475,0,0.000406444858526811,0
6476,1,0.9645113348960876,1
6477,1,0.9861800074577332,1
6478,1,0.9806874394416809,1
6479,1,0.9995976090431213,1
6480,1,0.9999339580535889,1
6481,0,0.0006377018289640546,0
6482,0,0.005535715725272894,0
6483,1,0.9968337416648865,1
6484,1,0.9987640380859375,1
6485,1,0.02439134195446968,0
6486,1,0.9636015295982361,1
6487,0,0.4582454264163971,0
6488,0,0.0002585254842415452,0
6489,0,0.0002621940802782774,0
6490,0,0.002793119987472892,0
6491,0,0.00035796998417936265,0
6492,1,0.9770495891571045,1
6493,1,0.9802199006080627,1
6494,0,6.950162060093135e-05,0
6495,0,4.415789226186462e-05,0
6496,1,0.9999048709869385,1
6497,0,0.05656767636537552,0
6498,0,0.016168225556612015,0
6499,1,0.999976634979248,1
6500,1,0.9839365482330322,1
6501,0,0.010793758556246758,0
6502,0,0.006086783949285746,0
6503,0,0.0006904655019752681,0
6504,1,0.6704942584037781,1
6505,0,0.0071538588963449,0
6506,0,0.0004610827600117773,0
6507,0,0.005597803276032209,0
6508,1,0.7491635680198669,1
6509,1,0.8552552461624146,1
6510,1,0.999303936958313,1
6511,0,0.0026843342930078506,0
6512,1,0.9894518256187439,1
6513,0,0.00140974554233253,0
6514,1,0.9299031496047974,1
6515,0,8.654337580082938e-05,0
6516,0,0.07662372291088104,0
6517,0,0.010472144931554794,0
6518,0,0.06785005331039429,0
6519,0,0.002474690554663539,0
6520,1,0.9993559718132019,1
6521,1,0.9821354150772095,1
6522,0,0.016626622527837753,0
6523,1,0.9998075366020203,1
6524,0,0.5726549625396729,1
6525,1,0.8766101598739624,1
6526,0,0.001959957415238023,0
6527,1,0.9999148845672607,1
6528,1,0.9992268085479736,1
6529,0,0.025817841291427612,0
6530,0,0.00024726090487092733,0
6531,1,0.99216628074646,1
6532,1,0.9994432330131531,1
6533,1,0.9705029129981995,1
6534,0,0.02810802310705185,0
6535,1,0.9990373849868774,1
6536,0,0.5778148174285889,1
6537,1,0.9962309002876282,1
6538,1,0.268519788980484,0
6539,0,0.025719985365867615,0
6540,0,0.09670375287532806,0
6541,0,0.9495426416397095,1
6542,0,0.00719360401853919,0
6543,1,0.9968374967575073,1
6544,1,0.9979356527328491,1
6545,1,0.9991962313652039,1
6546,0,0.004840884357690811,0
6547,0,0.001596352201886475,0
6548,0,0.4090396463871002,0
6549,0,0.01335376501083374,0
6550,1,0.9999040365219116,1
6551,0,0.4776853621006012,0
6552,1,0.9989480376243591,1
6553,1,0.36046478152275085,0
6554,0,0.007175907026976347,0
6555,1,0.9771897196769714,1
6556,1,0.983228862285614,1
6557,0,0.009129310958087444,0
6558,1,0.9989340901374817,1
6559,0,0.0024623475037515163,0
6560,1,0.2467319816350937,0
6561,1,0.9998348951339722,1
6562,0,0.0029411495197564363,0
6563,0,0.0003970238321926445,0
6564,0,0.01098969392478466,0
6565,1,0.9745393991470337,1
6566,1,0.9942209720611572,1
6567,1,0.6234032511711121,1
6568,0,0.04460090771317482,0
6569,1,0.9998620748519897,1
6570,0,0.008289139717817307,0
6571,1,0.9946061968803406,1
6572,1,0.007345583289861679,0
6573,1,0.6879334449768066,1
6574,1,0.9940788745880127,1
6575,1,0.9996104836463928,1
6576,0,0.001060595503076911,0
6577,1,0.9999102354049683,1
6578,0,0.00013978635251987725,0
6579,0,0.08061013370752335,0
6580,0,0.021157607436180115,0
6581,1,0.9978370070457458,1
6582,1,0.9998666048049927,1
6583,1,0.9438626766204834,1
6584,1,0.8759171962738037,1
6585,1,0.9876132011413574,1
6586,1,0.9992620348930359,1
6587,0,0.00013415046851150692,0
6588,0,0.00020108390890527517,0
6589,1,0.9007808566093445,1
6590,1,0.9998949766159058,1
6591,0,0.00948614813387394,0
6592,1,0.9999898672103882,1
6593,0,0.012270305305719376,0
6594,1,0.260996550321579,0
6595,1,0.999848484992981,1
6596,1,0.9872948527336121,1
6597,0,0.03687696158885956,0
6598,0,0.20587186515331268,0
6599,1,0.9989197254180908,1
6600,0,0.002495917957276106,0
6601,1,0.9949051141738892,1
6602,0,0.00041251012589782476,0
6603,0,0.00041084460099227726,0
6604,0,0.07635600119829178,0
6605,1,0.9999713897705078,1
6606,0,0.0005207078065723181,0
6607,1,0.9978405237197876,1
6608,1,0.9999706745147705,1
6609,0,0.0036493989173322916,0
6610,0,0.9890742897987366,1
6611,1,0.9999939203262329,1
6612,1,0.9979943037033081,1
6613,0,0.0009015571558848023,0
6614,0,0.000554563186597079,0
6615,1,0.9999375343322754,1
6616,1,0.9834725856781006,1
6617,1,0.5136201977729797,1
6618,0,0.1813734769821167,0
6619,0,0.007130180019885302,0
6620,1,0.997651994228363,1
6621,0,7.916914182715118e-05,0
6622,1,0.9946250319480896,1
6623,0,0.0003967342199757695,0
6624,1,0.9997040629386902,1
6625,1,0.9999532699584961,1
6626,0,0.0009168240940198302,0
6627,1,0.9875498414039612,1
6628,0,0.0003589252883102745,0
6629,0,0.0014599311398342252,0
6630,1,0.8159363865852356,1
6631,1,0.5034409165382385,1
6632,1,0.9993579983711243,1
6633,1,0.9984021782875061,1
6634,1,0.9955500364303589,1
6635,0,0.07611579447984695,0
6636,1,0.9790546894073486,1
6637,1,0.9955253005027771,1
6638,1,0.9999661445617676,1
6639,1,0.9994331002235413,1
6640,0,0.007702995557337999,0
6641,0,0.05786307901144028,0
6642,0,0.021151021122932434,0
6643,0,0.41776007413864136,0
6644,0,0.027528949081897736,0
6645,1,0.9997801184654236,1
6646,1,0.8046045303344727,1
6647,0,0.007591644302010536,0
6648,0,0.07712940871715546,0
6649,0,0.00011956025991821662,0
6650,0,0.00011458998051239178,0
6651,1,0.9974844455718994,1
6652,1,0.9999371767044067,1
6653,1,0.9996578693389893,1
6654,0,0.0033466059248894453,0
6655,0,0.2723108232021332,0
6656,0,0.09991326928138733,0
6657,1,0.999572217464447,1
6658,1,0.9999750852584839,1
6659,1,0.9997115731239319,1
6660,0,0.00160970666911453,0
6661,0,0.0014460592065006495,0
6662,0,0.00041163433343172073,0
6663,1,0.9993377327919006,1
6664,0,0.0038076797500252724,0
6665,0,0.00046694371849298477,0
6666,0,0.0017677348805591464,0
6667,1,0.9997346997261047,1
6668,0,0.0011445655254647136,0
6669,1,0.9994555115699768,1
6670,1,0.9863163828849792,1
6671,0,0.026821918785572052,0
6672,0,0.007020718418061733,0
6673,0,0.00013937082258053124,0
6674,0,0.00015209292178042233,0
6675,1,0.9968318343162537,1
6676,0,0.0038807347882539034,0
6677,0,0.009029682725667953,0
6678,0,0.48865509033203125,0
6679,1,0.9958121180534363,1
6680,1,0.9989435076713562,1
6681,0,0.0009306981810368598,0
6682,0,0.001725106849335134,0
6683,0,5.570571738644503e-05,0
6684,1,0.9999711513519287,1
6685,0,0.0017369318520650268,0
6686,0,0.0013791234232485294,0
6687,1,0.4470437467098236,0
6688,0,0.024630235508084297,0
6689,1,0.044770248234272,0
6690,0,0.001214057207107544,0
6691,0,0.23225735127925873,0
6692,0,0.04316231608390808,0
6693,0,0.0006914653931744397,0
6694,0,0.0009547103545628488,0
6695,0,0.1593913435935974,0
6696,1,0.9999496936798096,1
6697,1,0.9936502575874329,1
6698,0,0.0033019811380654573,0
6699,1,0.9986490607261658,1
6700,1,0.9906415343284607,1
6701,0,0.00557680195197463,0
6702,0,9.137951565207914e-05,0
6703,1,0.8499628305435181,1
6704,1,0.9997063279151917,1
6705,1,0.9996765851974487,1
6706,0,0.003942587412893772,0
6707,0,0.009894919581711292,0
6708,1,0.9999274015426636,1
6709,0,0.032162848860025406,0
6710,1,0.9987862706184387,1
6711,0,0.4761286675930023,0
6712,1,0.9486295580863953,1
6713,1,0.9393908381462097,1
6714,1,0.308040976524353,0
6715,1,0.8922508358955383,1
6716,0,0.00496297050267458,0
6717,1,0.8596001267433167,1
6718,0,0.0035801837220788,0
6719,1,0.9995821118354797,1
6720,0,0.017453700304031372,0
6721,1,0.04926883801817894,0
6722,1,0.9681800007820129,1
6723,1,0.9999147653579712,1
6724,0,0.0024038178380578756,0
6725,0,0.0014944082358852029,0
6726,1,0.8212922215461731,1
6727,0,0.007098834495991468,0
6728,0,0.06641378253698349,0
6729,0,0.9241943359375,1
6730,0,0.002605179324746132,0
6731,1,0.9996381998062134,1
6732,1,0.9905334711074829,1
6733,1,0.9855788946151733,1
6734,1,0.9998289346694946,1
6735,0,0.00017469000886194408,0
6736,1,0.9992424249649048,1
6737,1,0.9849416017532349,1
6738,0,0.0003237795317545533,0
6739,0,0.0006314402562566102,0
6740,0,0.9773746132850647,1
6741,1,0.9998082518577576,1
6742,0,0.9903790950775146,1
6743,0,0.08767259865999222,0
6744,1,0.8190581798553467,1
6745,0,0.00021774695778731257,0
6746,1,0.9834723472595215,1
6747,1,0.9598040580749512,1
6748,1,0.8480358719825745,1
6749,1,0.999790608882904,1
6750,0,4.963665924151428e-05,0
6751,0,0.13080817461013794,0
6752,1,0.9999494552612305,1
6753,0,0.04309007525444031,0
6754,1,0.9977020621299744,1
6755,1,0.9999511241912842,1
6756,1,0.9822417497634888,1
6757,1,0.9980894923210144,1
6758,1,0.692959725856781,1
6759,0,0.011873758397996426,0
6760,0,0.23905275762081146,0
6761,1,0.9988709092140198,1
6762,1,0.8993390798568726,1
6763,0,9.939792653312907e-05,0
6764,0,0.04396761208772659,0
6765,0,0.00047892547445371747,0
6766,0,0.6488945484161377,1
6767,0,0.0013128846185281873,0
6768,1,0.9998124241828918,1
6769,0,0.011333874426782131,0
6770,1,0.9998573064804077,1
6771,0,0.0015751138562336564,0
6772,1,0.9997515082359314,1
6773,0,0.0020432050805538893,0
6774,0,0.2953905463218689,0
6775,1,0.9999316930770874,1
6776,1,0.5665314197540283,1
6777,1,0.860005259513855,1
6778,0,0.04199303686618805,0
6779,0,0.00032835156889632344,0
6780,0,0.014951979741454124,0
6781,1,0.9837366938591003,1
6782,1,0.8808405995368958,1
6783,1,0.9299773573875427,1
6784,1,0.7950161099433899,1
6785,1,0.9994887113571167,1
6786,0,0.6322718262672424,1
6787,0,0.028083479031920433,0
6788,0,0.05772810056805611,0
6789,0,0.07188784331083298,0
6790,0,0.003146285889670253,0
6791,0,0.012100938707590103,0
6792,1,0.8845270872116089,1
6793,1,0.9407621622085571,1
6794,1,0.996694803237915,1
6795,0,1.4448203728534281e-05,0
6796,1,0.9995905756950378,1
6797,0,0.013623276725411415,0
6798,1,0.9943758249282837,1
6799,1,0.06473638117313385,0
6800,0,0.000409542495617643,0
6801,0,0.7816048264503479,1
6802,0,0.0914992243051529,0
6803,0,0.9074193239212036,1
6804,1,0.9993096590042114,1
6805,1,0.9902190566062927,1
6806,1,0.9973262548446655,1
6807,1,0.9879629015922546,1
6808,0,0.0015520717715844512,0
6809,1,0.9964589476585388,1
6810,0,0.00034733754000626504,0
6811,0,0.08897347748279572,0
6812,1,0.9225646257400513,1
6813,0,0.0006472067325375974,0
6814,0,0.0029349378310143948,0
6815,1,0.9894813299179077,1
6816,1,0.05347634106874466,0
6817,1,0.9941583871841431,1
6818,0,0.00038829943514429033,0
6819,1,0.18930000066757202,0
6820,1,0.9915737509727478,1
6821,1,0.9907878041267395,1
6822,1,0.999776303768158,1
6823,1,0.998684823513031,1
6824,1,0.9754784107208252,1
6825,0,0.00256154197268188,0
6826,0,2.8737134925904684e-05,0
6827,0,0.0003140415938105434,0
6828,1,0.9845284819602966,1
6829,1,0.3631192445755005,0
6830,1,0.99943608045578,1
6831,0,0.02292673848569393,0
6832,1,0.999883770942688,1
6833,0,0.00010108356946147978,0
6834,1,0.9992254972457886,1
6835,0,0.00021158855815883726,0
6836,0,0.14469467103481293,0
6837,0,0.013816392980515957,0
6838,1,0.993267297744751,1
6839,1,0.9998308420181274,1
6840,0,0.0006283879629336298,0
6841,1,0.9979787468910217,1
6842,0,0.00046981856576167047,0
6843,0,0.015288347378373146,0
6844,1,0.9999405145645142,1
6845,0,0.0026860993821173906,0
6846,0,0.13088877499103546,0
6847,0,0.0014076888328418136,0
6848,0,0.009306855499744415,0
6849,0,0.0013916038442403078,0
6850,0,0.17870768904685974,0
6851,0,0.002700341399759054,0
6852,1,0.9992627501487732,1
6853,0,0.017305463552474976,0
6854,0,0.002036257414147258,0
6855,1,0.9997780919075012,1
6856,0,0.00011865156557178125,0
6857,1,0.9999533891677856,1
6858,0,0.04696439579129219,0
6859,1,0.9996438026428223,1
6860,1,0.9999767541885376,1
6861,1,0.9161967039108276,1
6862,0,0.5760419964790344,1
6863,0,0.2096208930015564,0
6864,0,0.0016609985614195466,0
6865,0,0.03513983264565468,0
6866,1,0.9996259212493896,1
6867,0,0.007284340914338827,0
6868,1,0.9999502897262573,1
6869,0,0.000769417267292738,0
6870,1,0.9853112697601318,1
6871,1,0.9997866749763489,1
6872,1,0.9580938816070557,1
6873,1,0.9999346733093262,1
6874,0,0.0009845668682828546,0
6875,1,0.9998095631599426,1
6876,0,7.849250687286258e-05,0
6877,0,0.031945567578077316,0
6878,1,0.9980428218841553,1
6879,0,0.00034677505027502775,0
6880,1,0.9763294458389282,1
6881,0,0.12520144879817963,0
6882,1,0.9999583959579468,1
6883,0,0.00035190346534363925,0
6884,1,0.999646782875061,1
6885,1,0.14118878543376923,0
6886,1,0.9989414811134338,1
6887,0,0.0001945631083799526,0
6888,0,2.7787245926447213e-05,0
6889,1,0.9999603033065796,1
6890,0,0.021029384806752205,0
6891,1,0.9983459711074829,1
6892,1,0.9978347420692444,1
6893,1,0.6951117515563965,1
6894,1,0.8535622954368591,1
6895,0,0.019932821393013,0
6896,1,0.9999384880065918,1
6897,1,0.9983249306678772,1
6898,0,0.014563296921551228,0
6899,0,0.00017646458582021296,0
6900,1,0.999552309513092,1
6901,0,0.01765359751880169,0
6902,1,0.9986839890480042,1
6903,0,0.0024785094428807497,0
6904,1,0.8322067260742188,1
6905,0,0.00432085245847702,0
6906,1,0.9997870326042175,1
6907,1,0.8433384895324707,1
6908,1,0.9816769361495972,1
6909,0,0.007617049850523472,0
6910,1,0.9974998831748962,1
6911,1,0.9988946318626404,1
6912,0,9.16809804039076e-05,0
6913,1,0.9610397219657898,1
6914,0,0.0004594876372721046,0
6915,0,0.015809448435902596,0
6916,0,0.00036219481262378395,0
6917,0,0.004431907087564468,0
6918,0,9.421056165592745e-05,0
6919,0,4.711088695330545e-05,0
6920,1,0.9982095956802368,1
6921,1,0.9871125817298889,1
6922,1,0.4062294363975525,0
6923,1,0.9994144439697266,1
6924,0,4.598671512212604e-05,0
6925,0,0.00913084764033556,0
6926,1,0.11732655018568039,0
6927,0,0.06863624602556229,0
6928,0,0.008691241964697838,0
6929,1,0.9988501071929932,1
6930,1,0.9930887818336487,1
6931,1,0.9797915816307068,1
6932,1,0.8597543835639954,1
6933,1,0.8940410017967224,1
6934,1,0.9945669174194336,1
6935,1,0.9902085065841675,1
6936,0,0.0059784878976643085,0
6937,0,0.022534819319844246,0
6938,0,0.01462549902498722,0
6939,1,0.999201238155365,1
6940,1,0.9924522042274475,1
6941,1,0.999599039554596,1
6942,0,0.05943000689148903,0
6943,0,0.0476115457713604,0
6944,0,0.00010281670256517828,0
6945,0,0.0015332053881138563,0
6946,0,0.00034076717565767467,0
6947,1,0.9989892840385437,1
6948,0,0.030161628499627113,0
6949,1,0.99982088804245,1
6950,0,0.8327009081840515,1
6951,0,0.0001213244249811396,0
6952,0,8.582016744185239e-05,0
6953,1,0.8707766532897949,1
6954,1,0.9995328187942505,1
6955,0,0.27941328287124634,0
6956,1,0.956790030002594,1
6957,1,0.999968409538269,1
6958,1,0.9999078512191772,1
6959,0,0.9916673302650452,1
6960,0,0.0029980523977428675,0
6961,0,0.0010861693881452084,0
6962,1,0.9996267557144165,1
6963,1,0.9974415302276611,1
6964,1,0.9994310736656189,1
6965,1,0.9964174032211304,1
6966,0,0.0021365564316511154,0
6967,0,0.08965670317411423,0
6968,1,0.771917998790741,1
6969,1,0.9989100694656372,1
6970,1,0.9995392560958862,1
6971,0,0.7704105973243713,1
6972,0,0.8633432984352112,1
6973,1,0.9895506501197815,1
6974,0,0.0037719858810305595,0
6975,1,0.6284177899360657,1
6976,1,0.9990946054458618,1
6977,1,0.9447096586227417,1
6978,1,0.9993829727172852,1
6979,1,0.9999502897262573,1
6980,0,0.014982694759964943,0
6981,1,0.9800615906715393,1
6982,1,0.9990986585617065,1
6983,1,0.9912415742874146,1
6984,0,0.3743461072444916,0
6985,1,0.9994768500328064,1
6986,1,0.9482320547103882,1
6987,0,0.0010175514034926891,0
6988,1,0.9915667176246643,1
6989,0,0.13771456480026245,0
6990,1,0.9840816259384155,1
6991,0,0.0015011130599305034,0
6992,1,0.9951655864715576,1
6993,1,0.9999790191650391,1
6994,1,0.8772053122520447,1
6995,0,0.0004683236184064299,0
6996,1,0.9999701976776123,1
6997,0,0.001963028684258461,0
6998,1,0.9908000826835632,1
6999,1,0.9999696016311646,1
7000,0,0.00208229199051857,0
7001,1,0.9994458556175232,1
7002,1,0.9993022680282593,1
7003,1,0.9991425275802612,1
7004,1,0.999763548374176,1
7005,1,0.9998992681503296,1
7006,1,0.9879319071769714,1
7007,0,0.016323382034897804,0
7008,1,0.9998816251754761,1
7009,1,0.9986171722412109,1
7010,1,0.9999618530273438,1
7011,0,0.0063512325286865234,0
7012,1,0.9996603727340698,1
7013,0,0.03512493148446083,0
7014,1,0.9864822626113892,1
7015,0,0.002240723231807351,0
7016,1,0.9999686479568481,1
7017,1,0.9998496770858765,1
7018,0,0.015348340384662151,0
7019,1,0.9962872266769409,1
7020,0,0.0034905041102319956,0
7021,1,0.9379091858863831,1
7022,1,0.9323841333389282,1
7023,1,0.999840497970581,1
7024,1,0.9960989952087402,1
7025,1,0.9996519088745117,1
7026,1,0.9896281957626343,1
7027,0,0.090552918612957,0
7028,0,0.03696996346116066,0
7029,0,0.005468885414302349,0
7030,0,0.035281166434288025,0
7031,0,0.26121583580970764,0
7032,1,0.05657900124788284,0
7033,0,0.0036915114615112543,0
7034,1,0.9899744391441345,1
7035,1,0.9472858309745789,1
7036,0,0.008011816069483757,0
7037,0,0.0019266053568571806,0
7038,0,0.0003321394033264369,0
7039,1,0.9987534284591675,1
7040,1,0.8835703134536743,1
7041,0,0.3751024901866913,0
7042,1,0.9982859492301941,1
7043,1,0.3528362214565277,0
7044,0,0.006749249063432217,0
7045,0,7.356236164923757e-05,0
7046,1,0.9989474415779114,1
7047,0,0.017093375325202942,0
7048,0,0.007446701638400555,0
7049,0,0.024971842765808105,0
7050,1,0.8548280596733093,1
7051,1,0.9765109419822693,1
7052,0,0.02255111187696457,0
7053,1,0.9984847903251648,1
7054,0,0.3416782319545746,0
7055,0,0.0001405763323418796,0
7056,1,0.999847412109375,1
7057,0,0.681832492351532,1
7058,0,0.00042847631266340613,0
7059,0,0.002848023781552911,0
7060,1,0.9983440637588501,1
7061,0,0.9982061386108398,1
7062,1,0.9998737573623657,1
7063,0,0.06367020308971405,0
7064,1,0.9999682903289795,1
7065,0,8.45265167299658e-05,0
7066,0,0.04758507385849953,0
7067,0,0.0023145887535065413,0
7068,1,0.9996925592422485,1
7069,1,0.9995172023773193,1
7070,1,0.9987397789955139,1
7071,1,0.9997560381889343,1
7072,1,0.3857704699039459,0
7073,0,0.014076082035899162,0
7074,1,0.9995436072349548,1
7075,1,0.3509081304073334,0
7076,1,0.2682800590991974,0
7077,0,0.020760783925652504,0
7078,1,0.9813241362571716,1
7079,0,0.005246846470981836,0
7080,0,0.00025896806619130075,0
7081,1,0.7385339140892029,1
7082,1,0.9991275668144226,1
7083,1,0.9997323155403137,1
7084,1,0.9995019435882568,1
7085,0,0.0811920017004013,0
7086,0,3.792504139710218e-05,0
7087,1,0.9133689403533936,1
7088,0,0.0009743649861775339,0
7089,0,0.4063558280467987,0
7090,1,0.9996739625930786,1
7091,1,0.9927573204040527,1
7092,0,0.00119987060315907,0
7093,0,0.11831047385931015,0
7094,0,0.00016702742141205817,0
7095,1,0.44995903968811035,0
7096,0,0.0015835447702556849,0
7097,0,0.0036760333459824324,0
7098,0,0.9919720888137817,1
7099,1,0.6703015565872192,1
7100,1,0.9986591339111328,1
7101,1,0.8936704993247986,1
7102,0,0.0009447153424844146,0
7103,1,0.3294360339641571,0
7104,0,0.02340555191040039,0
7105,1,0.9208835363388062,1
7106,1,0.40380221605300903,0
7107,1,0.992323637008667,1
7108,0,0.00015753236948512495,0
7109,0,0.00018762292165774852,0
7110,1,0.9134431481361389,1
7111,0,0.0063695101998746395,0
7112,1,0.999915361404419,1
7113,1,0.10176859050989151,0
7114,1,0.9991887211799622,1
7115,0,0.011932902969419956,0
7116,0,0.0002309433912159875,0
7117,0,0.0002958964614663273,0
7118,0,0.0008771400898694992,0
7119,1,0.9980528354644775,1
7120,0,0.0010151172755286098,0
7121,0,0.0014365686802193522,0
7122,1,0.10508216917514801,0
7123,1,0.9630386829376221,1
7124,0,0.007600890006870031,0
7125,1,0.9999265670776367,1
7126,1,0.5276578664779663,1
7127,0,0.023035502061247826,0
7128,0,0.0038083563558757305,0
7129,1,0.4987724721431732,0
7130,0,0.007109206635504961,0
7131,0,0.010907779447734356,0
7132,1,0.9997792840003967,1
7133,1,0.9804450273513794,1
7134,1,0.9819895029067993,1
7135,1,0.9988238215446472,1
7136,0,0.03646852448582649,0
7137,0,1.089831675926689e-05,0
7138,1,0.9993686079978943,1
7139,0,0.0009829445043578744,0
7140,1,0.9995469450950623,1
7141,0,0.0035267851781100035,0
7142,0,0.0007591017638333142,0
7143,1,0.9998587369918823,1
7144,0,5.650289313052781e-05,0
7145,0,0.0019527029944583774,0
7146,0,0.006043098401278257,0
7147,0,0.00010045168164651841,0
7148,1,0.9996684789657593,1
7149,1,0.997689962387085,1
7150,1,0.8082300424575806,1
7151,0,0.007642531767487526,0
7152,0,0.011292294599115849,0
7153,0,0.002727872459217906,0
7154,1,0.9998894929885864,1
7155,0,0.2766226828098297,0
7156,0,0.003944865427911282,0
7157,1,0.9996576309204102,1
7158,1,0.989738404750824,1
7159,1,0.9951451420783997,1
7160,1,0.8403400778770447,1
7161,0,0.00017557942192070186,0
7162,1,0.9945414662361145,1
7163,0,0.2904471158981323,0
7164,0,0.0010368480579927564,0
7165,0,0.0003945194184780121,0
7166,0,0.0008460120880044997,0
7167,1,0.9996792078018188,1
7168,1,0.004854502622038126,0
7169,1,0.9985520243644714,1
7170,0,0.03448401764035225,0
7171,0,0.0072469632141292095,0
7172,0,0.0018784236162900925,0
7173,0,5.0327587814535946e-05,0
7174,1,0.9995112419128418,1
7175,1,0.8100441098213196,1
7176,0,0.0006756503134965897,0
7177,0,0.12283408641815186,0
7178,0,0.2806519865989685,0
7179,1,0.9994685053825378,1
7180,1,0.9970644116401672,1
7181,0,0.16465415060520172,0
7182,1,0.9745848178863525,1
7183,1,0.9547805190086365,1
7184,0,0.008684249594807625,0
7185,0,0.07235980033874512,0
7186,0,0.0004930568975396454,0
7187,0,0.0032053140457719564,0
7188,1,0.9915701150894165,1
7189,1,0.9770925045013428,1
7190,1,0.8169847130775452,1
7191,1,0.9483845233917236,1
7192,1,0.9996209144592285,1
7193,1,0.9371492862701416,1
7194,0,0.006034597288817167,0
7195,0,0.00042973272502422333,0
7196,1,0.9984581470489502,1
7197,0,0.002878508297726512,0
7198,1,0.9948045611381531,1
7199,0,0.009949951432645321,0
7200,0,0.002574133686721325,0
7201,1,0.999871015548706,1
7202,1,0.21811643242835999,0
7203,0,0.004980404861271381,0
7204,1,0.6826982498168945,1
7205,0,0.0014379376079887152,0
7206,1,0.9982618689537048,1
7207,1,0.9998248219490051,1
7208,1,0.42855021357536316,0
7209,1,0.9224345684051514,1
7210,1,0.936964213848114,1
7211,1,0.992921769618988,1
7212,0,0.0023458993528038263,0
7213,0,0.08115249127149582,0
7214,0,0.008798329159617424,0
7215,0,0.0031415082048624754,0
7216,0,0.007543438579887152,0
7217,1,0.989225447177887,1
7218,1,0.9991346001625061,1
7219,1,0.9470518231391907,1
7220,1,0.9998635053634644,1
7221,1,0.9811862707138062,1
7222,1,0.9730539917945862,1
7223,0,5.5174292356241494e-05,0
7224,1,0.9477133750915527,1
7225,0,0.001820946461521089,0
7226,1,0.9996662139892578,1
7227,1,0.9964596629142761,1
7228,1,0.7196207046508789,1
7229,1,0.9977577328681946,1
7230,0,0.020367836579680443,0
7231,0,0.001251629670150578,0
7232,0,0.06123984232544899,0
7233,0,0.025675466284155846,0
7234,1,0.9784980416297913,1
7235,0,0.005736708175390959,0
7236,0,0.008139274083077908,0
7237,1,0.030045371502637863,0
7238,0,0.038437508046627045,0
7239,0,0.07791110128164291,0
7240,1,0.9992122650146484,1
7241,0,0.030778367072343826,0
7242,1,0.9117449522018433,1
7243,1,0.9930837154388428,1
7244,1,0.9807029962539673,1
7245,0,0.0031988276168704033,0
7246,1,0.9999629259109497,1
7247,1,0.9852486252784729,1
7248,1,0.9997205138206482,1
7249,1,0.9550630450248718,1
7250,1,0.9989763498306274,1
7251,1,0.03266936540603638,0
7252,0,0.0010150717571377754,0
7253,0,0.028708958998322487,0
7254,1,0.9967126846313477,1
7255,1,0.9882332682609558,1
7256,0,0.0016612508334219456,0
7257,0,0.000203342831810005,0
7258,0,0.12551631033420563,0
7259,0,0.0017683693440631032,0
7260,0,0.008143055252730846,0
7261,1,0.9994389414787292,1
7262,0,0.8527644276618958,1
7263,1,0.9998559951782227,1
7264,0,0.00011701839684974402,0
7265,1,0.9998254179954529,1
7266,0,0.37933269143104553,0
7267,0,0.009105399250984192,0
7268,1,0.9999566078186035,1
7269,0,0.0005437448271550238,0
7270,0,0.3884357810020447,0
7271,1,0.999756395816803,1
7272,1,0.9995488524436951,1
7273,1,0.9994951486587524,1
7274,0,0.25151726603507996,0
7275,1,0.5110689997673035,1
7276,1,0.9999361038208008,1
7277,0,0.6512846946716309,1
7278,1,0.9934125542640686,1
7279,0,0.09653479605913162,0
7280,1,0.6860926747322083,1
7281,0,0.002511373721063137,0
7282,1,0.9999250173568726,1
7283,1,0.9608529806137085,1
7284,1,0.9999760389328003,1
7285,0,0.19396357238292694,0
7286,1,0.9775062799453735,1
7287,1,0.9991279244422913,1
7288,0,0.46141257882118225,0
7289,0,0.0012395692756399512,0
7290,0,0.002397411735728383,0
7291,1,0.9959434866905212,1
7292,0,0.00013747256889473647,0
7293,1,0.999923825263977,1
7294,0,0.001265797414816916,0
7295,1,0.9983682036399841,1
7296,1,0.9818474650382996,1
7297,0,0.019424160942435265,0
7298,1,0.99982750415802,1
7299,1,0.9953592419624329,1
7300,1,0.9998517036437988,1
7301,0,0.0004145375278312713,0
7302,0,0.0016119518550112844,0
7303,1,0.9967505931854248,1
7304,1,0.5606428980827332,1
7305,1,0.9993048906326294,1
7306,1,0.9982699155807495,1
7307,0,0.0021505921613425016,0
7308,1,0.9820110201835632,1
7309,0,0.04077664390206337,0
7310,1,0.9935625791549683,1
7311,0,0.5508636832237244,1
7312,1,0.9988853335380554,1
7313,0,0.03721799701452255,0
7314,0,0.0013507496332749724,0
7315,0,0.8579670190811157,1
7316,0,0.02477801777422428,0
7317,0,0.0016274598892778158,0
7318,0,0.00552362808957696,0
7319,0,0.020198404788970947,0
7320,1,0.9692460894584656,1
7321,0,0.08420133590698242,0
7322,0,0.34931015968322754,0
7323,1,0.9937006235122681,1
7324,1,0.4925788640975952,0
7325,0,0.00036409893073141575,0
7326,0,0.011153227649629116,0
7327,0,0.0022689513862133026,0
7328,1,0.9905303120613098,1
7329,1,0.9961925745010376,1
7330,1,0.889106035232544,1
7331,0,0.0003469549701549113,0
7332,1,0.9898110628128052,1
7333,0,0.9234752058982849,1
7334,1,0.9996944665908813,1
7335,0,0.7930875420570374,1
7336,1,0.9883866906166077,1
7337,0,0.17738723754882812,0
7338,1,0.9987456798553467,1
7339,0,0.003742343746125698,0
7340,0,0.1124417781829834,0
7341,1,0.9933552742004395,1
7342,0,0.02170407958328724,0
7343,0,0.08124291896820068,0
7344,0,0.03781235218048096,0
7345,0,0.004685441497713327,0
7346,0,0.0883154645562172,0
7347,0,0.00041031328146345913,0
7348,0,3.8704743928974494e-05,0
7349,0,0.015737760812044144,0
7350,0,0.0001807767548598349,0
7351,0,0.0186426043510437,0
7352,0,0.18898646533489227,0
7353,1,0.4666867256164551,0
7354,1,0.9998480081558228,1
7355,1,0.9935194849967957,1
7356,0,0.002696109702810645,0
7357,1,0.9999167919158936,1
7358,1,0.9899683594703674,1
7359,1,0.9765523076057434,1
7360,1,0.9920653700828552,1
7361,0,0.18039779365062714,0
7362,1,0.997136116027832,1
7363,1,0.9069963693618774,1
7364,1,0.9996583461761475,1
7365,0,0.0001440131600247696,0
7366,1,0.9650314450263977,1
7367,0,0.22991356253623962,0
7368,0,0.02195793017745018,0
7369,1,0.27864471077919006,0
7370,1,0.41551080346107483,0
7371,0,5.457735460367985e-05,0
7372,1,0.9999747276306152,1
7373,0,0.5937427282333374,1
7374,0,0.9976438879966736,1
7375,0,0.006072684656828642,0
7376,0,0.0024753143079578876,0
7377,0,1.8365875803283416e-05,0
7378,1,0.9972065091133118,1
7379,0,0.0018480503931641579,0
7380,1,0.9989023208618164,1
7381,1,0.9978126287460327,1
7382,1,0.9991115927696228,1
7383,1,0.9937107563018799,1
7384,1,0.6189195513725281,1
7385,1,0.9960101842880249,1
7386,1,0.9924815893173218,1
7387,0,0.0009914467809721828,0
7388,0,0.0004221185517963022,0
7389,1,0.9990060925483704,1
7390,0,0.00039556671981699765,0
7391,0,0.006160981487482786,0
7392,0,0.003980311099439859,0
7393,1,0.9999327659606934,1
7394,1,0.9600732326507568,1
7395,0,0.39044541120529175,0
7396,1,0.9998018145561218,1
7397,1,0.9661545753479004,1
7398,0,0.001292771310545504,0
7399,0,0.0005330416024662554,0
7400,0,0.001398024382069707,0
7401,1,0.9990978240966797,1
7402,1,0.9989410042762756,1
7403,1,0.9997046589851379,1
7404,0,0.8387969732284546,1
7405,1,0.9180303812026978,1
7406,0,9.310819586971775e-05,0
7407,1,0.9916093945503235,1
7408,1,0.9004783630371094,1
7409,0,0.0004503306117840111,0
7410,0,0.024287473410367966,0
7411,1,0.9998419284820557,1
7412,0,0.004837214946746826,0
7413,0,0.0008933800272643566,0
7414,1,0.9991214871406555,1
7415,1,0.9999468326568604,1
7416,1,0.9882772564888,1
7417,1,0.9501142501831055,1
7418,1,0.9998071789741516,1
7419,0,0.00022790876391809434,0
7420,0,0.00109588832128793,0
7421,0,3.7874982808716595e-05,0
7422,1,0.9999138116836548,1
7423,1,0.606445848941803,1
7424,1,0.9993706345558167,1
7425,1,0.9992478489875793,1
7426,1,0.7878108024597168,1
7427,1,0.9997372031211853,1
7428,0,0.05996369570493698,0
7429,0,0.0003737298829946667,0
7430,0,2.8606082196347415e-05,0
7431,0,0.019597111269831657,0
7432,1,0.9780428409576416,1
7433,0,0.011190016753971577,0
7434,0,0.03595171868801117,0
7435,0,0.008739743381738663,0
7436,0,0.05434172600507736,0
7437,0,0.00043571426067501307,0
7438,0,0.007355875335633755,0
7439,1,0.9997146725654602,1
7440,1,0.9952924251556396,1
7441,1,0.502444863319397,1
7442,0,0.9817482829093933,1
7443,0,0.029682070016860962,0
7444,0,0.0013723968295380473,0
7445,0,0.0058503239415585995,0
7446,0,0.015606459230184555,0
7447,0,0.0016396677820011973,0
7448,1,0.9999319314956665,1
7449,1,0.07000290602445602,0
7450,0,0.00010216104419669136,0
7451,1,0.9879932403564453,1
7452,0,0.019261766225099564,0
7453,1,0.9998959302902222,1
7454,0,0.08366952836513519,0
7455,1,0.9997754693031311,1
7456,0,0.010569007135927677,0
7457,1,0.9992444515228271,1
7458,1,0.9995871186256409,1
7459,1,0.9997764229774475,1
7460,1,0.9999730587005615,1
7461,1,0.9999691247940063,1
7462,1,0.9890021085739136,1
7463,0,0.00013323350867722183,0
7464,0,7.058324263198301e-05,0
7465,0,6.38288984191604e-05,0
7466,1,0.9640562534332275,1
7467,1,0.9983677268028259,1
7468,0,0.0009509687079116702,0
7469,1,0.9329077005386353,1
7470,1,0.9976200461387634,1
7471,1,0.9999815225601196,1
7472,0,0.030122380703687668,0
7473,0,0.0018664650851860642,0
7474,1,0.9996064305305481,1
7475,0,0.051908254623413086,0
7476,0,0.7637890577316284,1
7477,1,0.9933710098266602,1
7478,0,0.005469643045216799,0
7479,1,0.9828824996948242,1
7480,1,0.9991012811660767,1
7481,1,0.9938579201698303,1
7482,0,0.0033830225002020597,0
7483,0,0.10709363967180252,0
7484,0,0.0002551036886870861,0
7485,1,0.9999476671218872,1
7486,0,0.028239743784070015,0
7487,1,0.9997333884239197,1
7488,0,0.10287299752235413,0
7489,0,0.46014827489852905,0
7490,1,0.9965349435806274,1
7491,1,0.9924721717834473,1
7492,0,0.0026437880005687475,0
7493,0,0.11506716161966324,0
7494,0,0.005252272821962833,0
7495,0,0.0494275763630867,0
7496,0,0.0013061476638540626,0
7497,0,0.00023433371097780764,0
7498,0,0.0003156935563310981,0
7499,1,0.9999294281005859,1
7500,1,0.9138780236244202,1
7501,1,0.9360359311103821,1
7502,1,0.9138734340667725,1
7503,1,0.9969821572303772,1
7504,1,0.9959263801574707,1
7505,0,3.481187377474271e-05,0
7506,0,0.0015052640810608864,0
7507,1,0.999884843826294,1
7508,0,0.001531490939669311,0
7509,0,0.000252745405305177,0
7510,1,0.9999831914901733,1
7511,1,0.9947380423545837,1
7512,0,0.00045241761836223304,0
7513,0,0.10040580481290817,0
7514,0,0.004837504122406244,0
7515,1,0.9999762773513794,1
7516,0,0.003116954816505313,0
7517,1,0.9987000226974487,1
7518,1,0.11371216177940369,0
7519,0,0.0007099233916960657,0
7520,1,0.9997749924659729,1
7521,1,0.9951761960983276,1
7522,0,0.3927176594734192,0
7523,1,0.9995322227478027,1
7524,0,0.02666628360748291,0
7525,0,0.005213954020291567,0
7526,1,0.9999326467514038,1
7527,1,0.9797500371932983,1
7528,1,0.7589587569236755,1
7529,0,0.014299808070063591,0
7530,1,0.9744903445243835,1
7531,0,0.001919321483001113,0
7532,1,0.9999701976776123,1
7533,1,0.998767614364624,1
7534,1,0.9990045428276062,1
7535,1,0.9999921321868896,1
7536,0,0.030274437740445137,0
7537,0,0.04711990803480148,0
7538,1,0.9989392161369324,1
7539,1,0.9999216794967651,1
7540,1,0.9976481795310974,1
7541,1,0.9996150732040405,1
7542,1,0.9996436834335327,1
7543,0,0.00037644675467163324,0
7544,0,0.0002659745223354548,0
7545,1,0.9996987581253052,1
7546,0,0.11119213700294495,0
7547,1,0.9982226490974426,1
7548,0,0.0004100741643924266,0
7549,0,0.0014230600791051984,0
7550,0,0.3296372592449188,0
7551,1,0.9384871125221252,1
7552,1,0.9937384128570557,1
7553,0,0.0004001357010565698,0
7554,1,0.9997286200523376,1
7555,1,0.9892382621765137,1
7556,0,0.006513217929750681,0
7557,0,0.641976535320282,1
7558,1,0.8528079390525818,1
7559,1,0.10714290291070938,0
7560,1,0.9999895095825195,1
7561,1,0.9978489875793457,1
7562,1,0.9977153539657593,1
7563,1,0.9950921535491943,1
7564,1,0.9993798732757568,1
7565,1,0.052450697869062424,0
7566,0,0.0005159873981028795,0
7567,0,0.00997038185596466,0
7568,0,0.000618947553448379,0
7569,0,0.32025378942489624,0
7570,0,0.15056972205638885,0
7571,1,0.9995433688163757,1
7572,1,0.9969667792320251,1
7573,0,0.00018501990416552871,0
7574,0,0.012449278496205807,0
7575,0,0.004066912457346916,0
7576,1,0.9998181462287903,1
7577,0,0.0008800639770925045,0
7578,0,0.051909588277339935,0
7579,0,7.09054438630119e-05,0
7580,1,0.2625412940979004,0
7581,0,0.7447454929351807,1
7582,0,0.6544021964073181,1
7583,1,0.9982815980911255,1
7584,0,0.0005515968077816069,0
7585,0,0.1481529325246811,0
7586,1,0.9906675219535828,1
7587,1,0.9999940395355225,1
7588,1,0.9731253385543823,1
7589,1,0.02007717825472355,0
7590,0,0.0001714935206109658,0
7591,1,0.9998656511306763,1
7592,1,0.998846173286438,1
7593,0,0.002465425059199333,0
7594,1,0.9976376295089722,1
7595,1,0.9997852444648743,1
7596,1,0.002633465686812997,0
7597,1,0.999630331993103,1
7598,1,0.9997343420982361,1
7599,1,0.003760571125894785,0
7600,1,0.9901247024536133,1
7601,0,0.5347389578819275,1
7602,1,0.9999686479568481,1
7603,1,0.8532765507698059,1
7604,0,0.017407288774847984,0
7605,0,0.0020158966071903706,0
7606,0,0.07704362273216248,0
7607,1,0.15487253665924072,0
7608,0,0.004514530301094055,0
7609,1,0.9188075065612793,1
7610,0,0.005805899854749441,0
7611,0,1.75636541825952e-05,0
7612,1,0.9993189573287964,1
7613,0,0.0005888896412216127,0
7614,0,0.2893902063369751,0
7615,0,0.04857255145907402,0
7616,0,0.003947884775698185,0
7617,0,7.623707642778754e-05,0
7618,1,0.2988286316394806,0
7619,1,0.9978787899017334,1
7620,0,0.3432232141494751,0
7621,0,0.06472711265087128,0
7622,1,0.996274471282959,1
7623,0,0.002876538084819913,0
7624,0,0.00021177464805077761,0
7625,1,0.9984022974967957,1
7626,0,0.011268166825175285,0
7627,0,0.0009980775648728013,0
7628,1,0.9996411800384521,1
7629,0,0.09836648404598236,0
7630,1,0.998955488204956,1
7631,0,7.935697067296132e-05,0
7632,1,0.9591776728630066,1
7633,1,0.9981961846351624,1
7634,1,0.9981603026390076,1
7635,1,0.9434366822242737,1
7636,1,0.8052379488945007,1
7637,0,0.0006915361736901104,0
7638,1,0.9993209838867188,1
7639,0,0.5938766598701477,1
7640,0,0.0060430183075368404,0
7641,1,0.9999065399169922,1
7642,0,0.02180306799709797,0
7643,0,0.00014471064787358046,0
7644,1,0.999426007270813,1
7645,0,0.8320125341415405,1
7646,0,0.7488728165626526,1
7647,1,0.8902162909507751,1
7648,1,0.9997493624687195,1
7649,0,0.0008285365183837712,0
7650,0,0.029604479670524597,0
7651,0,0.0003327330050524324,0
7652,1,0.9955719709396362,1
7653,1,0.9999264478683472,1
7654,0,0.0015081699239090085,0
7655,1,0.908783495426178,1
7656,0,0.019290965050458908,0
7657,1,0.9900976419448853,1
7658,0,0.006353459786623716,0
7659,1,0.9999377727508545,1
7660,0,0.00025608798023313284,0
7661,0,2.9124657885404304e-05,0
7662,0,0.0006516572320833802,0
7663,0,0.005135528743267059,0
7664,0,0.014610127545893192,0
7665,0,0.0002896473160944879,0
7666,1,0.9108316898345947,1
7667,1,0.9788951873779297,1
7668,0,0.05395723134279251,0
7669,1,0.9378302097320557,1
7670,1,0.9990289211273193,1
7671,0,0.10365302860736847,0
7672,0,0.0015144236385822296,0
7673,1,0.9997575879096985,1
7674,1,0.5583662986755371,1
7675,0,0.0006783733842894435,0
7676,1,0.938398540019989,1
7677,0,0.005475396290421486,0
7678,0,0.0005640929448418319,0
7679,1,0.9826163053512573,1
7680,0,0.006415178533643484,0
7681,0,0.0004997532232664526,0
7682,1,0.9994798302650452,1
7683,1,0.315449982881546,0
7684,1,0.9917160868644714,1
7685,1,0.9987242817878723,1
7686,0,0.00011775716848205775,0
7687,0,0.018179118633270264,0
7688,0,0.029173025861382484,0
7689,0,0.39539462327957153,0
7690,1,0.9971277117729187,1
7691,1,0.9161582589149475,1
7692,1,0.9810061454772949,1
7693,0,0.35223886370658875,0
7694,0,0.00418452825397253,0
7695,1,0.9997777342796326,1
7696,0,0.00046891503734514117,0
7697,0,0.9338072538375854,1
7698,0,0.008005579933524132,0
7699,0,0.004821484442800283,0
7700,0,0.10343871265649796,0
7701,0,0.12698297202587128,0
7702,1,0.9935896396636963,1
7703,0,0.001628603902645409,0
7704,0,0.03425443544983864,0
7705,0,0.0021232329308986664,0
7706,1,0.3720216155052185,0
7707,0,0.322953462600708,0
7708,1,0.999955415725708,1
7709,1,0.8942068219184875,1
7710,0,0.22763323783874512,0
7711,1,0.9934232234954834,1
7712,0,0.001446272013708949,0
7713,1,0.9955703616142273,1
7714,0,0.0015819307882338762,0
7715,0,0.02432127296924591,0
7716,1,0.9990649819374084,1
7717,0,0.00027563024195842445,0
7718,1,0.9998376369476318,1
7719,0,0.06657333672046661,0
7720,1,0.9969018697738647,1
7721,0,0.29429250955581665,0
7722,0,0.0060106199234724045,0
7723,0,0.615658164024353,1
7724,0,0.00576060963794589,0
7725,1,0.9996973276138306,1
7726,0,0.04773872345685959,0
7727,1,0.9367048740386963,1
7728,1,0.998960018157959,1
7729,1,0.9998394250869751,1
7730,1,0.9986264705657959,1
7731,1,0.9995366334915161,1
7732,0,0.06402319669723511,0
7733,0,0.12543001770973206,0
7734,0,0.000301142456009984,0
7735,1,0.9996567964553833,1
7736,0,0.16741515696048737,0
7737,1,0.9992714524269104,1
7738,1,0.9948824644088745,1
7739,1,0.8396722674369812,1
7740,1,0.9951625466346741,1
7741,1,0.9990308284759521,1
7742,1,0.9988144636154175,1
7743,0,0.005951404571533203,0
7744,0,0.058290861546993256,0
7745,1,0.9649443626403809,1
7746,0,0.06729622185230255,0
7747,0,0.05183044448494911,0
7748,0,0.0053543648682534695,0
7749,0,6.741033575963229e-05,0
7750,0,0.0003682356036733836,0
7751,1,0.9997554421424866,1
7752,0,0.12378744781017303,0
7753,1,0.9997616410255432,1
7754,1,0.9999110698699951,1
7755,0,0.0004489660495892167,0
7756,0,0.0009645706159062684,0
7757,0,0.0031631167512387037,0
7758,0,0.0024793490301817656,0
7759,1,0.9950599074363708,1
7760,1,0.9999558925628662,1
7761,1,0.9997393488883972,1
7762,0,0.00021455524256452918,0
7763,0,0.009203697554767132,0
7764,1,0.9951521158218384,1
7765,0,6.286155985435471e-05,0
7766,0,0.07014534622430801,0
7767,1,0.9999337196350098,1
7768,0,1.7978665709961206e-05,0
7769,1,0.999900221824646,1
7770,1,0.8540704250335693,1
7771,1,0.9998960494995117,1
7772,1,0.9955148100852966,1
7773,1,0.9998595714569092,1
7774,0,0.007380465045571327,0
7775,1,0.9968929290771484,1
7776,1,0.9793131947517395,1
7777,1,0.7519069314002991,1
7778,1,0.9989878535270691,1
7779,1,0.9995452761650085,1
7780,1,0.9981909394264221,1
7781,0,0.0003303221019450575,0
7782,0,0.003675460582599044,0
7783,1,0.9578267931938171,1
7784,1,0.9977198243141174,1
7785,0,0.04511195793747902,0
7786,1,0.9995386600494385,1
7787,0,0.0013003560015931726,0
7788,0,0.003998131956905127,0
7789,1,0.9470751285552979,1
7790,1,0.8167986869812012,1
7791,0,0.4393239915370941,0
7792,1,0.9999614953994751,1
7793,0,0.00018275773618370295,0
7794,1,0.9994687438011169,1
7795,1,0.9093819260597229,1
7796,0,0.003627681639045477,0
7797,0,0.0004721790610346943,0
7798,0,0.004757651127874851,0
7799,0,0.028367390856146812,0
7800,0,0.7272299528121948,1
7801,0,0.0007305096369236708,0
7802,1,0.9999198913574219,1
7803,0,0.5975527763366699,1
7804,1,0.9998270869255066,1
7805,1,0.9998999834060669,1
7806,0,0.0538165420293808,0
7807,1,0.9976456761360168,1
7808,1,0.9988625049591064,1
7809,1,0.9999539852142334,1
7810,0,0.04061402380466461,0
7811,0,0.00012993811105843633,0
7812,0,0.0006082173204049468,0
7813,1,0.9863857626914978,1
7814,0,0.002174942521378398,0
7815,1,0.9983276724815369,1
7816,1,0.9998452663421631,1
7817,1,0.9964237809181213,1
7818,1,0.9994837045669556,1
7819,0,0.00014837142953183502,0
7820,0,0.04084755480289459,0
7821,0,0.000835930579341948,0
7822,0,0.0010686650639399886,0
7823,0,0.001585035934112966,0
7824,1,0.9999653100967407,1
7825,0,0.04304363951086998,0
7826,1,0.9986308217048645,1
7827,0,0.186195969581604,0
7828,1,0.9998774528503418,1
7829,1,0.817218542098999,1
7830,1,0.999716579914093,1
7831,0,0.010704291053116322,0
7832,1,0.9934276938438416,1
7833,1,0.9953649044036865,1
7834,1,0.9787200689315796,1
7835,0,0.00137810327578336,0
7836,1,0.9999172687530518,1
7837,0,0.0044243852607905865,0
7838,0,0.008277999237179756,0
7839,0,0.19332551956176758,0
7840,1,0.9995071887969971,1
7841,0,0.003044544719159603,0
7842,1,0.8644384145736694,1
7843,1,0.9992013573646545,1
7844,0,0.008484789170324802,0
7845,0,0.0010078191990032792,0
7846,1,0.9595102071762085,1
7847,1,0.8190174102783203,1
7848,1,0.9032688140869141,1
7849,0,0.0046229176223278046,0
7850,1,0.999921441078186,1
7851,0,0.008508563041687012,0
7852,0,0.03584465757012367,0
7853,0,0.10651633888483047,0
7854,1,0.9997027516365051,1
7855,1,0.9990628361701965,1
7856,1,0.9998761415481567,1
7857,0,0.01271497830748558,0
7858,0,0.004539678804576397,0
7859,1,0.9955503940582275,1
7860,0,0.0007729064091108739,0
7861,0,0.032952532172203064,0
7862,1,0.9995648264884949,1
7863,0,0.0033817077055573463,0
7864,0,0.0026453048922121525,0
7865,1,0.600933849811554,1
7866,1,0.9987530708312988,1
7867,1,0.9989292025566101,1
7868,1,0.9426408410072327,1
7869,1,0.9860373139381409,1
7870,0,0.002650428796187043,0
7871,0,0.00035363223287276924,0
7872,1,0.9997896552085876,1
7873,1,0.999303936958313,1
7874,1,0.9996216297149658,1
7875,0,0.9432677030563354,1
7876,0,0.020264046266674995,0
7877,1,0.05955000966787338,0
7878,0,2.391897032794077e-05,0
7879,1,0.9337760806083679,1
7880,0,0.01777833327651024,0
7881,1,0.9444730877876282,1
7882,0,0.00018893576634582132,0
7883,1,0.9997044205665588,1
7884,0,0.0010912991128861904,0
7885,0,0.012891636230051517,0
7886,0,0.0005541130085475743,0
7887,0,0.0017716333968564868,0
7888,0,0.002768513048067689,0
7889,1,0.9954701662063599,1
7890,0,0.525006115436554,1
7891,1,0.9994434714317322,1
7892,0,0.00912315770983696,0
7893,1,0.9548802971839905,1
7894,0,0.2332402765750885,0
7895,0,0.0018792535411193967,0
7896,1,0.9874972105026245,1
7897,0,0.05335133522748947,0
7898,0,8.05988020147197e-05,0
7899,0,0.00030547354253940284,0
7900,1,0.9989336133003235,1
7901,1,0.9436536431312561,1
7902,1,0.9985674619674683,1
7903,1,0.9406630992889404,1
7904,1,0.6435214281082153,1
7905,0,0.0007584354607388377,0
7906,0,0.10047206282615662,0
7907,1,0.9939574003219604,1
7908,1,0.9983838796615601,1
7909,1,0.9999392032623291,1
7910,1,0.35410353541374207,0
7911,1,0.9986255168914795,1
7912,1,0.997231662273407,1
7913,0,0.00036885292502120137,0
7914,0,0.0011547199683263898,0
7915,0,0.2553863823413849,0
7916,1,0.9997045397758484,1
7917,1,0.997794508934021,1
7918,0,0.005596467759460211,0
7919,0,0.0024394637439399958,0
7920,0,0.00048252491978928447,0
7921,1,0.49906405806541443,0
7922,0,0.8870303630828857,1
7923,1,0.999921441078186,1
7924,1,0.9960159659385681,1
7925,0,7.094102329574525e-05,0
7926,0,0.006261737085878849,0
7927,0,0.0033553342800587416,0
7928,0,0.12673898041248322,0
7929,0,0.002497234847396612,0
7930,0,0.05358007550239563,0
7931,0,0.06119650974869728,0
7932,0,0.021606411784887314,0
7933,1,0.9969490170478821,1
7934,0,5.747204340877943e-05,0
7935,0,0.33826303482055664,0
7936,0,0.27804669737815857,0
7937,0,0.05797088146209717,0
7938,0,0.021021123975515366,0
7939,0,0.005050295032560825,0
7940,0,0.01021688710898161,0
7941,1,0.9961431622505188,1
7942,0,0.03176740184426308,0
7943,0,0.00014610130165237933,0
7944,1,0.9243189692497253,1
7945,0,0.0011943926801905036,0
7946,0,0.03508548066020012,0
7947,1,0.9956865310668945,1
7948,1,0.9018498659133911,1
7949,0,0.026598064228892326,0
7950,0,0.0056854295544326305,0
7951,1,0.983014702796936,1
7952,1,0.9999502897262573,1
7953,1,0.9891666769981384,1
7954,1,0.9977385997772217,1
7955,1,0.9823649525642395,1
7956,1,0.9998694658279419,1
7957,0,0.06276603788137436,0
7958,1,0.9997057318687439,1
7959,0,0.0001644246804062277,0
7960,0,0.000685553066432476,0
7961,1,0.07014453411102295,0
7962,1,0.9995818734169006,1
7963,1,0.9998167157173157,1
7964,1,0.9988429546356201,1
7965,0,0.013965548947453499,0
7966,1,0.9861679673194885,1
7967,1,0.9850532412528992,1
7968,0,0.011749057099223137,0
7969,0,0.02263132855296135,0
7970,1,0.9583156108856201,1
7971,0,0.056973837316036224,0
7972,0,0.014681516215205193,0
7973,1,0.920784592628479,1
7974,1,0.999915361404419,1
7975,0,0.0045935953967273235,0
7976,0,0.07744601368904114,0
7977,0,0.003091156482696533,0
7978,0,4.2295829189242795e-05,0
7979,0,0.15239989757537842,0
7980,0,0.00024390981707256287,0
7981,0,0.00023919854720588773,0
7982,1,0.8591259717941284,1
7983,0,0.5270967483520508,1
7984,0,0.001158017897978425,0
7985,1,0.9959765076637268,1
7986,1,0.7431616187095642,1
7987,0,0.0011070984182879329,0
7988,0,0.0018950637895613909,0
7989,1,0.9961103796958923,1
7990,1,0.9935401082038879,1
7991,0,0.03423542529344559,0
7992,0,0.0004719344724435359,0
7993,1,0.9989101886749268,1
7994,0,0.00042219521128572524,0
7995,1,0.9901374578475952,1
7996,1,0.8427290320396423,1
7997,0,1.3303202649694867e-05,0
7998,1,0.9991446733474731,1
7999,0,0.0015448029153048992,0
8000,1,0.9489407539367676,1
8001,1,0.9901586174964905,1
8002,1,0.9584718346595764,1
8003,0,0.0003326296282466501,0
8004,0,0.003992765676230192,0
8005,0,0.005563152022659779,0
8006,1,0.9988247752189636,1
8007,1,0.6594632863998413,1
8008,1,0.9999549388885498,1
8009,0,0.07894717156887054,0
8010,0,0.018951963633298874,0
8011,1,0.9959703683853149,1
8012,0,0.0076062362641096115,0
8013,1,0.9974404573440552,1
8014,0,0.021972987800836563,0
8015,0,0.005272330716252327,0
8016,1,0.9993826150894165,1
8017,1,0.9842411875724792,1
8018,1,0.4695952832698822,0
8019,0,0.005936053581535816,0
8020,0,0.4727577567100525,0
8021,1,0.9998637437820435,1
8022,0,0.08893764019012451,0
8023,1,0.9959255456924438,1
8024,0,0.19852885603904724,0
8025,0,0.5421396493911743,1
8026,1,0.9997610449790955,1
8027,1,0.9971724152565002,1
8028,1,0.988892138004303,1
8029,1,0.9980124235153198,1
8030,0,0.1348726898431778,0
8031,0,7.148156146286055e-05,0
8032,1,0.9984844326972961,1
8033,0,0.001044499920681119,0
8034,1,0.9435791969299316,1
8035,1,0.9989318251609802,1
8036,0,0.00711866794154048,0
8037,0,0.04223483428359032,0
8038,0,0.0191696397960186,0
8039,1,0.8666058778762817,1
8040,0,0.18992671370506287,0
8041,1,0.9997492432594299,1
8042,1,0.9999746084213257,1
8043,1,0.9999165534973145,1
8044,0,0.0006998368771746755,0
8045,1,0.0016465066000819206,0
8046,1,0.014267641119658947,0
8047,0,0.02047739550471306,0
8048,0,0.0013135499320924282,0
8049,0,0.03764660283923149,0
8050,1,0.9999943971633911,1
8051,0,0.019280653446912766,0
8052,0,0.007954341359436512,0
8053,1,0.3127779960632324,0
8054,1,0.9337206482887268,1
8055,1,0.9984473586082458,1
8056,1,0.9990656971931458,1
8057,0,0.0027582950424402952,0
8058,0,0.0006094661075621843,0
8059,0,0.12771233916282654,0
8060,0,0.00012278236681595445,0
8061,1,0.9986767172813416,1
8062,1,0.9645839929580688,1
8063,0,0.0002497063251212239,0
8064,0,0.35831913352012634,0
8065,1,0.9999024868011475,1
8066,1,0.3873477280139923,0
8067,0,0.012101007625460625,0
8068,0,0.017465045675635338,0
8069,1,0.9994693398475647,1
8070,1,0.9942476749420166,1
8071,1,0.8740703463554382,1
8072,0,0.0031058029271662235,0
8073,1,0.9998687505722046,1
8074,1,0.9994305968284607,1
8075,1,0.9512670636177063,1
8076,1,0.200376495718956,0
8077,1,0.9993615746498108,1
8078,1,0.998982846736908,1
8079,0,0.020214103162288666,0
8080,0,0.012130730785429478,0
8081,1,0.9951111674308777,1
8082,1,0.2521434426307678,0
8083,1,0.999923825263977,1
8084,0,0.0026990766637027264,0
8085,0,0.005391228944063187,0
8086,0,0.0017947006272152066,0
8087,0,0.000648018904030323,0
8088,1,0.9990143775939941,1
8089,0,0.19309164583683014,0
8090,1,0.8731653094291687,1
8091,1,0.7678787112236023,1
8092,1,0.9998242259025574,1
8093,1,0.9966499209403992,1
8094,1,0.9936683773994446,1
8095,1,0.9996957778930664,1
8096,0,0.0001995418278966099,0
8097,1,0.9980610013008118,1
8098,0,0.0011652674293145537,0
8099,1,0.99982088804245,1
8100,1,0.9900996088981628,1
8101,0,0.003046103985980153,0
8102,0,0.006672833580523729,0
8103,1,0.9986796975135803,1
8104,0,0.05256389454007149,0
8105,1,0.9978697299957275,1
8106,0,0.0005733813159167767,0
8107,0,0.336568146944046,0
8108,0,0.030905744060873985,0
8109,0,0.012988192960619926,0
8110,0,0.05581820383667946,0
8111,0,0.011613870039582253,0
8112,0,0.09609795361757278,0
8113,1,0.9521267414093018,1
8114,1,0.9459710121154785,1
8115,0,0.0015538514126092196,0
8116,0,0.922946572303772,1
8117,1,0.9885070323944092,1
8118,1,0.9047027826309204,1
8119,0,0.9778233766555786,1
8120,1,0.9999374151229858,1
8121,0,0.010714394971728325,0
8122,1,0.8936942219734192,1
8123,0,0.7366092801094055,1
8124,0,0.0004029647388961166,0
8125,1,0.08928951621055603,0
8126,0,0.000893683114554733,0
8127,1,0.9998534917831421,1
8128,0,0.388944536447525,0
8129,1,0.9997947812080383,1
8130,0,0.47856855392456055,0
8131,1,0.9995692372322083,1
8132,0,0.11676902323961258,0
8133,1,0.9997993111610413,1
8134,1,0.9999498128890991,1
8135,0,0.1038157269358635,0
8136,1,0.9382133483886719,1
8137,1,0.9989669322967529,1
8138,0,0.24696393311023712,0
8139,1,0.9993438124656677,1
8140,0,0.04451572522521019,0
8141,1,0.9659252762794495,1
8142,1,0.9997901320457458,1
8143,0,0.005927682388573885,0
8144,1,0.9735832214355469,1
8145,0,0.0021396330557763577,0
8146,0,0.22802506387233734,0
8147,0,0.025911835953593254,0
8148,0,0.005294293165206909,0
8149,0,0.033612724393606186,0
8150,1,0.9999598264694214,1
8151,0,0.009879441000521183,0
8152,1,0.9976939558982849,1
8153,1,0.9998036026954651,1
8154,0,0.055447548627853394,0
8155,1,0.9979820251464844,1
8156,1,0.5394260883331299,1
8157,0,0.00022249335597734898,0
8158,1,0.9978693723678589,1
8159,0,0.010019471868872643,0
8160,0,0.007253109477460384,0
8161,1,0.999826967716217,1
8162,1,0.9995883107185364,1
8163,0,0.0023097828961908817,0
8164,1,0.9972315430641174,1
8165,1,0.8814278841018677,1
8166,0,0.04232510179281235,0
8167,1,0.9890059232711792,1
8168,1,0.99982750415802,1
8169,1,0.07928434759378433,0
8170,1,0.9990339279174805,1
8171,0,0.08069785684347153,0
8172,0,0.0034164267126470804,0
8173,1,0.9998212456703186,1
8174,1,0.9940872192382812,1
8175,1,0.999779999256134,1
8176,1,0.9995884299278259,1
8177,1,0.9938716888427734,1
8178,1,0.9815541505813599,1
8179,1,0.9096411466598511,1
8180,0,0.0006031672819517553,0
8181,0,0.00041076881461776793,0
8182,1,0.9996168613433838,1
8183,0,0.00527795497328043,0
8184,0,0.002265612129122019,0
8185,1,0.9948403239250183,1
8186,0,0.0028970905113965273,0
8187,0,0.0010680763516575098,0
8188,1,0.9741318821907043,1
8189,1,0.9997599720954895,1
8190,1,0.9860512018203735,1
8191,1,0.8796604871749878,1
8192,1,0.9994103908538818,1
8193,1,0.21968033909797668,0
8194,1,0.9999243021011353,1
8195,1,0.3797236680984497,0
8196,1,0.9940555095672607,1
8197,1,0.9947479367256165,1
8198,0,0.0003279189404565841,0
8199,1,0.9999960660934448,1
8200,0,0.9672720432281494,1
8201,1,0.9998395442962646,1
8202,0,8.620172593509778e-05,0
8203,1,0.9999516010284424,1
8204,1,0.9541388154029846,1
8205,1,0.9996531009674072,1
8206,0,0.0015786723233759403,0
8207,0,2.718351242947392e-05,0
8208,1,0.9997749924659729,1
8209,1,0.999536395072937,1
8210,0,0.005547488573938608,0
8211,0,0.0008211952517740428,0
8212,1,0.990288257598877,1
8213,1,0.9925518035888672,1
8214,1,0.9795002937316895,1
8215,1,0.9976757168769836,1
8216,1,0.9996981620788574,1
8217,0,0.0009525506175123155,0
8218,1,0.9935739636421204,1
8219,1,0.9986879229545593,1
8220,1,0.9989410042762756,1
8221,1,0.768674373626709,1
8222,0,0.002836555475369096,0
8223,1,0.9979658126831055,1
8224,1,0.9393841028213501,1
8225,1,0.9960383176803589,1
8226,1,0.998900294303894,1
8227,0,0.1722244769334793,0
8228,1,0.9928730726242065,1
8229,0,0.23085226118564606,0
8230,0,0.013504633679986,0
8231,0,0.019075626507401466,0
8232,1,0.9986655712127686,1
8233,0,0.0023792609572410583,0
8234,0,0.0020534456707537174,0
8235,0,0.0005173882818780839,0
8236,0,0.3329700231552124,0
8237,0,0.01149759255349636,0
8238,1,0.9825353622436523,1
8239,0,0.4399522840976715,0
8240,0,0.11495887488126755,0
8241,1,0.9962747097015381,1
8242,0,0.8948413729667664,1
8243,1,0.9858230352401733,1
8244,0,0.018730157986283302,0
8245,1,0.9937500357627869,1
8246,0,0.0015184510266408324,0
8247,1,0.9751683473587036,1
8248,1,0.5114020705223083,1
8249,1,0.9995403289794922,1
8250,1,0.9993569254875183,1
8251,1,0.9959471821784973,1
8252,1,0.9983261227607727,1
8253,0,0.07664192467927933,0
8254,0,0.11031995713710785,0
8255,0,0.2956734597682953,0
8256,1,0.9351429343223572,1
8257,1,0.9924275279045105,1
8258,1,0.9844896793365479,1
8259,1,0.9980379939079285,1
8260,1,0.9932724237442017,1
8261,1,0.024047071114182472,0
8262,0,0.005845287349075079,0
8263,1,0.45701465010643005,0
8264,1,0.5042114853858948,1
8265,0,0.00012412341311573982,0
8266,1,0.9368110299110413,1
8267,1,0.06115080788731575,0
8268,0,0.004678474739193916,0
8269,1,0.8999913930892944,1
8270,1,0.999752938747406,1
8271,0,0.4477609395980835,0
8272,1,0.9927349090576172,1
8273,1,0.999360978603363,1
8274,1,0.9994646906852722,1
8275,1,0.9999788999557495,1
8276,1,0.952019989490509,1
8277,1,0.04989215359091759,0
8278,1,0.9989616870880127,1
8279,0,0.0029751795809715986,0
8280,0,0.01076758373528719,0
8281,0,0.0002869733434636146,0
8282,0,0.3628949522972107,0
8283,1,0.8816771507263184,1
8284,1,0.17585209012031555,0
8285,0,0.0006468031788244843,0
8286,1,0.9966030120849609,1
8287,1,0.9992030262947083,1
8288,1,0.7632038593292236,1
8289,0,0.0005547609180212021,0
8290,0,0.7898469567298889,1
8291,0,0.001910038641653955,0
8292,0,0.030995873734354973,0
8293,0,0.0005732449353672564,0
8294,0,0.8839777112007141,1
8295,1,0.305498868227005,0
8296,0,0.00023585253802593797,0
8297,0,0.009248842485249043,0
8298,0,0.6506621241569519,1
8299,0,0.8843883275985718,1
8300,1,0.9641954898834229,1
8301,0,0.03909216821193695,0
8302,1,0.8877131938934326,1
8303,0,0.041260819882154465,0
8304,0,0.0014866188867017627,0
8305,0,0.9256156086921692,1
8306,0,0.6523719429969788,1
8307,0,0.0005107924807816744,0
8308,0,0.0019151223823428154,0
8309,1,0.9997003078460693,1
8310,0,0.0007664231234230101,0
8311,0,0.0010572330793365836,0
8312,0,0.005846121348440647,0
8313,0,4.583147165249102e-05,0
8314,1,0.9877092838287354,1
8315,0,0.002661502454429865,0
8316,1,0.979464054107666,1
8317,0,0.0012508645886555314,0
8318,1,0.9998462200164795,1
8319,1,0.9994427561759949,1
8320,0,0.0006098524900153279,0
8321,1,0.9995067119598389,1
8322,1,0.9999388456344604,1
8323,0,0.002209693193435669,0
8324,0,0.2133713811635971,0
8325,0,0.0002867829753085971,0
8326,1,0.9999901056289673,1
8327,1,0.9999128580093384,1
8328,1,0.9435307383537292,1
8329,1,0.9997761845588684,1
8330,1,0.9999793767929077,1
8331,1,0.9914886951446533,1
8332,0,4.0420665754936635e-05,0
8333,1,0.925037145614624,1
8334,1,0.9849798083305359,1
8335,0,0.0027902673464268446,0
8336,0,0.015395598486065865,0
8337,0,0.005288395099341869,0
8338,0,0.0022019981406629086,0
8339,0,0.9477794170379639,1
8340,1,0.8577282428741455,1
8341,0,0.0013356087729334831,0
8342,1,0.9982655644416809,1
8343,0,0.0006215515895746648,0
8344,0,0.011753486469388008,0
8345,1,0.9927802681922913,1
8346,0,0.004316429141908884,0
8347,0,0.004676996264606714,0
8348,0,0.4111376702785492,0
8349,0,0.00012981501640751958,0
8350,1,0.9318436980247498,1
8351,1,0.9893800616264343,1
8352,0,0.0019296390237286687,0
8353,0,0.8572202324867249,1
8354,0,0.020602857694029808,0
8355,1,0.9793046116828918,1
8356,1,0.9999643564224243,1
8357,1,0.06230529025197029,0
8358,0,0.4407287836074829,0
8359,0,0.07709426432847977,0
8360,0,0.0034822048619389534,0
8361,1,0.9988607168197632,1
8362,0,0.36975643038749695,0
8363,1,0.44374749064445496,0
8364,1,0.9929627776145935,1
8365,1,0.8285883069038391,1
8366,0,0.01735812984406948,0
8367,1,0.9995254278182983,1
8368,0,0.0006675561890006065,0
8369,0,0.006689051166176796,0
8370,0,0.00748702697455883,0
8371,1,0.9972051978111267,1
8372,0,0.001270621782168746,0
8373,0,0.001708009629510343,0
8374,0,2.04047464649193e-05,0
8375,0,0.006260298658162355,0
8376,0,0.0008821733063086867,0
8377,0,0.0010684904409572482,0
8378,1,0.9998456239700317,1
8379,0,0.005327298305928707,0
8380,1,0.9990971088409424,1
8381,1,0.7052406668663025,1
8382,0,0.0009892352391034365,0
8383,1,0.9994438290596008,1
8384,0,0.1854640394449234,0
8385,0,0.007649978157132864,0
8386,1,0.9996117949485779,1
8387,0,9.225611574947834e-05,0
8388,1,0.9753872156143188,1
8389,0,0.0029680070001631975,0
8390,0,0.004623106215149164,0
8391,1,0.9543595910072327,1
8392,0,0.021750636398792267,0
8393,0,0.05189569666981697,0
8394,0,0.9793256521224976,1
8395,0,0.0003375223313923925,0
8396,0,6.355299774440937e-06,0
8397,0,0.034935373812913895,0
8398,0,0.9612929821014404,1
8399,1,0.4117908477783203,0
8400,1,0.9999582767486572,1
8401,0,0.0002673410635907203,0
8402,0,0.007054169662296772,0
8403,0,0.007310220040380955,0
8404,1,0.9995517134666443,1
8405,0,0.0001765133929438889,0
8406,0,7.32820262783207e-05,0
8407,1,0.9978904128074646,1
8408,0,0.0078789247199893,0
8409,0,0.00032321145408786833,0
8410,0,0.007328815758228302,0
8411,0,0.0004142031539231539,0
8412,0,0.1993606835603714,0
8413,0,0.014913113787770271,0
8414,0,0.008637229911983013,0
8415,1,0.9999498128890991,1
8416,0,0.0007742410525679588,0
8417,1,0.996356725692749,1
8418,1,0.9982221722602844,1
8419,1,0.9962007403373718,1
8420,1,0.998967170715332,1
8421,0,0.6607006192207336,1
8422,0,0.6812053322792053,1
8423,0,0.11986666917800903,0
8424,1,0.9354860186576843,1
8425,1,0.9999212026596069,1
8426,1,0.9950175881385803,1
8427,1,0.9998801946640015,1
8428,0,0.0020007085986435413,0
8429,1,0.9729945063591003,1
8430,0,0.010249835439026356,0
8431,0,0.05207410827279091,0
8432,1,0.9998615980148315,1
8433,0,0.00010070007556350902,0
8434,0,0.0003401119029149413,0
8435,1,0.9993078708648682,1
8436,1,0.9997707009315491,1
8437,1,0.9968206882476807,1
8438,0,0.0033619501627981663,0
8439,1,0.9867122173309326,1
8440,1,0.9977105855941772,1
8441,1,0.9799326658248901,1
8442,1,0.9996696710586548,1
8443,1,0.9999500513076782,1
8444,1,0.955814003944397,1
8445,1,0.9999078512191772,1
8446,0,0.03085958957672119,0
8447,1,0.9993664622306824,1
8448,1,0.7337626814842224,1
8449,1,0.9243696928024292,1
8450,1,0.9592323899269104,1
8451,1,0.9998840093612671,1
8452,0,0.0176774300634861,0
8453,0,0.00043375405948609114,0
8454,1,0.9999809265136719,1
8455,0,0.0007555513875558972,0
8456,1,0.6197533011436462,1
8457,1,0.978054940700531,1
8458,1,0.9999668598175049,1
8459,0,0.030210604891180992,0
8460,1,0.9972403049468994,1
8461,1,0.999893069267273,1
8462,1,0.9857562184333801,1
8463,1,0.05506806820631027,0
8464,0,0.7157323956489563,1
8465,1,0.299872487783432,0
8466,0,0.0007354365079663694,0
8467,0,0.3094189167022705,0
8468,1,0.9993224143981934,1
8469,1,0.9972954392433167,1
8470,1,0.9971780776977539,1
8471,0,0.40846437215805054,0
8472,0,0.001902859890833497,0
8473,0,0.003949649631977081,0
8474,0,0.0016363258473575115,0
8475,1,0.9801436066627502,1
8476,1,0.9990444779396057,1
8477,1,0.9985560774803162,1
8478,0,0.0008775012684054673,0
8479,0,0.06629437208175659,0
8480,1,0.9998999834060669,1
8481,0,0.0005255933501757681,0
8482,0,0.00274862302467227,0
8483,0,1.2179090845165774e-05,0
8484,0,0.021119937300682068,0
8485,1,0.9965218305587769,1
8486,0,0.1271633505821228,0
8487,0,0.0009537684381939471,0
8488,0,0.06174536049365997,0
8489,0,0.014301462098956108,0
8490,1,0.999929666519165,1
8491,1,0.9991459846496582,1
8492,1,0.9998953342437744,1
8493,0,0.00014535343507304788,0
8494,0,0.5663657784461975,1
8495,1,0.9999161958694458,1
8496,0,0.32128003239631653,0
8497,1,0.9998692274093628,1
8498,1,0.9998388290405273,1
8499,0,0.04748829826712608,0
8500,1,0.99825519323349,1
8501,0,0.01769275590777397,0
8502,0,0.00010237246169708669,0
8503,1,0.9976477026939392,1
8504,0,0.03816886991262436,0
8505,0,0.0005757010076195002,0
8506,0,0.002157326554879546,0
8507,1,0.983283519744873,1
8508,1,0.9194238185882568,1
8509,1,0.9993594288825989,1
8510,0,7.987201388459653e-05,0
8511,0,4.864810034632683e-05,0
8512,0,0.0009692037710919976,0
8513,1,0.9938691258430481,1
8514,0,0.003463247325271368,0
8515,1,0.7681353688240051,1
8516,0,8.737251482671127e-05,0
8517,1,0.9986228942871094,1
8518,0,0.005405215546488762,0
8519,1,0.9979236125946045,1
8520,1,0.997403085231781,1
8521,0,0.0006141004851087928,0
8522,1,0.9261165261268616,1
8523,0,0.0003312397748231888,0
8524,1,0.9999727010726929,1
8525,1,0.998778760433197,1
8526,1,0.985260546207428,1
8527,1,0.9996674060821533,1
8528,0,7.142139656934887e-05,0
8529,0,0.06420435011386871,0
8530,0,0.00014801252109464258,0
8531,1,0.009334858506917953,0
8532,1,0.9999293088912964,1
8533,1,0.9984571933746338,1
8534,1,0.9481195211410522,1
8535,0,0.00024614366702735424,0
8536,0,0.5226104259490967,1
8537,1,0.9996578693389893,1
8538,0,0.04012062028050423,0
8539,0,4.5761462388327345e-05,0
8540,1,0.9915048480033875,1
8541,0,0.006219780538231134,0
8542,0,5.5493848776677623e-05,0
8543,0,0.12635469436645508,0
8544,1,0.9963452219963074,1
8545,1,0.999988317489624,1
8546,1,0.967914342880249,1
8547,0,6.369609764078632e-05,0
8548,0,0.0006075470009818673,0
8549,0,0.0035983026027679443,0
8550,1,0.9997177720069885,1
8551,1,0.9994266033172607,1
8552,0,5.022838740842417e-05,0
8553,0,0.014293881133198738,0
8554,0,0.01140610035508871,0
8555,1,0.9996469020843506,1
8556,1,0.9997443556785583,1
8557,1,0.995288610458374,1
8558,1,0.9966279864311218,1
8559,0,0.054282769560813904,0
8560,1,0.9972134232521057,1
8561,1,0.9996874332427979,1
8562,0,0.010890739038586617,0
8563,0,0.00016033316205721349,0
8564,0,0.0012947311624884605,0
8565,0,0.0011354266898706555,0
8566,0,0.02110017091035843,0
8567,0,0.07139690965414047,0
8568,0,0.003916041925549507,0
8569,0,0.006306784693151712,0
8570,0,0.004979247227311134,0
8571,1,0.17397886514663696,0
8572,0,0.0005729208351112902,0
8573,1,0.9998190999031067,1
8574,1,0.9999896287918091,1
8575,1,0.024026278406381607,0
8576,0,0.0030217005405575037,0
8577,1,0.7832180857658386,1
8578,0,0.0005786055116914213,0
8579,1,0.9989467263221741,1
8580,1,0.9981368780136108,1
8581,0,0.00037042348412796855,0
8582,0,0.005562846083194017,0
8583,0,0.006099831312894821,0
8584,0,0.0006885647308081388,0
8585,0,0.004713089670985937,0
8586,0,0.002844294300302863,0
8587,0,0.1149895116686821,0
8588,0,0.054511986672878265,0
8589,0,0.0881519690155983,0
8590,1,0.9994433522224426,1
8591,1,0.8400452733039856,1
8592,1,0.9915685057640076,1
8593,1,0.49936822056770325,0
8594,0,0.16695988178253174,0
8595,1,0.9672837853431702,1
8596,0,0.00033892918145284057,0
8597,1,0.9998369216918945,1
8598,1,0.9967792630195618,1
8599,1,0.9998489618301392,1
8600,1,0.24779734015464783,0
8601,1,0.9988852143287659,1
8602,0,0.37753090262413025,0
8603,1,0.9987623691558838,1
8604,1,0.9921249747276306,1
8605,1,0.9984476566314697,1
8606,1,0.999900221824646,1
8607,0,1.7349057088722475e-05,0
8608,1,0.9999843835830688,1
8609,0,0.06337691843509674,0
8610,0,0.00010679984552552924,0
8611,0,0.003296143840998411,0
8612,1,0.9995608925819397,1
8613,1,0.9999901056289673,1
8614,0,0.1750003695487976,0
8615,1,0.2911480963230133,0
8616,1,0.9998378753662109,1
8617,0,0.0007339889416471124,0
8618,1,0.9976134300231934,1
8619,1,0.9962093830108643,1
8620,1,0.9989783763885498,1
8621,1,0.9994361996650696,1
8622,1,0.7808394432067871,1
8623,1,0.9912928938865662,1
8624,0,0.00022645315038971603,0
8625,1,0.9343076944351196,1
8626,0,0.3891044557094574,0
8627,0,0.45967206358909607,0
8628,1,0.9999685287475586,1
8629,0,0.0007402681512758136,0
8630,1,0.893498420715332,1
8631,0,0.0006053944816812873,0
8632,0,0.0008277426240965724,0
8633,1,0.8874762058258057,1
8634,1,0.9944626688957214,1
8635,0,0.5285353660583496,1
8636,1,0.9999856948852539,1
8637,1,0.9985761642456055,1
8638,0,0.0007076885085552931,0
8639,1,0.9434545040130615,1
8640,0,0.026768319308757782,0
8641,0,0.0009562807390466332,0
8642,1,0.9949749708175659,1
8643,0,0.026505067944526672,0
8644,1,0.9881935715675354,1
8645,1,0.9119513034820557,1
8646,0,0.00847715139389038,0
8647,0,0.0026583336293697357,0
8648,1,0.9999567270278931,1
8649,1,0.9999918937683105,1
8650,0,0.0050501772202551365,0
8651,1,0.9996216297149658,1
8652,0,0.293123722076416,0
8653,0,0.8917551636695862,1
8654,0,0.0002663069753907621,0
8655,1,0.9918475151062012,1
8656,1,0.8818302750587463,1
8657,0,0.21595382690429688,0
8658,1,0.7385894656181335,1
8659,1,0.9996359348297119,1
8660,1,0.968397855758667,1
8661,0,8.09488701634109e-05,0
8662,0,0.00035494458279572427,0
8663,0,0.047146569937467575,0
8664,1,0.999147891998291,1
8665,0,0.002503718016669154,0
8666,0,0.03874995931982994,0
8667,0,0.5163144469261169,1
8668,1,0.9988815188407898,1
8669,1,0.9999567270278931,1
8670,1,0.9988873600959778,1
8671,1,0.9978216886520386,1
8672,0,0.008370636031031609,0
8673,1,0.999247670173645,1
8674,0,0.0023086052387952805,0
8675,0,0.0013089452404528856,0
8676,1,0.6514427065849304,1
8677,1,0.9963182210922241,1
8678,1,0.9718827605247498,1
8679,0,0.001837089890614152,0
8680,1,0.9995383024215698,1
8681,0,0.02750619314610958,0
8682,1,0.9993789196014404,1
8683,1,0.9138984680175781,1
8684,0,0.0004022663924843073,0
8685,1,0.9992522597312927,1
8686,1,0.28643113374710083,0
8687,1,0.9999521970748901,1
8688,1,0.9994869232177734,1
8689,1,0.9905049204826355,1
8690,0,0.0020740909967571497,0
8691,1,0.998458743095398,1
8692,0,0.0019627446308732033,0
8693,1,0.9994613528251648,1
8694,1,0.8553135395050049,1
8695,0,0.0006842672009952366,0
8696,1,0.9960055947303772,1
8697,1,0.3926798105239868,0
8698,1,0.9984585046768188,1
8699,0,0.02460845746099949,0
8700,1,0.9935141801834106,1
8701,1,0.9983474016189575,1
8702,1,0.9974034428596497,1
8703,0,0.0008028926677070558,0
8704,0,4.049115159432404e-05,0
8705,1,0.9966711401939392,1
8706,0,0.0011187311029061675,0
8707,0,0.0005331056308932602,0
8708,1,0.9999514818191528,1
8709,0,0.0009042766178026795,0
8710,1,0.47414448857307434,0
8711,1,0.9993869066238403,1
8712,1,0.2638002932071686,0
8713,1,0.9998130202293396,1
8714,0,0.0007737314444966614,0
8715,1,0.999796450138092,1
8716,0,0.00012707198038697243,0
8717,0,0.004641433712095022,0
8718,1,0.9895851016044617,1
8719,1,0.9996639490127563,1
8720,0,0.031746756285429,0
8721,1,0.9917117357254028,1
8722,1,0.9999604225158691,1
8723,0,0.022462911903858185,0
8724,1,0.679538369178772,1
8725,0,0.3875080943107605,0
8726,1,0.9956764578819275,1
8727,0,0.010517502203583717,0
8728,1,0.9678933620452881,1
8729,1,0.9997499585151672,1
8730,1,0.9999762773513794,1
8731,0,0.011839081533253193,0
8732,1,0.9931294322013855,1
8733,1,0.7739640474319458,1
8734,0,0.004363860934972763,0
8735,0,0.00031872341060079634,0
8736,0,0.01615682803094387,0
8737,0,7.849692337913439e-05,0
8738,1,0.9818285703659058,1
8739,0,0.00017305616347584873,0
8740,0,0.009761343710124493,0
8741,0,0.14258266985416412,0
8742,0,0.0003705165581777692,0
8743,1,0.9857470989227295,1
8744,0,0.0008278526947833598,0
8745,1,0.41544923186302185,0
8746,1,0.9998576641082764,1
8747,1,0.9966095685958862,1
8748,0,0.0003165150701534003,0
8749,1,0.9999759197235107,1
8750,1,0.9995030164718628,1
8751,0,0.025445671752095222,0
8752,1,0.02332281693816185,0
8753,0,0.008240371942520142,0
8754,1,0.9924653768539429,1
8755,1,0.9997416138648987,1
8756,0,6.101262988522649e-05,0
8757,1,0.9988676309585571,1
8758,0,0.2825268507003784,0
8759,0,0.0012143898056820035,0
8760,1,0.9998077750205994,1
8761,0,0.02327566035091877,0
8762,1,0.9999662637710571,1
8763,0,0.00044762296602129936,0
8764,1,0.9654224514961243,1
8765,1,0.9997289776802063,1
8766,0,0.00043671223102137446,0
8767,1,0.9995614886283875,1
8768,1,0.8369784355163574,1
8769,0,0.002745566423982382,0
8770,0,0.0016494508599862456,0
8771,1,0.9996871948242188,1
8772,1,0.9801703691482544,1
8773,1,0.9998136162757874,1
8774,0,0.008824216201901436,0
8775,1,0.40866413712501526,0
8776,1,0.9744040966033936,1
8777,0,0.003446834394708276,0
8778,1,0.8071153163909912,1
8779,0,0.05904129520058632,0
8780,1,0.999788224697113,1
8781,1,0.8441928625106812,1
8782,0,0.14878244698047638,0
8783,1,0.9998866319656372,1
8784,0,0.0024093908723443747,0
8785,1,0.9986316561698914,1
8786,1,0.9765848517417908,1
8787,1,0.7084762454032898,1
8788,1,0.9717715382575989,1
8789,1,0.9991267323493958,1
8790,1,0.9988671541213989,1
8791,1,0.9373688697814941,1
8792,0,0.976088285446167,1
8793,0,0.0003740128595381975,0
8794,0,0.0017687027575448155,0
8795,1,0.9999655485153198,1
8796,0,0.024882033467292786,0
8797,0,0.0055919610895216465,0
8798,1,0.9990617632865906,1
8799,0,0.006012591067701578,0
8800,1,0.9897395968437195,1
8801,1,0.9720297455787659,1
8802,1,0.9812876582145691,1
8803,0,0.00018443937005940825,0
8804,1,0.996460497379303,1
8805,1,0.9428364038467407,1
8806,1,0.9404246807098389,1
8807,1,0.9423708915710449,1
8808,1,0.005041456315666437,0
8809,0,0.0009400786948390305,0
8810,1,0.9997028708457947,1
8811,0,0.016858825460076332,0
8812,0,0.11790712177753448,0
8813,0,0.0029472019523382187,0
8814,1,0.7549877166748047,1
8815,0,0.005564682185649872,0
8816,0,0.0003099461318925023,0
8817,0,0.0076372139155864716,0
8818,0,0.44909510016441345,0
8819,0,0.23088520765304565,0
8820,0,0.00030427658930420876,0
8821,0,0.7691329717636108,1
8822,1,0.9999938011169434,1
8823,1,0.7990721464157104,1
8824,0,0.00015185640950221568,0
8825,0,0.04072585329413414,0
8826,0,0.0021268255077302456,0
8827,1,0.999828577041626,1
8828,1,0.9995242357254028,1
8829,0,0.0003076345019508153,0
8830,1,0.9993836879730225,1
8831,1,0.9970399737358093,1
8832,0,0.45742732286453247,0
8833,1,0.8998174071311951,1
8834,1,0.9864171743392944,1
8835,1,0.943009078502655,1
8836,0,0.0006958896992728114,0
8837,1,0.9990113973617554,1
8838,0,0.8754575252532959,1
8839,1,0.9828541278839111,1
8840,0,0.03624096140265465,0
8841,1,0.9573724269866943,1
8842,0,0.04143217206001282,0
8843,0,0.005727345589548349,0
8844,0,0.0032249069772660732,0
8845,0,0.008810246363282204,0
8846,0,0.0012628794647753239,0
8847,0,0.0003467760398052633,0
8848,0,0.08323364704847336,0
8849,0,0.043809205293655396,0
8850,0,0.002809039084240794,0
8851,0,0.20007391273975372,0
8852,1,0.9997884631156921,1
8853,1,0.9999860525131226,1
8854,1,0.9974207878112793,1
8855,1,0.9995951056480408,1
8856,0,0.00024042664153967053,0
8857,1,0.9485487937927246,1
8858,0,0.0002775452157948166,0
8859,0,0.000681033474393189,0
8860,1,0.998674750328064,1
8861,1,0.0785316452383995,0
8862,0,0.016468292102217674,0
8863,0,0.00032126190490089357,0
8864,0,0.004037036094814539,0
8865,1,0.9977468848228455,1
8866,1,0.9993659853935242,1
8867,0,0.1756570041179657,0
8868,1,0.8623066544532776,1
8869,0,0.0052915518172085285,0
8870,0,0.03105459362268448,0
8871,0,4.684089435613714e-05,0
8872,0,0.0013329059584066272,0
8873,1,0.9985312223434448,1
8874,1,0.9997143149375916,1
8875,1,0.9999386072158813,1
8876,1,0.604328453540802,1
8877,0,0.01973276399075985,0
8878,1,0.6094328761100769,1
8879,0,0.0633387565612793,0
8880,0,0.000746444973628968,0
8881,1,0.9875594973564148,1
8882,1,0.999116837978363,1
8883,0,0.2024109810590744,0
8884,1,0.9550958871841431,1
8885,1,0.18497823178768158,0
8886,0,0.9963902831077576,1
8887,1,0.9987900853157043,1
8888,0,0.7250542044639587,1
8889,0,0.47381946444511414,0
8890,1,0.9992202520370483,1
8891,1,0.9509698748588562,1
8892,0,0.3861057758331299,0
8893,1,0.93416827917099,1
8894,1,0.9930552840232849,1
8895,1,0.9998212456703186,1
8896,1,0.995535135269165,1
8897,0,0.0005326071404851973,0
8898,1,0.9999535083770752,1
8899,0,0.002324228174984455,0
8900,0,0.0002447171718813479,0
8901,0,0.0005782688967883587,0
8902,0,0.05546515807509422,0
8903,0,0.0002761942450888455,0
8904,0,0.37851470708847046,0
8905,0,0.27272558212280273,0
8906,1,0.3166992962360382,0
8907,0,0.0018109719967469573,0
8908,1,0.9999423027038574,1
8909,1,0.9999600648880005,1
8910,0,0.014767552725970745,0
8911,1,0.999788224697113,1
8912,0,0.0002906165609601885,0
8913,0,0.0032804340589791536,0
8914,1,0.832955002784729,1
8915,0,0.2769032120704651,0
8916,1,0.9998383522033691,1
8917,1,0.9999945163726807,1
8918,1,0.6617819666862488,1
8919,1,0.9990360736846924,1
8920,0,0.008479267358779907,0
8921,1,0.9817989468574524,1
8922,1,0.9999834299087524,1
8923,1,0.8802419304847717,1
8924,0,0.0032213220838457346,0
8925,1,0.99982088804245,1
8926,0,0.008576338179409504,0
8927,0,0.12259779870510101,0
8928,0,0.0024105350021272898,0
8929,0,0.07262159138917923,0
8930,0,0.001084389048628509,0
8931,0,0.01790853776037693,0
8932,0,0.009781179018318653,0
8933,1,0.8681111335754395,1
8934,0,0.0003204809327144176,0
8935,0,0.0010175369679927826,0
8936,1,0.9979623556137085,1
8937,0,0.08400969207286835,0
8938,0,0.00023847755801398307,0
8939,0,0.30589160323143005,0
8940,1,0.9022431969642639,1
8941,1,0.8460556864738464,1
8942,1,0.5857622623443604,1
8943,1,0.8677724599838257,1
8944,1,0.9274780750274658,1
8945,0,0.043891698122024536,0
8946,0,0.0245679784566164,0
8947,1,0.9457826614379883,1
8948,0,0.000141607946716249,0
8949,0,0.0011704848147928715,0
8950,1,0.6311075091362,1
8951,1,0.9993929862976074,1
8952,1,0.9995027780532837,1
8953,1,0.9961833357810974,1
8954,0,0.00012121421605115756,0
8955,1,0.9942672848701477,1
8956,0,0.0008282058406621218,0
8957,0,0.005475401412695646,0
8958,0,8.544683078071102e-05,0
8959,0,0.0012237844057381153,0
8960,1,0.9988445043563843,1
8961,0,0.04577333480119705,0
8962,0,0.0015666568651795387,0
8963,1,0.27124491333961487,0
8964,1,0.7871572375297546,1
8965,0,0.006376171018928289,0
8966,0,0.5410305261611938,1
8967,0,0.000997551018372178,0
8968,1,0.9975691437721252,1
8969,0,7.998481305548921e-05,0
8970,0,0.007254074327647686,0
8971,1,0.9994826316833496,1
8972,0,4.695704410551116e-05,0
8973,1,0.9999227523803711,1
8974,0,0.04920239374041557,0
8975,1,0.9989209175109863,1
8976,0,0.01787310652434826,0
8977,0,0.1491421014070511,0
8978,0,5.144044916960411e-05,0
8979,1,0.12959326803684235,0
8980,0,0.0023008149582892656,0
8981,1,0.9997984766960144,1
8982,1,0.9995647072792053,1
8983,0,0.07967299968004227,0
8984,0,0.003501877188682556,0
8985,0,0.012788965366780758,0
8986,0,0.0020590503700077534,0
8987,1,0.9954164028167725,1
8988,0,7.646160520380363e-05,0
8989,1,0.9999517202377319,1
8990,0,0.00012686241825576872,0
8991,1,0.9998642206192017,1
8992,1,0.999142050743103,1
8993,0,8.605635957792401e-05,0
8994,1,0.9853662252426147,1
8995,1,0.9996107220649719,1
8996,1,0.9265730977058411,1
8997,0,0.023688919842243195,0
8998,0,0.005068873520940542,0
8999,1,0.056243110448122025,0
9000,0,0.042423561215400696,0
9001,0,0.004083874635398388,0
9002,1,0.9990779161453247,1
9003,0,0.0035109110176563263,0
9004,1,0.9998680353164673,1
9005,1,0.9990425705909729,1
9006,0,0.09004424512386322,0
9007,1,0.9996176958084106,1
9008,1,0.9999719858169556,1
9009,1,0.9953722357749939,1
9010,0,0.000373687653336674,0
9011,0,0.001608769642189145,0
9012,0,0.002707261359319091,0
9013,1,0.5279300808906555,1
9014,0,0.04347384721040726,0
9015,0,0.00040500721661373973,0
9016,0,0.0038960364181548357,0
9017,0,0.031231705099344254,0
9018,1,0.9999895095825195,1
9019,0,0.002399565652012825,0
9020,0,0.013433694839477539,0
9021,1,0.9986271858215332,1
9022,0,0.2415481060743332,0
9023,1,0.9686300158500671,1
9024,0,0.012807376682758331,0
9025,1,0.8222047686576843,1
9026,1,0.9998774528503418,1
9027,0,0.019095586612820625,0
9028,0,0.08442310243844986,0
9029,0,0.00012962995970156044,0
9030,1,0.039582714438438416,0
9031,0,0.009802807122468948,0
9032,1,0.9863860607147217,1
9033,1,0.9999445676803589,1
9034,1,0.9999932050704956,1
9035,0,0.010770784690976143,0
9036,1,0.9992450475692749,1
9037,1,0.9995442032814026,1
9038,0,0.008708180859684944,0
9039,0,0.0024518161080777645,0
9040,1,0.9999630451202393,1
9041,0,0.9914906620979309,1
9042,1,0.9863905906677246,1
9043,0,0.1387600302696228,0
9044,0,0.014263881370425224,0
9045,1,0.9997535347938538,1
9046,0,0.002245385432615876,0
9047,0,5.224269989412278e-05,0
9048,1,0.9996465444564819,1
9049,0,0.0001781664468580857,0
9050,1,0.6894465088844299,1
9051,1,0.9225594401359558,1
9052,1,0.9915558099746704,1
9053,0,0.014237039722502232,0
9054,1,0.9904258847236633,1
9055,1,0.9961807727813721,1
9056,0,0.1482040286064148,0
9057,1,0.998009979724884,1
9058,0,0.06353908777236938,0
9059,0,0.5235490202903748,1
9060,1,0.9996589422225952,1
9061,0,0.11272852122783661,0
9062,0,0.7140570282936096,1
9063,0,0.0006107145454734564,0
9064,0,0.06898688524961472,0
9065,0,0.013359413482248783,0
9066,0,0.012056493200361729,0
9067,0,0.00021362055849749595,0
9068,1,0.9880656003952026,1
9069,1,0.9998608827590942,1
9070,1,0.9998168349266052,1
9071,0,0.05337914451956749,0
9072,0,0.0047628809697926044,0
9073,0,0.0074250297620892525,0
9074,0,0.0008303923532366753,0
9075,1,0.9996236562728882,1
9076,0,0.00048240533214993775,0
9077,1,0.9999573230743408,1
9078,1,0.9979389309883118,1
9079,0,0.9992215633392334,1
9080,1,0.9974219799041748,1
9081,1,0.9773539900779724,1
9082,0,0.005008199717849493,0
9083,1,0.9998966455459595,1
9084,1,0.9998985528945923,1
9085,0,0.021822327747941017,0
9086,1,0.9995575547218323,1
9087,0,0.1356145143508911,0
9088,1,0.9485799074172974,1
9089,0,0.0001385117939207703,0
9090,0,0.47316452860832214,0
9091,1,0.9999430179595947,1
9092,1,0.9946715235710144,1
9093,1,0.998408854007721,1
9094,0,0.01284635066986084,0
9095,0,0.003458854276686907,0
9096,0,0.00044650089694187045,0
9097,0,0.051052406430244446,0
9098,1,0.9962838292121887,1
9099,1,0.8971882462501526,1
9100,0,0.00028267098241485655,0
9101,0,0.06727787852287292,0
9102,0,0.0010655857622623444,0
9103,0,0.009927350096404552,0
9104,1,0.059883423149585724,0
9105,1,0.999976634979248,1
9106,1,0.9954046010971069,1
9107,1,0.9915881752967834,1
9108,0,0.02413410134613514,0
9109,0,0.0009788316674530506,0
9110,1,0.9646161794662476,1
9111,0,0.03737797960639,0
9112,1,0.9685462117195129,1
9113,1,0.9991046786308289,1
9114,1,0.9411078095436096,1
9115,0,0.0001570650056237355,0
9116,0,0.001045236480422318,0
9117,0,0.00023852489539422095,0
9118,1,0.9839231371879578,1
9119,1,0.9888984560966492,1
9120,0,0.007597253657877445,0
9121,1,0.9998745918273926,1
9122,1,0.9416781067848206,1
9123,1,0.999982476234436,1
9124,0,0.01382917258888483,0
9125,0,0.053923074156045914,0
9126,0,0.0012032194063067436,0
9127,1,0.669996976852417,1
9128,0,0.41555163264274597,0
9129,1,0.9984182119369507,1
9130,1,0.9987932443618774,1
9131,0,4.095093026990071e-05,0
9132,0,0.039802584797143936,0
9133,1,0.8086506128311157,1
9134,1,0.0033646179363131523,0
9135,1,0.9999496936798096,1
9136,1,0.9983062744140625,1
9137,1,0.280014306306839,0
9138,1,0.9994040727615356,1
9139,1,0.7350795269012451,1
9140,1,0.9999693632125854,1
9141,0,0.02856162190437317,0
9142,0,0.08196365833282471,0
9143,0,0.02331714890897274,0
9144,1,0.9979947805404663,1
9145,0,0.3957678973674774,0
9146,0,0.0005719675682485104,0
9147,1,0.8378382921218872,1
9148,1,0.9999819993972778,1
9149,1,0.9980146884918213,1
9150,1,0.9999521970748901,1
9151,1,0.9062783718109131,1
9152,0,0.2881678640842438,0
9153,1,0.997704803943634,1
9154,1,0.9667807817459106,1
9155,0,8.232805157604162e-06,0
9156,1,0.9992738366127014,1
9157,1,0.15839777886867523,0
9158,0,0.0005566008621826768,0
9159,1,0.9998373985290527,1
9160,1,0.987040102481842,1
9161,0,0.9842278957366943,1
9162,1,0.9801969528198242,1
9163,1,0.9776002764701843,1
9164,0,0.0003448776842560619,0
9165,0,0.05990474298596382,0
9166,1,0.6059487462043762,1
9167,1,0.9955444931983948,1
9168,0,0.1413571983575821,0
9169,0,0.7400020956993103,1
9170,1,0.9999598264694214,1
9171,0,0.017194580286741257,0
9172,0,6.579860200872645e-05,0
9173,1,0.9664361476898193,1
9174,0,0.026074128225445747,0
9175,1,0.9923985600471497,1
9176,0,0.059707801789045334,0
9177,1,0.9527194499969482,1
9178,0,0.0005810398724861443,0
9179,1,0.9391952157020569,1
9180,0,0.003919949755072594,0
9181,0,0.011940124444663525,0
9182,1,0.9459596276283264,1
9183,1,0.9772350192070007,1
9184,0,0.3252198100090027,0
9185,0,0.005053352564573288,0
9186,0,0.007434767205268145,0
9187,1,0.9956318140029907,1
9188,1,0.9962769150733948,1
9189,0,0.0001659729314269498,0
9190,0,0.04291992262005806,0
9191,1,0.9884805679321289,1
9192,1,0.9978680610656738,1
9193,1,0.9995675683021545,1
9194,0,0.008410383947193623,0
9195,0,0.009898195043206215,0
9196,1,0.9990336894989014,1
9197,1,0.9986023306846619,1
9198,1,0.8966749906539917,1
9199,0,5.786563633591868e-05,0
9200,0,0.0002062695857603103,0
9201,1,0.9607512950897217,1
9202,1,0.9375868439674377,1
9203,0,0.025313928723335266,0
9204,0,0.006213888060301542,0
9205,0,5.752501238021068e-05,0
9206,1,0.9979416728019714,1
9207,1,0.9947537183761597,1
9208,0,0.0015683979727327824,0
9209,1,0.9970490336418152,1
9210,1,0.9919425249099731,1
9211,0,0.07400017231702805,0
9212,1,0.7958698272705078,1
9213,0,0.6344663500785828,1
9214,0,0.005326386541128159,0
9215,1,0.9997188448905945,1
9216,0,0.3436552584171295,0
9217,1,0.9999854564666748,1
9218,1,0.9992095232009888,1
9219,0,0.045437589287757874,0
9220,1,0.9998793601989746,1
9221,0,0.0007053585140965879,0
9222,1,0.9999674558639526,1
9223,1,0.9997639060020447,1
9224,0,0.010311833582818508,0
9225,0,0.0033789509907364845,0
9226,1,0.9972094893455505,1
9227,1,0.999990701675415,1
9228,0,8.311418059747666e-05,0
9229,1,0.8836753368377686,1
9230,0,0.00473442766815424,0
9231,0,0.23480114340782166,0
9232,1,0.9393835663795471,1
9233,1,0.9998906850814819,1
9234,1,0.9994863271713257,1
9235,1,0.9999738931655884,1
9236,0,0.0005833137547597289,0
9237,0,0.7071080803871155,1
9238,0,0.004841215442866087,0
9239,0,0.0018690492724999785,0
9240,1,0.9905422329902649,1
9241,0,0.003184771630913019,0
9242,1,0.5315491557121277,1
9243,0,0.14434686303138733,0
9244,1,0.9995043277740479,1
9245,0,0.10213036835193634,0
9246,0,0.0016614128835499287,0
9247,0,0.0009289144654758275,0
9248,0,0.03313060477375984,0
9249,1,0.998434841632843,1
9250,0,0.902071475982666,1
9251,0,0.03847862035036087,0
9252,0,0.004032962489873171,0
9253,1,0.9965254664421082,1
9254,0,0.0003225195105187595,0
9255,1,0.9872801899909973,1
9256,1,0.961678683757782,1
9257,0,0.0034533184953033924,0
9258,1,0.9981958270072937,1
9259,0,0.001922320807352662,0
9260,1,0.9999597072601318,1
9261,1,0.9766577482223511,1
9262,1,0.9989703893661499,1
9263,0,0.02602040208876133,0
9264,1,0.9890978336334229,1
9265,1,0.9998908042907715,1
9266,1,0.9134935736656189,1
9267,0,0.009284108877182007,0
9268,1,0.998047947883606,1
9269,0,0.0004957878263667226,0
9270,1,0.9752046465873718,1
9271,0,0.004273348022252321,0
9272,1,0.611221432685852,1
9273,1,0.9838470816612244,1
9274,0,0.01493606623262167,0
9275,0,0.04655315726995468,0
9276,0,0.007669905666261911,0
9277,1,0.9925200939178467,1
9278,0,0.0002201976312790066,0
9279,1,0.9956464171409607,1
9280,0,0.036365970969200134,0
9281,0,8.357060141861439e-05,0
9282,0,8.929942123359069e-05,0
9283,0,0.004925587680190802,0
9284,0,0.01767236366868019,0
9285,0,0.007640036754310131,0
9286,1,0.9959049820899963,1
9287,1,0.14671874046325684,0
9288,1,0.9998396635055542,1
9289,0,0.018248425796628,0
9290,1,0.8224144577980042,1
9291,0,0.025305870920419693,0
9292,1,0.9997835755348206,1
9293,1,0.23773346841335297,0
9294,1,0.8461428880691528,1
9295,0,0.0001027834732667543,0
9296,1,0.9676398038864136,1
9297,1,0.9998267292976379,1
9298,1,0.7262694835662842,1
9299,1,0.9957558512687683,1
9300,1,0.9798904657363892,1
9301,1,0.9988239407539368,1
9302,0,0.6907950639724731,1
9303,0,0.010063031688332558,0
9304,0,0.010015040636062622,0
9305,1,0.9018846750259399,1
9306,0,0.051407068967819214,0
9307,1,0.9969674944877625,1
9308,1,0.9998524188995361,1
9309,1,0.9339166283607483,1
9310,0,0.28066498041152954,0
9311,1,0.9998880624771118,1
9312,0,0.0006712164613418281,0
9313,1,0.8822749853134155,1
9314,1,0.9105742573738098,1
9315,0,0.12063539773225784,0
9316,0,0.08387891948223114,0
9317,1,0.9957311749458313,1
9318,0,0.00024993260740302503,0
9319,0,0.1404254287481308,0
9320,0,0.005976399872452021,0
9321,1,0.9945106506347656,1
9322,1,0.9891724586486816,1
9323,0,0.11908945441246033,0
9324,1,0.9867532253265381,1
9325,1,0.9999632835388184,1
9326,1,0.4143153429031372,0
9327,0,0.33565255999565125,0
9328,0,0.00013478787150233984,0
9329,0,0.00046889649820514023,0
9330,0,0.010737167671322823,0
9331,0,0.00046627147821709514,0
9332,0,0.47107717394828796,0
9333,1,0.994577169418335,1
9334,1,0.9992328882217407,1
9335,1,0.9998520612716675,1
9336,1,0.999943733215332,1
9337,0,0.00230843061581254,0
9338,0,0.04623837396502495,0
9339,0,0.2396465241909027,0
9340,0,0.000314897857606411,0
9341,1,0.9998331069946289,1
9342,0,0.9307488799095154,1
9343,0,0.026917001232504845,0
9344,0,0.0012994961580261588,0
9345,1,0.5114056468009949,1
9346,0,0.0028779390268027782,0
9347,1,0.9996449947357178,1
9348,1,0.9998224377632141,1
9349,0,0.0038083004765212536,0
9350,0,0.0006441136938519776,0
9351,0,0.01240572053939104,0
9352,0,0.00035119763924740255,0
9353,1,0.9993988275527954,1
9354,1,0.9998145699501038,1
9355,0,0.004581917077302933,0
9356,1,0.9999589920043945,1
9357,1,0.998184859752655,1
9358,1,0.9999408721923828,1
9359,1,0.23183581233024597,0
9360,1,0.9978834986686707,1
9361,1,0.9525196552276611,1
9362,0,0.017092060297727585,0
9363,1,0.9710803627967834,1
9364,0,0.15903456509113312,0
9365,1,0.9997081160545349,1
9366,0,6.681705417577177e-05,0
9367,0,0.0059363204054534435,0
9368,1,0.9995263814926147,1
9369,1,0.33434513211250305,0
9370,1,0.9936916828155518,1
9371,0,0.0010258660186082125,0
9372,1,0.9952724575996399,1
9373,0,0.001303039607591927,0
9374,1,0.9993281364440918,1
9375,1,0.14753884077072144,0
9376,1,0.9989307522773743,1
9377,0,0.014101589098572731,0
9378,0,0.05408446118235588,0
9379,0,0.4261988699436188,0
9380,0,4.5879045501351357e-05,0
9381,1,0.9951106905937195,1
9382,1,0.9990828037261963,1
9383,1,0.9999723434448242,1
9384,1,0.9910928606987,1
9385,1,0.24018849432468414,0
9386,0,0.046521611511707306,0
9387,1,0.9998459815979004,1
9388,0,0.018615955486893654,0
9389,0,0.02443626895546913,0
9390,0,0.00028524341178126633,0
9391,0,0.3051328957080841,0
9392,0,0.006213626358658075,0
9393,0,0.0009143662173300982,0
9394,0,0.07927298545837402,0
9395,1,0.9997656941413879,1
9396,1,0.09217377007007599,0
9397,1,0.9984509944915771,1
9398,1,0.9999657869338989,1
9399,0,9.242218220606446e-05,0
9400,0,0.0032969380263239145,0
9401,1,0.9993657469749451,1
9402,1,0.9999823570251465,1
9403,1,0.9722614884376526,1
9404,0,0.002852246630936861,0
9405,0,0.0027083249296993017,0
9406,1,0.984026312828064,1
9407,1,0.9998056292533875,1
9408,1,0.9981099367141724,1
9409,0,0.0021327375434339046,0
9410,1,0.9315294623374939,1
9411,0,0.00046317477244883776,0
9412,1,0.9927581548690796,1
9413,1,0.9999629259109497,1
9414,1,0.9999736547470093,1
9415,1,0.9998421669006348,1
9416,0,0.07663033902645111,0
9417,1,0.9970033764839172,1
9418,0,0.0016083798836916685,0
9419,0,0.0021911750081926584,0
9420,1,0.979306697845459,1
9421,1,0.9999488592147827,1
9422,0,0.044858407229185104,0
9423,0,0.0011774101294577122,0
9424,1,0.9089242219924927,1
9425,0,0.00162901496514678,0
9426,1,0.9346449971199036,1
9427,0,0.000143101773574017,0
9428,0,0.00012808071915060282,0
9429,0,0.10348541289567947,0
9430,1,0.9999501705169678,1
9431,1,0.9588053226470947,1
9432,0,0.02697518654167652,0
9433,0,0.17943789064884186,0
9434,0,0.004605401773005724,0
9435,1,0.5744617581367493,1
9436,0,0.2301618605852127,0
9437,1,0.5275416970252991,1
9438,0,0.004944810178130865,0
9439,0,1.0298505912942346e-05,0
9440,0,0.00040697772055864334,0
9441,1,0.9991070628166199,1
9442,1,0.9988011121749878,1
9443,1,0.0005939144757576287,0
9444,0,0.11656994372606277,0
9445,0,0.1702200174331665,0
9446,0,0.0007789431838318706,0
9447,1,0.9812718033790588,1
9448,0,0.011833873577415943,0
9449,1,0.9999698400497437,1
9450,1,0.31478646397590637,0
9451,1,0.9993189573287964,1
9452,1,0.9953652620315552,1
9453,1,0.9687631130218506,1
9454,1,0.7106954455375671,1
9455,1,0.8249150514602661,1
9456,1,0.9980410933494568,1
9457,1,0.9937629103660583,1
9458,0,0.10167998820543289,0
9459,1,0.9999179840087891,1
9460,1,0.9993232488632202,1
9461,0,0.018031824380159378,0
9462,0,0.0012886541662737727,0
9463,1,0.6230288743972778,1
9464,1,0.8259769678115845,1
9465,1,0.9990053772926331,1
9466,1,0.998306393623352,1
9467,1,0.9984684586524963,1
9468,0,0.00034975187736563385,0
9469,0,0.004850168712437153,0
9470,0,0.001620336202904582,0
9471,1,0.9877434968948364,1
9472,1,0.5570064187049866,1
9473,0,0.0048752096481621265,0
9474,0,8.486207661917433e-05,0
9475,0,0.010064390487968922,0
9476,0,0.004033498466014862,0
9477,0,0.2308725118637085,0
9478,0,0.2654748857021332,0
9479,0,0.008517933078110218,0
9480,1,0.9997301697731018,1
9481,0,0.008152874186635017,0
9482,0,0.00012242229422554374,0
9483,1,0.9983660578727722,1
9484,1,0.9999277591705322,1
9485,1,0.9907147884368896,1
9486,1,0.9671205282211304,1
9487,0,0.006090566981583834,0
9488,1,0.9967727065086365,1
9489,0,0.006368010304868221,0
9490,1,0.998828113079071,1
9491,0,0.00025679089594632387,0
9492,0,0.00569522101432085,0
9493,0,0.0079781049862504,0
9494,0,0.01334121823310852,0
9495,0,0.00667737377807498,0
9496,1,0.6375550627708435,1
9497,1,0.9964761137962341,1
9498,1,0.9999725818634033,1
9499,1,0.9938699007034302,1
9500,0,0.0069677503779530525,0
9501,0,0.005003117490559816,0
9502,0,0.008133617229759693,0
9503,0,0.0015978174051269889,0
9504,1,0.6080866456031799,1
9505,1,0.9997270703315735,1
9506,0,3.836025280179456e-05,0
9507,1,0.9998866319656372,1
9508,0,0.0004886015085503459,0
9509,1,0.9999821186065674,1
9510,0,0.10305625200271606,0
9511,1,0.6570432782173157,1
9512,0,0.0006737958174198866,0
9513,1,0.9981157779693604,1
9514,1,0.9997527003288269,1
9515,1,0.9999229907989502,1
9516,0,0.020552635192871094,0
9517,0,0.00015828944742679596,0
9518,1,0.9661319851875305,1
9519,0,0.008922828361392021,0
9520,1,0.9531004428863525,1
9521,0,0.033149342983961105,0
9522,0,0.02912055514752865,0
9523,0,0.0034395367838442326,0
9524,0,0.00018263929814565927,0
9525,0,0.00187539285980165,0
9526,1,0.9990715980529785,1
9527,1,0.9999552965164185,1
9528,1,0.995097815990448,1
9529,1,0.9997150301933289,1
9530,0,0.0014658839209005237,0
9531,1,0.9834786653518677,1
9532,1,0.9978020787239075,1
9533,1,0.7716618776321411,1
9534,1,0.9682316780090332,1
9535,0,0.0006476874696090817,0
9536,1,0.9990457892417908,1
9537,1,0.9989707469940186,1
9538,0,0.008755442686378956,0
9539,0,0.0004744963371194899,0
9540,1,0.9999492168426514,1
9541,1,0.9973710775375366,1
9542,1,0.845941424369812,1
9543,0,0.0005225609638728201,0
9544,0,0.0976875051856041,0
9545,1,0.0015572485281154513,0
9546,1,0.9998169541358948,1
9547,1,0.3047816753387451,0
9548,1,0.9933544397354126,1
9549,1,0.9911638498306274,1
9550,1,0.9984316229820251,1
9551,0,0.2739863395690918,0
9552,0,0.047733258455991745,0
9553,0,0.007697802968323231,0
9554,0,0.0007981733069755137,0
9555,1,0.9994750618934631,1
9556,0,0.01610831543803215,0
9557,1,0.9911262392997742,1
9558,0,0.00011647578503470868,0
9559,0,0.03432779014110565,0
9560,1,0.9984726309776306,1
9561,1,0.9992412328720093,1
9562,0,0.006602603942155838,0
9563,0,0.0006706812418997288,0
9564,1,0.9954689741134644,1
9565,0,0.00033260395866818726,0
9566,1,0.9996168613433838,1
9567,1,0.9989696741104126,1
9568,0,0.0030972356908023357,0
9569,1,0.001125467475503683,0
9570,0,0.003724119160324335,0
9571,0,0.16990123689174652,0
9572,1,0.9998897314071655,1
9573,1,0.9982713460922241,1
9574,1,0.9997032284736633,1
9575,1,0.9994487166404724,1
9576,0,0.0023467857390642166,0
9577,1,0.9985532164573669,1
9578,0,0.004850307013839483,0
9579,0,0.00030434795189648867,0
9580,1,0.9937888979911804,1
9581,0,0.3218766450881958,0
9582,1,0.9996201992034912,1
9583,1,0.9999815225601196,1
9584,1,0.9990547299385071,1
9585,0,0.14409473538398743,0
9586,0,0.3014373779296875,0
9587,1,0.9999808073043823,1
9588,0,7.15313435648568e-05,0
9589,0,1.7212323655257933e-05,0
9590,0,0.00021044316235929728,0
9591,1,0.24830655753612518,0
9592,0,0.0259159654378891,0
9593,0,0.0030696368776261806,0
9594,1,0.9999232292175293,1
9595,1,0.9973528385162354,1
9596,0,0.003574222791939974,0
9597,0,0.0005681720213033259,0
9598,0,0.0080868536606431,0
9599,0,0.003657988039776683,0
9600,1,0.9787580966949463,1
9601,1,0.9998329877853394,1
9602,1,0.13391658663749695,0
9603,0,0.020950671285390854,0
9604,1,0.9994064569473267,1
9605,1,0.999427080154419,1
9606,0,0.0008554338710382581,0
9607,1,0.9998161196708679,1
9608,0,0.00010408482194179669,0
9609,0,0.34961703419685364,0
9610,0,0.0009494898258708417,0
9611,0,0.0013829850358888507,0
9612,1,0.7833324074745178,1
9613,0,0.004738098010420799,0
9614,0,0.004530999343842268,0
9615,0,0.0008439737721346319,0
9616,0,0.0011250247480347753,0
9617,0,0.010923409834504128,0
9618,1,0.9991104006767273,1
9619,1,0.9625433683395386,1
9620,1,0.9998284578323364,1
9621,1,0.10079678148031235,0
9622,0,0.00022066987003199756,0
9623,1,0.9989745616912842,1
9624,1,0.9981430768966675,1
9625,1,0.9973891377449036,1
9626,0,0.019324883818626404,0
9627,1,0.9992570281028748,1
9628,0,0.8992528915405273,1
9629,0,0.0007486994145438075,0
9630,1,0.9998014569282532,1
9631,0,0.00017156678950414062,0
9632,1,0.9915997982025146,1
9633,1,0.9992567896842957,1
9634,0,0.00020483534899540246,0
9635,1,0.9997739195823669,1
9636,0,0.29450908303260803,0
9637,0,0.11402735859155655,0
9638,1,0.803510844707489,1
9639,1,0.9941680431365967,1
9640,1,0.9998977184295654,1
9641,1,0.018969053402543068,0
9642,1,0.9997879862785339,1
9643,1,0.9994474053382874,1
9644,1,0.9991632699966431,1
9645,0,0.0035127801820635796,0
9646,0,0.1389891505241394,0
9647,1,0.9989134073257446,1
9648,0,0.000214278232306242,0
9649,1,0.9997618794441223,1
9650,0,0.004805819131433964,0
9651,0,0.026484349742531776,0
9652,1,0.9996293783187866,1
9653,1,0.9901781678199768,1
9654,0,0.0053792535327374935,0
9655,0,0.005116386339068413,0
9656,0,0.008826100267469883,0
9657,0,0.06306566298007965,0
9658,1,0.9556071162223816,1
9659,1,0.9100053906440735,1
9660,1,0.9987210631370544,1
9661,0,0.0014175308169797063,0
9662,1,0.9972838163375854,1
9663,1,0.9966874718666077,1
9664,0,0.0003334417997393757,0
9665,1,0.9997768998146057,1
9666,1,0.9203249216079712,1
9667,0,0.0005911145708523691,0
9668,1,0.9994742274284363,1
9669,0,0.02882283553481102,0
9670,0,0.6633769869804382,1
9671,0,0.044247593730688095,0
9672,1,0.5813740491867065,1
9673,1,0.38427069783210754,0
9674,1,0.15480804443359375,0
9675,1,0.9849741458892822,1
9676,0,0.003360956674441695,0
9677,0,0.14517177641391754,0
9678,1,0.9999769926071167,1
9679,1,0.9977232813835144,1
9680,0,0.010746819898486137,0
9681,1,0.9986100196838379,1
9682,1,0.9996691942214966,1
9683,1,0.5498236417770386,1
9684,1,0.9995168447494507,1
9685,0,0.014653551392257214,0
9686,1,0.9999542236328125,1
9687,1,0.9834883809089661,1
9688,1,0.9998296499252319,1
9689,1,0.9972719550132751,1
9690,1,0.9981520771980286,1
9691,1,0.999969482421875,1
9692,1,0.9958333969116211,1
9693,0,0.01335237082093954,0
9694,1,0.9991822838783264,1
9695,0,0.35158154368400574,0
9696,1,0.9999452829360962,1
9697,1,0.999703586101532,1
9698,0,0.6357374787330627,1
9699,1,0.27623164653778076,0
9700,1,0.9887596368789673,1
9701,1,0.999603807926178,1
9702,0,0.010231721214950085,0
9703,1,0.8323813676834106,1
9704,0,0.0008469315944239497,0
9705,0,0.003111387137323618,0
9706,0,0.03999137878417969,0
9707,0,0.0017725214129313827,0
9708,0,0.0005386804114095867,0
9709,1,0.9983762502670288,1
9710,0,0.0004242404829710722,0
9711,1,0.999518632888794,1
9712,0,0.00523760449141264,0
9713,1,0.9961832165718079,1
9714,0,0.003464752109721303,0
9715,0,0.015873225405812263,0
9716,0,0.0006626901449635625,0
9717,1,0.8807427883148193,1
9718,0,0.0006745202117599547,0
9719,1,0.9990641474723816,1
9720,1,0.9974606037139893,1
9721,1,0.8265016078948975,1
9722,1,0.9984662532806396,1
9723,1,0.8509993553161621,1
9724,1,0.9999691247940063,1
9725,1,0.9999058246612549,1
9726,0,3.4876036806963384e-05,0
9727,0,0.0008525564335286617,0
9728,0,0.00020240079902578145,0
9729,0,0.0012766113504767418,0
9730,0,0.00022776970581617206,0
9731,1,0.9999206066131592,1
9732,0,0.004522665869444609,0
9733,1,0.030465947464108467,0
9734,1,0.9995823502540588,1
9735,1,0.9985843896865845,1
9736,1,0.9990363121032715,1
9737,0,0.03279176726937294,0
9738,1,0.9988725781440735,1
9739,1,0.9996827840805054,1
9740,1,0.9974550604820251,1
9741,1,0.6848354935646057,1
9742,0,0.00016073943697847426,0
9743,0,0.030295297503471375,0
9744,1,0.9802212715148926,1
9745,1,0.9999045133590698,1
9746,0,0.829863429069519,1
9747,1,0.9999268054962158,1
9748,1,0.9620057940483093,1
9749,1,0.9999641180038452,1
9750,0,0.03909957781434059,0
9751,0,0.00010377540456829593,0
9752,1,0.9999850988388062,1
9753,1,0.7410169839859009,1
9754,0,0.00030852598138153553,0
9755,0,9.318581578554586e-05,0
9756,1,0.999967098236084,1
9757,1,0.7669973373413086,1
9758,0,0.026117943227291107,0
9759,0,0.17525272071361542,0
9760,1,0.9329598546028137,1
9761,0,0.3604719936847687,0
9762,1,0.9702356457710266,1
9763,1,0.9982547163963318,1
9764,0,0.10157353430986404,0
9765,1,0.9802180528640747,1
9766,1,0.9925530552864075,1
9767,0,0.0011795216705650091,0
9768,1,0.9436798691749573,1
9769,0,0.036462243646383286,0
9770,1,0.999872088432312,1
9771,1,0.2981889843940735,0
9772,0,0.004109433852136135,0
9773,0,0.0007632867782376707,0
9774,1,0.6894330382347107,1
9775,1,0.9998935461044312,1
9776,1,0.9996674060821533,1
9777,1,0.9997105002403259,1
9778,1,0.9999589920043945,1
9779,0,0.003120308043435216,0
9780,1,0.8891968131065369,1
9781,1,0.9236412048339844,1
9782,0,0.0007200117688626051,0
9783,0,0.022281551733613014,0
9784,0,0.004127739928662777,0
9785,0,8.153860835591331e-05,0
9786,0,1.0961462066916283e-05,0
9787,1,0.9896079897880554,1
9788,1,0.9995007514953613,1
9789,1,0.27629372477531433,0
9790,1,0.99617600440979,1
9791,1,0.0761958509683609,0
9792,1,0.9999531507492065,1
9793,0,0.0031481366604566574,0
9794,1,0.9996240139007568,1
9795,0,0.5348713397979736,1
9796,1,0.9999798536300659,1
9797,0,0.8652166128158569,1
9798,0,0.0007714828825555742,0
9799,0,0.0005201036692596972,0
9800,1,0.9731948971748352,1
9801,1,0.9999845027923584,1
9802,1,0.1362723857164383,0
9803,0,0.0054968236945569515,0
9804,0,0.005781808402389288,0
9805,0,0.0535757839679718,0
9806,0,0.002250286750495434,0
9807,1,0.9755374789237976,1
9808,0,0.007547762710601091,0
9809,1,0.9993315935134888,1
9810,0,0.0006657920894213021,0
9811,0,0.012757878750562668,0
9812,0,0.007252439856529236,0
9813,1,0.990317702293396,1
9814,1,0.9972752928733826,1
9815,1,0.999243974685669,1
9816,0,0.001790669746696949,0
9817,1,0.9996125102043152,1
9818,1,0.9996180534362793,1
9819,0,0.0747159793972969,0
9820,0,0.006125570274889469,0
9821,0,0.0013688122853636742,0
9822,1,0.9345877170562744,1
9823,0,0.0038785620126873255,0
9824,1,0.9970090985298157,1
9825,0,0.00019605137640610337,0
9826,1,0.8123571872711182,1
9827,1,0.9991463422775269,1
9828,1,0.999782145023346,1
9829,0,0.007417305838316679,0
9830,0,0.06268125027418137,0
9831,1,0.8392603993415833,1
9832,1,0.9999189376831055,1
9833,0,0.0003986428491771221,0
9834,0,0.4465187191963196,0
9835,1,0.9790959358215332,1
9836,0,0.0003868426429107785,0
9837,1,0.4763069748878479,0
9838,1,0.9996802806854248,1
9839,0,0.00011086851736763492,0
9840,1,0.9983001351356506,1
9841,1,0.7314945459365845,1
9842,0,0.0233054980635643,0
9843,1,0.9319966435432434,1
9844,1,0.9986944794654846,1
9845,0,0.04283900558948517,0
9846,1,0.999925971031189,1
9847,0,0.4218272268772125,0
9848,0,0.0002837602514773607,0
9849,1,0.5737059712409973,1
9850,0,0.042526230216026306,0
9851,1,0.999902606010437,1
9852,0,0.0010471739806234837,0
9853,0,0.008995476178824902,0
9854,0,0.0002561380388215184,0
9855,0,0.35779717564582825,0
9856,1,0.9998518228530884,1
9857,0,0.00014659726002719253,0
9858,1,0.16748206317424774,0
9859,0,0.007953212596476078,0
9860,0,0.01862022466957569,0
9861,1,0.9987170696258545,1
9862,1,0.2430105060338974,0
9863,1,0.970814049243927,1
9864,0,0.0001953468017745763,0
9865,1,0.8157380819320679,1
9866,0,0.007178200408816338,0
9867,1,0.8487552404403687,1
9868,1,0.9997901320457458,1
9869,0,0.2241751253604889,0
9870,0,0.00238242419436574,0
9871,1,0.9978400468826294,1
9872,0,0.0038527019787579775,0
9873,1,0.9965370893478394,1
9874,0,0.001129994518123567,0
9875,1,0.9876234531402588,1
9876,1,0.9825302958488464,1
9877,1,0.9984369874000549,1
9878,0,0.34698131680488586,0
9879,0,0.010263307020068169,0
9880,0,0.9581847786903381,1
9881,1,0.967631995677948,1
9882,1,0.9998605251312256,1
9883,0,0.01655792072415352,0
9884,1,0.9985952973365784,1
9885,0,0.000419835327193141,0
9886,0,0.0008632676326669753,0
9887,0,0.0003575951268430799,0
9888,1,0.8604166507720947,1
9889,0,9.622933430364355e-05,0
9890,1,0.997478187084198,1
9891,0,0.10651961714029312,0
9892,0,0.0016460134647786617,0
9893,1,0.9997449517250061,1
9894,0,4.2367842979729176e-05,0
9895,1,0.2280195653438568,0
9896,1,0.9921517372131348,1
9897,0,0.024203645065426826,0
9898,0,0.0019342565210536122,0
9899,1,0.9583321213722229,1
9900,1,0.9567340612411499,1
9901,0,0.0028985219541937113,0
9902,1,0.9999340772628784,1
9903,0,0.007014110218733549,0
9904,0,0.0009989142417907715,0
9905,1,0.9997259974479675,1
9906,1,0.9820334315299988,1
9907,1,0.5769049525260925,1
9908,1,0.9971045851707458,1
9909,0,0.018389036878943443,0
9910,1,0.9992724061012268,1
9911,0,0.32729488611221313,0
9912,0,0.9851663708686829,1
9913,0,0.6542324423789978,1
9914,0,0.760779619216919,1
9915,0,0.0006915444973856211,0
9916,1,0.999847412109375,1
9917,0,0.03833988681435585,0
9918,1,0.9825022220611572,1
9919,1,0.9989864230155945,1
9920,1,0.987351655960083,1
9921,1,0.9995515942573547,1
9922,1,0.9995786547660828,1
9923,0,0.00017718537128530443,0
9924,1,0.9810857772827148,1
9925,1,0.7740821838378906,1
9926,1,0.9996702671051025,1
9927,0,0.004327553324401379,0
9928,0,0.014731360599398613,0
9929,1,0.9982001781463623,1
9930,1,0.9999531507492065,1
9931,1,0.9987803101539612,1
9932,1,0.9608780741691589,1
9933,1,0.9928116202354431,1
9934,1,0.9998689889907837,1
9935,0,0.022449318319559097,0
9936,1,0.17744788527488708,0
9937,0,0.0013781243469566107,0
9938,1,0.998421311378479,1
9939,0,0.00020492463954724371,0
9940,1,0.9364858865737915,1
9941,0,0.0006588823162019253,0
9942,0,0.0010792597895488143,0
9943,1,0.4564635753631592,0
9944,0,0.0006534321582876146,0
9945,1,0.9086447358131409,1
9946,0,0.00012996488658245653,0
9947,0,0.002999928779900074,0
9948,0,0.062066249549388885,0
9949,0,0.3160846531391144,0
9950,1,0.997163712978363,1
9951,0,0.0439174547791481,0
9952,0,0.014233706519007683,0
9953,1,0.9996395111083984,1
9954,1,0.9998301267623901,1
9955,0,0.0017109316540881991,0
9956,0,0.013138281181454659,0
9957,0,0.00013949605636298656,0
9958,0,0.0014456275384873152,0
9959,0,0.9911904335021973,1
9960,0,0.001568224048241973,0
9961,0,0.028622470796108246,0
9962,1,0.24162769317626953,0
9963,0,4.648605681722984e-05,0
9964,0,0.0009074386325664818,0
9965,1,0.037771377712488174,0
9966,0,0.0038300740998238325,0
9967,0,0.008250970393419266,0
9968,1,0.01831389218568802,0
9969,0,0.12754260003566742,0
9970,1,0.9998884201049805,1
9971,0,0.004274833481758833,0
9972,0,0.10289360582828522,0
9973,1,0.9989237189292908,1
9974,0,0.0003199719649273902,0
9975,0,0.02779785729944706,0
9976,0,0.016278941184282303,0
9977,0,0.06961224228143692,0
9978,0,0.000436428003013134,0
9979,0,0.0018911284860223532,0
9980,0,0.015482540242373943,0
9981,0,0.037200264632701874,0
9982,0,0.0006941000465303659,0
9983,0,0.04080458730459213,0
9984,1,0.9278554916381836,1
9985,0,0.4099244177341461,0
9986,0,0.010201940312981606,0
9987,0,0.0818876400589943,0
9988,0,0.0017130081541836262,0
9989,1,0.9906963109970093,1
9990,0,0.013087059371173382,0
9991,0,0.9771454334259033,1
9992,1,0.8991075754165649,1
9993,0,3.0256438549258746e-05,0
9994,0,0.08336988836526871,0
9995,0,0.0005962035502307117,0
9996,1,0.997965931892395,1
9997,1,0.9936508536338806,1
9998,1,0.9871980547904968,1
9999,0,0.14691811800003052,0
10000,1,0.9954339861869812,1
10001,0,0.0001321503077633679,0
10002,0,0.4534075856208801,0
10003,1,0.99480140209198,1
10004,0,0.0001764780463417992,0
10005,0,0.11592984944581985,0
10006,0,0.10306815057992935,0
10007,0,0.023471353575587273,0
10008,1,0.914122998714447,1
10009,0,0.0007200906984508038,0
10010,0,0.0009735822095535696,0
10011,1,0.9994432330131531,1
10012,1,0.999839186668396,1
10013,1,0.9995095729827881,1
10014,0,0.00045262122876010835,0
10015,0,0.07198777049779892,0
10016,0,0.02994452975690365,0
10017,1,0.9995028972625732,1
10018,1,0.7309206128120422,1
10019,0,0.11570057272911072,0
10020,1,0.805169939994812,1
10021,0,0.0001495081523898989,0
10022,1,0.9985790252685547,1
10023,1,0.9998786449432373,1
10024,0,0.0006771525368094444,0
10025,1,0.7912170886993408,1
10026,0,0.0013078780611976981,0
10027,0,0.01107839122414589,0
10028,1,0.014731124974787235,0
10029,0,0.0002554183593019843,0
10030,1,0.9987744688987732,1
10031,1,0.9998996257781982,1
10032,0,0.21328850090503693,0
10033,0,0.006098550744354725,0
10034,1,0.9976904392242432,1
10035,0,7.586611900478601e-05,0
10036,1,0.42333003878593445,0
10037,1,0.9827102422714233,1
10038,0,8.571326907258481e-05,0
10039,0,0.021632907912135124,0
10040,0,0.0165916308760643,0
10041,1,0.9952367544174194,1
10042,0,0.0006808050675317645,0
10043,0,0.008905707858502865,0
10044,0,0.0006865985924378037,0
10045,0,0.0006961154867894948,0
10046,0,0.40092575550079346,0
10047,1,0.9786609411239624,1
10048,0,0.28496062755584717,0
10049,0,0.7749108672142029,1
10050,1,0.9979344606399536,1
10051,1,0.9993333220481873,1
10052,1,0.9921218156814575,1
10053,1,0.9969248175621033,1
10054,0,6.18849735474214e-05,0
10055,1,0.9984013438224792,1
10056,0,0.021636540070176125,0
10057,1,0.9342306852340698,1
10058,0,0.0034062217455357313,0
10059,1,0.9425261616706848,1
10060,1,0.8843927979469299,1
10061,0,0.009765963070094585,0
10062,1,0.9992886781692505,1
10063,0,0.0019306541653349996,0
10064,0,0.049243807792663574,0
10065,0,0.0021747478749603033,0
10066,0,0.08822627365589142,0
10067,0,0.2908894419670105,0
10068,1,0.9928251504898071,1
10069,1,0.14039967954158783,0
10070,1,0.9998118281364441,1
10071,1,0.9824299812316895,1
10072,0,0.02317107282578945,0
10073,0,0.5508478283882141,1
10074,0,0.0062314425595104694,0
10075,1,0.9983488321304321,1
10076,1,0.9786888957023621,1
10077,0,0.13504181802272797,0
10078,0,0.6922870874404907,1
10079,1,0.06342757493257523,0
10080,0,0.010271001607179642,0
10081,1,0.9999579191207886,1
10082,1,0.9962385892868042,1
10083,1,0.821405291557312,1
10084,1,0.9824265241622925,1
10085,1,0.9958635568618774,1
10086,1,0.9918076395988464,1
10087,1,0.9653971195220947,1
10088,1,0.02757934108376503,0
10089,0,0.004170943051576614,0
10090,0,0.4971441626548767,0
10091,1,0.9998296499252319,1
10092,0,0.0422457680106163,0
10093,0,0.0025597724597901106,0
10094,0,0.5797635316848755,1
10095,0,0.009449540637433529,0
10096,0,0.12437613308429718,0
10097,0,0.16609151661396027,0
10098,1,0.9948996901512146,1
10099,1,0.9986929297447205,1
10100,1,0.9679940938949585,1
10101,0,0.05916900187730789,0
10102,0,0.0009367213351652026,0
10103,1,0.9739295244216919,1
10104,0,0.01693894900381565,0
10105,0,0.01504172571003437,0
10106,1,0.9999221563339233,1
10107,0,8.191143570002168e-05,0
10108,1,0.9995042085647583,1
10109,1,0.6100910902023315,1
10110,0,0.0002184765035053715,0
10111,1,0.9971889853477478,1
10112,0,0.00020163878798484802,0
10113,1,0.9997329115867615,1
10114,0,0.0001692562218522653,0
10115,1,0.8366508483886719,1
10116,0,0.3539111316204071,0
10117,0,0.032760996371507645,0
10118,1,0.9965000152587891,1
10119,0,0.008545498363673687,0
10120,1,0.9999330043792725,1
10121,0,0.002294638892635703,0
10122,1,0.9976060390472412,1
10123,1,0.9948663711547852,1
10124,1,0.5464529395103455,1
10125,0,0.7074980735778809,1
10126,1,0.9992862343788147,1
10127,1,0.13981592655181885,0
10128,1,0.740719735622406,1
10129,1,0.9993415474891663,1
10130,1,0.9689459800720215,1
10131,0,0.38290712237358093,0
10132,0,0.0005489768809638917,0
10133,1,0.9984763264656067,1
10134,0,0.0008691342663951218,0
10135,1,0.999263346195221,1
10136,0,0.0038142960984259844,0
10137,0,0.001020875759422779,0
10138,1,0.9999793767929077,1
10139,0,0.0020166286267340183,0
10140,0,0.10020611435174942,0
10141,1,0.9760333299636841,1
10142,0,0.0002506678574718535,0
10143,0,0.00044606951996684074,0
10144,0,0.013808384537696838,0
10145,1,0.9987649917602539,1
10146,0,0.006840103305876255,0
10147,0,0.0016577549977228045,0
10148,1,0.9977216124534607,1
10149,0,0.0007164457347244024,0
10150,1,0.9995710253715515,1
10151,1,0.9870803952217102,1
10152,0,0.7064776420593262,1
10153,0,0.006094993557780981,0
10154,0,0.027662426233291626,0
10155,0,0.06848794966936111,0
10156,1,0.24135556817054749,0
10157,0,0.01555234007537365,0
10158,1,0.9998537302017212,1
10159,1,0.9996414184570312,1
10160,1,0.9997804760932922,1
10161,0,0.00048446678556501865,0
10162,1,0.9999276399612427,1
10163,1,0.9876624345779419,1
10164,1,0.9667118191719055,1
10165,0,0.0013799458974972367,0
10166,1,0.9995613694190979,1
10167,0,0.011595585383474827,0
10168,1,0.9995224475860596,1
10169,1,0.9997575879096985,1
10170,1,0.9655910730361938,1
10171,1,0.9999390840530396,1
10172,0,0.0101086450740695,0
10173,1,0.9924197793006897,1
10174,1,0.9902931451797485,1
10175,0,0.08888135850429535,0
10176,1,0.9546108245849609,1
10177,0,0.002441438613459468,0
10178,0,0.0004377863369882107,0
10179,0,0.024598896503448486,0
10180,1,0.008046116679906845,0
10181,1,0.932122528553009,1
10182,0,0.0010490493150427938,0
10183,1,0.999721109867096,1
10184,1,0.9992102384567261,1
10185,0,0.016083545982837677,0
10186,1,0.9827786087989807,1
10187,1,0.9922112226486206,1
10188,1,0.9998668432235718,1
10189,0,0.006434561684727669,0
10190,1,0.999612033367157,1
10191,0,0.018014227971434593,0
10192,0,0.00019731835345737636,0
10193,1,0.6069151759147644,1
10194,0,0.016289498656988144,0
10195,1,0.8897324204444885,1
10196,1,0.9999643564224243,1
10197,0,0.0008354735327884555,0
10198,0,0.0003850155626423657,0
10199,1,0.9997944235801697,1
10200,1,0.9997512698173523,1
10201,0,0.024332918226718903,0
10202,0,0.001542912214063108,0
10203,0,0.002177319722250104,0
10204,1,0.47738584876060486,0
10205,1,0.9998956918716431,1
10206,0,0.0019575320184230804,0
10207,1,0.6345588564872742,1
10208,0,0.0032810098491609097,0
10209,0,0.0097460076212883,0
10210,1,0.9969250559806824,1
10211,1,0.9976341724395752,1
10212,0,0.0004700742138084024,0
10213,1,0.9992497563362122,1
10214,0,0.01964104361832142,0
10215,1,0.9999645948410034,1
10216,1,0.7643598914146423,1
10217,0,0.03622167184948921,0
10218,0,0.0014110241318121552,0
10219,0,0.00013359659351408482,0
10220,0,0.006293279584497213,0
10221,0,0.008507954888045788,0
10222,0,0.32706427574157715,0
10223,0,0.005362135823816061,0
10224,0,0.11259100586175919,0
10225,0,0.005610629450529814,0
10226,1,0.9992865920066833,1
10227,1,0.9998127818107605,1
10228,0,0.0031421338208019733,0
10229,0,0.6871148943901062,1
10230,1,0.9906144142150879,1
10231,1,0.9984403252601624,1
10232,0,0.00015025775064714253,0
10233,0,0.006591766141355038,0
10234,1,0.9523124694824219,1
10235,0,0.004248593468219042,0
10236,1,0.4790653586387634,0
10237,0,0.0007372384425252676,0
10238,1,0.7325090169906616,1
10239,1,0.9993035793304443,1
10240,1,0.9586207270622253,1
10241,1,0.9934238195419312,1
10242,0,0.004425286781042814,0
10243,0,0.046375151723623276,0
10244,1,0.9995672106742859,1
10245,0,0.043972913175821304,0
10246,1,0.997007429599762,1
10247,0,0.2913953363895416,0
10248,0,0.0014729894464835525,0
10249,1,0.9999129772186279,1
10250,1,0.8575016260147095,1
10251,0,0.009171814657747746,0
10252,0,0.0362459234893322,0
10253,0,0.043938636779785156,0
10254,0,0.4397958517074585,0
10255,0,4.670854832511395e-05,0
10256,0,0.14869467914104462,0
10257,1,0.9999490976333618,1
10258,0,0.3263780474662781,0
10259,1,0.9990981817245483,1
10260,0,0.003889345098286867,0
10261,0,0.0015493857208639383,0
10262,0,0.004955579526722431,0
10263,0,0.005722321569919586,0
10264,1,0.9980223178863525,1
10265,0,0.004877402447164059,0
10266,1,0.9979838132858276,1
10267,1,0.9994875192642212,1
10268,0,0.0032631768845021725,0
10269,0,0.021204624325037003,0
10270,1,0.9990217685699463,1
10271,0,0.0002671214169822633,0
10272,1,0.9986141920089722,1
10273,1,0.9838718175888062,1
10274,0,0.011198884807527065,0
10275,1,0.9842074513435364,1
10276,1,0.9971376657485962,1
10277,0,0.0005056397058069706,0
10278,0,3.303218909422867e-05,0
10279,0,0.043203119188547134,0
10280,0,0.002503806259483099,0
10281,1,0.44353291392326355,0
10282,0,0.08164505660533905,0
10283,0,0.05517071858048439,0
10284,1,0.8782162070274353,1
10285,0,0.00022913019347470254,0
10286,0,0.002068695379421115,0
10287,0,0.33035799860954285,0
10288,0,0.020750001072883606,0
10289,1,0.9947723746299744,1
10290,0,0.0003185882233083248,0
10291,1,0.36470451951026917,0
10292,0,0.0018914289539679885,0
10293,1,0.9974058270454407,1
10294,0,0.16172152757644653,0
10295,0,0.00010034206206910312,0
10296,1,0.9991965889930725,1
10297,0,0.0016533612506464124,0
10298,1,0.9999728202819824,1
10299,1,0.9827547669410706,1
10300,0,0.0017775149317458272,0
10301,1,0.9988718628883362,1
10302,1,0.9850497841835022,1
10303,0,0.004467605613172054,0
10304,0,0.1671052873134613,0
10305,0,0.0007634494686499238,0
10306,0,8.937226084526628e-05,0
10307,1,0.9844433069229126,1
10308,1,0.9175927042961121,1
10309,1,0.9770199060440063,1
10310,1,0.9999823570251465,1
10311,0,0.00031593619496561587,0
10312,0,0.0006116734002716839,0
10313,0,0.00034259818494319916,0
10314,0,0.9916567802429199,1
10315,0,0.0007669568294659257,0
10316,0,0.5363186597824097,1
10317,1,0.9991840720176697,1
10318,1,0.4531201422214508,0
10319,0,0.004801307804882526,0
10320,1,0.9994438290596008,1
10321,0,0.0003238567151129246,0
10322,0,0.0005028212908655405,0
10323,0,0.050164345651865005,0
10324,1,0.9996286630630493,1
10325,1,0.9994688630104065,1
10326,0,0.00043363170698285103,0
10327,0,0.011632708832621574,0
10328,1,0.9243634939193726,1
10329,1,0.6238374710083008,1
10330,1,0.9998041987419128,1
10331,1,0.9975583553314209,1
10332,0,0.00023869505093898624,0
10333,0,0.00032813314464874566,0
10334,0,0.0025086435489356518,0
10335,0,0.0008170281071215868,0
10336,0,0.001948725082911551,0
10337,1,0.36617109179496765,0
10338,1,0.9999488592147827,1
10339,1,0.9999053478240967,1
10340,1,0.9999338388442993,1
10341,1,0.9988310933113098,1
10342,1,0.45817235112190247,0
10343,0,4.148835068917833e-05,0
10344,1,0.9823960065841675,1
10345,0,0.0004852985148318112,0
10346,1,0.4242289364337921,0
10347,0,0.0006975994911044836,0
10348,0,0.00013903024955652654,0
10349,1,0.9992436170578003,1
10350,0,0.14245112240314484,0
10351,0,0.020569832995533943,0
10352,1,0.9988991022109985,1
10353,0,0.21938379108905792,0
10354,1,0.9995589852333069,1
10355,0,0.36661964654922485,0
10356,0,0.0007778980652801692,0
10357,0,0.00017537495295982808,0
10358,0,0.000997633207589388,0
10359,1,0.9929190278053284,1
10360,0,0.0004558066138997674,0
10361,1,0.9319037199020386,1
10362,1,0.999229907989502,1
10363,1,0.9875684380531311,1
10364,1,0.9993268251419067,1
10365,1,0.9997935891151428,1
10366,1,0.9981862902641296,1
10367,0,0.0017494363710284233,0
10368,0,0.06478741765022278,0
10369,1,0.9854006171226501,1
10370,1,0.9907203912734985,1
10371,1,0.1569400131702423,0
10372,0,0.05744904652237892,0
10373,1,0.12648995220661163,0
10374,0,0.0006500190356746316,0
10375,0,0.0005229329108260572,0
10376,0,0.43618080019950867,0
10377,0,0.0002194845292251557,0
10378,0,0.0018411680357530713,0
10379,0,0.02297891117632389,0
10380,1,0.9993700385093689,1
10381,1,0.999894380569458,1
10382,1,0.9994922876358032,1
10383,0,0.06832063943147659,0
10384,0,0.5341050624847412,1
10385,1,0.5759612917900085,1
10386,1,0.9659281969070435,1
10387,0,0.5261259078979492,1
10388,0,0.0053763859905302525,0
10389,1,0.9947011470794678,1
10390,0,0.0007740691653452814,0
10391,0,0.001390479737892747,0
10392,1,0.9514995217323303,1
10393,0,0.0006394759984686971,0
10394,1,0.9963094592094421,1
10395,0,0.0014141821302473545,0
10396,1,0.999748170375824,1
10397,0,0.0002165805926779285,0
10398,1,0.9974098801612854,1
10399,1,0.03520434722304344,0
10400,1,0.999460756778717,1
10401,0,0.0001798540324671194,0
10402,1,0.01235092431306839,0
10403,1,0.9998779296875,1
10404,0,6.126029620645568e-05,0
10405,0,0.0022813754621893167,0
10406,0,0.024383453652262688,0
10407,1,0.9328351616859436,1
10408,1,0.9121054410934448,1
10409,0,0.008829079568386078,0
10410,0,0.0176507867872715,0
10411,0,0.9825170636177063,1
10412,1,0.9999648332595825,1
10413,1,0.9152848124504089,1
10414,0,0.0010333334794268012,0
10415,0,0.23028048872947693,0
10416,1,0.3748764097690582,0
10417,1,0.9627103209495544,1
10418,1,0.9999226331710815,1
10419,1,0.9971740245819092,1
10420,1,0.9820157289505005,1
10421,0,0.0016764170723035932,0
10422,1,0.8327018022537231,1
10423,1,0.996813952922821,1
10424,1,0.9873468279838562,1
10425,1,0.9672927856445312,1
10426,1,0.9995379447937012,1
10427,0,0.00025054096477106214,0
10428,0,0.00022923860524315387,0
10429,0,0.025528090074658394,0
10430,1,0.07966072112321854,0
10431,0,0.0016128616407513618,0
10432,1,0.9743368625640869,1
10433,0,0.005110105965286493,0
10434,1,0.8196447491645813,1
10435,0,0.0014587165787816048,0
10436,0,8.374330354854465e-05,0
10437,1,0.9910293817520142,1
10438,1,0.999727189540863,1
10439,1,0.9043548107147217,1
10440,1,0.7338427901268005,1
10441,0,0.6707348823547363,1
10442,1,0.9559255242347717,1
10443,0,0.07143111526966095,0
10444,0,0.7668939232826233,1
10445,1,0.9999693632125854,1
10446,1,0.9997970461845398,1
10447,1,0.9770950078964233,1
10448,1,0.9344416856765747,1
10449,0,0.008308439515531063,0
10450,0,0.0005635028937831521,0
10451,1,0.999805748462677,1
10452,0,0.002261883346363902,0
10453,0,0.017346037551760674,0
10454,0,0.004531373269855976,0
10455,1,0.9991841912269592,1
10456,0,5.483046697918326e-05,0
10457,1,0.9996905326843262,1
10458,1,0.3922530710697174,0
10459,0,0.04969407990574837,0
10460,1,0.9442383646965027,1
10461,1,0.9938793182373047,1
10462,1,0.9783244729042053,1
10463,0,0.006065810099244118,0
10464,1,0.9875147342681885,1
10465,0,0.019651561975479126,0
10466,1,0.9985529780387878,1
10467,0,0.012155658565461636,0
10468,1,0.9997928738594055,1
10469,0,0.24714763462543488,0
10470,0,0.0007278162520378828,0
10471,1,0.9974082112312317,1
10472,1,0.9998039603233337,1
10473,0,0.0010180837707594037,0
10474,1,0.999862790107727,1
10475,0,0.9488081336021423,1
10476,1,0.9802440404891968,1
10477,1,0.9998155236244202,1
10478,1,0.9998732805252075,1
10479,0,0.870559811592102,1
10480,1,0.16477935016155243,0
10481,1,0.9992440938949585,1
10482,0,0.6678705811500549,1
10483,0,0.01383705623447895,0
10484,0,0.00028303448925726116,0
10485,0,0.00011637076386250556,0
10486,0,0.005504774395376444,0
10487,0,0.0019324327586218715,0
10488,1,0.999797523021698,1
10489,1,0.9347686171531677,1
10490,0,0.00031026601209305227,0
10491,1,0.999908447265625,1
10492,0,0.0025132140144705772,0
10493,0,0.0018185315420851111,0
10494,0,0.00034906103974208236,0
10495,1,0.9863704442977905,1
10496,1,0.9964368343353271,1
10497,1,0.6460457444190979,1
10498,0,0.016758142039179802,0
10499,1,0.9116005897521973,1
10500,0,0.0061603388749063015,0
10501,0,0.0008125106105580926,0
10502,0,0.0017604343593120575,0
10503,1,0.982163667678833,1
10504,1,0.9711425304412842,1
10505,1,0.9992235898971558,1
10506,0,0.23327535390853882,0
10507,0,0.002092084614560008,0
10508,1,0.9990702271461487,1
10509,1,0.9997250437736511,1
10510,0,0.00011755040031857789,0
10511,0,0.03266303613781929,0
10512,0,0.021966148167848587,0
10513,0,0.0019839562010020018,0
10514,0,0.1672126203775406,0
10515,1,0.9979384541511536,1
10516,1,0.9645448327064514,1
10517,0,0.057822927832603455,0
10518,0,0.0003210962750017643,0
10519,1,0.9997430443763733,1
10520,0,0.001999181928113103,0
10521,0,0.04120301827788353,0
10522,0,0.09321410953998566,0
10523,0,0.005923508666455746,0
10524,0,0.0006549156387336552,0
10525,0,0.003027063561603427,0
10526,1,0.9835129380226135,1
10527,0,0.0007853579008951783,0
10528,0,0.0017074609640985727,0
10529,0,0.06757573783397675,0
10530,1,0.9996514320373535,1
10531,1,0.999110758304596,1
10532,0,0.014005226083099842,0
10533,1,0.9999830722808838,1
10534,0,0.0003458565624896437,0
10535,0,0.0010377116268500686,0
10536,0,0.0008692443952895701,0
10537,1,0.9937870502471924,1
10538,0,0.7235878705978394,1
10539,0,0.006492965389043093,0
10540,1,0.9990506768226624,1
10541,1,0.5817743539810181,1
10542,0,0.05739615112543106,0
10543,0,0.0005872370093129575,0
10544,0,0.0001332280517090112,0
10545,0,0.0004849429242312908,0
10546,1,0.9502550959587097,1
10547,0,0.0015950743108987808,0
10548,1,0.8053267002105713,1
10549,1,0.9992039799690247,1
10550,0,0.0026878193020820618,0
10551,0,0.0005328627885319293,0
10552,1,0.9533479809761047,1
10553,0,0.014153937809169292,0
10554,1,0.9892687201499939,1
10555,0,1.5414760127896443e-05,0
10556,1,0.9704990983009338,1
10557,1,0.9954512715339661,1
10558,0,0.005210156086832285,0
10559,0,8.341049397131428e-05,0
10560,1,0.9995361566543579,1
10561,1,0.9994454979896545,1
10562,1,0.9983238577842712,1
10563,0,0.0018250044668093324,0
10564,0,0.0006050002411939204,0
10565,0,0.00012716326455119997,0
10566,1,0.9986470341682434,1
10567,1,0.8814025521278381,1
10568,1,0.9999707937240601,1
10569,1,0.999836802482605,1
10570,0,0.0009175490704365075,0
10571,1,0.9997276663780212,1
10572,0,0.011060257442295551,0
10573,1,0.9519006013870239,1
10574,1,0.9999537467956543,1
10575,0,0.0074277957901358604,0
10576,0,0.0011240285821259022,0
10577,0,0.0004142738471273333,0
10578,0,0.8617062568664551,1
10579,1,0.998746395111084,1
10580,1,0.9975271821022034,1
10581,1,0.9999316930770874,1
10582,1,0.9996742010116577,1
10583,0,0.01122270803898573,0
10584,1,0.998817503452301,1
10585,0,0.025649359449744225,0
10586,0,0.00020400231005623937,0
10587,1,0.9999322891235352,1
10588,1,0.9995183944702148,1
10589,0,0.006012503057718277,0
10590,1,0.2300046682357788,0
10591,1,0.9999376535415649,1
10592,1,0.9961089491844177,1
10593,1,0.951945424079895,1
10594,1,0.9948994517326355,1
10595,1,0.9985617995262146,1
10596,0,3.892212771461345e-05,0
10597,0,0.0005402195383794606,0
10598,0,0.0002665558713488281,0
10599,0,0.3744390606880188,0
10600,0,0.00017919721722137183,0
10601,0,0.018149718642234802,0
10602,1,0.9983286261558533,1
10603,0,0.002147027989849448,0
10604,1,0.9795841574668884,1
10605,0,0.00017080387624446303,0
10606,0,0.7743170857429504,1
10607,1,0.9950675964355469,1
10608,1,0.24520035088062286,0
10609,0,0.0046055614948272705,0
10610,1,0.9753384590148926,1
10611,0,0.0862521231174469,0
10612,0,0.00934471096843481,0
10613,1,0.9994022846221924,1
10614,0,0.00746475113555789,0
10615,0,0.000217945096665062,0
10616,1,0.9997991919517517,1
10617,0,0.0029378109611570835,0
10618,0,0.0014627547934651375,0
10619,0,0.010128556750714779,0
10620,1,0.9822728037834167,1
10621,1,0.995564341545105,1
10622,0,9.784939902601764e-05,0
10623,1,0.862201452255249,1
10624,0,0.011390695348381996,0
10625,0,0.00033859972609207034,0
10626,1,0.9991018772125244,1
10627,0,0.08720698952674866,0
10628,0,0.0003420942521188408,0
10629,0,0.029529938474297523,0
10630,1,0.9868624210357666,1
10631,1,0.9258488416671753,1
10632,0,0.04387659952044487,0
10633,1,0.8181821703910828,1
10634,0,0.002467792946845293,0
10635,0,0.0003110378165729344,0
10636,1,0.9990347623825073,1
10637,0,0.0017696795985102654,0
10638,0,0.0048165637999773026,0
10639,0,0.06041944772005081,0
10640,1,0.16961421072483063,0
10641,1,0.4755633771419525,0
10642,1,0.9889551401138306,1
10643,0,1.724005414871499e-05,0
10644,1,0.9994786381721497,1
10645,0,0.0007785966736264527,0
10646,0,0.0009179565240629017,0
10647,1,0.9915847778320312,1
10648,0,0.0007525922264903784,0
10649,1,0.99081951379776,1
10650,1,0.9976634979248047,1
10651,1,0.9996304512023926,1
10652,1,0.9999779462814331,1
10653,0,0.014454446732997894,0
10654,0,0.23520173132419586,0
10655,1,0.9988036155700684,1
10656,0,0.020285714417696,0
10657,1,0.346713662147522,0
10658,0,0.00606803921982646,0
10659,0,6.634733290411532e-05,0
10660,1,0.9887223243713379,1
10661,0,0.011643573641777039,0
10662,0,0.00956331379711628,0
10663,1,0.9937507510185242,1
10664,1,0.9998036026954651,1
10665,1,0.9612391591072083,1
10666,1,0.9999657869338989,1
10667,1,0.9988559484481812,1
10668,0,0.34221547842025757,0
10669,1,0.9812109470367432,1
10670,0,0.011287557892501354,0
10671,1,0.9970576763153076,1
10672,0,5.799451537313871e-05,0
10673,1,0.7742223739624023,1
10674,0,0.001282406272366643,0
10675,0,0.0015395178925246,0
10676,1,0.9979436993598938,1
10677,1,0.9998041987419128,1
10678,0,0.0230279341340065,0
10679,1,0.9992873072624207,1
10680,0,0.0007510553696192801,0
10681,0,4.7786619688849896e-05,0
10682,1,0.9781011343002319,1
10683,0,0.0001083679890143685,0
10684,1,0.9974985718727112,1
10685,1,0.9991685152053833,1
10686,0,0.012455570511519909,0
10687,1,0.9999213218688965,1
10688,0,0.0001688501943135634,0
10689,0,0.0038111614994704723,0
10690,1,0.9986934065818787,1
10691,0,0.044236987829208374,0
10692,1,0.9934741854667664,1
10693,0,0.9344913363456726,1
10694,1,0.9960158467292786,1
10695,1,0.9999991655349731,1
10696,0,0.0013013266725465655,0
10697,1,0.9968043565750122,1
10698,1,0.9731091856956482,1
10699,0,8.781361975707114e-05,0
10700,1,0.99993896484375,1
10701,0,0.001186142093501985,0
10702,1,0.9995245933532715,1
10703,1,0.9999278783798218,1
10704,1,0.9999895095825195,1
10705,1,0.9998217225074768,1
10706,0,0.010266024619340897,0
10707,0,0.009448090568184853,0
10708,1,0.999386191368103,1
10709,0,0.01261142734438181,0
10710,0,0.0066987150348722935,0
10711,1,0.9999874830245972,1
10712,0,0.9788134098052979,1
10713,1,0.999824583530426,1
10714,0,0.001970625249668956,0
10715,0,0.0001873397413874045,0
10716,0,0.0007017442840151489,0
10717,0,0.0009811966447159648,0
10718,0,0.4962611496448517,0
10719,1,0.9942919015884399,1
10720,0,0.00039768844726495445,0
10721,0,0.9069124460220337,1
10722,0,0.4719300866127014,0
10723,1,0.6833710670471191,1
10724,0,7.647678285138682e-05,0
10725,1,0.9998914003372192,1
10726,0,0.09695544093847275,0
10727,1,0.9998732805252075,1
10728,1,0.8719022274017334,1
10729,1,0.9998859167098999,1
10730,1,0.3226335346698761,0
10731,1,0.9623932242393494,1
10732,1,0.9979216456413269,1
10733,0,0.0007989290170371532,0
10734,1,0.9994626641273499,1
10735,1,0.9997872710227966,1
10736,0,0.0073978048749268055,0
10737,0,0.09145168960094452,0
10738,0,0.0031537304166704416,0
10739,1,0.998714804649353,1
10740,0,0.002410479821264744,0
10741,0,0.5814628601074219,1
10742,1,0.9945546388626099,1
10743,1,0.9521898627281189,1
10744,0,0.007109876722097397,0
10745,0,0.01196720264852047,0
10746,1,0.9634684920310974,1
10747,1,0.9986446499824524,1
10748,1,0.7980759143829346,1
10749,0,0.011894319206476212,0
10750,0,0.002785721328109503,0
10751,0,0.018322672694921494,0
10752,1,0.850220799446106,1
10753,0,0.0008291138801723719,0
10754,1,0.9993718266487122,1
10755,1,0.9998261332511902,1
10756,1,0.9984055161476135,1
10757,1,0.9994577765464783,1
10758,0,0.0027242337819188833,0
10759,1,0.2675076425075531,0
10760,1,0.9993046522140503,1
10761,0,0.00017388651031069458,0
10762,1,0.9998888969421387,1
10763,1,0.43334704637527466,0
10764,0,0.003098082495853305,0
10765,0,0.03526805713772774,0
10766,1,0.996977686882019,1
10767,0,0.0005339220515452325,0
10768,1,0.9943596720695496,1
10769,1,0.905896008014679,1
10770,1,0.9587013721466064,1
10771,0,0.0161665640771389,0
10772,0,0.0008411577437072992,0
10773,1,0.9987611770629883,1
10774,0,0.00035272666718810797,0
10775,1,0.9978512525558472,1
10776,1,0.9991194605827332,1
10777,0,0.7914731502532959,1
10778,0,0.008582624606788158,0
10779,1,0.021754924207925797,0
10780,1,0.9985204339027405,1
10781,1,0.997568666934967,1
10782,0,0.005536393262445927,0
10783,0,0.38725125789642334,0
10784,1,0.9999358654022217,1
10785,0,0.0004905589739792049,0
10786,0,0.5079317092895508,1
10787,0,0.00104953208938241,0
10788,0,0.002099502133205533,0
10789,0,0.00022096105385571718,0
10790,0,0.007258739322423935,0
10791,0,0.05427401885390282,0
10792,0,0.019365178421139717,0
10793,0,9.126613440457731e-05,0
10794,1,0.9987505674362183,1
10795,1,0.9879085421562195,1
10796,0,0.45438525080680847,0
10797,0,0.009604837745428085,0
10798,1,0.9997250437736511,1
10799,1,0.9999923706054688,1
10800,0,0.29284635186195374,0
10801,1,0.034153081476688385,0
10802,0,0.03193153068423271,0
10803,1,0.5269445776939392,1
10804,0,2.828026481438428e-05,0
10805,0,0.19080138206481934,0
10806,0,0.4053281545639038,0
10807,1,0.8556143045425415,1
10808,0,0.0004388249944895506,0
10809,0,0.7978674173355103,1
10810,1,0.9923809170722961,1
10811,1,0.8561103343963623,1
10812,0,0.6902545094490051,1
10813,0,0.0450168251991272,0
10814,1,0.9980297684669495,1
10815,1,0.9915531277656555,1
10816,1,0.9980317950248718,1
10817,0,5.8842058933805674e-05,0
10818,0,0.0003933173429686576,0
10819,0,0.6552489995956421,1
10820,1,0.9998807907104492,1
10821,0,9.81727716862224e-05,0
10822,0,0.42643481492996216,0
10823,0,0.00015584618085995317,0
10824,1,0.9328983426094055,1
10825,1,0.8196301460266113,1
10826,1,0.9992049336433411,1
10827,1,0.9947511553764343,1
10828,1,0.9998952150344849,1
10829,1,0.9998496770858765,1
10830,1,0.999477207660675,1
10831,0,0.00014705717330798507,0
10832,1,0.9999500513076782,1
10833,1,0.9971056580543518,1
10834,0,0.03977247327566147,0
10835,1,0.3157249093055725,0
10836,1,0.9996272325515747,1
10837,0,0.0002024973218794912,0
10838,0,0.022516177967190742,0
10839,0,0.0005917154485359788,0
10840,0,0.003887956030666828,0
10841,1,0.971799910068512,1
10842,1,0.9989776611328125,1
10843,1,0.7014187574386597,1
10844,0,0.00015927704225759953,0
10845,0,0.002935796044766903,0
10846,0,0.41281670331954956,0
10847,0,0.0006971366237848997,0
10848,0,0.9088420867919922,1
10849,1,0.9571216106414795,1
10850,0,0.00019687353051267564,0
10851,1,0.9996076226234436,1
10852,0,0.0017094745999202132,0
10853,1,0.8882815837860107,1
10854,0,0.005905358586460352,0
10855,0,5.383152893045917e-05,0
10856,1,0.5178942084312439,1
10857,1,0.8658992648124695,1
10858,1,0.9989104270935059,1
10859,1,0.12834440171718597,0
10860,1,0.9837188124656677,1
10861,0,0.000248600757913664,0
10862,1,0.9997665286064148,1
10863,1,0.9933319687843323,1
10864,0,0.010756457224488258,0
10865,0,0.11008283495903015,0
10866,0,1.71244828379713e-05,0
10867,0,0.0001039197959471494,0
10868,0,0.013851872645318508,0
10869,1,0.9981017708778381,1
10870,1,0.6440783739089966,1
10871,0,0.00046737369848415256,0
10872,1,0.9999618530273438,1
10873,0,0.0022301385179162025,0
10874,0,0.018961308524012566,0
10875,1,0.9961192607879639,1
10876,0,0.12438320368528366,0
10877,1,0.9997802376747131,1
10878,0,0.0017074837815016508,0
10879,0,0.0013325961772352457,0
10880,0,0.00014415344048757106,0
10881,0,0.014540020376443863,0
10882,0,0.0024494437966495752,0
10883,0,0.04894476756453514,0
10884,0,0.003649754449725151,0
10885,1,0.9952457547187805,1
10886,0,0.00819162093102932,0
10887,0,0.002286436501890421,0
10888,0,0.0004497671325225383,0
10889,0,0.0008900350658223033,0
10890,0,0.442886084318161,0
10891,1,0.9692844152450562,1
10892,1,0.9914980530738831,1
10893,0,2.9862372684874572e-05,0
10894,1,0.9874853491783142,1
10895,0,0.04015359655022621,0
10896,1,0.6509353518486023,1
10897,0,0.00024450354976579547,0
10898,1,0.9979743361473083,1
10899,1,0.9099802374839783,1
10900,1,0.99996018409729,1
10901,0,0.05051150918006897,0
10902,1,0.9471989274024963,1
10903,0,0.25881436467170715,0
10904,0,0.051593948155641556,0
10905,0,0.004496466834098101,0
10906,1,0.9997244477272034,1
10907,1,0.940040111541748,1
10908,1,0.9999396800994873,1
10909,0,0.45597368478775024,0
10910,1,0.9982892870903015,1
10911,0,0.0008678052690811455,0
10912,1,0.28653231263160706,0
10913,1,0.9994645714759827,1
10914,0,0.6294039487838745,1
10915,1,0.9810575246810913,1
10916,0,0.0011064765276387334,0
10917,1,0.999922513961792,1
10918,0,0.3424089252948761,0
10919,1,0.9031832814216614,1
10920,1,0.7175612449645996,1
10921,1,0.9995589852333069,1
10922,1,0.9993670582771301,1
10923,0,0.0002004778216360137,0
10924,0,0.00028394319815561175,0
10925,1,0.9501841068267822,1
10926,0,0.004007183946669102,0
10927,1,0.9994068145751953,1
10928,1,0.9934520721435547,1
10929,1,0.9863643050193787,1
10930,1,0.9999103546142578,1
10931,0,0.0006322034751065075,0
10932,0,0.0010121635859832168,0
10933,0,0.011984523385763168,0
10934,1,0.9993293285369873,1
10935,1,0.9984636306762695,1
10936,0,0.0008811039733700454,0
10937,1,0.9991306662559509,1
10938,1,0.9995599389076233,1
10939,1,0.9993987083435059,1
10940,0,0.9389951229095459,1
10941,1,0.8946267366409302,1
10942,0,0.005893730092793703,0
10943,0,0.0007855668081901968,0
10944,1,0.9998385906219482,1
10945,0,0.006362142041325569,0
10946,1,0.9995649456977844,1
10947,0,0.0024417752865701914,0
10948,0,0.0007761010783724487,0
10949,0,0.017572199925780296,0
10950,0,0.026896992698311806,0
10951,0,0.0006505272467620671,0
10952,1,0.995449960231781,1
10953,0,0.0011847144924104214,0
10954,0,0.014147764071822166,0
10955,0,0.004196214023977518,0
10956,1,0.5161847472190857,1
10957,1,0.9985087513923645,1
10958,0,0.0018086504423990846,0
10959,1,0.9967275857925415,1
10960,0,0.17442642152309418,0
10961,0,0.005622826982289553,0
10962,1,0.9999731779098511,1
10963,1,0.9928339719772339,1
10964,1,0.9994939565658569,1
10965,0,0.10785271227359772,0
10966,0,0.0031393151730298996,0
10967,1,0.9987486600875854,1
10968,0,0.04705249145627022,0
10969,1,0.9999681711196899,1
10970,1,0.9995076656341553,1
10971,0,0.02367248199880123,0
10972,0,0.00028165275580249727,0
10973,1,0.9966186285018921,1
10974,1,0.9760238528251648,1
10975,1,0.9871804118156433,1
10976,1,0.8484871983528137,1
10977,1,0.9986345171928406,1
10978,1,0.9977466464042664,1
10979,0,0.01356204692274332,0
10980,0,0.0009205898968502879,0
10981,0,0.10040222853422165,0
10982,1,0.9848992824554443,1
10983,1,0.9898999333381653,1
10984,1,0.9991695880889893,1
10985,0,0.00047034802264533937,0
10986,1,0.9985539317131042,1
10987,1,0.8449512124061584,1
10988,0,2.419835072942078e-05,0
10989,0,0.4702150225639343,0
10990,1,0.9541771411895752,1
10991,1,0.9995529055595398,1
10992,1,0.939265787601471,1
10993,1,0.9976367950439453,1
10994,0,0.006100114434957504,0
10995,0,0.00436673779040575,0
10996,0,0.14352142810821533,0
10997,1,0.22470442950725555,0
10998,0,0.14653226733207703,0
10999,1,0.9968274235725403,1
11000,0,0.0012599792098626494,0
11001,0,0.021520482376217842,0
11002,1,0.9997145533561707,1
11003,1,0.2947962284088135,0
11004,0,0.0006242061499506235,0
11005,0,0.0005813454044982791,0
11006,1,0.9281391501426697,1
11007,1,0.9920266270637512,1
11008,0,0.029359307140111923,0
11009,0,0.6547384262084961,1
11010,0,0.03175366669893265,0
11011,0,0.002586329123005271,0
11012,0,0.2559775710105896,0
11013,1,0.00863742921501398,0
11014,1,0.9993010759353638,1
11015,0,0.30186527967453003,0
11016,0,0.002735163550823927,0
11017,1,0.9944354295730591,1
11018,0,0.007504730019718409,0
11019,0,0.00022709228505846113,0
11020,1,0.9999667406082153,1
11021,1,0.9961950778961182,1
11022,1,0.9999897480010986,1
11023,1,0.6897599101066589,1
11024,1,0.9813613295555115,1
11025,1,0.9989359974861145,1
11026,0,0.0002953879884444177,0
11027,1,0.9997904896736145,1
11028,1,0.9989643096923828,1
11029,0,0.000564400281291455,0
11030,0,0.0012422263389453292,0
11031,1,0.99662846326828,1
11032,0,0.05830163508653641,0
11033,1,0.9998527765274048,1
11034,0,0.005623531062155962,0
11035,1,0.9999597072601318,1
11036,1,0.9921831488609314,1
11037,0,0.006358953192830086,0
11038,1,0.9999123811721802,1
11039,1,0.9997678399085999,1
11040,1,0.9980998635292053,1
11041,0,0.004467758350074291,0
11042,1,0.9961471557617188,1
11043,1,0.9739659428596497,1
11044,1,0.9236239790916443,1
11045,1,0.9974789023399353,1
11046,1,0.8392863869667053,1
11047,1,0.999946117401123,1
11048,1,0.8150105476379395,1
11049,1,0.1451999396085739,0
11050,0,0.050149451941251755,0
11051,0,0.004838927648961544,0
11052,0,0.01090327464044094,0
11053,0,0.0004305605834815651,0
11054,0,3.7690573662985116e-05,0
11055,1,0.9960983991622925,1
11056,1,0.9995946288108826,1
11057,1,0.015536856837570667,0
11058,0,0.01386878453195095,0
11059,1,0.9999303817749023,1
11060,1,0.9999322891235352,1
11061,1,0.007578965742141008,0
11062,1,0.9999096393585205,1
11063,1,0.999925971031189,1
11064,1,0.7440248727798462,1
11065,1,0.9984990358352661,1
11066,0,0.00018407955940347165,0
11067,0,0.0008614566177129745,0
11068,1,0.990777850151062,1
11069,0,0.35064035654067993,0
11070,0,0.48117977380752563,0
11071,0,0.6364523768424988,1
11072,1,0.9982505440711975,1
11073,0,0.0040196687914431095,0
11074,1,0.9956366419792175,1
11075,0,0.027253689244389534,0
11076,1,0.8345434665679932,1
11077,1,0.9268019795417786,1
11078,1,0.9997912049293518,1
11079,1,0.9456295371055603,1
11080,1,0.9999786615371704,1
11081,0,0.012912223115563393,0
11082,0,0.628105878829956,1
11083,1,0.6872837543487549,1
11084,0,0.017764216288924217,0
11085,1,0.9873067140579224,1
11086,0,0.03844951465725899,0
11087,0,0.05378488823771477,0
11088,1,0.8714740872383118,1
11089,0,0.0010545708937570453,0
11090,1,0.9964293837547302,1
11091,1,0.9999310970306396,1
11092,1,0.999502420425415,1
11093,1,0.7915257215499878,1
11094,0,0.001616281340830028,0
11095,1,0.7499269843101501,1
11096,1,0.8408748507499695,1
11097,1,0.9791554808616638,1
11098,1,0.9993708729743958,1
11099,0,0.09607825428247452,0
11100,1,0.9999527931213379,1
11101,0,0.0009553340496495366,0
11102,0,0.003205366199836135,0
11103,1,0.6430489420890808,1
11104,0,1.0759859833342489e-05,0
11105,0,0.007316784467548132,0
11106,1,0.9995926022529602,1
11107,0,0.005887414328753948,0
11108,0,0.37723487615585327,0
11109,0,0.000660726975183934,0
11110,1,0.2563795745372772,0
11111,0,0.0045850323513150215,0
11112,0,0.001269053085707128,0
11113,0,0.0005820442456752062,0
11114,1,0.758006751537323,1
11115,1,0.9997803568840027,1
11116,1,0.9998975992202759,1
11117,0,0.037057630717754364,0
11118,0,0.08799747377634048,0
11119,1,0.8162005543708801,1
11120,0,0.7060210108757019,1
11121,0,0.0010220848489552736,0
11122,1,0.999852180480957,1
11123,0,0.0010156308999285102,0
11124,1,0.9984672665596008,1
11125,0,0.001089918427169323,0
11126,0,0.00029966831789352,0
11127,0,0.0012277557980269194,0
11128,0,0.005410423967987299,0
11129,0,0.955655574798584,1
11130,0,0.022725360468029976,0
11131,1,0.9998406171798706,1
11132,1,0.9972153902053833,1
11133,0,0.006929624825716019,0
11134,0,0.0031287025194615126,0
11135,1,0.9983876943588257,1
11136,1,0.9999774694442749,1
11137,0,0.0024126239586621523,0
11138,0,0.0003423702728468925,0
11139,1,0.9999886751174927,1
11140,1,0.8799547553062439,1
11141,0,5.714567669201642e-05,0
11142,1,0.9911562204360962,1
11143,1,0.9610565304756165,1
11144,1,0.9977675676345825,1
11145,0,0.0004134003829676658,0
11146,0,0.271085649728775,0
11147,1,0.9006065726280212,1
11148,0,0.10357773303985596,0
11149,1,0.39214250445365906,0
11150,0,0.00014012718747835606,0
11151,0,0.02218935824930668,0
11152,0,0.0014839803334325552,0
11153,1,0.7475135326385498,1
11154,1,0.519233763217926,1
11155,0,0.0004319803847465664,0
11156,1,0.839422345161438,1
11157,1,0.9996263980865479,1
11158,0,0.00029399554478004575,0
11159,1,0.9981651902198792,1
11160,1,0.9998433589935303,1
11161,0,0.23433877527713776,0
11162,1,0.9996830224990845,1
11163,1,0.9994202852249146,1
11164,0,0.07124853134155273,0
11165,0,0.29694676399230957,0
11166,0,0.8651577234268188,1
11167,1,0.9923784732818604,1
11168,0,0.00014681575703434646,0
11169,0,0.0006640608189627528,0
11170,1,0.9999505281448364,1
11171,0,0.011279371567070484,0
11172,1,0.9967256784439087,1
11173,0,9.435584070160985e-05,0
11174,0,0.0009647429687902331,0
11175,1,0.9999288320541382,1
11176,0,0.001150259980931878,0
11177,1,0.9999701976776123,1
11178,0,0.03424349054694176,0
11179,1,0.9843634963035583,1
11180,1,0.968255341053009,1
11181,1,0.9990035891532898,1
11182,0,0.0018102946924045682,0
11183,1,0.9992606043815613,1
11184,1,0.9994561076164246,1
11185,1,0.9999427795410156,1
11186,1,0.9777756333351135,1
11187,1,0.9999616146087646,1
11188,0,0.002797744469717145,0
11189,0,0.9522556662559509,1
11190,1,0.9999551773071289,1
11191,1,0.9997392296791077,1
11192,1,0.9940605759620667,1
11193,0,0.0032660767901688814,0
11194,0,4.5646353100892156e-05,0
11195,1,0.9811215400695801,1
11196,1,0.9999231100082397,1
11197,0,0.4910024404525757,0
11198,0,0.5956104397773743,1
11199,1,0.9974761605262756,1
11200,0,3.940416354453191e-05,0
11201,1,0.9975850582122803,1
11202,1,0.9999281167984009,1
11203,0,0.0011791379656642675,0
11204,1,0.9996324777603149,1
11205,1,0.9999005794525146,1
11206,1,0.9997591376304626,1
11207,1,0.9999275207519531,1
11208,0,0.00016675243386998773,0
11209,1,0.9937282800674438,1
11210,1,0.9223531484603882,1
11211,0,2.1618705432047136e-05,0
11212,0,0.0002754736633505672,0
11213,0,0.003907955251634121,0
11214,0,0.0006128235254436731,0
11215,0,0.09523924440145493,0
11216,0,0.0014802874065935612,0
11217,0,0.002705217804759741,0
11218,0,0.0010624005226418376,0
11219,0,0.001223094528540969,0
11220,0,0.0005200731684453785,0
11221,0,0.0014388770796358585,0
11222,1,0.9882099628448486,1
11223,1,0.9999285936355591,1
11224,0,0.08258969336748123,0
11225,0,0.00015509901277255267,0
11226,0,0.08918836712837219,0
11227,0,0.004093182738870382,0
11228,0,0.17886757850646973,0
11229,1,0.9990037083625793,1
11230,0,0.5097214579582214,1
11231,0,7.744174217805266e-05,0
11232,1,0.9987223744392395,1
11233,0,0.20550231635570526,0
11234,0,0.0002649520174600184,0
11235,0,0.25234487652778625,0
11236,1,0.9963781237602234,1
11237,0,8.137486292980611e-05,0
11238,1,0.9985067248344421,1
11239,1,0.9558324217796326,1
11240,0,0.0017095706425607204,0
11241,0,0.0012029065983369946,0
11242,0,0.0012203941587358713,0
11243,1,0.8777886033058167,1
11244,0,0.5926104187965393,1
11245,0,0.00048373054596595466,0
11246,1,0.9999191761016846,1
11247,1,0.9899947643280029,1
11248,0,0.00036831479519605637,0
11249,1,0.9999696016311646,1
11250,1,0.9993966817855835,1
11251,1,0.3731582462787628,0
11252,1,0.9984857439994812,1
11253,0,0.0049105361104011536,0
11254,1,0.999085545539856,1
11255,1,0.9983404874801636,1
11256,1,0.6754280924797058,1
11257,0,0.011136149987578392,0
11258,0,0.0034345570020377636,0
11259,0,0.005985443014651537,0
11260,0,0.004296533297747374,0
11261,0,0.03275897353887558,0
11262,1,0.9999547004699707,1
11263,0,0.10924813151359558,0
11264,0,0.001876209513284266,0
11265,0,0.018153509125113487,0
11266,1,0.9985528588294983,1
11267,0,0.03588135167956352,0
11268,1,0.9907947182655334,1
11269,0,0.2520652711391449,0
11270,1,0.999923825263977,1
11271,1,0.8845734596252441,1
11272,0,0.016879981383681297,0
11273,0,0.0006640361389145255,0
11274,1,0.9997575879096985,1
11275,1,0.9990147352218628,1
11276,1,0.9997541308403015,1
11277,1,0.9643096923828125,1
11278,1,0.9994329810142517,1
11279,1,0.8440799713134766,1
11280,0,0.0005270389374345541,0
11281,1,0.9998420476913452,1
11282,0,0.00021175487199798226,0
11283,1,0.9879181981086731,1
11284,0,0.011739149689674377,0
11285,1,0.9977509379386902,1
11286,1,0.5229339003562927,1
11287,0,0.01327651645988226,0
11288,1,0.9762360453605652,1
11289,0,0.005232156254351139,0
11290,1,0.9420901536941528,1
11291,0,0.001238419790752232,0
11292,1,0.8896937966346741,1
11293,0,0.27983707189559937,0
11294,1,0.9983933568000793,1
11295,0,0.08303716033697128,0
11296,0,0.0027969118673354387,0
11297,1,0.9997320771217346,1
11298,0,0.0003625608514994383,0
11299,1,0.998458743095398,1
11300,1,0.10393792390823364,0
11301,1,0.988661527633667,1
11302,0,0.00029072683537378907,0
11303,0,0.00019136762421112508,0
11304,1,0.9971550703048706,1
11305,0,0.00034630822483450174,0
11306,1,0.9884423613548279,1
11307,0,0.00039305235259234905,0
11308,1,0.9997410178184509,1
11309,0,0.02581399865448475,0
11310,1,0.999544084072113,1
11311,0,0.039439521729946136,0
11312,0,0.6661454439163208,1
11313,1,0.9995030164718628,1
11314,1,0.9997982382774353,1
11315,0,0.0001722618326311931,0
11316,0,0.01865578442811966,0
11317,0,0.8254532217979431,1
11318,0,0.0015075461706146598,0
11319,0,0.0001961384987225756,0
11320,1,0.9448306560516357,1
11321,1,0.9184987545013428,1
11322,0,0.0010077572660520673,0
11323,0,0.002344853011891246,0
11324,1,0.995934247970581,1
11325,1,0.9874985814094543,1
11326,1,0.9983610510826111,1
11327,1,0.9680508375167847,1
11328,0,0.023202111944556236,0
11329,0,0.024231692776083946,0
11330,1,0.9975681900978088,1
11331,0,0.005689971148967743,0
11332,1,0.7665461301803589,1
11333,0,0.01209233421832323,0
11334,1,0.9999204874038696,1
11335,0,0.06122526526451111,0
11336,0,0.003745544934645295,0
11337,1,0.996997594833374,1
11338,0,0.002602525521069765,0
11339,1,0.022823577746748924,0
11340,0,0.00197207392193377,0
11341,0,0.9133375287055969,1
11342,0,0.16788257658481598,0
11343,0,0.5378287434577942,1
11344,0,0.07946927100419998,0
11345,0,0.0008517015376128256,0
11346,0,0.0034315474331378937,0
11347,0,0.00017908464360516518,0
11348,1,0.9998680353164673,1
11349,0,0.00027811393374577165,0
11350,1,0.9999222755432129,1
11351,0,0.00018822065612766892,0
11352,0,0.335221529006958,0
11353,1,0.9997687935829163,1
11354,0,0.00032227361225523055,0
11355,1,0.979032039642334,1
11356,1,0.9993528723716736,1
11357,0,0.05511102080345154,0
11358,1,0.9326847791671753,1
11359,1,0.9981430768966675,1
11360,0,0.09801590442657471,0
11361,1,0.9990980625152588,1
11362,1,0.3191719353199005,0
11363,1,0.01170986145734787,0
11364,0,0.010904991067945957,0
11365,0,0.87774258852005,1
11366,1,0.16429470479488373,0
11367,1,0.9999756813049316,1
11368,1,0.9994832277297974,1
11369,1,0.9999521970748901,1
11370,1,0.9994718432426453,1
11371,0,0.04081553593277931,0
11372,1,0.9999912977218628,1
11373,1,0.9995999932289124,1
11374,0,0.0033398119267076254,0
11375,0,0.0010931346332654357,0
11376,0,0.014811430126428604,0
11377,0,0.00017350874259136617,0
11378,0,0.0008013849728740752,0
11379,1,0.9980650544166565,1
11380,1,0.9999809265136719,1
11381,1,0.999631404876709,1
11382,0,0.00032405933598056436,0
11383,1,0.9998049139976501,1
11384,0,0.039644647389650345,0
11385,1,0.906653642654419,1
11386,1,0.9999890327453613,1
11387,0,0.000352751201717183,0
11388,1,0.8395166397094727,1
11389,1,0.9999376535415649,1
11390,0,0.00011774571612477303,0
11391,0,0.4590180516242981,0
11392,1,0.7878056168556213,1
11393,0,0.05583485588431358,0
11394,0,0.6302034854888916,1
11395,1,0.9999148845672607,1
11396,1,0.995050847530365,1
11397,0,0.01435154676437378,0
11398,0,0.383312851190567,0
11399,1,0.9961918592453003,1
11400,0,0.7252172231674194,1
11401,0,0.007194404024630785,0
11402,0,0.04231959581375122,0
11403,1,0.9992089867591858,1
11404,1,0.9995471835136414,1
11405,1,0.9972037076950073,1
11406,0,0.028253357857465744,0
11407,1,0.9998996257781982,1
11408,1,0.9995697140693665,1
11409,1,0.9998424053192139,1
11410,1,0.9992294311523438,1
11411,1,0.0025122163351625204,0
11412,0,0.003518685232847929,0
11413,1,0.9586585164070129,1
11414,1,0.9998480081558228,1
11415,0,0.00041332124965265393,0
11416,1,0.03025732934474945,0
11417,0,0.0001365517673548311,0
11418,1,0.9996228218078613,1
11419,1,0.9997403025627136,1
11420,0,0.001631514634937048,0
11421,0,0.0017787039978429675,0
11422,1,0.9931575655937195,1
11423,0,0.647285521030426,1
11424,1,0.8798432946205139,1
11425,1,0.8621448278427124,1
11426,1,0.9978552460670471,1
11427,0,0.01647260971367359,0
11428,1,0.06612633168697357,0
11429,0,0.25232839584350586,0
11430,1,0.9997466206550598,1
11431,1,0.9994853734970093,1
11432,1,0.9997850060462952,1
11433,0,0.0008955853991210461,0
11434,1,0.9996601343154907,1
11435,0,0.19795310497283936,0
11436,0,0.001973465085029602,0
11437,0,0.04268234595656395,0
11438,0,0.0006191935972310603,0
11439,1,0.9997962117195129,1
11440,1,0.9984703660011292,1
11441,1,0.7391083836555481,1
11442,1,0.9825897216796875,1
11443,1,0.9995099306106567,1
11444,0,0.014030152931809425,0
11445,0,0.0007442920468747616,0
11446,1,0.9903144240379333,1
11447,0,0.0006809066399000585,0
11448,1,0.9999350309371948,1
11449,0,0.009958265349268913,0
11450,1,0.9989246726036072,1
11451,0,0.004690752364695072,0
11452,0,0.0028629954904317856,0
11453,0,0.16150496900081635,0
11454,1,0.9998615980148315,1
11455,0,0.0019020061008632183,0
11456,1,0.9996953010559082,1
11457,0,0.0001411156845279038,0
11458,1,0.9985148310661316,1
11459,0,0.1600601077079773,0
11460,1,0.9713119864463806,1
11461,1,0.6995781660079956,1
11462,1,0.999043881893158,1
11463,1,0.999961256980896,1
11464,0,0.0007532078307121992,0
11465,0,0.0012169749243184924,0
11466,0,0.019803015515208244,0
11467,0,0.9480183720588684,1
11468,0,0.0008763631340116262,0
11469,0,4.838678796659224e-05,0
11470,1,0.1971750259399414,0
11471,1,0.9876628518104553,1
11472,1,0.9984861016273499,1
11473,0,0.9270630478858948,1
11474,1,0.9674350619316101,1
11475,0,0.049457404762506485,0
11476,1,0.9816040992736816,1
11477,0,0.9614505767822266,1
11478,1,0.5846289396286011,1
11479,1,0.9999303817749023,1
11480,1,0.9987596273422241,1
11481,0,5.959322152193636e-05,0
11482,1,0.9997566342353821,1
11483,1,0.9545530080795288,1
11484,0,9.85533042694442e-05,0
11485,0,0.004237201064825058,0
11486,0,0.006801273208111525,0
11487,0,0.002065075095742941,0
11488,1,0.6526627540588379,1
11489,1,0.8949070572853088,1
11490,0,0.030633339658379555,0
11491,0,0.02383282221853733,0
11492,1,0.9981039762496948,1
11493,1,0.9994831085205078,1
11494,0,0.01240547001361847,0
11495,1,0.7291486263275146,1
11496,1,0.9998733997344971,1
11497,1,0.9997227787971497,1
11498,0,0.06741214543581009,0
11499,1,0.9260414838790894,1
11500,0,0.003822138998657465,0
11501,1,0.9825448989868164,1
11502,0,0.005722618196159601,0
11503,0,0.0031767617911100388,0
11504,1,0.9988486766815186,1
11505,0,0.4025389850139618,0
11506,0,0.9238972067832947,1
11507,0,0.0009242754313163459,0
11508,1,0.9995089769363403,1
11509,0,0.0011862461687996984,0
11510,1,0.9958688020706177,1
11511,1,0.9998083710670471,1
11512,0,0.03369895741343498,0
11513,0,0.0026465882547199726,0
11514,0,0.0076513392850756645,0
11515,1,0.9626132249832153,1
11516,0,0.0133017273619771,0
11517,0,0.06429211795330048,0
11518,0,0.001076099812053144,0
11519,0,3.171916978317313e-05,0
11520,1,0.9556279182434082,1
11521,1,0.9766697883605957,1
11522,0,0.0018867016769945621,0
11523,0,0.868598461151123,1
11524,0,0.1717189997434616,0
11525,0,0.00034151747240684927,0
11526,1,0.9998476505279541,1
11527,0,0.0005938878166489303,0
11528,1,0.9976250529289246,1
11529,1,0.9995600581169128,1
11530,0,0.00028814509278163314,0
11531,1,0.9998854398727417,1
11532,0,0.19754517078399658,0
11533,0,1.93809210031759e-05,0
11534,0,0.001166975824162364,0
11535,1,0.9372233152389526,1
11536,0,0.0006130946567282081,0
11537,0,0.006959029007703066,0
11538,0,0.009224379435181618,0
11539,1,0.9994912147521973,1
11540,1,0.999504566192627,1
11541,0,0.0002490954357199371,0
11542,1,0.9999825954437256,1
11543,0,0.003460122039541602,0
11544,0,0.004945511929690838,0
11545,0,0.2592852711677551,0
11546,0,0.001664833864197135,0
11547,1,0.993009090423584,1
11548,0,0.9760066270828247,1
11549,1,0.8607412576675415,1
11550,1,0.9824001789093018,1
11551,0,0.025328392162919044,0
11552,0,0.0013465841766446829,0
11553,1,0.9996689558029175,1
11554,0,0.005020346958190203,0
11555,1,0.9991590976715088,1
11556,1,0.9999186992645264,1
11557,0,0.0007033286383375525,0
11558,1,0.999251663684845,1
11559,0,0.22899280488491058,0
11560,1,0.9997798800468445,1
11561,1,0.5860362648963928,1
11562,0,0.027374381199479103,0
11563,1,0.880681574344635,1
11564,0,0.001166796893812716,0
11565,0,0.00024592268164269626,0
11566,1,0.9985377788543701,1
11567,0,0.0002531269274186343,0
11568,1,0.7102112770080566,1
11569,0,0.18931685388088226,0
11570,1,0.9996318817138672,1
11571,0,0.0005671375547535717,0
11572,0,0.05124489590525627,0
11573,1,0.9896770119667053,1
11574,1,0.058115676045417786,0
11575,0,0.00014650615048594773,0
11576,1,0.976906955242157,1
11577,1,0.9959306120872498,1
11578,1,0.9997194409370422,1
11579,0,0.026752131059765816,0
11580,0,0.021910356357693672,0
11581,0,0.004539784509688616,0
11582,1,0.9585369229316711,1
11583,0,0.37628504633903503,0
11584,1,0.9998797178268433,1
11585,1,0.8970160484313965,1
11586,0,1.2827804312109947e-05,0
11587,0,0.0030687132384628057,0
11588,0,0.007244410924613476,0
11589,0,0.00350554333999753,0
11590,1,0.9999423027038574,1
11591,0,0.00018779367383103818,0
11592,1,0.9950509667396545,1
11593,0,0.003266747575253248,0
11594,1,0.9961424469947815,1
11595,1,0.8231087327003479,1
11596,0,0.015612026676535606,0
11597,0,0.005513871554285288,0
11598,0,0.003688250435516238,0
11599,0,3.199986895197071e-05,0
11600,0,0.0026920712552964687,0
11601,1,0.9918404817581177,1
11602,1,0.9722890853881836,1
11603,0,0.001247628009878099,0
11604,1,0.9964081645011902,1
11605,1,0.999639630317688,1
11606,1,0.9759278297424316,1
11607,0,0.0008146678446792066,0
11608,1,0.7662028670310974,1
11609,0,7.653660577489063e-05,0
11610,1,0.9998297691345215,1
11611,0,0.00012222725490573794,0
11612,0,0.00029961750260554254,0
11613,0,6.72926107654348e-05,0
11614,0,0.019562529399991035,0
11615,1,0.8933259844779968,1
11616,1,0.006685424596071243,0
11617,1,0.9996788501739502,1
11618,1,0.9999649524688721,1
11619,0,0.0010801268508657813,0
11620,1,0.9989516735076904,1
11621,1,0.9706330895423889,1
11622,0,0.0009151449776254594,0
11623,0,0.007359120529145002,0
11624,0,0.03498973324894905,0
11625,1,0.6053932309150696,1
11626,1,0.9998251795768738,1
11627,1,0.9969450831413269,1
11628,0,0.000608788919635117,0
11629,1,0.9994964599609375,1
11630,1,0.9983028173446655,1
11631,1,0.9993190765380859,1
11632,1,0.9984627962112427,1
11633,0,0.0005866901483386755,0
11634,1,0.9776611328125,1
11635,0,0.0005890049505978823,0
11636,1,0.9348934292793274,1
11637,1,0.9996933937072754,1
11638,0,0.19533193111419678,0
11639,0,0.11536327004432678,0
11640,0,0.0002565317554399371,0
11641,1,0.994805634021759,1
11642,0,0.0369560644030571,0
11643,1,0.9928178787231445,1
11644,0,9.53649723669514e-05,0
11645,0,0.9317647218704224,1
11646,1,0.9984719157218933,1
11647,1,0.9981980919837952,1
11648,1,0.9948399662971497,1
11649,1,0.9999754428863525,1
11650,0,0.0023218730930238962,0
11651,1,0.9978362917900085,1
11652,1,0.9999324083328247,1
11653,0,0.007106767501682043,0
11654,0,0.003970798570662737,0
11655,0,0.0004155991191510111,0
11656,0,0.0002148883359041065,0
11657,1,0.9997771382331848,1
11658,1,0.9965810179710388,1
11659,0,0.00802521500736475,0
11660,0,0.33370205760002136,0
11661,0,0.08926121145486832,0
11662,1,0.9960618615150452,1
11663,0,0.001966797048225999,0
11664,0,0.02224094048142433,0
11665,0,0.012615840882062912,0
11666,1,0.9960154891014099,1
11667,1,0.9995274543762207,1
11668,0,0.004710120148956776,0
11669,0,0.09405377507209778,0
11670,1,0.9238649606704712,1
11671,1,0.06538853794336319,0
11672,0,0.007500376086682081,0
11673,0,0.08421145379543304,0
11674,0,0.00675104558467865,0
11675,1,0.9994193315505981,1
11676,0,0.00048788453568704426,0
11677,1,0.9990493655204773,1
11678,1,0.9755173325538635,1
11679,0,0.029401445761322975,0
11680,0,0.005629810970276594,0
11681,1,0.9986904263496399,1
11682,1,0.16722290217876434,0
11683,1,0.9992973804473877,1
11684,1,0.999806821346283,1
11685,0,0.13531507551670074,0
11686,1,0.9991029500961304,1
11687,1,0.9958072900772095,1
11688,0,0.0012685697292909026,0
11689,0,0.01421749871224165,0
11690,1,0.9938642978668213,1
11691,0,0.0010756857227534056,0
11692,1,0.9864105582237244,1
11693,1,0.9874886870384216,1
11694,0,0.00166662922129035,0
11695,1,0.7500860095024109,1
11696,1,0.9998749494552612,1
11697,1,0.9386054873466492,1
11698,0,0.01794346608221531,0
11699,0,0.07544435560703278,0
11700,0,0.9280960559844971,1
11701,0,0.02877897582948208,0
11702,0,0.0020066278520971537,0
11703,0,0.031844452023506165,0
11704,0,0.0039079999551177025,0
11705,1,0.006329062394797802,0
11706,1,0.9986433386802673,1
11707,0,0.0038597446400672197,0
11708,0,0.009150981903076172,0
11709,0,0.0003796968376263976,0
11710,0,2.5504707082291134e-05,0
11711,1,0.9969449639320374,1
11712,0,0.00025182176614180207,0
11713,1,0.9998973608016968,1
11714,0,0.004774107132107019,0
11715,0,0.009037293493747711,0
11716,1,0.9884251356124878,1
11717,1,0.9997425675392151,1
11718,0,0.0005227101501077414,0
11719,0,0.06589311361312866,0
11720,0,0.0007832290139049292,0
11721,0,0.0035553001798689365,0
11722,1,0.999599277973175,1
11723,0,0.009364360943436623,0
11724,0,0.0002376849006395787,0
11725,0,0.004531984217464924,0
11726,0,0.0007029082044027746,0
11727,0,7.971601735334843e-05,0
11728,0,0.0009985470678657293,0
11729,0,0.19377174973487854,0
11730,0,4.330912634031847e-05,0
11731,1,0.9494951963424683,1
11732,0,0.1455095261335373,0
11733,1,0.9993371367454529,1
11734,0,0.5006741285324097,1
11735,1,0.9903714060783386,1
11736,0,0.0002703332283999771,0
11737,1,0.887923538684845,1
11738,0,0.00019948875706177205,0
11739,0,0.37172502279281616,0
11740,1,0.4203903079032898,0
11741,1,0.9989054203033447,1
11742,1,0.9999780654907227,1
11743,1,0.9999940395355225,1
11744,1,0.9998968839645386,1
11745,1,0.8777685165405273,1
11746,0,0.0011883039260283113,0
11747,1,0.9998396635055542,1
11748,1,0.9928945899009705,1
11749,0,0.00320859020575881,0
11750,1,0.998646080493927,1
11751,1,0.999634861946106,1
11752,0,0.00035130244214087725,0
11753,0,0.5657776594161987,1
11754,0,0.34912818670272827,0
11755,1,0.9996517896652222,1
11756,0,0.0009074027184396982,0
11757,1,0.9940855503082275,1
11758,0,0.062740258872509,0
11759,1,0.9997455477714539,1
11760,1,0.9964519739151001,1
11761,1,0.9992762207984924,1
11762,0,0.055940646678209305,0
11763,0,0.00016193428018596023,0
11764,0,0.03822794556617737,0
11765,1,0.9970310926437378,1
11766,0,0.0010499345371499658,0
11767,1,0.974523663520813,1
11768,0,0.162067711353302,0
11769,1,0.9972707629203796,1
11770,1,0.8198472857475281,1
11771,0,0.0044097574427723885,0
11772,0,0.7365330457687378,1
11773,1,0.9998688697814941,1
11774,0,0.0015066119376569986,0
11775,0,0.0009789454052224755,0
11776,1,0.45838865637779236,0
11777,0,0.0018068271456286311,0
11778,0,0.0015876377001404762,0
11779,1,0.9403724074363708,1
11780,0,0.020842768251895905,0
11781,1,0.999416708946228,1
11782,0,0.01989743486046791,0
11783,0,0.5688794851303101,1
11784,0,0.04624068737030029,0
11785,0,0.9990750551223755,1
11786,0,0.0033878283575177193,0
11787,0,0.045242730528116226,0
11788,0,0.04683687165379524,0
11789,1,0.9996347427368164,1
11790,0,0.8726000785827637,1
11791,1,0.9988442659378052,1
11792,1,0.9982640147209167,1
11793,0,0.5777778625488281,1
11794,1,0.9999375343322754,1
11795,0,0.06694834679365158,0
11796,1,0.9977062940597534,1
11797,0,0.0005562757141888142,0
11798,1,0.9997066855430603,1
11799,1,0.02505350485444069,0
11800,0,0.0005453933263197541,0
11801,0,0.0008917569066397846,0
11802,0,0.40582820773124695,0
11803,1,0.9526277184486389,1
11804,0,0.06358063220977783,0
11805,0,0.325020432472229,0
11806,1,0.9939431548118591,1
11807,1,0.9999287128448486,1
11808,0,5.686299846274778e-05,0
11809,0,0.011965234763920307,0
11810,1,0.11237459629774094,0
11811,0,0.0359809547662735,0
11812,0,0.004826433956623077,0
11813,0,0.00632257666438818,0
11814,0,0.020884577184915543,0
11815,1,0.9991931319236755,1
11816,1,0.2121773511171341,0
11817,0,0.09274840354919434,0
11818,1,0.9799228310585022,1
11819,1,0.9439463019371033,1
11820,0,0.00965841393917799,0
11821,1,0.9972544312477112,1
11822,1,0.9994691014289856,1
11823,0,0.0001825129147619009,0
11824,1,0.9807568788528442,1
11825,1,0.9734035730361938,1
11826,0,0.0008729711989872158,0
11827,0,0.009939012117683887,0
11828,1,0.999957799911499,1
11829,0,0.20235693454742432,0
11830,1,0.9996358156204224,1
11831,0,0.001049836166203022,0
11832,0,0.19001053273677826,0
11833,0,4.061293293489143e-05,0
11834,1,0.999226450920105,1
11835,0,0.0002209288504673168,0
11836,1,0.08781179040670395,0
11837,0,0.0011800853535532951,0
11838,0,0.00045109877828508615,0
11839,0,0.002100918209180236,0
11840,1,0.9628181457519531,1
11841,0,0.01763099618256092,0
11842,1,0.9998070597648621,1
11843,1,0.9996476173400879,1
11844,0,0.0185713954269886,0
11845,1,0.9995688796043396,1
11846,0,0.0017556946258991957,0
11847,1,0.9867466688156128,1
11848,1,0.9982343912124634,1
11849,1,0.9998620748519897,1
11850,0,0.9973944425582886,1
11851,0,0.00017822439258452505,0
11852,0,0.000565469148568809,0
11853,0,0.9285643100738525,1
11854,0,0.022979874163866043,0
11855,1,0.8496634364128113,1
11856,1,0.9206326603889465,1
11857,1,0.9863529205322266,1
11858,1,0.9992330074310303,1
11859,1,0.9966992735862732,1
11860,1,0.9229341149330139,1
11861,0,8.808014536043629e-05,0
11862,1,0.9998902082443237,1
11863,0,0.004424868617206812,0
11864,1,0.7516980767250061,1
11865,0,0.08745653927326202,0
11866,1,0.9603490829467773,1
11867,1,0.999863862991333,1
11868,1,0.9465191960334778,1
11869,0,0.196761354804039,0
11870,1,0.9251687526702881,1
11871,1,0.9910423755645752,1
11872,0,0.001151854288764298,0
11873,0,0.0023305658251047134,0
11874,0,0.034925587475299835,0
11875,0,0.014506039209663868,0
11876,1,0.9999873638153076,1
11877,1,0.9935376048088074,1
11878,0,0.0006016819388605654,0
11879,1,0.9950697422027588,1
11880,1,0.29891905188560486,0
11881,1,0.9836041331291199,1
11882,1,0.9980213642120361,1
11883,0,0.007591615431010723,0
11884,1,0.9932148456573486,1
11885,0,0.005098712630569935,0
11886,1,0.9960001111030579,1
11887,0,0.006290632765740156,0
11888,0,0.0006242890958674252,0
11889,0,1.2817055903724395e-05,0
11890,0,1.4160081263980828e-05,0
11891,0,0.00034653343027457595,0
11892,0,0.008757992647588253,0
11893,0,0.39309948682785034,0
11894,0,0.012617367319762707,0
11895,1,0.9999548196792603,1
11896,1,0.9901548624038696,1
11897,0,0.007275071926414967,0
11898,0,0.015535368584096432,0
11899,0,0.019546430557966232,0
11900,0,0.00037222972605377436,0
11901,0,0.027410700917243958,0
11902,0,0.0006867530173622072,0
11903,0,0.07692384719848633,0
11904,1,0.9982362985610962,1
11905,0,0.1546229124069214,0
11906,1,0.9605939984321594,1
11907,0,0.10739624500274658,0
11908,0,0.01371573843061924,0
11909,0,0.049701105803251266,0
11910,1,0.8392595052719116,1
11911,1,0.9792242646217346,1
11912,0,0.12036829441785812,0
11913,0,0.0006027831113897264,0
11914,1,0.9870756268501282,1
11915,1,0.9865298271179199,1
11916,0,0.0064159538596868515,0
11917,1,0.11295215785503387,0
11918,0,0.6629661917686462,1
11919,0,0.0004092025919817388,0
11920,1,0.9995930790901184,1
11921,1,0.9840616583824158,1
11922,1,0.9960000514984131,1
11923,0,0.013023555278778076,0
11924,1,0.9994382262229919,1
11925,0,0.017066700384020805,0
11926,0,0.9323689937591553,1
11927,1,0.9997345805168152,1
11928,1,0.6477862000465393,1
11929,1,0.9952113032341003,1
11930,0,0.00037240813253447413,0
11931,0,0.0017177932895720005,0
11932,1,0.8250007629394531,1
11933,0,0.0030565408524125814,0
11934,0,0.0014142690924927592,0
11935,0,0.0006766880978830159,0
11936,0,0.0011656149290502071,0
11937,0,0.013608855195343494,0
11938,0,0.29362043738365173,0
11939,0,0.02671670913696289,0
11940,1,0.996819257736206,1
11941,1,0.9997656941413879,1
11942,0,0.0031680611427873373,0
11943,1,0.8985886573791504,1
11944,0,0.00047878490295261145,0
11945,0,0.04868368059396744,0
11946,1,0.9992419481277466,1
11947,1,0.9688265323638916,1
11948,0,0.007879774086177349,0
11949,0,0.03340931981801987,0
11950,0,0.039053793996572495,0
11951,0,0.007198588456958532,0
11952,1,0.9878224730491638,1
11953,0,0.0005417856737039983,0
11954,0,0.007554216310381889,0
11955,1,0.9113605618476868,1
11956,1,0.9990801811218262,1
11957,1,0.9999586343765259,1
11958,1,0.8048321008682251,1
11959,1,0.9999878406524658,1
11960,0,0.7480990290641785,1
11961,1,0.9616625308990479,1
11962,1,0.9928386807441711,1
11963,1,0.998785674571991,1
11964,0,0.4090423583984375,0
11965,1,0.9931716918945312,1
11966,0,0.03275773301720619,0
11967,1,0.9849439263343811,1
11968,1,0.9983622431755066,1
11969,0,9.86060404102318e-05,0
11970,1,0.9999524354934692,1
11971,0,0.01762354001402855,0
11972,0,0.24934357404708862,0
11973,1,0.987500786781311,1
11974,1,0.9947983026504517,1
11975,1,0.9994251728057861,1
11976,0,0.0016521518118679523,0
11977,0,0.0006253467290662229,0
11978,0,0.0036428114399313927,0
11979,0,0.16900032758712769,0
11980,0,0.01724785938858986,0
11981,0,0.7412091493606567,1
11982,1,0.9999713897705078,1
11983,0,0.0005933992215432227,0
11984,1,0.9607813358306885,1
11985,1,0.9993705153465271,1
11986,0,0.00013909149856772274,0
11987,0,0.014486795291304588,0
11988,0,0.0012784847058355808,0
11989,0,0.1002359613776207,0
11990,1,0.9364234805107117,1
11991,0,0.00027333281468600035,0
11992,0,0.020729223266243935,0
11993,1,0.9994949102401733,1
11994,1,0.9643614292144775,1
11995,0,0.7881930470466614,1
11996,0,0.010368372313678265,0
11997,1,0.6977440118789673,1
11998,1,0.9997883439064026,1
11999,0,0.0004732636152766645,0
12000,0,0.021990062668919563,0
12001,1,0.9992321729660034,1
12002,1,0.5512419939041138,1
12003,0,0.017239399254322052,0
12004,0,0.020266128703951836,0
12005,1,0.998867392539978,1
12006,0,0.01771869696676731,0
12007,0,0.0005343945231288671,0
12008,1,0.9998714923858643,1
12009,0,0.0002240042231278494,0
12010,0,7.569116860395297e-05,0
12011,1,0.5561643242835999,1
12012,1,0.8872264623641968,1
12013,1,0.9232158660888672,1
12014,1,0.966662585735321,1
12015,1,0.9999673366546631,1
12016,0,0.007481303531676531,0
12017,0,0.001589281833730638,0
12018,0,0.0015025431057438254,0
12019,0,0.00023654254619032145,0
12020,0,1.782002073014155e-05,0
12021,0,0.0014643952017650008,0
12022,1,0.9998537302017212,1
12023,0,0.032302141189575195,0
12024,0,0.19367443025112152,0
12025,0,0.00024495666730217636,0
12026,0,0.01413721963763237,0
12027,0,0.0013766958145424724,0
12028,0,0.06422896683216095,0
12029,1,0.9999550580978394,1
12030,1,0.9314752221107483,1
12031,0,0.03516310825943947,0
12032,1,0.9894522428512573,1
12033,1,0.9994039535522461,1
12034,1,0.15723823010921478,0
12035,0,0.005668053403496742,0
12036,0,0.021852556616067886,0
12037,0,0.8993886709213257,1
12038,1,0.9986793398857117,1
12039,0,0.0013974306639283895,0
12040,0,0.11734608560800552,0
12041,0,0.00762436306104064,0
12042,1,0.9980871677398682,1
12043,0,0.0029510706663131714,0
12044,1,0.9996615648269653,1
12045,0,0.000232868391321972,0
12046,0,0.14664849638938904,0
12047,1,0.9727789759635925,1
12048,1,0.9999401569366455,1
12049,1,0.9737141728401184,1
12050,0,0.03483035787940025,0
12051,0,0.0007152975304052234,0
12052,1,0.8209347128868103,1
12053,1,0.9972352385520935,1
12054,1,0.9996545314788818,1
12055,0,0.002629783470183611,0
12056,0,0.03160904720425606,0
12057,1,0.9498865604400635,1
12058,1,0.999586284160614,1
12059,1,0.999914288520813,1
12060,1,0.9917685985565186,1
12061,1,0.9993077516555786,1
12062,1,0.9980320334434509,1
12063,0,0.0752929151058197,0
12064,1,0.9992109537124634,1
12065,0,0.10495750606060028,0
12066,1,0.98148512840271,1
12067,0,0.04753803834319115,0
12068,0,0.0018031311919912696,0
12069,0,0.0123131787404418,0
12070,0,0.04137036204338074,0
12071,1,0.07571044564247131,0
12072,0,0.0006190300919115543,0
12073,1,0.9998884201049805,1
12074,1,0.9887570738792419,1
12075,0,0.5120604038238525,1
12076,0,0.0010000074980780482,0
12077,1,0.8260559439659119,1
12078,0,0.00016749597853049636,0
12079,1,0.966999888420105,1
12080,0,0.0006681407685391605,0
12081,1,0.9995823502540588,1
12082,0,0.04949267581105232,0
12083,0,0.00297755841165781,0
12084,0,0.09742096066474915,0
12085,1,0.06630183756351471,0
12086,1,0.9999384880065918,1
12087,1,0.9974405765533447,1
12088,0,0.00020718852465506643,0
12089,0,0.016987355425953865,0
12090,0,3.0018240067875013e-05,0
12091,1,0.9990794658660889,1
12092,1,0.9989423155784607,1
12093,1,0.9764825105667114,1
12094,1,0.7710234522819519,1
12095,0,0.26092207431793213,0
12096,0,0.0010417208541184664,0
12097,1,0.5356191992759705,1
12098,1,0.9985461235046387,1
12099,1,0.6922475099563599,1
12100,0,0.001042663585394621,0
12101,0,0.006620888132601976,0
12102,1,0.999809205532074,1
12103,1,0.9999281167984009,1
12104,1,0.9968068599700928,1
12105,0,0.0025529309641569853,0
12106,0,0.030799178406596184,0
12107,1,0.9991004467010498,1
12108,0,0.0008346340619027615,0
12109,0,0.00010188280430156738,0
12110,0,0.6698237657546997,1
12111,0,0.006137074436992407,0
12112,0,0.05438310652971268,0
12113,1,0.9694610834121704,1
12114,1,0.9999135732650757,1
12115,0,0.0009739645174704492,0
12116,0,0.0006226241821423173,0
12117,0,0.2650616765022278,0
12118,0,0.06304691731929779,0
12119,1,0.5249853134155273,1
12120,1,0.8897463083267212,1
12121,1,0.9998238682746887,1
12122,1,0.9858633875846863,1
12123,0,0.0001377879234496504,0
12124,0,0.019707471132278442,0
12125,1,0.9987844824790955,1
12126,1,0.9999333620071411,1
12127,0,0.0011501789558678865,0
12128,1,0.8959033489227295,1
12129,0,0.3713918626308441,0
12130,1,0.9998992681503296,1
12131,1,0.9993208646774292,1
12132,1,0.8611401915550232,1
12133,0,7.691545761190355e-05,0
12134,1,0.9990929365158081,1
12135,1,0.9959287047386169,1
12136,0,0.00023881730157881975,0
12137,0,0.13988733291625977,0
12138,0,0.000613080570474267,0
12139,1,0.9995786547660828,1
12140,1,0.997843861579895,1
12141,0,0.01702810823917389,0
12142,0,2.3453572794096544e-05,0
12143,0,0.007899955846369267,0
12144,0,0.0006108257221058011,0
12145,1,0.9955303072929382,1
12146,0,0.03812522813677788,0
12147,0,0.017125476151704788,0
12148,1,0.9994319081306458,1
12149,0,0.0007944401004351676,0
12150,1,0.999915599822998,1
12151,1,0.9981486797332764,1
12152,0,0.016960782930254936,0
12153,0,0.00012266464182175696,0
12154,1,0.9988263249397278,1
12155,1,0.9987492561340332,1
12156,1,0.9999544620513916,1
12157,1,0.679383397102356,1
12158,1,0.9991759657859802,1
12159,1,0.982711136341095,1
12160,0,0.0012768539600074291,0
12161,1,0.967081606388092,1
12162,0,0.00030749524012207985,0
12163,0,0.0002595573605503887,0
12164,1,0.24462342262268066,0
12165,0,0.00048567287740297616,0
12166,0,0.0005622206954285502,0
12167,0,0.0009777047671377659,0
12168,1,0.7793021202087402,1
12169,1,0.9997822642326355,1
12170,1,0.9976300001144409,1
12171,0,0.009876568801701069,0
12172,0,9.15424243430607e-05,0
12173,0,0.014915602281689644,0
12174,1,0.9827069044113159,1
12175,0,0.002914988901466131,0
12176,0,0.1458725482225418,0
12177,0,0.3791847229003906,0
12178,0,0.002222225535660982,0
12179,0,0.09152534604072571,0
12180,1,0.999203622341156,1
12181,0,0.0008909641182981431,0
12182,1,0.9955641031265259,1
12183,1,0.6457934379577637,1
12184,0,0.006395465228706598,0
12185,0,0.0053522041998803616,0
12186,0,0.0029647015035152435,0
12187,1,0.97122722864151,1
12188,1,0.9999816417694092,1
12189,0,0.44746315479278564,0
12190,1,0.9990279674530029,1
12191,0,0.0003386627067811787,0
12192,1,0.9992085099220276,1
12193,0,0.0025555193424224854,0
12194,0,0.06858118623495102,0
12195,1,0.9897233247756958,1
12196,0,0.0016553408931940794,0
12197,1,0.9998947381973267,1
12198,0,0.004709114320576191,0
12199,1,0.9999264478683472,1
12200,0,0.0033928181510418653,0
12201,1,0.9999675750732422,1
12202,1,0.7625224590301514,1
12203,1,0.9999502897262573,1
12204,1,0.9992262125015259,1
12205,1,0.7179459929466248,1
12206,0,0.9708390831947327,1
12207,0,0.16802272200584412,0
12208,1,0.9999420642852783,1
12209,0,0.04205738380551338,0
12210,0,0.01275559701025486,0
12211,0,0.6177567839622498,1
12212,1,0.9936421513557434,1
12213,0,0.0004842463240493089,0
12214,0,0.12947897613048553,0
12215,1,0.9932551383972168,1
12216,0,0.013710036873817444,0
12217,0,0.0002874895290005952,0
12218,0,0.0001600762188900262,0
12219,0,0.002572235418483615,0
12220,0,0.002105765277519822,0
12221,0,0.004933643154799938,0
12222,1,0.9870972633361816,1
12223,0,0.2427474409341812,0
12224,1,0.9954148530960083,1
12225,1,0.9955978989601135,1
12226,1,0.19745668768882751,0
12227,1,0.9961827397346497,1
12228,0,0.00012231201981194317,0
12229,1,0.9984266757965088,1
12230,1,0.9994762539863586,1
12231,1,0.04745589196681976,0
12232,0,0.0010824305936694145,0
12233,1,0.9279088973999023,1
12234,0,0.004067144822329283,0
12235,1,0.9542398452758789,1
12236,1,0.47157520055770874,0
12237,1,0.9833726286888123,1
12238,1,0.9998063445091248,1
12239,0,0.011846565641462803,0
12240,1,0.9999698400497437,1
12241,1,0.021073171868920326,0
12242,1,0.9904553294181824,1
12243,0,0.20342493057250977,0
12244,0,0.0019196970388293266,0
12245,0,0.0028736863750964403,0
12246,0,0.0746665820479393,0
12247,1,0.9979820251464844,1
12248,1,0.9773427248001099,1
12249,1,0.18178264796733856,0
12250,1,0.999874472618103,1
12251,0,0.0004094771284144372,0
12252,0,0.0002033612399827689,0
12253,0,0.0014135311357676983,0
12254,0,7.073188317008317e-05,0
12255,0,0.334775447845459,0
12256,1,0.9575595855712891,1
12257,1,0.9514784812927246,1
12258,0,0.00011862859537359327,0
12259,0,0.09577392041683197,0
12260,1,0.977279782295227,1
12261,1,0.9691848754882812,1
12262,1,0.005794013384729624,0
12263,1,0.9998772144317627,1
12264,1,0.9727419018745422,1
12265,0,0.33981791138648987,0
12266,1,0.9970935583114624,1
12267,0,0.02407672442495823,0
12268,1,0.9997970461845398,1
12269,1,0.9943376183509827,1
12270,0,0.024035191163420677,0
12271,0,0.051536690443754196,0
12272,0,0.991055965423584,1
12273,0,0.06524112820625305,0
12274,0,0.015413772314786911,0
12275,1,0.9746232032775879,1
12276,1,0.3744102716445923,0
12277,0,0.05529650300741196,0
12278,1,0.9998809099197388,1
12279,0,0.00013889375259168446,0
12280,0,0.0356716625392437,0
12281,1,0.9760025143623352,1
12282,0,0.05176107585430145,0
12283,1,0.35318052768707275,0
12284,0,0.009147973731160164,0
12285,1,0.34207800030708313,0
12286,1,0.9846066236495972,1
12287,0,0.0023453147150576115,0
12288,1,0.9657684564590454,1
12289,0,0.57314133644104,1
12290,0,0.03032943792641163,0
12291,1,0.9998782873153687,1
12292,0,0.005168071482330561,0
12293,0,0.00017560084233991802,0
12294,0,0.9323883056640625,1
12295,1,0.02862543798983097,0
12296,0,0.7983303070068359,1
12297,0,0.00011494773207232356,0
12298,1,0.9999411106109619,1
12299,1,0.9891120791435242,1
12300,1,0.9992284774780273,1
12301,1,0.9999727010726929,1
12302,1,0.9993247985839844,1
12303,1,0.9962202906608582,1
12304,0,0.007767276372760534,0
12305,1,0.9997653365135193,1
12306,0,0.01368625182658434,0
12307,0,0.000563606561627239,0
12308,0,0.18707972764968872,0
12309,0,0.0007775263511575758,0
12310,0,9.33654882828705e-05,0
12311,0,0.23474334180355072,0
12312,1,0.6659679412841797,1
12313,1,0.9995861649513245,1
12314,0,0.002744379686191678,0
12315,1,0.9987701773643494,1
12316,0,0.005407241173088551,0
12317,1,0.9987078905105591,1
12318,0,0.0005164396134205163,0
12319,1,0.9993108510971069,1
12320,1,0.9205073118209839,1
12321,0,6.264767580432817e-05,0
12322,0,0.00017383694648742676,0
12323,0,0.007086946628987789,0
12324,1,0.999382734298706,1
12325,0,0.5123153924942017,1
12326,0,0.0040563116781413555,0
12327,1,0.9065884947776794,1
12328,1,0.9984563589096069,1
12329,1,0.999895453453064,1
12330,0,0.016146918758749962,0
12331,0,0.8524186611175537,1
12332,0,0.0005555482348427176,0
12333,1,0.9025754928588867,1
12334,0,0.0012231190921738744,0
12335,0,0.1757226139307022,0
12336,1,0.9995360374450684,1
12337,0,0.0023886486887931824,0
12338,0,0.05445665866136551,0
12339,1,0.9986841082572937,1
12340,1,0.9684259295463562,1
12341,1,0.9502445459365845,1
12342,1,0.9997683167457581,1
12343,1,0.998178243637085,1
12344,0,0.0038197392132133245,0
12345,0,0.001988427946344018,0
12346,0,0.022722171619534492,0
12347,0,0.00020615260291378945,0
12348,0,0.0018627323443070054,0
12349,1,0.9995385408401489,1
12350,0,0.010574393905699253,0
12351,0,2.855884849850554e-05,0
12352,0,7.025848753983155e-05,0
12353,1,0.9999927282333374,1
12354,0,0.0020566589664667845,0
12355,0,0.0008720995392650366,0
12356,1,0.999336302280426,1
12357,0,0.0037689965683966875,0
12358,0,0.0013438680907711387,0
12359,1,0.9912221431732178,1
12360,1,0.8424537777900696,1
12361,1,0.9999246597290039,1
12362,1,0.21281562745571136,0
12363,0,0.0002243209455627948,0
12364,0,0.00879679061472416,0
12365,0,0.003585910191759467,0
12366,1,0.99810791015625,1
12367,0,0.0022142878733575344,0
12368,0,0.989717960357666,1
12369,0,0.5619263648986816,1
12370,1,0.9999600648880005,1
12371,1,0.9698064923286438,1
12372,1,0.9980656504631042,1
12373,1,0.9992082715034485,1
12374,0,0.3453071713447571,0
12375,0,0.00021961597667541355,0
12376,1,0.7561817765235901,1
12377,0,0.001587619655765593,0
12378,1,0.9941217303276062,1
12379,0,0.8976756930351257,1
12380,0,0.009132020175457,0
12381,0,0.017651034519076347,0
12382,0,0.05773669481277466,0
12383,0,0.002272933954373002,0
12384,0,0.00020769289403688163,0
12385,0,0.2528199851512909,0
12386,1,0.5883929133415222,1
12387,1,0.9998493194580078,1
12388,1,0.9944847226142883,1
12389,0,0.004239770583808422,0
12390,0,5.134595630806871e-05,0
12391,1,0.8197740316390991,1
12392,0,0.010173752903938293,0
12393,1,0.9998214840888977,1
12394,0,0.0011136544635519385,0
12395,1,0.937354564666748,1
12396,1,0.6737299561500549,1
12397,1,0.9991970658302307,1
12398,1,0.9999237060546875,1
12399,0,0.00019846255599986762,0
12400,0,0.015014952048659325,0
12401,1,0.9993283748626709,1
12402,0,0.04021585360169411,0
12403,1,0.9888542890548706,1
12404,0,0.00032343462225981057,0
12405,1,0.9998965263366699,1
12406,0,0.2100033313035965,0
12407,0,0.015549654141068459,0
12408,1,0.8868874311447144,1
12409,1,0.937610924243927,1
12410,0,0.0007935143657959998,0
12411,0,0.002756732050329447,0
12412,0,0.01541423611342907,0
12413,0,0.002264577429741621,0
12414,0,0.0006459173164330423,0
12415,0,0.06995394080877304,0
12416,1,0.9606983661651611,1
12417,1,0.7826998233795166,1
12418,1,0.9138216972351074,1
12419,1,0.991213858127594,1
12420,1,0.9932166934013367,1
12421,1,0.9997509121894836,1
12422,1,0.9994059801101685,1
12423,0,0.0029730969108641148,0
12424,0,0.0033694133162498474,0
12425,0,0.00022688407625537366,0
12426,0,0.0015891697257757187,0
12427,0,0.019844643771648407,0
12428,0,6.292171019595116e-05,0
12429,1,0.9999336004257202,1
12430,1,0.054240740835666656,0
12431,1,0.9937717318534851,1
12432,0,2.8749002012773417e-05,0
12433,0,0.03239327296614647,0
12434,1,0.9850887656211853,1
12435,1,0.9824337959289551,1
12436,0,0.000925312633626163,0
12437,1,0.8452843427658081,1
12438,1,0.995726466178894,1
12439,0,0.00018928846111521125,0
12440,0,0.2815650701522827,0
12441,1,0.9990133047103882,1
12442,1,0.9982195496559143,1
12443,1,0.9998377561569214,1
12444,1,0.9996610879898071,1
12445,0,0.9786974787712097,1
12446,1,0.999984860420227,1
12447,1,0.9998824596405029,1
12448,0,0.00011620576697168872,0
12449,1,0.9615280032157898,1
12450,1,0.9968233108520508,1
12451,0,0.0016547973500564694,0
12452,0,0.012407081201672554,0
12453,0,0.0003104772767983377,0
12454,0,0.0007845100481063128,0
12455,1,0.9979627132415771,1
12456,1,0.9996100068092346,1
12457,1,0.999461829662323,1
12458,0,0.0600956454873085,0
12459,1,0.9952961802482605,1
12460,0,0.10582297295331955,0
12461,1,0.9994021654129028,1
12462,1,0.9881780743598938,1
12463,1,0.9991718530654907,1
12464,0,0.0016687923343852162,0
12465,0,0.0006265508709475398,0
12466,0,0.03030700981616974,0
12467,0,0.15022476017475128,0
12468,1,0.9350429773330688,1
12469,1,0.9994934797286987,1
12470,1,0.9182555675506592,1
12471,1,0.3692478537559509,0
12472,1,0.9997631907463074,1
12473,1,0.9999510049819946,1
12474,1,0.39264538884162903,0
12475,0,0.614849865436554,1
12476,0,5.7216337154386565e-05,0
12477,0,0.0028055349830538034,0
12478,0,0.00799923948943615,0
12479,0,0.03532310947775841,0
12480,0,0.01965380273759365,0
12481,1,0.9349097013473511,1
12482,0,0.021527593955397606,0
12483,0,0.09900730848312378,0
12484,1,0.9945741295814514,1
12485,1,0.9996223449707031,1
12486,0,0.0006588532123714685,0
12487,1,0.9992749094963074,1
12488,1,0.7593004703521729,1
12489,0,0.785270631313324,1
12490,0,0.002484016353264451,0
12491,1,0.9998028874397278,1
12492,0,0.024379204958677292,0
12493,0,0.0008068809402175248,0
12494,1,0.9975758194923401,1
12495,0,0.004275629296898842,0
12496,0,0.0022798737045377493,0
12497,1,0.996276319026947,1
12498,1,0.9996743202209473,1
12499,1,0.9988075494766235,1
12500,1,0.9997001886367798,1
12501,0,0.010492639616131783,0
12502,0,2.7619797037914395e-05,0
12503,1,0.983449399471283,1
12504,1,0.9992458820343018,1
12505,0,3.670273144962266e-05,0
12506,1,0.9990135431289673,1
12507,0,0.003840666264295578,0
12508,0,0.0006660554790869355,0
12509,0,0.06778062880039215,0
12510,0,0.010915123857557774,0
12511,1,0.9914746284484863,1
12512,0,0.011869093403220177,0
12513,0,0.01723393052816391,0
12514,1,0.981463611125946,1
12515,0,0.002025097142904997,0
12516,0,0.015408564358949661,0
12517,0,0.0014736755983904004,0
12518,0,0.0016414672136306763,0
12519,0,0.36192917823791504,0
12520,1,0.9999047517776489,1
12521,1,0.991201639175415,1
12522,0,0.2449561059474945,0
12523,1,0.9936916828155518,1
12524,0,0.13974551856517792,0
12525,0,7.59636313887313e-05,0
12526,0,0.005974128842353821,0
12527,0,0.0006615874008275568,0
12528,1,0.9848542213439941,1
12529,0,0.0016222811536863446,0
12530,0,0.0005710606928914785,0
12531,0,0.9837032556533813,1
12532,1,0.997448742389679,1
12533,0,0.11407040804624557,0
12534,1,0.9995836615562439,1
12535,0,0.010796625167131424,0
12536,0,0.0014317325549200177,0
12537,1,0.9997583031654358,1
12538,0,0.0002218485315097496,0
12539,1,0.9999063014984131,1
12540,0,0.0005816105986014009,0
12541,0,0.059484269469976425,0
12542,1,0.9999450445175171,1
12543,0,0.002483480144292116,0
12544,0,0.0002931874478235841,0
12545,0,0.0013391650281846523,0
12546,1,0.9941616654396057,1
12547,0,7.7101394708734e-05,0
12548,1,0.9545837640762329,1
12549,1,0.999007523059845,1
12550,1,0.9993329644203186,1
12551,1,0.9782162308692932,1
12552,0,0.03268711268901825,0
12553,0,0.015970448032021523,0
12554,1,0.9996955394744873,1
12555,0,7.69442121963948e-05,0
12556,1,0.9972296357154846,1
12557,1,0.9861461520195007,1
12558,1,0.42801231145858765,0
12559,1,0.9977193474769592,1
12560,1,0.9935348033905029,1
12561,1,0.8660479784011841,1
12562,0,0.011890934780240059,0
12563,0,0.00015228809206746519,0
12564,1,0.9508463740348816,1
12565,0,0.00036533427191898227,0
12566,1,0.9996451139450073,1
12567,0,0.6715695261955261,1
12568,0,0.0039192200638353825,0
12569,0,0.0015876521356403828,0
12570,1,0.19657480716705322,0
12571,0,0.012110495008528233,0
12572,1,0.8745763897895813,1
12573,0,0.0239768847823143,0
12574,1,0.7949668765068054,1
12575,0,0.007642647251486778,0
12576,1,0.99962317943573,1
12577,0,0.01593942381441593,0
12578,1,0.6615832448005676,1
12579,1,0.9999213218688965,1
12580,0,0.7491750717163086,1
12581,0,0.0019916535820811987,0
12582,0,0.0530601367354393,0
12583,0,0.08865402638912201,0
12584,0,0.00011245381028857082,0
12585,0,0.0012472716625779867,0
12586,0,0.002442504744976759,0
12587,1,0.9997236132621765,1
12588,1,0.9989582300186157,1
12589,1,0.9877696633338928,1
12590,1,0.9952008724212646,1
12591,1,0.9997981190681458,1
12592,0,0.013907668180763721,0
12593,1,0.9996730089187622,1
12594,1,0.999763548374176,1
12595,1,0.9930177927017212,1
12596,0,0.00011327823449391872,0
12597,0,0.05785905942320824,0
12598,1,0.9946784973144531,1
12599,0,0.002012372249737382,0
12600,0,7.578774238936603e-05,0
12601,1,0.41007038950920105,0
12602,1,0.9998551607131958,1
12603,1,0.8459644317626953,1
12604,1,0.9882424473762512,1
12605,0,0.0008789385319687426,0
12606,0,0.00012118833546992391,0
12607,1,0.9990597367286682,1
12608,1,0.9994593262672424,1
12609,1,0.9999630451202393,1
12610,1,0.599748432636261,1
12611,0,0.00088337785564363,0
12612,0,0.006732334848493338,0
12613,1,0.9900699257850647,1
12614,1,0.961035966873169,1
12615,0,0.05619988963007927,0
12616,1,0.719847559928894,1
12617,1,0.8889971971511841,1
12618,1,0.9991618394851685,1
12619,0,0.0017048806184902787,0
12620,0,0.0021515286061912775,0
12621,0,0.0050999172963202,0
12622,0,0.0011135616805404425,0
12623,1,0.9952811598777771,1
12624,1,0.9904385209083557,1
12625,0,0.8941420912742615,1
12626,0,0.0002482137642800808,0
12627,0,0.003930296283215284,0
12628,0,0.4121409058570862,0
12629,1,0.9759445190429688,1
12630,0,0.001010693609714508,0
12631,1,0.9998090863227844,1
12632,1,0.9983636736869812,1
12633,0,0.00013921648496761918,0
12634,0,0.35884782671928406,0
12635,1,0.96964430809021,1
12636,0,0.03000960685312748,0
12637,1,0.9992033839225769,1
12638,1,0.9980905652046204,1
12639,0,0.1061597689986229,0
12640,0,4.7405170334968716e-05,0
12641,1,0.9980190992355347,1
12642,0,0.026765624061226845,0
12643,1,0.9954208731651306,1
12644,1,0.997153639793396,1
12645,1,0.9986541271209717,1
12646,1,0.9994865655899048,1
12647,0,0.00032464871765114367,0
12648,0,0.06053275614976883,0
12649,0,0.004201178438961506,0
12650,1,0.9997561573982239,1
12651,1,0.9999524354934692,1
12652,0,0.016263531520962715,0
12653,1,0.9998019337654114,1
12654,0,0.9798504114151001,1
12655,0,0.0009095016866922379,0
12656,0,0.05905561521649361,0
12657,1,0.9984800219535828,1
12658,0,0.08356274664402008,0
12659,1,0.9999364614486694,1
12660,0,0.005100580397993326,0
12661,0,0.5428541898727417,1
12662,1,0.9998565912246704,1
12663,0,0.007074777036905289,0
12664,0,0.006106344982981682,0
12665,1,0.08154185861349106,0
12666,0,0.0003496969002299011,0
12667,0,0.04730411618947983,0
12668,0,0.0002924529544543475,0
12669,1,0.9228858947753906,1
12670,1,0.9918072819709778,1
12671,1,0.9997673630714417,1
12672,0,0.0005434395861811936,0
12673,0,0.009645351208746433,0
12674,1,0.9774438738822937,1
12675,0,0.03488267585635185,0
12676,1,0.7747243046760559,1
12677,0,0.055178266018629074,0
12678,1,0.8715888857841492,1
12679,0,0.019252901896834373,0
12680,0,0.30473726987838745,0
12681,0,0.3228190839290619,0
12682,0,0.11710570752620697,0
12683,1,0.911907434463501,1
12684,1,0.9962373971939087,1
12685,0,0.010021652095019817,0
12686,1,0.9986383318901062,1
12687,1,0.9990310668945312,1
12688,0,0.07466375827789307,0
12689,0,0.005102233029901981,0
12690,0,0.4455180764198303,0
12691,1,0.9997753500938416,1
12692,1,0.9999330043792725,1
12693,0,0.0008035608334466815,0
12694,0,0.0866067185997963,0
12695,0,0.0007726431358605623,0
12696,1,0.9914857745170593,1
12697,0,0.03823393955826759,0
12698,1,0.9967023730278015,1
12699,1,0.9915996789932251,1
12700,0,0.003047607373446226,0
12701,0,0.004942204337567091,0
12702,0,0.005387895740568638,0
12703,1,0.6084263920783997,1
12704,1,0.9964577555656433,1
12705,1,0.6867518424987793,1
12706,0,0.0034783100709319115,0
12707,1,0.9977853298187256,1
12708,0,0.013265427201986313,0
12709,1,0.9992464780807495,1
12710,1,0.9995467066764832,1
12711,1,0.9844874739646912,1
12712,1,0.9999850988388062,1
12713,1,0.9983927607536316,1
12714,0,0.3609654903411865,0
12715,1,0.007227291353046894,0
12716,0,0.003915958106517792,0
12717,0,0.002412657253444195,0
12718,0,0.0004437272436916828,0
12719,1,0.9958897233009338,1
12720,1,0.9996682405471802,1
12721,0,0.9698881506919861,1
12722,0,0.0035710083320736885,0
12723,1,0.9480633735656738,1
12724,1,0.9959191679954529,1
12725,0,0.0020267947111278772,0
12726,1,0.99883633852005,1
12727,1,0.9976758360862732,1
12728,1,0.9353828430175781,1
12729,0,0.0009493844117969275,0
12730,0,0.03293158486485481,0
12731,1,0.9999692440032959,1
12732,0,0.056164465844631195,0
12733,0,0.19256968796253204,0
12734,1,0.9991580247879028,1
12735,1,0.9998254179954529,1
12736,0,0.012677561491727829,0
12737,0,0.000537335523404181,0
12738,0,0.008290833793580532,0
12739,0,0.006857731379568577,0
12740,0,0.00272842263802886,0
12741,1,0.9995660185813904,1
12742,1,0.9961445331573486,1
12743,0,0.13258621096611023,0
12744,0,0.00021599698811769485,0
12745,0,0.00045568542554974556,0
12746,1,0.9969189167022705,1
12747,0,0.07494799047708511,0
12748,0,0.002859678352251649,0
12749,0,0.0006869126809760928,0
12750,0,0.7168377041816711,1
12751,0,0.00045427761506289244,0
12752,1,0.9998977184295654,1
12753,0,0.003781817853450775,0
12754,0,0.00032270376686938107,0
12755,0,0.0002172902604797855,0
12756,0,0.31218311190605164,0
12757,1,0.9987680315971375,1
12758,1,0.9999822378158569,1
12759,1,0.9998397827148438,1
12760,1,0.9986496567726135,1
12761,1,0.9994161128997803,1
12762,1,0.9998044371604919,1
12763,1,0.9996291399002075,1
12764,0,0.0004508720012381673,0
12765,0,0.008304397575557232,0
12766,0,7.428577373502776e-05,0
12767,1,0.9994779229164124,1
12768,0,0.0006497614085674286,0
12769,0,0.000984993763267994,0
12770,0,0.0008142032893374562,0
12771,0,0.684163510799408,1
12772,0,0.15231424570083618,0
12773,0,0.009245592169463634,0
12774,1,0.890246570110321,1
12775,0,0.4092974364757538,0
12776,0,0.3112516403198242,0
12777,0,0.0006073593976907432,0
12778,1,0.9999037981033325,1
12779,1,0.9986652135848999,1
12780,1,0.9993333220481873,1
12781,1,0.9974996447563171,1
12782,0,0.004066171124577522,0
12783,0,0.005658987909555435,0
12784,0,0.6774916052818298,1
12785,1,0.8381599187850952,1
12786,0,0.01438082940876484,0
12787,0,0.04063970968127251,0
12788,0,0.017416851595044136,0
12789,0,0.008763913996517658,0
12790,1,0.9999692440032959,1
12791,0,0.00012791118933819234,0
12792,0,0.01048403512686491,0
12793,1,0.9704621434211731,1
12794,0,0.3384226858615875,0
12795,0,0.004312502685934305,0
12796,0,0.025186028331518173,0
12797,0,0.0034032915718853474,0
12798,1,0.9996048808097839,1
12799,1,0.9453798532485962,1
12800,0,0.0007906175451353192,0
12801,1,0.998225748538971,1
12802,0,0.004482361022382975,0
12803,0,0.08452662080526352,0
12804,1,0.9994376301765442,1
12805,0,0.00033528904896229506,0
12806,0,0.01835799030959606,0
12807,1,0.2630316913127899,0
12808,0,0.11466197669506073,0
12809,1,0.9815420508384705,1
12810,1,0.8804807066917419,1
12811,0,0.00032828960684128106,0
12812,0,0.001530254608951509,0
12813,1,0.9956222176551819,1
12814,1,0.9963381290435791,1
12815,1,0.9847198724746704,1
12816,0,0.014993317425251007,0
12817,1,0.9997523427009583,1
12818,1,0.998784601688385,1
12819,0,0.0009140130132436752,0
12820,0,0.14138193428516388,0
12821,0,0.028214188292622566,0
12822,1,0.7071669101715088,1
12823,0,0.40165507793426514,0
12824,1,0.2293030470609665,0
12825,0,0.02401774190366268,0
12826,0,0.000421246892074123,0
12827,0,0.17824192345142365,0
12828,1,0.9123423099517822,1
12829,0,0.8971102833747864,1
12830,0,0.11488349735736847,0
12831,1,0.9999510049819946,1
12832,0,0.019110482186079025,0
12833,1,0.9999864101409912,1
12834,1,0.6034675240516663,1
12835,0,0.00410744734108448,0
12836,1,0.9930974841117859,1
12837,0,0.1983714997768402,0
12838,0,0.0005263541243039072,0
12839,1,0.9926629066467285,1
12840,1,0.9821297526359558,1
12841,1,0.9993983507156372,1
12842,0,0.9028254151344299,1
12843,1,0.3070306181907654,0
12844,0,0.07470450550317764,0
12845,1,0.9998694658279419,1
12846,0,0.10371160507202148,0
12847,0,3.2004081731429324e-05,0
12848,0,0.0004973642062395811,0
12849,1,0.9970607161521912,1
12850,0,0.010616844519972801,0
12851,1,0.9999856948852539,1
12852,1,0.9999877214431763,1
12853,1,0.9985092282295227,1
12854,0,0.0017244344344362617,0
12855,0,0.0006431855144910514,0
12856,1,0.9988487958908081,1
12857,0,0.9202733039855957,1
12858,0,0.001550370128825307,0
12859,1,0.9995957016944885,1
12860,0,0.00020834605675190687,0
12861,1,0.9972968697547913,1
12862,0,0.23545081913471222,0
12863,1,0.8100701570510864,1
12864,0,0.7386695742607117,1
12865,1,0.9474191069602966,1
12866,0,0.0003072297549806535,0
12867,0,0.005356399808079004,0
12868,0,0.11685694009065628,0
12869,0,0.0017931986367329955,0
12870,1,0.5216830968856812,1
12871,0,0.004344530403614044,0
12872,1,0.9943208694458008,1
12873,1,0.9443210363388062,1
12874,1,0.9817909002304077,1
12875,0,0.013709502294659615,0
12876,0,0.0007895006565377116,0
12877,1,0.9996424913406372,1
12878,0,0.0010212701745331287,0
12879,1,0.9997475743293762,1
12880,1,0.9187126159667969,1
12881,1,0.45331907272338867,0
12882,0,0.059738241136074066,0
12883,0,0.226429745554924,0
12884,0,6.598237632715609e-06,0
12885,0,0.003022196236997843,0
12886,1,0.9997631907463074,1
12887,0,0.00013915650197304785,0
12888,0,0.004398124758154154,0
12889,0,0.9131940603256226,1
12890,0,0.0020977845415472984,0
12891,0,0.18087725341320038,0
12892,0,9.696855704532936e-05,0
12893,1,0.9973384737968445,1
12894,0,0.03935933858156204,0
12895,1,0.9936363697052002,1
12896,1,0.9994493126869202,1
12897,1,0.9886183738708496,1
12898,1,0.9924847483634949,1
12899,0,0.02147209830582142,0
12900,0,0.00033084023743867874,0
12901,1,0.9973872303962708,1
12902,1,0.9549598693847656,1
12903,0,0.055956266820430756,0
12904,1,0.9946169257164001,1
12905,0,0.007856728509068489,0
12906,0,0.00036260284832678735,0
12907,1,0.7995492815971375,1
12908,1,0.9990543723106384,1
12909,0,0.005584869999438524,0
12910,0,0.7560001611709595,1
12911,1,0.2718243896961212,0
12912,1,0.991344690322876,1
12913,1,0.999911904335022,1
12914,0,0.0002227996737929061,0
12915,1,0.9999837875366211,1
12916,1,0.9744841456413269,1
12917,0,0.11278117448091507,0
12918,0,0.14829601347446442,0
12919,1,0.8152941465377808,1
12920,0,0.12680549919605255,0
12921,1,0.9999926090240479,1
12922,1,0.8410449028015137,1
12923,1,0.9980316758155823,1
12924,1,0.9999451637268066,1
12925,0,0.022412534803152084,0
12926,1,0.9993813037872314,1
12927,0,0.0040032523684203625,0
12928,1,0.11370158195495605,0
12929,1,0.9851216077804565,1
12930,1,0.9991582632064819,1
12931,1,0.9841362237930298,1
12932,1,0.9999788999557495,1
12933,1,0.12802757322788239,0
12934,0,0.0007866780506446958,0
12935,1,0.9384202361106873,1
12936,1,0.9976822137832642,1
12937,0,0.00012831199273932725,0
12938,0,0.000205579461180605,0
12939,0,0.0008410839946009219,0
12940,0,0.002628093119710684,0
12941,1,0.9995771050453186,1
12942,1,0.8412795066833496,1
12943,1,0.9991051554679871,1
12944,1,0.9995808005332947,1
12945,1,0.804290771484375,1
12946,1,0.9998886585235596,1
12947,0,0.0008958986145444214,0
12948,1,0.9843034744262695,1
12949,0,0.0003804276348091662,0
12950,0,0.0013610570458695292,0
12951,0,0.021484995260834694,0
12952,1,0.9995518326759338,1
12953,0,0.3571409583091736,0
12954,1,0.998343825340271,1
12955,0,0.0004922487423755229,0
12956,0,0.0016203291015699506,0
12957,1,0.9949376583099365,1
12958,0,0.0005391835584305227,0
12959,0,2.9852664738427848e-05,0
12960,0,0.7617523670196533,1
12961,0,0.0018293049652129412,0
12962,1,0.9991986155509949,1
12963,0,0.016188202425837517,0
12964,1,0.9998816251754761,1
12965,1,0.9795515537261963,1
12966,1,0.998357355594635,1
12967,0,0.0018834969960153103,0
12968,1,0.9994949102401733,1
12969,0,0.0001649883488425985,0
12970,0,0.007622915785759687,0
12971,1,0.992245614528656,1
12972,0,0.003816485870629549,0
12973,1,0.9999549388885498,1
12974,1,0.9993191957473755,1
12975,0,0.0010855818400159478,0
12976,1,0.9997090697288513,1
12977,1,0.9882522225379944,1
12978,0,0.006229230668395758,0
12979,1,0.20086221396923065,0
12980,0,0.0008079319377429783,0
12981,0,0.07126250863075256,0
12982,0,0.015884656459093094,0
12983,0,1.5967760191415437e-05,0
12984,1,0.9999377727508545,1
12985,0,0.44035768508911133,0
12986,1,0.9992654919624329,1
12987,1,0.9998418092727661,1
12988,1,0.9810491800308228,1
12989,0,0.6157476902008057,1
12990,1,0.9984325766563416,1
12991,0,0.09610532969236374,0
12992,0,0.1152307540178299,0
12993,0,0.23401008546352386,0
12994,1,0.9595761299133301,1
12995,1,0.9999032020568848,1
12996,1,0.9982786178588867,1
12997,0,0.014345342293381691,0
12998,0,0.008627599105238914,0
12999,0,0.00028659493546001613,0
13000,1,0.7684499025344849,1
13001,1,0.987520694732666,1
13002,1,0.9984373450279236,1
13003,1,0.9999587535858154,1
13004,0,0.42836707830429077,0
13005,1,0.9999328851699829,1
13006,0,0.1323370784521103,0
13007,0,6.232893065316603e-05,0
13008,1,0.9737221002578735,1
13009,1,0.9863845705986023,1
13010,1,0.9982767105102539,1
13011,1,0.9998261332511902,1
13012,0,0.0002793704334180802,0
13013,0,0.0005682294140569866,0
13014,1,0.5742813348770142,1
13015,0,0.005221938248723745,0
13016,0,0.04891318455338478,0
13017,0,0.02599233016371727,0
13018,0,0.03104020096361637,0
13019,1,0.9999669790267944,1
13020,0,0.34561342000961304,0
13021,1,0.9999616146087646,1
13022,1,0.9832747578620911,1
13023,0,0.879220187664032,1
13024,0,0.0006873118691146374,0
13025,1,0.9966802597045898,1
13026,0,0.49567094445228577,0
13027,1,0.9863724112510681,1
13028,0,0.001230842899531126,0
13029,1,0.9932418465614319,1
13030,1,0.9997506737709045,1
13031,1,0.9993118047714233,1
13032,1,0.9195508360862732,1
13033,1,0.9486054182052612,1
13034,0,0.0009556340519338846,0
13035,1,0.8930268287658691,1
13036,0,0.0028624823316931725,0
13037,0,0.00307427067309618,0
13038,0,0.005652072373777628,0
13039,0,0.03257197514176369,0
13040,1,0.5638901591300964,1
13041,0,0.001505914144217968,0
13042,0,0.002415840746834874,0
13043,1,0.9543842673301697,1
13044,0,0.0003338381357025355,0
13045,0,0.5476845502853394,1
13046,1,0.7379799485206604,1
13047,0,0.00963092315942049,0
13048,1,0.9942699670791626,1
13049,1,0.4740944504737854,0
13050,0,0.0013302622828632593,0
13051,0,0.012987288646399975,0
13052,1,0.9990342855453491,1
13053,1,0.9980292916297913,1
13054,0,0.20378586649894714,0
13055,1,0.9990168809890747,1
13056,1,0.9999053478240967,1
13057,0,0.011228842660784721,0
13058,1,0.9998537302017212,1
13059,0,0.0049884929321706295,0
13060,0,0.0282660610973835,0
13061,0,0.96430504322052,1
13062,0,0.0009738837252371013,0
13063,0,0.002035511424764991,0
13064,1,0.9995830655097961,1
13065,0,0.0001966427662409842,0
13066,0,0.001717976643703878,0
13067,1,0.9980886578559875,1
13068,0,0.010612673126161098,0
13069,0,0.08781468868255615,0
13070,1,0.9978875517845154,1
13071,1,0.9965214729309082,1
13072,0,0.0019072128925472498,0
13073,1,0.9737551808357239,1
13074,1,0.9897871017456055,1
13075,0,0.123509980738163,0
13076,0,0.11275642365217209,0
13077,0,0.006791225168853998,0
13078,1,0.9999434947967529,1
13079,1,0.99765944480896,1
13080,0,0.0008435086347162724,0
13081,1,0.9943988919258118,1
13082,1,0.9990755319595337,1
13083,1,0.9729544520378113,1
13084,0,0.06766051799058914,0
13085,0,0.0003923203330487013,0
13086,0,0.007683068513870239,0
13087,0,0.00733348960056901,0
13088,0,0.00016768007481005043,0
13089,0,0.8532021641731262,1
13090,0,0.5001594424247742,1
13091,0,0.045422639697790146,0
13092,1,0.9999454021453857,1
13093,1,0.9999057054519653,1
13094,1,0.28451991081237793,0
13095,0,0.0034264111891388893,0
13096,0,0.8263500332832336,1
13097,1,0.9997726082801819,1
13098,1,0.9805918335914612,1
13099,1,0.999663233757019,1
13100,0,0.011598317883908749,0
13101,1,0.9984544515609741,1
13102,0,0.0029686084017157555,0
13103,0,0.007414758205413818,0
13104,1,0.9992357492446899,1
13105,0,0.003575520357117057,0
13106,0,0.016226276755332947,0
13107,0,0.17644476890563965,0
13108,0,0.004034061916172504,0
13109,1,0.9996216297149658,1
13110,0,0.006647149100899696,0
13111,0,0.3550218939781189,0
13112,1,0.9603362083435059,1
13113,1,0.994850218296051,1
13114,1,0.9999892711639404,1
13115,0,0.00016517093172296882,0
13116,0,0.0900203138589859,0
13117,0,0.003818994155153632,0
13118,1,0.9798328876495361,1
13119,1,0.9109603762626648,1
13120,0,0.0007457336178049445,0
13121,1,0.9997019171714783,1
13122,1,0.9993048906326294,1
13123,0,0.00016796137788333,0
13124,0,0.0032181753776967525,0
13125,0,0.07203342020511627,0
13126,0,0.0003326457808725536,0
13127,1,0.9995928406715393,1
13128,0,0.0012863691663369536,0
13129,1,0.9995129108428955,1
13130,0,0.017081739380955696,0
13131,0,0.0003888854698743671,0
13132,0,9.036393748829141e-05,0
13133,0,0.0026206118054687977,0
13134,1,0.9999873638153076,1
13135,0,0.8353675603866577,1
13136,1,0.9338621497154236,1
13137,0,0.0019047915702685714,0
13138,1,0.999755322933197,1
13139,1,0.9998179078102112,1
13140,0,0.02736085280776024,0
13141,1,0.9843769073486328,1
13142,1,0.9971717000007629,1
13143,0,0.0003113234997726977,0
13144,0,0.0279830489307642,0
13145,1,0.9992387294769287,1
13146,1,0.9986814856529236,1
13147,0,0.31814780831336975,0
13148,0,0.36978036165237427,0
13149,0,0.8053648471832275,1
13150,1,0.99660325050354,1
13151,1,0.9991077780723572,1
13152,0,0.0017539698164910078,0
13153,0,0.006784332450479269,0
13154,0,0.01583859696984291,0
13155,1,0.9954410791397095,1
13156,0,0.0008152572554536164,0
13157,0,0.010836901143193245,0
13158,0,0.003785509616136551,0
13159,1,0.977775514125824,1
13160,0,0.00047073740279302,0
13161,1,0.9994749426841736,1
13162,1,0.999316930770874,1
13163,1,0.9552820920944214,1
13164,0,0.010128303430974483,0
13165,0,0.0008101951098069549,0
13166,0,0.00024420206318609416,0
13167,1,0.9997081160545349,1
13168,1,0.999962329864502,1
13169,1,0.9997043013572693,1
13170,1,0.9998052716255188,1
13171,1,0.07245144248008728,0
13172,1,0.9970288872718811,1
13173,1,0.9993754029273987,1
13174,1,0.9960113763809204,1
13175,1,0.9953996539115906,1
13176,1,0.9839630722999573,1
13177,1,0.9961652755737305,1
13178,1,0.9675348997116089,1
13179,1,0.997975766658783,1
13180,1,0.994940996170044,1
13181,1,0.7228227257728577,1
13182,0,0.00038267532363533974,0
13183,0,0.0013695615343749523,0
13184,0,0.00024159207532647997,0
13185,1,0.9999783039093018,1
13186,1,0.999976396560669,1
13187,0,0.0045286379754543304,0
13188,1,0.996414303779602,1
13189,0,0.0024063095916062593,0
13190,0,0.0032050232402980328,0
13191,1,0.9974644184112549,1
13192,0,0.7848929166793823,1
13193,1,0.9875698685646057,1
13194,1,0.9879412055015564,1
13195,1,0.9998522996902466,1
13196,1,0.9475231170654297,1
13197,1,0.9760536551475525,1
13198,1,0.9996820688247681,1
13199,0,0.0015898962737992406,0
13200,1,0.9999420642852783,1
13201,1,0.9988763928413391,1
13202,1,0.9995924830436707,1
13203,0,0.6757816076278687,1
13204,0,0.009168769232928753,0
13205,0,0.003964203409850597,0
13206,1,0.9537205100059509,1
13207,0,0.0029425581451505423,0
13208,1,0.9898054599761963,1
13209,0,0.021162446588277817,0
13210,0,0.0005472053890116513,0
13211,0,0.6940963268280029,1
13212,1,0.9999600648880005,1
13213,1,0.9984545707702637,1
13214,0,0.001152635202743113,0
13215,0,0.0539090558886528,0
13216,1,0.996475875377655,1
13217,0,0.00826177280396223,0
13218,1,0.9133903384208679,1
13219,0,0.0004589916206896305,0
13220,0,0.4660137891769409,0
13221,0,0.0006420888239517808,0
13222,1,0.9881689548492432,1
13223,1,0.9997895359992981,1
13224,1,0.9982580542564392,1
13225,0,0.2835316061973572,0
13226,1,0.9998968839645386,1
13227,1,0.9998130202293396,1
13228,1,0.9999581575393677,1
13229,1,0.9983571171760559,1
13230,1,0.9992339611053467,1
13231,0,0.00012629585398826748,0
13232,1,0.998236894607544,1
13233,1,0.9978731870651245,1
13234,1,0.5829275846481323,1
13235,1,0.9989604949951172,1
13236,1,0.6294075846672058,1
13237,0,0.0011929082684218884,0
13238,1,0.9868825078010559,1
13239,0,0.8684965968132019,1
13240,0,0.618815541267395,1
13241,0,0.00020697034779004753,0
13242,1,0.9978245496749878,1
13243,1,0.8844709396362305,1
13244,1,0.9988539218902588,1
13245,1,0.999669075012207,1
13246,0,0.0021718298085033894,0
13247,1,0.9999078512191772,1
13248,1,0.9935168027877808,1
13249,0,9.065272024599835e-05,0
13250,0,0.0035593737848103046,0
13251,0,0.004018329083919525,0
13252,1,0.9961353540420532,1
13253,0,0.0017141542630270123,0
13254,0,0.0009593661525286734,0
13255,0,0.00043955727596767247,0
13256,1,0.8312979936599731,1
13257,0,0.010224663652479649,0
13258,0,0.000481311755720526,0
13259,0,0.00046039698645472527,0
13260,1,0.9978581070899963,1
13261,1,0.9921450018882751,1
13262,1,0.9993866682052612,1
13263,1,0.9994043111801147,1
13264,0,0.028370575979351997,0
13265,1,0.9711803197860718,1
13266,0,0.6446715593338013,1
13267,1,0.9995118379592896,1
13268,0,0.9525354504585266,1
13269,1,0.9991982579231262,1
13270,1,0.9995890259742737,1
13271,1,0.999974250793457,1
13272,1,0.9999207258224487,1
13273,1,0.9814629554748535,1
13274,0,0.00011181098670931533,0
13275,0,0.00031718597165308893,0
13276,0,0.00025174973416142166,0
13277,0,0.45679792761802673,0
13278,0,0.0013234710786491632,0
13279,0,0.0463399738073349,0
13280,0,0.2833622097969055,0
13281,0,0.03350937366485596,0
13282,1,0.9962862730026245,1
13283,1,0.9876992702484131,1
13284,1,0.9882658123970032,1
13285,1,0.9636912941932678,1
13286,1,0.984859049320221,1
13287,0,0.0002755598397925496,0
13288,0,0.0003068764344789088,0
13289,1,0.999868631362915,1
13290,1,0.9926277995109558,1
13291,1,0.9995967745780945,1
13292,0,0.07069972157478333,0
13293,1,0.9992891550064087,1
13294,1,0.5659788846969604,1
13295,1,0.9995993971824646,1
13296,1,0.8570896983146667,1
13297,1,0.9999200105667114,1
13298,0,0.0005359373171813786,0
13299,0,0.0002772476873360574,0
13300,0,0.46305710077285767,0
13301,0,0.12704014778137207,0
13302,0,0.00013744608440902084,0
13303,1,0.9478841423988342,1
13304,1,0.9976911544799805,1
13305,0,0.0015801656991243362,0
13306,1,0.9946605563163757,1
13307,1,0.9406993985176086,1
13308,0,0.14484243094921112,0
13309,0,0.252912312746048,0
13310,0,0.01835840381681919,0
13311,1,0.9956421852111816,1
13312,1,0.995543897151947,1
13313,1,0.9999349117279053,1
13314,1,0.9999399185180664,1
13315,1,0.06664223223924637,0
13316,1,0.999840497970581,1
13317,1,0.9999843835830688,1
13318,1,0.9863081574440002,1
13319,0,2.0232369934092276e-05,0
13320,0,0.0039051345083862543,0
13321,0,0.0880788266658783,0
13322,0,0.010028400458395481,0
13323,0,3.412668957025744e-05,0
13324,0,0.002198472386226058,0
13325,0,0.004130433779209852,0
13326,0,0.07789929211139679,0
13327,0,0.0001277685514651239,0
13328,1,0.9820618033409119,1
13329,1,0.9987550973892212,1
13330,1,0.9998651742935181,1
13331,1,0.997536301612854,1
13332,1,0.9831010103225708,1
13333,0,0.0002953660150524229,0
13334,1,0.999560534954071,1
13335,0,0.0013435980072245002,0
13336,1,0.9999463558197021,1
13337,0,0.003845303086563945,0
13338,0,0.010972599498927593,0
13339,1,0.9854874610900879,1
13340,0,0.004148790147155523,0
13341,1,0.9998577833175659,1
13342,0,7.319765427382663e-05,0
13343,1,0.725053608417511,1
13344,0,0.0015818736283108592,0
13345,1,0.9981525540351868,1
13346,1,0.960411787033081,1
13347,0,0.0009131281985901296,0
13348,0,0.0007304490427486598,0
13349,1,0.04423382133245468,0
13350,0,0.1176954135298729,0
13351,0,0.0007740912842564285,0
13352,0,0.0006786275189369917,0
13353,1,0.9999819993972778,1
13354,1,0.9992725253105164,1
13355,1,0.9985860586166382,1
13356,1,0.6528022289276123,1
13357,0,0.0221115555614233,0
13358,0,0.0001893411681521684,0
13359,1,0.9677601456642151,1
13360,1,0.9705883860588074,1
13361,1,0.9998693466186523,1
13362,1,0.9977377653121948,1
13363,1,0.9199743866920471,1
13364,1,0.7094786763191223,1
13365,1,0.9997703433036804,1
13366,0,0.0003386636672075838,0
13367,1,0.9788191318511963,1
13368,0,0.03355393186211586,0
13369,1,0.9996626377105713,1
13370,0,0.033170394599437714,0
13371,1,0.9842612743377686,1
13372,1,0.9998286962509155,1
13373,0,0.002643066458404064,0
13374,1,0.9947535991668701,1
13375,1,0.9988386034965515,1
13376,1,0.9983313679695129,1
13377,0,0.000349799549439922,0
13378,1,0.9986231327056885,1
13379,1,0.8130037784576416,1
13380,0,0.08617255836725235,0
13381,1,0.9895367622375488,1
13382,0,0.03028418868780136,0
13383,1,0.9951725602149963,1
13384,0,0.00010137323988601565,0
13385,1,0.9931383728981018,1
13386,0,0.0007478643674403429,0
13387,1,0.9995833039283752,1
13388,1,0.8403709530830383,1
13389,0,2.650302485562861e-05,0
13390,1,0.9988667964935303,1
13391,1,0.9991683959960938,1
13392,1,0.9999914169311523,1
13393,1,0.9997683167457581,1
13394,1,0.9636994004249573,1
13395,1,0.7656621336936951,1
13396,1,0.9899528622627258,1
13397,0,0.0005637209978885949,0
13398,1,0.5157095789909363,1
13399,1,0.998146653175354,1
13400,0,0.023448742926120758,0
13401,1,0.9941787719726562,1
13402,1,0.9984508752822876,1
13403,1,0.9998016953468323,1
13404,1,0.9940817952156067,1
13405,1,0.8517290353775024,1
13406,0,0.0005528421606868505,0
13407,0,0.013000779785215855,0
13408,0,0.0029121742118149996,0
13409,1,0.47198158502578735,0
13410,1,0.9998375177383423,1
13411,1,0.9808599948883057,1
13412,1,0.9998424053192139,1
13413,1,0.21196220815181732,0
13414,1,0.9988742470741272,1
13415,1,0.99172443151474,1
13416,1,0.9972230195999146,1
13417,1,0.9912381768226624,1
13418,0,0.05429987981915474,0
13419,1,0.9997530579566956,1
13420,0,2.08755172934616e-05,0
13421,0,0.012866109609603882,0
13422,0,0.00022131508740130812,0
13423,1,0.9936687350273132,1
13424,0,0.04860210418701172,0
13425,1,0.9926766157150269,1
13426,0,0.2502589225769043,0
13427,1,0.9954420328140259,1
13428,0,0.00030291592702269554,0
13429,0,0.0015518639702349901,0
13430,1,0.9959806203842163,1
13431,0,0.0018537925789132714,0
13432,0,0.0005072877975180745,0
13433,1,0.9998370409011841,1
13434,0,0.002263879170641303,0
13435,0,0.0002253074198961258,0
13436,1,0.9996850490570068,1
13437,0,0.22983868420124054,0
13438,0,0.00043638760689646006,0
13439,1,0.9980725049972534,1
13440,0,0.02319379150867462,0
13441,1,0.8899227976799011,1
13442,1,0.8915104866027832,1
13443,0,0.0010576683562248945,0
13444,1,0.9987038373947144,1
13445,1,0.7303574085235596,1
13446,0,0.0003423490561544895,0
13447,0,0.030384840443730354,0
13448,1,0.9900513291358948,1
13449,1,0.9958733916282654,1
13450,0,2.111097091983538e-05,0
13451,0,0.0016345652984455228,0
13452,0,0.0007189421448856592,0
13453,0,0.7941722273826599,1
13454,0,0.004307673312723637,0
13455,0,0.012435970827937126,0
13456,1,0.8311790227890015,1
13457,1,0.9999580383300781,1
13458,0,0.005462120287120342,0
13459,1,0.9998735189437866,1
13460,1,0.9996424913406372,1
13461,1,0.8788546919822693,1
13462,0,3.986034062108956e-05,0
13463,1,0.9960235357284546,1
13464,0,0.0011109160259366035,0
13465,0,0.0011012863833457232,0
13466,1,0.5879018306732178,1
13467,1,0.9997088313102722,1
13468,0,0.0462859645485878,0
13469,0,0.004634251352399588,0
13470,1,0.9986611604690552,1
13471,0,0.12685607373714447,0
13472,1,0.9999667406082153,1
13473,0,0.014942909590899944,0
13474,1,0.6873587965965271,1
13475,0,0.05791712552309036,0
13476,0,0.9885016679763794,1
13477,1,0.9994813799858093,1
13478,1,0.9998748302459717,1
13479,0,0.2661214768886566,0
13480,1,0.9994179010391235,1
13481,1,0.9999856948852539,1
13482,0,0.00035148367169313133,0
13483,1,0.9999735355377197,1
13484,0,0.0011934004724025726,0
13485,1,0.9999865293502808,1
13486,1,0.7954767942428589,1
13487,0,0.022743644192814827,0
13488,1,0.9995843768119812,1
13489,0,0.00010034588922280818,0
13490,1,0.9998918771743774,1
13491,1,0.7286616563796997,1
13492,1,0.9995896220207214,1
13493,1,0.8905077576637268,1
13494,0,0.0002929410256911069,0
13495,0,0.003082206239923835,0
13496,1,0.9993602633476257,1
13497,0,0.001957422122359276,0
13498,0,0.008889086544513702,0
13499,1,0.9920188784599304,1
13500,0,0.0009499902953393757,0
13501,0,2.1609799659927376e-05,0
13502,1,0.9981207251548767,1
13503,1,0.995513379573822,1
13504,1,0.9997332692146301,1
13505,1,0.9996457099914551,1
13506,1,0.9999905824661255,1
13507,0,0.0002905838773585856,0
13508,0,0.0002730741980485618,0
13509,1,0.9998297691345215,1
13510,1,0.998957633972168,1
13511,0,0.0017720110481604934,0
13512,1,0.9598150849342346,1
13513,0,5.217374928179197e-05,0
13514,0,0.009736872278153896,0
13515,1,0.9256346225738525,1
13516,1,0.9832353591918945,1
13517,0,6.826632306911051e-05,0
13518,0,0.001805051346309483,0
13519,1,0.999970555305481,1
13520,0,0.03879692777991295,0
13521,1,0.8235421180725098,1
13522,1,0.962356686592102,1
13523,0,0.013387450017035007,0
13524,1,0.42240098118782043,0
13525,1,0.9918345212936401,1
13526,1,0.9944071769714355,1
13527,1,0.9997883439064026,1
13528,1,0.994716465473175,1
13529,1,0.9774797558784485,1
13530,1,0.997072696685791,1
13531,0,0.006627412047237158,0
13532,0,3.952949555241503e-05,0
13533,0,0.027360787615180016,0
13534,1,0.9997983574867249,1
13535,0,0.00028253841446712613,0
13536,0,0.000273567478870973,0
13537,1,0.9988357424736023,1
13538,1,0.999923825263977,1
13539,0,0.0001069643403752707,0
13540,0,0.00020742649212479591,0
13541,0,0.0009229224524460733,0
13542,0,0.003934050444513559,0
13543,1,0.9993695616722107,1
13544,1,0.9880523681640625,1
13545,0,0.0002518414403311908,0
13546,0,0.5832958221435547,1
13547,0,0.04967782646417618,0
13548,0,0.003569623688235879,0
13549,0,0.0007644077995792031,0
13550,1,0.9690350294113159,1
13551,0,0.0005192910321056843,0
13552,0,0.0025939620099961758,0
13553,0,0.18883071839809418,0
13554,0,0.013005228713154793,0
13555,0,0.012730946764349937,0
13556,0,0.3156360983848572,0
13557,0,0.010599963366985321,0
13558,0,0.4263274371623993,0
13559,0,0.0012872343650087714,0
13560,0,0.3820563554763794,0
13561,0,0.00024260378268081695,0
13562,0,0.026396434754133224,0
13563,0,0.0024705904070287943,0
13564,0,0.00383103103376925,0
13565,0,0.0003545431245584041,0
13566,0,0.6863239407539368,1
13567,1,0.9540275931358337,1
13568,1,0.9988542795181274,1
13569,0,0.0404377207159996,0
13570,0,0.005406460724771023,0
13571,0,0.0005748776602558792,0
13572,0,0.005728592164814472,0
13573,1,0.9896755814552307,1
13574,1,0.12975266575813293,0
13575,1,0.9429411292076111,1
13576,1,0.9994805455207825,1
13577,1,0.999923825263977,1
13578,1,0.9542248845100403,1
13579,1,0.9988810420036316,1
13580,0,0.020447488874197006,0
13581,0,0.0004674523661378771,0
13582,0,0.0031538086477667093,0
13583,0,2.289575968461577e-05,0
13584,1,0.986197292804718,1
13585,1,0.9999023675918579,1
13586,1,0.9966051578521729,1
13587,0,0.0010463828220963478,0
13588,1,0.9991414546966553,1
13589,0,6.088029476813972e-05,0
13590,0,0.1347583532333374,0
13591,0,8.995307143777609e-05,0
13592,0,0.6416272521018982,1
13593,0,0.0030096208211034536,0
13594,0,0.0018525610212236643,0
13595,0,0.0017063592094928026,0
13596,1,0.9985658526420593,1
13597,0,0.0022322572767734528,0
13598,0,0.13410665094852448,0
13599,0,0.004401650745421648,0
13600,1,0.9987645149230957,1
13601,0,0.004825584124773741,0
13602,0,0.002283121459186077,0
13603,0,0.961371898651123,1
13604,0,0.0003985375806223601,0
13605,1,0.9553581476211548,1
13606,0,0.8697496056556702,1
13607,1,0.9993185997009277,1
13608,0,0.0007016088929958642,0
13609,1,0.9857087135314941,1
13610,0,0.003392966231331229,0
13611,0,0.0004241820133756846,0
13612,0,0.5658859610557556,1
13613,1,0.9793902635574341,1
13614,0,0.8709310293197632,1
13615,1,0.9864349365234375,1
13616,1,0.9923762679100037,1
13617,1,0.9981703758239746,1
13618,0,0.26787105202674866,0
13619,1,0.9275469779968262,1
13620,0,0.1705104559659958,0
13621,1,0.9985272884368896,1
13622,0,0.00030352213070727885,0
13623,1,0.9832206964492798,1
13624,0,0.001108104595914483,0
13625,1,0.971167266368866,1
13626,0,0.00329298572614789,0
13627,0,0.03952675685286522,0
13628,1,0.9993639588356018,1
13629,0,0.0025308788754045963,0
13630,1,0.6633406281471252,1
13631,0,0.0026146164163947105,0
13632,0,0.08812154829502106,0
13633,1,0.9997894167900085,1
13634,1,0.9903636574745178,1
13635,0,0.00526154600083828,0
13636,0,0.0002124388120137155,0
13637,1,0.9817097783088684,1
13638,0,0.005262267310172319,0
13639,1,0.8920490741729736,1
13640,1,0.5230783820152283,1
13641,0,0.0971529558300972,0
13642,0,0.379576176404953,0
13643,0,0.05284611135721207,0
13644,0,0.12483358383178711,0
13645,0,0.006887722760438919,0
13646,0,0.016745716333389282,0
13647,1,0.9999827146530151,1
13648,1,0.9997801184654236,1
13649,0,0.00026865312247537076,0
13650,0,0.00019155674090143293,0
13651,1,0.9477987885475159,1
13652,1,0.39701905846595764,0
13653,0,0.03340798243880272,0
13654,1,0.99988853931427,1
13655,0,0.010972263291478157,0
13656,1,0.9998880624771118,1
13657,0,0.0033321543596684933,0
13658,0,0.0002878016384784132,0
13659,0,0.0033520336728543043,0
13660,0,0.7849188446998596,1
13661,0,0.0001623090065550059,0
13662,0,0.00031445594504475594,0
13663,1,0.9689311981201172,1
13664,1,0.9891051650047302,1
13665,1,0.9979215264320374,1
13666,1,0.9993206262588501,1
13667,0,0.045783888548612595,0
13668,0,0.06403627246618271,0
13669,0,0.004918226506561041,0
13670,0,0.0002776868350338191,0
13671,1,0.992770254611969,1
13672,0,0.0010191823821514845,0
13673,0,0.0016677784733474255,0
13674,1,0.9999444484710693,1
13675,1,0.9982574582099915,1
13676,0,0.8394300937652588,1
13677,1,0.9991260170936584,1
13678,1,0.9964014291763306,1
13679,0,0.00029204643215052783,0
13680,0,0.035706400871276855,0
13681,0,0.00048581804730929434,0
13682,0,0.01729736290872097,0
13683,1,0.9987382292747498,1
13684,1,0.9979918003082275,1
13685,1,0.9994910955429077,1
13686,0,0.5275959968566895,1
13687,0,0.0012498659780249,0
13688,1,0.9984216690063477,1
13689,0,0.00034074735594913363,0
13690,1,0.9968260526657104,1
13691,1,0.9987214207649231,1
13692,0,0.2149634063243866,0
13693,1,0.9999421834945679,1
13694,1,0.9997757077217102,1
13695,0,0.001123914960771799,0
13696,0,0.03454047068953514,0
13697,1,0.9991580247879028,1
13698,0,0.0007224730798043311,0
13699,0,0.7050779461860657,1
13700,0,0.05460499972105026,0
13701,1,0.9995088577270508,1
13702,0,0.2762032449245453,0
13703,0,0.08552557975053787,0
13704,0,0.0003929459780920297,0
13705,0,0.029654396697878838,0
13706,0,0.5479162931442261,1
13707,0,0.0008949895272962749,0
13708,0,0.008673639968037605,0
13709,0,0.00620524026453495,0
13710,0,0.00033478406840004027,0
13711,1,0.9987280964851379,1
13712,1,0.9973390698432922,1
13713,0,0.0010009434772655368,0
13714,0,0.13372336328029633,0
13715,0,0.03625113517045975,0
13716,1,0.9995174407958984,1
13717,1,0.9934670329093933,1
13718,1,0.9979313611984253,1
13719,0,0.004467211198061705,0
13720,1,0.999920129776001,1
13721,1,0.9989521503448486,1
13722,1,0.9990819692611694,1
13723,1,0.9891998767852783,1
13724,0,0.0011490467004477978,0
13725,1,0.9997590184211731,1
13726,1,0.9950742125511169,1
13727,1,0.5431445240974426,1
13728,0,8.568353223381564e-05,0
13729,1,0.4939269423484802,0
13730,1,0.7309796214103699,1
13731,0,0.11798542737960815,0
13732,1,0.9993565678596497,1
13733,0,0.038101233541965485,0
13734,0,0.0006907280767336488,0
13735,1,0.999906063079834,1
13736,0,0.005251067224889994,0
13737,0,0.0006468252977356315,0
13738,1,0.9218447208404541,1
13739,1,0.980048656463623,1
13740,1,0.999225378036499,1
13741,0,0.002440899843350053,0
13742,0,0.06898289173841476,0
13743,0,0.00038766622310504317,0
13744,0,0.03689896687865257,0
13745,0,0.0008863110560923815,0
13746,1,0.9998334646224976,1
13747,1,0.9993395209312439,1
13748,0,0.04753049463033676,0
13749,1,0.9986496567726135,1
13750,1,0.9869837760925293,1
13751,0,0.06428507715463638,0
13752,1,0.48812979459762573,0
13753,0,0.025726808235049248,0
13754,0,0.004809341859072447,0
13755,0,0.0003795840893872082,0
13756,1,0.9992356300354004,1
13757,0,0.004406718537211418,0
13758,1,0.9722384214401245,1
13759,1,0.9984606504440308,1
13760,1,0.9848158359527588,1
13761,1,0.9997382760047913,1
13762,0,0.0020379042252898216,0
13763,1,0.9321841597557068,1
13764,1,0.9999110698699951,1
13765,1,0.9952203631401062,1
13766,0,0.001898662419989705,0
13767,0,0.0005120384739711881,0
13768,0,0.21289895474910736,0
13769,0,0.000689046923071146,0
13770,0,0.0011533732758834958,0
13771,1,0.9920154809951782,1
13772,0,0.00029524098499678075,0
13773,0,0.00127918622456491,0
13774,1,0.9984456896781921,1
13775,1,0.9996657371520996,1
13776,0,0.018278982490301132,0
13777,1,0.9985675811767578,1
13778,1,0.9999381303787231,1
13779,1,0.9999221563339233,1
13780,0,8.940908446675166e-05,0
13781,1,0.9999823570251465,1
13782,0,0.0027726248372346163,0
13783,0,0.014578508213162422,0
13784,0,0.8498326539993286,1
13785,0,0.007473750971257687,0
13786,0,0.34883734583854675,0
13787,1,0.6763393878936768,1
13788,0,0.5232880711555481,1
13789,0,0.0001491115108365193,0
13790,0,0.0032689094077795744,0
13791,1,0.9997559189796448,1
13792,1,0.9990837574005127,1
13793,1,0.9998902082443237,1
13794,0,0.001028884551487863,0
13795,1,0.9996159076690674,1
13796,0,0.0003255705232731998,0
13797,0,0.0019488648977130651,0
13798,0,0.0006658697966486216,0
13799,0,0.0026738604065030813,0
13800,0,0.0361514650285244,0
13801,1,0.9998424053192139,1
13802,0,0.0012912569800391793,0
13803,0,0.009018859826028347,0
13804,1,0.9998836517333984,1
13805,1,0.895092785358429,1
13806,1,0.9855395555496216,1
13807,1,0.11256062984466553,0
13808,1,0.9897634983062744,1
13809,1,0.9996215105056763,1
13810,1,0.9228160381317139,1
13811,1,0.9957299828529358,1
13812,1,0.9994932413101196,1
13813,1,0.9992983341217041,1
13814,1,0.9961965084075928,1
13815,0,0.012139116413891315,0
13816,1,0.9999383687973022,1
13817,0,0.008356268517673016,0
13818,1,0.9978857636451721,1
13819,1,0.8814478516578674,1
13820,1,0.99708491563797,1
13821,1,0.9998680353164673,1
13822,0,0.013784671202301979,0
13823,0,0.03580865636467934,0
13824,0,9.348076855530962e-05,0
13825,0,0.00047730348887853324,0
13826,0,0.00021892001677770168,0
13827,1,0.9761583209037781,1
13828,0,0.0005400061490945518,0
13829,0,0.0048616668209433556,0
13830,1,0.9945220947265625,1
13831,0,0.46219712495803833,0
13832,1,0.9989063739776611,1
13833,0,0.008801382035017014,0
13834,1,0.79619300365448,1
13835,1,0.9977680444717407,1
13836,1,0.8401651382446289,1
13837,1,0.9999734163284302,1
13838,1,0.841580867767334,1
13839,1,0.999972939491272,1
13840,1,0.9659844636917114,1
13841,1,0.9948569536209106,1
13842,0,0.0014575342647731304,0
13843,0,0.00045954130473546684,0
13844,0,0.0016186045249924064,0
13845,0,0.015767710283398628,0
13846,0,0.005971367936581373,0
13847,1,0.9995563626289368,1
13848,0,0.00022492233256343752,0
13849,1,0.9995135068893433,1
13850,0,4.329665534896776e-05,0
13851,0,0.029140081256628036,0
13852,1,0.9999450445175171,1
13853,0,0.00011604010796872899,0
13854,1,0.9999586343765259,1
13855,1,0.9996616840362549,1
13856,0,0.002257984597235918,0
13857,1,0.9994205236434937,1
13858,1,0.7206710577011108,1
13859,1,0.9999699592590332,1
13860,0,0.03673374652862549,0
13861,0,0.9766331911087036,1
13862,1,0.9994019269943237,1
13863,0,0.00016231487097684294,0
13864,0,0.00041179644176736474,0
13865,1,0.9999034404754639,1
13866,0,0.0010146627901121974,0
13867,1,0.9999710321426392,1
13868,1,0.9441008567810059,1
13869,0,0.00020110425248276442,0
13870,1,0.7625365257263184,1
13871,0,0.3045363128185272,0
13872,1,0.008419237099587917,0
13873,1,0.9945675134658813,1
13874,1,0.7577109336853027,1
13875,1,0.6648295521736145,1
13876,0,0.011442224495112896,0
13877,0,0.5661472082138062,1
13878,0,0.006646780762821436,0
13879,0,0.6914424896240234,1
13880,1,0.9996116757392883,1
13881,0,0.0218366626650095,0
13882,1,0.9997625946998596,1
13883,1,0.9985716342926025,1
13884,0,0.013780605979263783,0
13885,0,0.24063372611999512,0
13886,0,0.0009781380649656057,0
13887,0,0.030626516789197922,0
13888,0,0.0030008445028215647,0
13889,0,0.0005895160720683634,0
13890,1,0.9993646740913391,1
13891,1,0.9972912669181824,1
13892,0,0.07058528810739517,0
13893,1,0.9836020469665527,1
13894,1,0.9997662901878357,1
13895,1,0.9991185069084167,1
13896,0,0.002680330304428935,0
13897,1,0.9990777969360352,1
13898,0,0.0007222930435091257,0
13899,0,0.6236310005187988,1
13900,0,0.0019578489009290934,0
13901,1,0.999933123588562,1
13902,1,0.9701436161994934,1
13903,0,7.251511851791292e-05,0
13904,0,0.0052666268311440945,0
13905,1,0.9973280429840088,1
13906,0,0.00039973275852389634,0
13907,1,0.9999936819076538,1
13908,0,0.05545199289917946,0
13909,0,9.564337960910052e-05,0
13910,1,0.4248533844947815,0
13911,0,0.0015383469872176647,0
13912,0,0.01481696218252182,0
13913,0,0.9755808711051941,1
13914,0,0.006777405738830566,0
13915,0,0.00018722904496826231,0
13916,1,0.9996236562728882,1
13917,0,0.0013133935863152146,0
13918,1,0.9627863168716431,1
13919,1,0.883908748626709,1
13920,0,0.16498151421546936,0
13921,1,0.9991028308868408,1
13922,0,0.2546612322330475,0
13923,0,0.004276441875845194,0
13924,0,0.004301154054701328,0
13925,1,0.999305009841919,1
13926,0,0.054001934826374054,0
13927,0,0.009117529727518559,0
13928,0,0.00835014134645462,0
13929,0,0.5625303387641907,1
13930,1,0.9083707928657532,1
13931,0,0.000691603752784431,0
13932,1,0.9999414682388306,1
13933,1,0.9970651268959045,1
13934,1,0.9952781200408936,1
13935,1,0.9979782700538635,1
13936,0,0.00045632178080268204,0
13937,0,0.005899309180676937,0
13938,1,0.9999179840087891,1
13939,1,0.8575681447982788,1
13940,0,0.0014905042480677366,0
13941,0,0.0032761013135313988,0
13942,0,0.0010789852822199464,0
13943,1,0.9997808337211609,1
13944,1,0.9687361717224121,1
13945,0,0.008367057889699936,0
13946,1,0.9988763928413391,1
13947,1,0.8792937397956848,1
13948,0,0.00390881672501564,0
13949,1,0.9932241439819336,1
13950,1,0.9966886639595032,1
13951,1,0.999403715133667,1
13952,0,0.01139256451278925,0
13953,1,0.9520962834358215,1
13954,1,0.9999312162399292,1
13955,0,0.0008685030043125153,0
13956,0,0.0011522856075316668,0
13957,1,0.9651776552200317,1
13958,1,0.9980912804603577,1
13959,1,0.9975870847702026,1
13960,1,0.9988540410995483,1
13961,1,0.9999650716781616,1
13962,1,0.8327003121376038,1
13963,0,2.400800440227613e-05,0
13964,0,0.000283479574136436,0
13965,0,0.007420983165502548,0
13966,0,3.41495469911024e-05,0
13967,0,0.001761582912877202,0
13968,0,0.0004982078680768609,0
13969,1,0.9820351600646973,1
13970,1,0.9988231062889099,1
13971,0,0.005455133970826864,0
13972,1,0.7980486154556274,1
13973,0,0.00032792301499284804,0
13974,1,0.9998691082000732,1
13975,0,0.0014518414391204715,0
13976,1,0.9997280240058899,1
13977,1,0.9933866858482361,1
13978,1,0.9998214840888977,1
13979,0,0.0012415200471878052,0
13980,1,0.9997026324272156,1
13981,0,0.0002624529297463596,0
13982,0,0.0017423939425498247,0
13983,0,0.00021983093756716698,0
13984,0,0.997724711894989,1
13985,1,0.9900248050689697,1
13986,1,0.9760872721672058,1
13987,1,0.9270657300949097,1
13988,1,0.9932034015655518,1
13989,1,0.8884117007255554,1
13990,1,0.9967520236968994,1
13991,0,0.0022829899098724127,0
13992,0,0.0005389389698393643,0
13993,0,0.0002598153369035572,0
13994,0,0.009457023814320564,0
13995,1,0.9991194605827332,1
13996,0,0.8377589583396912,1
13997,1,0.14739087224006653,0
13998,0,0.0056122844107449055,0
13999,0,0.0020306294318288565,0
14000,1,0.9996987581253052,1
14001,1,0.9997543692588806,1
14002,0,0.15650202333927155,0
14003,0,0.05039601027965546,0
14004,1,0.9998626708984375,1
14005,1,0.9990241527557373,1
14006,1,0.966517448425293,1
14007,1,0.9957383871078491,1
14008,0,3.720444510690868e-05,0
14009,1,0.5002129673957825,1
14010,1,0.9987725615501404,1
14011,0,0.00840226374566555,0
14012,0,0.693504273891449,1
14013,0,0.004778801929205656,0
14014,0,0.02361130714416504,0
14015,0,6.715106428600848e-05,0
14016,0,0.21465565264225006,0
14017,0,0.2734898626804352,0
14018,0,0.11215890944004059,0
14019,1,0.9550983905792236,1
14020,0,0.003363196738064289,0
14021,0,0.0006110749673098326,0
14022,1,0.9090030193328857,1
14023,1,0.8825311064720154,1
14024,0,0.0008532859501428902,0
14025,1,0.8753629326820374,1
14026,1,0.999388575553894,1
14027,1,0.9751234650611877,1
14028,0,0.0004583098052535206,0
14029,0,0.003824841696768999,0
14030,0,0.0006118022720329463,0
14031,0,0.00023556218366138637,0
14032,0,0.023898137733340263,0
14033,0,0.08786331117153168,0
14034,0,0.0015290618175640702,0
14035,1,0.32601165771484375,0
14036,0,0.0002936714154202491,0
14037,0,0.7479588985443115,1
14038,1,0.9946056008338928,1
14039,1,0.9999719858169556,1
14040,0,0.23014144599437714,0
14041,0,0.0006539018359035254,0
14042,1,0.9997380375862122,1
14043,0,0.5418062806129456,1
14044,0,0.053195301443338394,0
14045,1,0.9977412223815918,1
14046,0,0.001965336501598358,0
14047,0,0.0005013382178731263,0
14048,1,0.9572372436523438,1
14049,1,0.9973369240760803,1
14050,0,0.24204885959625244,0
14051,1,0.9740461111068726,1
14052,0,0.15186330676078796,0
14053,1,0.9924716949462891,1
14054,1,0.9890268445014954,1
14055,1,0.9996398687362671,1
14056,0,0.00592252891510725,0
14057,0,0.009624244645237923,0
14058,1,0.7806872129440308,1
14059,0,0.03701070323586464,0
14060,0,0.0022395900450646877,0
14061,1,0.08173548430204391,0
14062,1,0.7171328067779541,1
14063,1,0.9993990659713745,1
14064,1,0.9986957907676697,1
14065,0,0.11418695002794266,0
14066,0,0.04071373865008354,0
14067,1,0.9997805953025818,1
14068,0,0.13459032773971558,0
14069,0,0.0005438743974082172,0
14070,1,0.9997785687446594,1
14071,1,0.9999668598175049,1
14072,1,0.9992865920066833,1
14073,0,0.005072823725640774,0
14074,0,0.020493460819125175,0
14075,1,0.9999058246612549,1
14076,0,0.08354225009679794,0
14077,1,0.9783550500869751,1
14078,0,0.012945601716637611,0
14079,1,0.9987843632698059,1
14080,1,0.9998254179954529,1
14081,0,0.0010893637081608176,0
14082,1,0.9997921586036682,1
14083,1,0.9974765181541443,1
14084,1,0.9971849322319031,1
14085,1,0.9939821362495422,1
14086,1,0.9995481371879578,1
14087,1,0.9910535216331482,1
14088,0,0.00031546063837595284,0
14089,0,0.0007174764177761972,0
14090,1,0.9998606443405151,1
14091,1,0.9935471415519714,1
14092,1,0.9760618209838867,1
14093,1,0.9988653659820557,1
14094,1,0.9999371767044067,1
14095,0,0.000639048870652914,0
14096,0,0.004742883145809174,0
14097,0,0.1686883270740509,0
14098,0,0.00010738232231233269,0
14099,0,0.06704894453287125,0
14100,1,0.9997758269309998,1
14101,1,0.7805103063583374,1
14102,0,0.005163734313100576,0
14103,1,0.9973053932189941,1
14104,1,0.9978018403053284,1
14105,0,0.0015924543840810657,0
14106,1,0.9998857975006104,1
14107,0,0.00030687934486195445,0
14108,1,0.4072715640068054,0
14109,0,0.03765172138810158,0
14110,0,0.0005857683136127889,0
14111,1,0.9999651908874512,1
14112,1,0.9998354911804199,1
14113,1,0.9999538660049438,1
14114,0,0.8802148103713989,1
14115,0,0.0014381353976204991,0
14116,1,0.8851383924484253,1
14117,1,0.999326229095459,1
14118,0,0.0075568766333162785,0
14119,0,0.9801108241081238,1
14120,1,0.9834255576133728,1
14121,1,0.997922956943512,1
14122,1,0.9981997013092041,1
14123,1,0.9943019151687622,1
14124,1,0.9979887008666992,1
14125,0,0.0003745520079974085,0
14126,1,0.003230847418308258,0
14127,1,0.38718903064727783,0
14128,1,0.9971420168876648,1
14129,0,0.0031450821552425623,0
14130,0,0.025520535185933113,0
14131,0,0.0034856912679970264,0
14132,0,0.46739086508750916,0
14133,1,0.9993591904640198,1
14134,0,5.553938171942718e-05,0
14135,0,0.0013978772331029177,0
14136,1,0.9974572062492371,1
14137,1,0.9892117977142334,1
14138,1,0.9999417066574097,1
14139,1,0.9904698133468628,1
14140,1,0.9998898506164551,1
14141,0,0.0010125532280653715,0
14142,0,0.0008903552079573274,0
14143,1,0.9996603727340698,1
14144,0,0.4986238181591034,0
14145,1,0.8051572442054749,1
14146,1,0.9579166173934937,1
14147,1,0.9941303133964539,1
14148,0,0.001343516050837934,0
14149,0,0.004162639379501343,0
14150,0,0.0016009589890018106,0
14151,0,0.012196574360132217,0
14152,1,0.8988549709320068,1
14153,1,0.9999586343765259,1
14154,0,0.0017570791533216834,0
14155,0,0.10184013843536377,0
14156,1,0.9930780529975891,1
14157,1,0.32403823733329773,0
14158,1,0.9966986775398254,1
14159,0,0.004237251356244087,0
14160,0,0.009669791907072067,0
14161,0,0.014236939139664173,0
14162,1,0.49648603796958923,0
14163,1,0.9999333620071411,1
14164,1,0.9999933242797852,1
14165,1,0.9954250454902649,1
14166,1,0.7868128418922424,1
14167,1,0.9102944135665894,1
14168,0,0.012858758680522442,0
14169,1,0.999995231628418,1
14170,1,0.9524306058883667,1
14171,1,0.9754104614257812,1
14172,0,0.00046221347292885184,0
14173,0,0.0058541856706142426,0
14174,1,0.4570889472961426,0
14175,1,0.9990320205688477,1
14176,1,0.9985276460647583,1
14177,0,0.0002569410135038197,0
14178,1,0.9982287287712097,1
14179,1,0.999054491519928,1
14180,0,0.004392257425934076,0
14181,1,0.9977057576179504,1
14182,0,0.000878920080140233,0
14183,1,0.9809550642967224,1
14184,1,0.9424805045127869,1
14185,1,0.0868942067027092,0
14186,0,0.11475664377212524,0
14187,0,0.006084655411541462,0
14188,0,0.0002790182479657233,0
14189,1,0.9999423027038574,1
14190,0,0.17127740383148193,0
14191,0,0.0010741655714809895,0
14192,0,0.014136720448732376,0
14193,0,0.00017857429338619113,0
14194,0,0.02566264010965824,0
14195,1,0.9965857267379761,1
14196,1,0.022784605622291565,0
14197,1,0.6742603778839111,1
14198,1,0.9998388290405273,1
14199,1,0.9978657364845276,1
14200,0,0.00048058878746815026,0
14201,1,0.9993733763694763,1
14202,0,0.0274316668510437,0
14203,0,0.06541010737419128,0
14204,0,0.6892402768135071,1
14205,1,0.9996265172958374,1
14206,1,0.9928903579711914,1
14207,0,2.2153539248392917e-05,0
14208,0,0.0052145845256745815,0
14209,0,0.015733402222394943,0
14210,1,0.9998577833175659,1
14211,0,0.0005640136078000069,0
14212,0,0.002212951425462961,0
14213,1,0.8726542592048645,1
14214,0,0.0005531043279916048,0
14215,0,0.00034033472184091806,0
14216,0,0.18647591769695282,0
14217,1,0.9999837875366211,1
14218,0,0.003723312634974718,0
14219,0,3.183821945640375e-06,0
14220,1,0.9916712045669556,1
14221,1,0.9997597336769104,1
14222,0,0.005397194996476173,0
14223,1,0.9894099235534668,1
14224,1,0.9280641078948975,1
14225,0,0.0010794870322570205,0
14226,1,0.9933878183364868,1
14227,1,0.9999632835388184,1
14228,0,0.22652840614318848,0
14229,1,0.9923112392425537,1
14230,1,0.9980269074440002,1
14231,1,0.25667425990104675,0
14232,1,0.9681504368782043,1
14233,0,0.0003352561325300485,0
14234,1,0.9936299920082092,1
14235,1,0.9362151026725769,1
14236,0,0.10233554989099503,0
14237,0,0.008061697706580162,0
14238,0,3.09242241200991e-05,0
14239,1,0.9997414946556091,1
14240,0,0.00046534877037629485,0
14241,0,0.00995140802115202,0
14242,0,0.010178569704294205,0
14243,0,0.00014957517851144075,0
14244,1,0.9999651908874512,1
14245,0,0.004565972834825516,0
14246,1,0.9931408762931824,1
14247,0,0.00039736993494443595,0
14248,1,0.9998544454574585,1
14249,1,0.18723592162132263,0
14250,0,0.5447691679000854,1
14251,0,0.0019148308783769608,0
14252,0,0.008815215900540352,0
14253,1,0.9992614388465881,1
14254,0,0.0006265473202802241,0
14255,1,0.9998893737792969,1
14256,1,0.02097056806087494,0
14257,0,0.0005000796518288553,0
14258,1,0.7936416864395142,1
14259,0,0.00199293065816164,0
14260,1,0.9904507994651794,1
14261,0,0.0007211440824903548,0
14262,0,0.00013930865679867566,0
14263,1,0.596169650554657,1
14264,1,0.9921644926071167,1
14265,1,0.9999222755432129,1
14266,1,0.19845569133758545,0
14267,1,0.9970632195472717,1
14268,1,0.49242329597473145,0
14269,0,0.0008928528404794633,0
14270,0,0.0008090297924354672,0
14271,0,0.012117327190935612,0
14272,1,0.9998123049736023,1
14273,1,0.9925534129142761,1
14274,1,0.9987083673477173,1
14275,1,0.9998666048049927,1
14276,0,0.0004434424627106637,0
14277,1,0.9999630451202393,1
14278,0,0.3017325699329376,0
14279,0,0.6726757287979126,1
14280,0,0.001314184395596385,0
14281,0,0.00027822505217045546,0
14282,1,0.9907850027084351,1
14283,1,0.9997145533561707,1
14284,1,0.9996792078018188,1
14285,1,0.999996542930603,1
14286,0,0.0007066964171826839,0
14287,0,0.184156596660614,0
14288,0,0.0070406291633844376,0
14289,1,0.9991682767868042,1
14290,0,0.11117062717676163,0
14291,1,0.9997209906578064,1
14292,1,0.9146548509597778,1
14293,1,0.9980342984199524,1
14294,1,0.9896398782730103,1
14295,1,0.992794930934906,1
14296,1,0.9995988011360168,1
14297,1,0.10850764811038971,0
14298,0,0.10318193584680557,0
14299,0,0.0005454890197142959,0
14300,0,0.27780091762542725,0
14301,1,0.988345742225647,1
14302,1,0.9830668568611145,1
14303,0,0.005428147967904806,0
14304,1,0.9999849796295166,1
14305,0,0.37453871965408325,0
14306,1,0.9999048709869385,1
14307,0,0.7284529209136963,1
14308,0,0.09150891751050949,0
14309,0,0.0010589840821921825,0
14310,0,0.004707648418843746,0
14311,0,0.15030798316001892,0
14312,0,5.872523252037354e-05,0
14313,0,0.0018850447377189994,0
14314,0,0.0644630640745163,0
14315,1,0.9944252967834473,1
14316,1,0.9919819235801697,1
14317,1,0.9997106194496155,1
14318,0,0.00017597161058802158,0
14319,0,0.950956404209137,1
14320,1,0.999747097492218,1
14321,1,0.08876284211874008,0
14322,1,0.35802191495895386,0
14323,0,0.0008608895004726946,0
14324,0,0.0017711477121338248,0
14325,1,0.9996854066848755,1
14326,0,0.002047519898042083,0
14327,1,0.9979318380355835,1
14328,1,0.9990665316581726,1
14329,1,0.9907698035240173,1
14330,0,0.004362667910754681,0
14331,0,0.038132913410663605,0
14332,1,0.993239164352417,1
14333,1,0.9995694756507874,1
14334,0,0.004908127244561911,0
14335,1,0.9872129559516907,1
14336,1,0.9985646605491638,1
14337,1,0.9978334307670593,1
14338,1,0.9972202777862549,1
14339,1,0.48533540964126587,0
14340,1,0.9971672892570496,1
14341,1,0.8514198660850525,1
14342,1,0.40465569496154785,0
14343,0,0.03996497020125389,0
14344,1,0.9990874528884888,1
14345,1,0.9896278381347656,1
14346,1,0.9930729269981384,1
14347,1,0.5672919750213623,1
14348,1,0.9995989203453064,1
14349,1,0.9996457099914551,1
14350,1,0.9963656663894653,1
14351,1,0.9766932129859924,1
14352,1,0.9962577819824219,1
14353,0,0.003015562891960144,0
14354,1,0.9768457412719727,1
14355,0,0.1585870385169983,0
14356,1,0.45730021595954895,0
14357,0,0.0049589853733778,0
14358,1,0.9981356859207153,1
14359,0,0.10992085188627243,0
14360,1,0.9972648620605469,1
14361,1,0.9724363088607788,1
14362,0,0.0005958569818176329,0
14363,1,0.997458279132843,1
14364,0,0.3147689998149872,0
14365,1,0.9982994198799133,1
14366,0,0.0007996293716132641,0
14367,0,0.009957574307918549,0
14368,1,0.9999027252197266,1
14369,1,0.9973401427268982,1
14370,1,0.9862252473831177,1
14371,0,0.02378852106630802,0
14372,1,0.9613844156265259,1
14373,0,0.00033872632775455713,0
14374,0,0.001202483894303441,0
14375,1,0.9968671202659607,1
14376,0,0.437287837266922,0
14377,0,0.0041994634084403515,0
14378,0,0.23216204345226288,0
14379,0,0.8980090618133545,1
14380,0,0.4353484809398651,0
14381,1,0.999984622001648,1
14382,0,0.6825884580612183,1
14383,0,0.0002917759120464325,0
14384,0,0.4684221148490906,0
14385,1,0.9930711388587952,1
14386,0,0.016410766169428825,0
14387,1,0.3428006172180176,0
14388,0,0.016138147562742233,0
14389,0,0.022994184866547585,0
14390,1,0.999702513217926,1
14391,1,0.9964500665664673,1
14392,1,0.946717381477356,1
14393,0,0.45946505665779114,0
14394,0,0.024303684011101723,0
14395,1,0.025440504774451256,0
14396,1,0.9950236082077026,1
14397,0,3.068837759201415e-05,0
14398,1,0.9999088048934937,1
14399,0,0.033240266144275665,0
14400,1,0.9999203681945801,1
14401,1,0.9963464140892029,1
14402,1,0.994599461555481,1
14403,0,0.0825423151254654,0
14404,0,0.0014492430491372943,0
14405,1,0.9955956339836121,1
14406,0,0.00023804392549209297,0
14407,1,0.9995662569999695,1
14408,1,0.9891279339790344,1
14409,0,0.00018477681442163885,0
14410,1,0.6154002547264099,1
14411,0,0.0012122413609176874,0
14412,0,0.0013693019282072783,0
14413,1,0.9925488233566284,1
14414,1,0.9976240992546082,1
14415,0,0.014194907620549202,0
14416,0,0.0010206165025010705,0
14417,1,0.9993979930877686,1
14418,0,0.00014536231174133718,0
14419,1,0.5317873358726501,1
14420,0,0.00023470645828638226,0
14421,0,0.03209347650408745,0
14422,1,0.9558091163635254,1
14423,0,0.0665036141872406,0
14424,1,0.9997426867485046,1
14425,0,0.008740611374378204,0
14426,1,0.9998394250869751,1
14427,1,0.9840211272239685,1
14428,0,0.004545867908746004,0
14429,0,0.11171957105398178,0
14430,0,0.0006198939518071711,0
14431,1,0.998145580291748,1
14432,0,4.124227416468784e-05,0
14433,1,0.9936742782592773,1
14434,0,0.6467300653457642,1
14435,1,0.9996809959411621,1
14436,0,0.0036100430879741907,0
14437,1,0.9996041655540466,1
14438,1,0.9999735355377197,1
14439,1,0.7014233469963074,1
14440,0,0.9574569463729858,1
14441,1,0.9999799728393555,1
14442,0,0.9984778761863708,1
14443,1,0.995226263999939,1
14444,0,0.0021817830856889486,0
14445,0,0.26257190108299255,0
14446,0,0.0005955095402896404,0
14447,0,0.006568326614797115,0
14448,0,0.0011540178675204515,0
14449,1,0.975042462348938,1
14450,0,0.006007623393088579,0
14451,1,0.9979031085968018,1
14452,1,0.9998524188995361,1
14453,1,0.9998401403427124,1
14454,0,0.005632056389003992,0
14455,0,3.9779115468263626e-05,0
14456,1,0.9988287091255188,1
14457,0,0.14761385321617126,0
14458,1,0.9025688171386719,1
14459,0,0.08671557903289795,0
14460,0,0.00026177591644227505,0
14461,1,0.35390710830688477,0
14462,1,0.9999463558197021,1
14463,0,6.483806646429002e-05,0
14464,0,0.05570415407419205,0
14465,0,0.0014731388073414564,0
14466,1,0.9993459582328796,1
14467,1,0.6703329086303711,1
14468,1,0.9955317974090576,1
14469,1,0.9994650483131409,1
14470,1,0.9657933712005615,1
14471,1,0.9997506737709045,1
14472,1,0.14972944557666779,0
14473,0,0.004201972391456366,0
14474,1,0.5557102560997009,1
14475,1,0.9708237051963806,1
14476,0,0.1447250097990036,0
14477,1,0.9245200753211975,1
14478,1,0.9954414367675781,1
14479,1,0.9996079802513123,1
14480,0,0.49535951018333435,0
14481,0,0.044680893421173096,0
14482,1,0.9954209923744202,1
14483,0,0.647794246673584,1
14484,1,0.9824414849281311,1
14485,0,0.01648123376071453,0
14486,1,0.9966537952423096,1
14487,1,0.9997158646583557,1
14488,0,7.95342493802309e-05,0
14489,1,0.7555423974990845,1
14490,0,0.08085522800683975,0
14491,0,0.0005745870876125991,0
14492,1,0.9984965324401855,1
14493,1,0.995269238948822,1
14494,1,0.9998898506164551,1
14495,1,0.9916337728500366,1
14496,1,0.7488465309143066,1
14497,1,0.999100923538208,1
14498,0,0.002795944921672344,0
14499,0,0.018881388008594513,0
14500,1,0.6910422444343567,1
14501,1,0.9998806715011597,1
14502,1,0.9989462494850159,1
14503,1,0.6468441486358643,1
14504,0,0.00012741913087666035,0
14505,1,0.9999264478683472,1
14506,0,5.3442283387994394e-05,0
14507,0,2.5154793547699228e-05,0
14508,1,0.984197199344635,1
14509,0,0.019688235595822334,0
14510,1,0.9998345375061035,1
14511,0,0.0045150830410420895,0
14512,1,0.9997610449790955,1
14513,1,0.007919199764728546,0
14514,1,0.9998466968536377,1
14515,1,0.9981957077980042,1
14516,0,0.00012836426321882755,0
14517,0,0.9583865404129028,1
14518,0,0.00016724799934308976,0
14519,0,0.00041378740570507944,0
14520,0,0.7421894669532776,1
14521,1,0.9426567554473877,1
14522,0,0.18966712057590485,0
14523,0,0.04106447845697403,0
14524,0,0.0005182135500945151,0
14525,1,0.9984897375106812,1
14526,0,0.04432140290737152,0
14527,1,0.999117910861969,1
14528,1,0.19775885343551636,0
14529,0,0.0001809073000913486,0
14530,0,0.029856832697987556,0
14531,1,0.997996985912323,1
14532,1,0.9969411492347717,1
14533,1,0.999869704246521,1
14534,1,0.9997846484184265,1
14535,1,0.9774577617645264,1
14536,0,0.02029404416680336,0
14537,1,0.9906796813011169,1
14538,1,0.9996862411499023,1
14539,0,0.9460705518722534,1
14540,0,0.0004338843282312155,0
14541,0,7.967483543325216e-05,0
14542,0,0.005137762986123562,0
14543,1,0.9977279305458069,1
14544,1,0.9996747970581055,1
14545,0,0.0016565030673518777,0
14546,0,8.824324322631583e-05,0
14547,1,0.9984757304191589,1
14548,1,0.9989438652992249,1
14549,1,0.9984499216079712,1
14550,1,0.9999964237213135,1
14551,0,0.8593558073043823,1
14552,0,0.001993238925933838,0
14553,1,0.9906646013259888,1
14554,0,0.0006010165088810027,0
14555,1,0.9999508857727051,1
14556,0,0.006686333101242781,0
14557,0,0.011417805217206478,0
14558,1,0.9915218353271484,1
14559,0,0.0007333924877457321,0
14560,0,0.07825779914855957,0
14561,1,0.9408559799194336,1
14562,0,0.8585324287414551,1
14563,1,0.9887198805809021,1
14564,0,2.0419889551703818e-05,0
14565,1,0.9991739392280579,1
14566,1,0.9843087792396545,1
14567,1,0.9984450936317444,1
14568,1,0.9953816533088684,1
14569,0,0.004437672905623913,0
14570,1,0.9890673756599426,1
14571,1,0.9478776454925537,1
14572,0,0.00020976866653654724,0
14573,1,0.08357971161603928,0
14574,1,0.318778932094574,0
14575,1,0.9879872798919678,1
14576,1,0.3122151494026184,0
14577,0,0.0007307372870855033,0
14578,0,0.5757743120193481,1
14579,0,0.8968474864959717,1
14580,0,0.011127058416604996,0
14581,0,0.04393099993467331,0
14582,0,0.003918888978660107,0
14583,1,0.9999749660491943,1
14584,1,0.9998093247413635,1
14585,0,0.9399692416191101,1
14586,0,0.00025411933893337846,0
14587,1,0.9473036527633667,1
14588,1,0.9995787739753723,1
14589,0,0.0064636035822331905,0
14590,0,0.09394858777523041,0
14591,1,0.9999518394470215,1
14592,0,0.24994970858097076,0
14593,1,0.9874446392059326,1
14594,0,0.003081702161580324,0
14595,1,0.9997532963752747,1
14596,1,0.637057363986969,1
14597,1,0.9998282194137573,1
14598,0,0.013388262130320072,0
14599,1,0.9995850920677185,1
14600,0,0.0036603279877454042,0
14601,1,0.9855534434318542,1
14602,1,0.995083749294281,1
14603,0,0.24924945831298828,0
14604,1,0.9980558156967163,1
14605,0,0.3034008741378784,0
14606,0,0.9148162603378296,1
14607,1,0.9998267292976379,1
14608,0,0.9055894017219543,1
14609,1,0.9982603192329407,1
14610,1,0.9779003262519836,1
14611,1,0.8979312777519226,1
14612,1,0.9899318218231201,1
14613,1,0.47019627690315247,0
14614,0,0.0024111438542604446,0
14615,1,0.07470966875553131,0
14616,0,0.1801493763923645,0
14617,1,0.31578755378723145,0
14618,0,0.013804742135107517,0
14619,1,0.9999326467514038,1
14620,1,0.9996347427368164,1
14621,1,0.9997723698616028,1
14622,0,0.015736866742372513,0
14623,1,0.9987609386444092,1
14624,1,0.9994791150093079,1
14625,0,0.5175018906593323,1
14626,0,0.0002510498452465981,0
14627,0,0.0007649674662388861,0
14628,0,0.6819615960121155,1
14629,0,0.001265512895770371,0
14630,1,0.939174473285675,1
14631,0,0.1445028930902481,0
14632,1,0.0968618094921112,0
14633,1,0.9867730736732483,1
14634,0,0.023993615061044693,0
14635,1,0.999446451663971,1
14636,1,0.9991518259048462,1
14637,1,0.9684911966323853,1
14638,1,0.9599732160568237,1
14639,0,0.0006655088509432971,0
14640,1,0.999862790107727,1
14641,1,0.9899172186851501,1
14642,1,0.9866079092025757,1
14643,0,0.00025729057961143553,0
14644,1,0.9999732971191406,1
14645,0,0.004047771450132132,0
14646,0,0.0023965893778949976,0
14647,0,0.00025796779664233327,0
14648,1,0.43895286321640015,0
14649,1,0.9992484450340271,1
14650,0,0.004589750897139311,0
14651,1,0.9986250400543213,1
14652,0,0.0011409373255446553,0
14653,0,5.464948480948806e-05,0
14654,0,0.005644742399454117,0
14655,1,0.9997232556343079,1
14656,0,0.028705915436148643,0
14657,1,0.9992392063140869,1
14658,1,0.9996438026428223,1
14659,1,0.9991297125816345,1
14660,0,0.0020510489121079445,0
14661,1,0.9999388456344604,1
14662,1,0.9994487166404724,1
14663,1,0.6808335185050964,1
14664,0,0.001013253815472126,0
14665,0,0.0011984794400632381,0
14666,0,0.02470536343753338,0
14667,0,0.001601356896571815,0
14668,1,0.9305313229560852,1
14669,0,0.00048041081754490733,0
14670,1,0.9973689317703247,1
14671,0,0.0015580010367557406,0
14672,1,0.9470832347869873,1
14673,0,0.0004199784598313272,0
14674,1,0.9984037280082703,1
14675,0,0.010877376422286034,0
14676,0,0.0019640212412923574,0
14677,0,0.050593238323926926,0
14678,1,0.9996862411499023,1
14679,1,0.8810721635818481,1
14680,0,0.005577219184488058,0
14681,0,0.0031986013054847717,0
14682,1,0.9987859129905701,1
14683,0,0.00431985966861248,0
14684,0,0.00011048952001146972,0
14685,0,0.02380025014281273,0
14686,1,0.9972434043884277,1
14687,1,0.9997925162315369,1
14688,0,0.0007441391935572028,0
14689,0,0.023419508710503578,0
14690,1,0.9967368245124817,1
14691,1,0.4927867352962494,0
14692,1,0.2742671072483063,0
14693,1,0.9981340765953064,1
14694,0,0.07582704722881317,0
14695,0,0.001986960880458355,0
14696,1,0.9999563694000244,1
14697,0,7.006846863077953e-05,0
14698,0,0.04725746437907219,0
14699,1,0.9992166757583618,1
14700,0,0.007334726396948099,0
14701,1,0.7186110019683838,1
14702,0,0.001995766768231988,0
14703,1,0.9999426603317261,1
14704,1,0.956150233745575,1
14705,1,0.9965621829032898,1
14706,0,0.5001464486122131,1
14707,0,0.15415863692760468,0
14708,1,0.658811628818512,1
14709,1,0.992059588432312,1
14710,0,0.0021248823031783104,0
14711,0,0.0004092570161446929,0
14712,1,0.9400642514228821,1
14713,1,0.9995952248573303,1
14714,1,0.9980370402336121,1
14715,0,0.169009268283844,0
14716,0,0.000542359659448266,0
14717,1,0.9993963241577148,1
14718,1,0.9703669548034668,1
14719,0,0.020563388243317604,0
14720,1,0.9999297857284546,1
14721,1,0.9999812841415405,1
14722,1,0.3348318636417389,0
14723,0,0.011291990987956524,0
14724,0,0.0001773217663867399,0
14725,1,0.9929397106170654,1
14726,1,0.9877983927726746,1
14727,1,0.9962823987007141,1
14728,0,0.014093047007918358,0
14729,1,0.9983629584312439,1
14730,1,0.9760934710502625,1
14731,1,0.9987364411354065,1
14732,0,0.002680573845282197,0
14733,0,0.006883581634610891,0
14734,0,0.0011736410669982433,0
14735,0,0.01608448103070259,0
14736,0,0.024597398936748505,0
14737,0,0.0010962944943457842,0
14738,0,0.0034007790964096785,0
14739,1,0.9997255206108093,1
14740,0,0.0012901703594252467,0
14741,0,0.49974942207336426,0
14742,0,0.7651268839836121,1
14743,0,0.0006809812621213496,0
14744,1,0.9770367741584778,1
14745,0,0.004054141230881214,0
14746,0,0.004775097593665123,0
14747,1,0.9945809245109558,1
14748,1,0.9894108176231384,1
14749,0,0.00017738128372002393,0
14750,0,0.0002305295638507232,0
14751,0,0.533710241317749,1
14752,1,0.9912827014923096,1
14753,1,0.9926006197929382,1
14754,0,0.00197719712741673,0
14755,0,0.019985908642411232,0
14756,0,0.0021471544168889523,0
14757,0,0.001819746452383697,0
14758,1,0.9998795986175537,1
14759,0,0.004117901902645826,0
14760,0,0.008910199627280235,0
14761,0,0.007470232434570789,0
14762,1,0.9404050707817078,1
14763,0,0.0009116547298617661,0
14764,1,0.988917350769043,1
14765,0,0.037178631871938705,0
14766,0,0.001593446359038353,0
14767,0,0.007066712714731693,0
14768,0,0.0894302949309349,0
14769,1,0.9938068389892578,1
14770,1,0.026489173993468285,0
14771,0,0.0029854564927518368,0
14772,1,0.9976436495780945,1
14773,1,0.9992545247077942,1
14774,0,0.00041193305514752865,0
14775,1,0.9998360872268677,1
14776,0,0.044160012155771255,0
14777,1,0.8543917536735535,1
14778,0,0.04399033635854721,0
14779,1,0.9998470544815063,1
14780,1,0.9952998161315918,1
14781,0,0.004417438991367817,0
14782,1,0.9992424249649048,1
14783,0,0.9920733571052551,1
14784,1,0.9795038104057312,1
14785,1,0.9999257326126099,1
14786,0,0.0009001490543596447,0
14787,1,0.999911904335022,1
14788,1,0.9999576807022095,1
14789,0,0.27010777592658997,0
14790,0,0.0031919870525598526,0
14791,0,0.011637797579169273,0
14792,0,0.0002999230055138469,0
14793,1,0.9988386034965515,1
14794,0,0.004810793325304985,0
14795,0,0.011459313333034515,0
14796,1,0.9293542504310608,1
14797,1,0.7194963097572327,1
14798,0,0.0038865157403051853,0
14799,0,0.00469553004950285,0
14800,0,0.00015807284216862172,0
14801,0,0.44566047191619873,0
14802,1,0.9999055862426758,1
14803,0,0.0017245789058506489,0
14804,1,0.9999700784683228,1
14805,0,0.0034492609556764364,0
14806,1,0.9991269707679749,1
14807,1,0.9995050430297852,1
14808,0,0.09709503501653671,0
14809,1,0.9996757507324219,1
14810,0,0.004954620264470577,0
14811,1,0.9802636504173279,1
14812,1,0.9988113641738892,1
14813,0,0.015598195604979992,0
14814,0,0.010041375644505024,0
14815,1,0.5054854154586792,1
14816,1,0.9998195767402649,1
14817,1,0.9986144304275513,1
14818,0,1.0949853276542854e-05,0
14819,0,0.15410204231739044,0
14820,1,0.3795616924762726,0
14821,1,0.6754636168479919,1
14822,0,0.0028713373467326164,0
14823,1,0.9971668124198914,1
14824,0,0.00563161913305521,0
14825,0,0.0018970059463754296,0
14826,1,0.9999877214431763,1
14827,1,0.9931703805923462,1
14828,1,0.9999722242355347,1
14829,0,0.0019326230976730585,0
14830,1,0.9905290007591248,1
14831,1,0.967111349105835,1
14832,1,0.08839032053947449,0
14833,0,0.03494057059288025,0
14834,1,0.990875244140625,1
14835,1,0.9986920952796936,1
14836,1,0.9995492100715637,1
14837,1,0.9931161999702454,1
14838,1,0.9797612428665161,1
14839,1,0.9995881915092468,1
14840,1,0.9894664883613586,1
14841,0,0.14062494039535522,0
14842,1,0.999485969543457,1
14843,1,0.917698323726654,1
14844,1,0.9452682137489319,1
14845,1,0.999954104423523,1
14846,1,0.4734554588794708,0
14847,0,0.010856034234166145,0
14848,0,0.0009193459991365671,0
14849,1,0.9515326619148254,1
14850,1,0.9982717037200928,1
14851,1,0.9987899661064148,1
14852,0,0.0001743281027302146,0
14853,1,0.999980092048645,1
14854,0,0.001750455005094409,0
14855,0,0.0006099455640651286,0
14856,0,0.004729513544589281,0
14857,0,0.025499997660517693,0
14858,0,0.26116812229156494,0
14859,1,0.9998955726623535,1
14860,0,0.029211444780230522,0
14861,1,0.9971139430999756,1
14862,1,0.9804021716117859,1
14863,0,0.007839846424758434,0
14864,0,0.02031543478369713,0
14865,0,0.0009040315053425729,0
14866,0,0.6116181015968323,1
14867,1,0.8996115922927856,1
14868,0,0.007780392188578844,0
14869,1,0.9892599582672119,1
14870,1,0.9999094009399414,1
14871,0,0.013811086304485798,0
14872,1,0.999716579914093,1
14873,0,0.1459248960018158,0
14874,1,0.9918451905250549,1
14875,0,4.0918763261288404e-05,0
14876,1,0.998816728591919,1
14877,0,0.00011617407290032133,0
14878,1,0.9999767541885376,1
14879,1,0.19861003756523132,0
14880,1,0.9543567895889282,1
14881,0,0.017144642770290375,0
14882,0,0.0006037148414179683,0
14883,0,0.002068327507004142,0
14884,1,0.9999114274978638,1
14885,1,0.17537228763103485,0
14886,1,0.9996751546859741,1
14887,1,0.9950878024101257,1
14888,1,0.5337533354759216,1
14889,1,0.9745880961418152,1
14890,0,0.0010128393769264221,0
14891,1,0.928061306476593,1
14892,1,0.5651986598968506,1
14893,1,0.057353291660547256,0
14894,0,0.07123509049415588,0
14895,0,0.0013366841012611985,0
14896,0,0.0012297542998567224,0
14897,0,0.001041147974319756,0
14898,0,0.013537567108869553,0
14899,1,0.9997604489326477,1
14900,0,0.0014288334641605616,0
14901,1,0.9936549663543701,1
14902,1,0.9982818365097046,1
14903,0,0.024761026725172997,0
14904,1,0.96717768907547,1
14905,0,0.009438576176762581,0
14906,0,0.10056523233652115,0
14907,1,0.9991458654403687,1
14908,0,0.03901778161525726,0
14909,1,0.9453102946281433,1
14910,1,0.9949451088905334,1
14911,0,0.020155610516667366,0
14912,1,0.9974526762962341,1
14913,0,1.564766716910526e-05,0
14914,1,0.9980782270431519,1
14915,0,0.012382052838802338,0
14916,0,0.000751072249840945,0
14917,0,0.00032752621336840093,0
14918,1,0.9682797193527222,1
14919,1,0.9851264953613281,1
14920,1,0.9999582767486572,1
14921,0,0.006460180506110191,0
14922,1,0.9520571827888489,1
14923,1,0.9965259432792664,1
14924,0,0.013300349935889244,0
14925,0,0.011563828215003014,0
14926,0,0.001685970346443355,0
14927,1,0.7911287546157837,1
14928,0,0.001133059966377914,0
14929,1,0.10189399123191833,0
14930,0,0.0015395749360322952,0
14931,0,0.6952378749847412,1
14932,0,0.0015770775498822331,0
14933,0,0.0007403789786621928,0
14934,1,0.9986779093742371,1
14935,0,0.0025737492833286524,0
14936,0,0.01025591790676117,0
14937,1,0.05477291718125343,0
14938,0,0.003700838889926672,0
14939,1,0.999395489692688,1
14940,0,0.09999210387468338,0
14941,0,0.38678327202796936,0
14942,1,0.5935608744621277,1
14943,1,0.9784961938858032,1
14944,0,0.0016966082621365786,0
14945,0,0.0016528709093108773,0
14946,0,0.0026204462628811598,0
14947,1,0.899406909942627,1
14948,0,0.04225757345557213,0
14949,0,0.7491911053657532,1
14950,0,0.0009652540320530534,0
14951,1,0.9989745616912842,1
14952,0,0.2367212325334549,0
14953,0,0.0068907043896615505,0
14954,1,0.9905883073806763,1
14955,1,0.9984832406044006,1
14956,1,0.9518564343452454,1
14957,0,0.09832225739955902,0
14958,1,0.9978355765342712,1
14959,0,0.002289007417857647,0
14960,0,0.3462526798248291,0
14961,1,0.9983659386634827,1
14962,1,0.9998067021369934,1
14963,1,0.9918245673179626,1
14964,0,0.030647195875644684,0
14965,1,0.4830595850944519,0
14966,0,0.08010397106409073,0
14967,1,0.9708110094070435,1
14968,0,0.012070273980498314,0
14969,0,0.010568559169769287,0
14970,0,0.0004148816515225917,0
14971,0,0.0010826158104464412,0
14972,0,0.0002804226242005825,0
14973,1,0.5500977039337158,1
14974,0,0.018530486151576042,0
14975,1,0.9916307330131531,1
14976,0,0.9155882000923157,1
14977,0,0.03712398186326027,0
14978,1,0.9973834156990051,1
14979,1,0.9995403289794922,1
14980,0,0.05198947340250015,0
14981,1,0.9960513710975647,1
14982,1,0.5225534439086914,1
14983,1,0.9769479036331177,1
14984,0,0.019461633637547493,0
14985,0,0.004323605913668871,0
14986,1,0.9995995163917542,1
14987,0,0.17971453070640564,0
14988,1,0.9993054866790771,1
14989,1,0.12359628081321716,0
14990,0,8.574278763262555e-05,0
14991,1,0.999817430973053,1
14992,1,0.8284341096878052,1
14993,0,0.00010924137313850224,0
14994,1,0.9991068243980408,1
14995,0,0.0005304120131768286,0
14996,1,0.9988223910331726,1
14997,1,0.7421472668647766,1
14998,1,0.9591217041015625,1
14999,1,0.03387024626135826,0
15000,0,9.096047142520547e-05,0
15001,1,0.9996311664581299,1
15002,1,0.8759488463401794,1
15003,0,0.005158729385584593,0
15004,1,0.15838974714279175,0
15005,0,0.0009724304545670748,0
15006,1,0.9964802861213684,1
15007,0,0.0022989953868091106,0
15008,1,0.9560254216194153,1
15009,1,0.5198686122894287,1
15010,0,0.03655065596103668,0
15011,1,0.9996168613433838,1
15012,0,0.0034624524414539337,0
15013,0,0.00011772427387768403,0
15014,0,4.5738644985249266e-05,0
15015,1,0.9847384691238403,1
15016,1,0.9997355341911316,1
15017,0,0.013207195326685905,0
15018,0,0.004002423491328955,0
15019,1,0.9520053863525391,1
15020,0,0.001506283413618803,0
15021,0,0.0022437507286667824,0
15022,1,0.9998797178268433,1
15023,1,0.9902550578117371,1
15024,1,0.8693619966506958,1
15025,1,0.9996795654296875,1
15026,0,0.0018048991914838552,0
15027,1,0.9995966553688049,1
15028,0,0.03738388419151306,0
15029,1,0.9993003606796265,1
15030,0,0.0009400755516253412,0
15031,0,0.08726963400840759,0
15032,0,0.29086071252822876,0
15033,1,0.998126208782196,1
15034,1,0.9981985688209534,1
15035,1,0.999584972858429,1
15036,0,0.002742702141404152,0
15037,1,0.9871784448623657,1
15038,1,0.9187034964561462,1
15039,0,0.07811015844345093,0
15040,0,0.009603522717952728,0
15041,0,0.001876435591839254,0
15042,1,0.01166524738073349,0
15043,0,0.20793111622333527,0
15044,1,0.999452531337738,1
15045,1,0.8727792501449585,1
15046,0,0.00039153086254373193,0
15047,1,0.9985361099243164,1
15048,1,0.9997506737709045,1
15049,1,0.9984057545661926,1
15050,1,0.9739859700202942,1
15051,0,0.0007615271606482565,0
15052,1,0.9998811483383179,1
15053,0,8.099296974251047e-05,0
15054,0,0.014565901830792427,0
15055,1,0.9937692284584045,1
15056,0,0.0006062071770429611,0
15057,0,0.0139005146920681,0
15058,0,0.00017083139391615987,0
15059,0,0.0005947389872744679,0
15060,0,0.035590313374996185,0
15061,0,0.06686946004629135,0
15062,0,0.5220036506652832,1
15063,1,0.7396920323371887,1
15064,1,0.9984132051467896,1
15065,1,0.9439857006072998,1
15066,0,0.0022067513782531023,0
15067,0,0.8627575635910034,1
15068,1,0.9974448680877686,1
15069,1,0.15021352469921112,0
15070,0,0.003706360002979636,0
15071,0,0.0003036269044969231,0
15072,0,0.004438471980392933,0
15073,1,0.9998282194137573,1
15074,0,0.017814191058278084,0
15075,1,0.8960943222045898,1
15076,1,0.0810275673866272,0
15077,0,0.006122107617557049,0
15078,1,0.9998196959495544,1
15079,0,0.6316753029823303,1
15080,1,0.9643720984458923,1
15081,1,0.4740653932094574,0
15082,0,0.18330328166484833,0
15083,1,0.610738217830658,1
15084,1,0.998216450214386,1
15085,1,0.9998388290405273,1
15086,1,0.9253990054130554,1
15087,0,0.02607642486691475,0
15088,0,0.004524845629930496,0
15089,1,0.9997072815895081,1
15090,1,0.9290714263916016,1
15091,1,0.999954104423523,1
15092,0,0.0008635320700705051,0
15093,0,0.0026283280458301306,0
15094,0,0.018725819885730743,0
15095,1,0.9994361996650696,1
15096,0,0.00038221190334297717,0
15097,1,0.9979815483093262,1
15098,1,0.9999665021896362,1
15099,1,0.11395031213760376,0
15100,1,0.9997327923774719,1
15101,0,0.00029268363141454756,0
15102,1,0.9998396635055542,1
15103,0,0.00017953412316273898,0
15104,1,0.752885103225708,1
15105,0,0.017116840928792953,0
15106,0,0.003081362461671233,0
15107,0,0.009357848204672337,0
15108,1,0.9941330552101135,1
15109,1,0.978285551071167,1
15110,0,1.0307781849405728e-05,0
15111,1,0.9589020013809204,1
15112,1,0.9983785152435303,1
15113,1,0.9987517595291138,1
15114,0,0.9428227543830872,1
15115,0,0.004164398647844791,0
15116,1,0.5139674544334412,1
15117,1,0.9238572120666504,1
15118,0,1.9491428247420117e-05,0
15119,1,0.9948140382766724,1
15120,0,0.011380637064576149,0
15121,0,0.5163525938987732,1
15122,1,0.9672425985336304,1
15123,1,0.9980852603912354,1
15124,0,0.012872197665274143,0
15125,0,0.0009519037557765841,0
15126,1,0.9981065988540649,1
15127,1,0.8126142621040344,1
15128,0,0.0016780650475993752,0
15129,0,0.006490965839475393,0
15130,1,0.9945940375328064,1
15131,1,0.9903215765953064,1
15132,1,0.9923149943351746,1
15133,1,0.9997527003288269,1
15134,1,0.9950737357139587,1
15135,1,0.9999808073043823,1
15136,1,0.9998142123222351,1
15137,1,0.5377110242843628,1
15138,1,0.9999898672103882,1
15139,0,0.05258077010512352,0
15140,1,0.9534571766853333,1
15141,1,0.999151349067688,1
15142,1,0.3059367537498474,0
15143,0,0.15148517489433289,0
15144,1,0.9598126411437988,1
15145,1,0.9941360950469971,1
15146,1,0.8030464053153992,1
15147,1,0.9984270334243774,1
15148,0,0.04338184371590614,0
15149,1,0.5984309911727905,1
15150,1,0.9998167157173157,1
15151,1,0.9974101185798645,1
15152,0,0.0010079051135107875,0
15153,0,0.0032807665411382914,0
15154,0,0.006820797920227051,0
15155,0,0.00010380025196354836,0
15156,0,0.001029484672471881,0
15157,0,0.0030519338324666023,0
15158,0,0.0012636929750442505,0
15159,1,0.7954297065734863,1
15160,0,0.0001776724384399131,0
15161,0,0.014560606330633163,0
15162,1,0.9999700784683228,1
15163,1,0.9998574256896973,1
15164,1,0.25311604142189026,0
15165,0,0.00010767434287117794,0
15166,0,0.0013200916582718492,0
15167,0,0.3861299455165863,0
15168,1,0.9982324242591858,1
15169,1,0.9807997941970825,1
15170,0,0.018709030002355576,0
15171,0,0.018302854150533676,0
15172,0,0.0001365285861538723,0
15173,0,0.008768592961132526,0
15174,0,0.0007443696958944201,0
15175,1,0.9998916387557983,1
15176,1,0.9995051622390747,1
15177,0,0.04674139246344566,0
15178,0,0.021527843549847603,0
15179,1,0.033294208347797394,0
15180,0,0.03424438089132309,0
15181,1,0.9986695051193237,1
15182,1,0.9997572302818298,1
15183,1,0.7597490549087524,1
15184,1,0.9964264035224915,1
15185,0,0.0018263751408085227,0
15186,0,0.006483411882072687,0
15187,1,0.9801616668701172,1
15188,1,0.8837040066719055,1
15189,1,0.02708633616566658,0
15190,0,0.00042810742161236703,0
15191,0,0.001079964335076511,0
15192,0,0.0034420927986502647,0
15193,0,0.032077617943286896,0
15194,1,0.9995273351669312,1
15195,1,0.9998652935028076,1
15196,1,0.9997571110725403,1
15197,0,0.00011871108290506527,0
15198,0,0.00033818359952419996,0
15199,0,0.0010590365855023265,0
15200,1,0.7500150799751282,1
15201,1,0.989418089389801,1
15202,1,0.9979199767112732,1
15203,0,0.06502849608659744,0
15204,1,0.9996287822723389,1
15205,1,0.9998472929000854,1
15206,1,0.9987743496894836,1
15207,0,0.0009830007329583168,0
15208,0,0.0007355160778388381,0
15209,0,0.15672442317008972,0
15210,1,0.9950698614120483,1
15211,0,0.872679591178894,1
15212,1,0.996547281742096,1
15213,0,0.9945699572563171,1
15214,0,0.002577470615506172,0
15215,1,0.9710003733634949,1
15216,0,0.6944384574890137,1
15217,0,0.002715106587857008,0
15218,1,0.6932159662246704,1
15219,0,0.005809652619063854,0
15220,0,0.002527303993701935,0
15221,1,0.63619464635849,1
15222,1,0.27318283915519714,0
15223,0,0.09033729135990143,0
15224,0,0.009467191994190216,0
15225,1,0.9994106292724609,1
15226,1,0.999519944190979,1
15227,0,0.06919341534376144,0
15228,0,0.0002793080930132419,0
15229,0,0.01322969887405634,0
15230,0,0.0031498773023486137,0
15231,0,0.0005727747338823974,0
15232,1,0.9999731779098511,1
15233,1,0.9998179078102112,1
15234,1,0.9085375666618347,1
15235,1,0.9979426264762878,1
15236,0,0.0026653099339455366,0
15237,0,0.0008159831631928682,0
15238,0,0.32986605167388916,0
15239,1,0.8951559066772461,1
15240,1,0.2791941463947296,0
15241,0,0.03258857876062393,0
15242,1,0.9846300482749939,1
15243,1,0.9584856629371643,1
15244,0,0.02372554875910282,0
15245,1,0.25306835770606995,0
15246,0,0.0005958016263321042,0
15247,0,0.00038611164200119674,0
15248,1,0.999988317489624,1
15249,0,0.0028507078532129526,0
15250,1,0.9968394041061401,1
15251,1,0.988017201423645,1
15252,1,0.9987831711769104,1
15253,0,0.8100570440292358,1
15254,0,0.6528595685958862,1
15255,1,0.9836006760597229,1
15256,1,0.004453256260603666,0
15257,1,0.9988723397254944,1
15258,1,0.9936955571174622,1
15259,1,0.9994164705276489,1
15260,1,0.9979388117790222,1
15261,0,0.022130640223622322,0
15262,0,0.007515359204262495,0
15263,0,0.0023730110842734575,0
15264,0,0.017198028042912483,0
15265,1,0.9951150417327881,1
15266,1,0.9998366832733154,1
15267,1,0.26664233207702637,0
15268,1,0.9609369039535522,1
15269,1,0.9952979683876038,1
15270,1,0.9997523427009583,1
15271,1,0.3757040202617645,0
15272,0,0.02232520282268524,0
15273,0,0.004784358665347099,0
15274,0,0.015399234369397163,0
15275,1,0.9997969269752502,1
15276,1,0.9996691942214966,1
15277,0,0.0003133889986202121,0
15278,0,0.0008270032121799886,0
15279,1,0.9334743022918701,1
15280,0,0.0665745809674263,0
15281,0,0.0091312350705266,0
15282,1,0.9475826621055603,1
15283,1,0.992979109287262,1
15284,0,0.00016667423187755048,0
15285,1,0.9921590089797974,1
15286,1,0.9998874664306641,1
15287,0,8.959958904597443e-06,0
15288,0,0.01692541502416134,0
15289,0,0.0026410187128931284,0
15290,1,0.9999058246612549,1
15291,1,0.9967963099479675,1
15292,1,0.9113392233848572,1
15293,1,0.999934196472168,1
15294,1,0.9986288547515869,1
15295,1,0.9977021813392639,1
15296,0,4.26109618274495e-05,0
15297,1,0.9994558691978455,1
15298,1,0.9997119307518005,1
15299,1,0.9969469904899597,1
15300,0,0.3507448732852936,0
15301,1,0.9330719709396362,1
15302,0,0.3832058608531952,0
15303,1,0.986430287361145,1
15304,1,0.9997914433479309,1
15305,1,0.9982524514198303,1
15306,0,0.0011692296247929335,0
15307,1,0.9999734163284302,1
15308,0,0.013320996426045895,0
15309,0,0.00037964919465593994,0
15310,0,0.0009565390064381063,0
15311,1,0.9989911913871765,1
15312,1,0.6993066072463989,1
15313,0,0.014798075892031193,0
15314,1,0.9980539083480835,1
15315,1,0.9999294281005859,1
15316,1,0.9983639121055603,1
15317,1,0.9992627501487732,1
15318,1,0.9997945427894592,1
15319,0,0.004879245534539223,0
15320,1,0.9998739957809448,1
15321,1,0.9981198906898499,1
15322,1,0.9858492612838745,1
15323,0,0.1415233463048935,0
15324,0,1.2166147826064844e-05,0
15325,1,0.9694164991378784,1
15326,0,0.03311498835682869,0
15327,1,0.9977657794952393,1
15328,1,0.9857732653617859,1
15329,0,0.00044062809320166707,0
15330,1,0.9631847143173218,1
15331,0,7.391422695945948e-05,0
15332,0,0.054389141499996185,0
15333,0,0.0019884328357875347,0
15334,0,0.0012575668515637517,0
15335,0,0.03365883231163025,0
15336,1,0.9998642206192017,1
15337,1,0.9999449253082275,1
15338,0,0.028886906802654266,0
15339,0,0.13534031808376312,0
15340,0,0.030354369431734085,0
15341,0,0.013832508586347103,0
15342,0,0.034619539976119995,0
15343,1,0.9976739287376404,1
15344,0,0.004081323277205229,0
15345,1,0.9901694655418396,1
15346,1,0.9996726512908936,1
15347,0,0.0034686592407524586,0
15348,0,0.01933017559349537,0
15349,1,0.9991579055786133,1
15350,0,0.8526591062545776,1
15351,1,0.999398946762085,1
15352,0,0.004335886333137751,0
15353,1,0.9977375268936157,1
15354,1,0.9954923391342163,1
15355,0,0.011684641242027283,0
15356,0,0.006338257808238268,0
15357,1,0.999961256980896,1
15358,1,0.8789207935333252,1
15359,0,0.00023545125441160053,0
15360,1,0.9999756813049316,1
15361,0,0.0011482280679047108,0
15362,1,0.9965000152587891,1
15363,1,0.994124710559845,1
15364,1,0.9997668862342834,1
15365,1,0.34261953830718994,0
15366,0,0.002738983603194356,0
15367,0,0.0075037600472569466,0
15368,0,0.009754368104040623,0
15369,0,0.06226824223995209,0
15370,0,0.004668059758841991,0
15371,1,0.999836802482605,1
15372,0,0.6703299880027771,1
15373,1,0.996464729309082,1
15374,0,0.0003709601005539298,0
15375,1,0.9956386685371399,1
15376,1,0.9998645782470703,1
15377,0,0.18493042886257172,0
15378,1,0.9619762301445007,1
15379,1,0.9995476603507996,1
15380,0,0.0004106991400476545,0
15381,0,0.03196723759174347,0
15382,1,0.9998888969421387,1
15383,0,0.0005376629414968193,0
15384,1,0.7037507891654968,1
15385,0,0.0016321020666509867,0
15386,1,0.9998307228088379,1
15387,1,0.9696650505065918,1
15388,1,0.9998465776443481,1
15389,1,0.39871811866760254,0
15390,0,9.259668149752542e-05,0
15391,0,0.0014602169394493103,0
15392,1,0.9911212921142578,1
15393,0,0.10368257761001587,0
15394,0,0.07378285378217697,0
15395,1,0.9944496154785156,1
15396,0,3.1809438951313496e-05,0
15397,1,0.9999198913574219,1
15398,1,0.33614060282707214,0
15399,1,0.7710705399513245,1
15400,1,0.9975395202636719,1
15401,1,0.9998039603233337,1
15402,0,0.06778775900602341,0
15403,1,0.9956076741218567,1
15404,0,0.002850865013897419,0
15405,1,0.9997673630714417,1
15406,1,0.9810294508934021,1
15407,0,0.0257499348372221,0
15408,0,0.17956484854221344,0
15409,0,0.0010781987803056836,0
15410,0,0.03298582509160042,0
15411,1,0.998989999294281,1
15412,0,0.0015149638056755066,0
15413,0,0.0008055968792177737,0
15414,0,0.5273265242576599,1
15415,1,0.9972785115242004,1
15416,0,0.045903101563453674,0
15417,1,0.9998804330825806,1
15418,0,0.7981430292129517,1
15419,0,0.00990203209221363,0
15420,0,0.003165035741403699,0
15421,0,7.288546476047486e-05,0
15422,1,0.9980170726776123,1
15423,0,0.00048449309542775154,0
15424,0,0.003365239826962352,0
15425,0,0.06277008354663849,0
15426,1,0.9885554909706116,1
15427,0,5.532993236556649e-05,0
15428,1,0.9999305009841919,1
15429,1,0.9736836552619934,1
15430,0,0.3815949857234955,0
15431,1,0.9999172687530518,1
15432,0,0.09035508334636688,0
15433,0,0.8896391987800598,1
15434,0,0.00032955114147625864,0
15435,1,0.9999411106109619,1
15436,1,0.9585344195365906,1
15437,1,0.9998289346694946,1
15438,0,0.001307046739384532,0
15439,1,0.9504287838935852,1
15440,0,0.007144916336983442,0
15441,0,0.35315653681755066,0
15442,0,0.00020593513909261674,0
15443,0,0.005694539751857519,0
15444,0,0.01730865053832531,0
15445,1,0.9998346567153931,1
15446,1,0.9998096823692322,1
15447,1,0.9780760407447815,1
15448,0,0.22721810638904572,0
15449,0,0.19336460530757904,0
15450,0,0.4893239736557007,0
15451,1,0.9862674474716187,1
15452,1,0.9998921155929565,1
15453,1,0.00442770728841424,0
15454,1,0.9963322281837463,1
15455,1,0.9982618689537048,1
15456,0,0.5891073942184448,1
15457,1,0.6569690704345703,1
15458,0,0.051566947251558304,0
15459,1,0.9853761792182922,1
15460,1,0.9790719151496887,1
15461,0,6.22569932602346e-05,0
15462,1,0.9995599389076233,1
15463,1,0.9989684820175171,1
15464,0,0.0035262538585811853,0
15465,1,0.49124690890312195,0
15466,0,0.02721937745809555,0
15467,0,0.08129400759935379,0
15468,1,0.9999815225601196,1
15469,1,0.9905822277069092,1
15470,0,0.03244926407933235,0
15471,0,0.01636035181581974,0
15472,1,0.9999886751174927,1
15473,0,0.000875661731697619,0
15474,0,0.02549801766872406,0
15475,0,0.0025401818566024303,0
15476,1,0.9852564930915833,1
15477,0,0.6751579642295837,1
15478,1,0.9996368885040283,1
15479,1,0.4831013083457947,0
15480,0,0.0006846530013717711,0
15481,0,0.015797389671206474,0
15482,0,7.554471812909469e-05,0
15483,1,0.9990565180778503,1
15484,1,0.9962356686592102,1
15485,1,0.9999544620513916,1
15486,1,0.974287211894989,1
15487,0,4.0312112105311826e-05,0
15488,0,0.030781595036387444,0
15489,0,0.006422577425837517,0
15490,1,0.9820733070373535,1
15491,0,7.914838352007791e-05,0
15492,1,0.7842772006988525,1
15493,1,0.9998199343681335,1
15494,0,0.004460953176021576,0
15495,0,0.01730739325284958,0
15496,1,0.9750397205352783,1
15497,0,0.11796046048402786,0
15498,0,0.18369081616401672,0
15499,0,0.007008797489106655,0
15500,0,0.5603830218315125,1
15501,1,0.9992896318435669,1
15502,1,0.9998214840888977,1
15503,0,0.000580641848500818,0
15504,0,6.354733341140673e-05,0
15505,0,0.00657873647287488,0
15506,0,6.392038631020114e-05,0
15507,1,0.9850695729255676,1
15508,0,0.10227596014738083,0
15509,0,0.007463867776095867,0
15510,0,0.018830152228474617,0
15511,1,0.9368405342102051,1
15512,1,0.9344375133514404,1
15513,1,0.9975112676620483,1
15514,0,0.17698165774345398,0
15515,0,0.0009451020741835237,0
15516,0,0.00035378531902097166,0
15517,0,0.006032000761479139,0
15518,0,0.2754547894001007,0
15519,0,0.004704086575657129,0
15520,1,0.9993228912353516,1
15521,0,0.0018185186199843884,0
15522,1,0.9995090961456299,1
15523,1,0.9782822728157043,1
15524,1,0.9792596101760864,1
15525,1,0.9998536109924316,1
15526,0,0.0006594996084459126,0
15527,0,0.000662406615447253,0
15528,1,0.9996587038040161,1
15529,1,0.9992545247077942,1
15530,0,0.00422287080436945,0
15531,0,0.0003259521909058094,0
15532,1,0.9998637437820435,1
15533,0,0.00015797068772371858,0
15534,1,0.8859178423881531,1
15535,1,0.9714644551277161,1
15536,1,0.9831746220588684,1
15537,0,0.03205142170190811,0
15538,0,4.7824913053773344e-05,0
15539,1,0.9931116104125977,1
15540,0,0.002057788660749793,0
15541,0,1.4129191185929812e-05,0
15542,1,0.9895426034927368,1
15543,0,0.39057332277297974,0
15544,1,0.9999494552612305,1
15545,0,3.782578278332949e-05,0
15546,1,0.9977712631225586,1
15547,0,0.002104126615449786,0
15548,1,0.052468109875917435,0
15549,0,0.005906959995627403,0
15550,1,0.9729173183441162,1
15551,0,0.008166905492544174,0
15552,1,0.9916165471076965,1
15553,1,0.9998558759689331,1
15554,0,0.9542677402496338,1
15555,1,0.9997840523719788,1
15556,1,0.9996104836463928,1
15557,1,0.9643396139144897,1
15558,0,0.0415162593126297,0
15559,1,0.5367650389671326,1
15560,0,0.004897537175565958,0
15561,1,0.9946840405464172,1
15562,0,0.1491643637418747,0
15563,0,0.011276042088866234,0
15564,0,0.000115997638204135,0
15565,0,0.007595611736178398,0
15566,1,0.9953930377960205,1
15567,0,0.009381800889968872,0
15568,1,0.9997647404670715,1
15569,1,0.9999057054519653,1
15570,0,0.00011835132318083197,0
15571,0,0.00608200253918767,0
15572,0,0.01898208074271679,0
15573,0,0.009552187286317348,0
15574,1,0.3295326828956604,0
15575,0,0.0003146844683215022,0
15576,0,8.609099313616753e-05,0
15577,0,0.5653318762779236,1
15578,0,0.00012328426237218082,0
15579,1,0.9999388456344604,1
15580,1,0.9944232106208801,1
15581,0,0.0008082965505309403,0
15582,0,0.005160405766218901,0
15583,0,0.0016048194374889135,0
15584,1,0.9996705055236816,1
15585,1,0.9629029035568237,1
15586,1,0.999886155128479,1
15587,1,0.9991832375526428,1
15588,0,0.0006623583030886948,0
15589,0,0.0003695889317896217,0
15590,1,0.9995998740196228,1
15591,1,0.9610744118690491,1
15592,0,0.00013576213677879423,0
15593,1,0.9984116554260254,1
15594,1,0.4792875647544861,0
15595,0,0.004316956270486116,0
15596,0,0.05611522123217583,0
15597,0,0.0009914638940244913,0
15598,1,0.9931464791297913,1
15599,0,0.003650446655228734,0
15600,1,0.9977491497993469,1
15601,1,0.9390380382537842,1
15602,1,0.9895205497741699,1
15603,1,0.9743130207061768,1
15604,1,0.9957951307296753,1
15605,0,0.000984413898549974,0
15606,1,0.9998300075531006,1
15607,0,0.00026852506562136114,0
15608,0,0.0007740462897345424,0
15609,1,0.9995294809341431,1
15610,1,0.9999954700469971,1
15611,1,0.9988436698913574,1
15612,1,0.5645223259925842,1
15613,0,0.4310512840747833,0
15614,0,0.9615883231163025,1
15615,1,0.9789401888847351,1
15616,0,0.006334537640213966,0
15617,0,0.005434347782284021,0
15618,1,0.9999552965164185,1
15619,1,0.9971551895141602,1
15620,1,0.05595624819397926,0
15621,0,0.003224656917154789,0
15622,0,0.0009369883337058127,0
15623,1,0.9986335635185242,1
15624,0,0.05267937481403351,0
15625,0,0.0019457744201645255,0
15626,0,0.00020387981203384697,0
15627,1,0.9999713897705078,1
15628,0,0.1588681936264038,0
15629,0,0.13232548534870148,0
15630,1,0.9978627562522888,1
15631,1,0.9998878240585327,1
15632,1,0.9999440908432007,1
15633,0,0.004703577142208815,0
15634,0,0.11560245603322983,0
15635,1,0.9769737124443054,1
15636,0,0.0015299719525501132,0
15637,1,0.8252292275428772,1
15638,1,0.9982946515083313,1
15639,1,0.9998390674591064,1
15640,0,0.4410109221935272,0
15641,0,6.150937406346202e-05,0
15642,0,0.0015464099124073982,0
15643,1,0.8390400409698486,1
15644,0,0.003626792458817363,0
15645,1,0.9858346581459045,1
15646,1,0.7783230543136597,1
15647,1,0.9992561936378479,1
15648,0,0.0007074818131513894,0
15649,0,0.8367836475372314,1
15650,0,0.00046238666982389987,0
15651,0,0.7388520240783691,1
15652,1,0.9998109936714172,1
15653,0,0.14780497550964355,0
15654,1,0.9970249533653259,1
15655,1,0.9947945475578308,1
15656,0,0.0006701042875647545,0
15657,0,0.041153039783239365,0
15658,1,0.9989904761314392,1
15659,0,0.7898017764091492,1
15660,1,0.9988163709640503,1
15661,0,0.0023515261709690094,0
15662,0,0.0360788032412529,0
15663,1,0.9999374151229858,1
15664,1,0.5874326229095459,1
15665,1,0.9993008375167847,1
15666,1,0.9799467921257019,1
15667,1,0.8011724352836609,1
15668,1,0.6498706936836243,1
15669,0,0.010235149413347244,0
15670,0,0.0002723342040553689,0
15671,1,0.9997643828392029,1
15672,0,0.0015220011118799448,0
15673,0,0.0026586889289319515,0
15674,1,0.9136323928833008,1
15675,1,0.9957537651062012,1
15676,0,0.039105311036109924,0
15677,1,0.9990108013153076,1
15678,0,0.002070017857477069,0
15679,1,0.999494194984436,1
15680,0,0.9953534603118896,1
15681,0,0.010248287580907345,0
15682,0,0.0005333991139195859,0
15683,1,0.9049811959266663,1
15684,1,0.9894965291023254,1
15685,1,0.2866085171699524,0
15686,1,0.9996265172958374,1
15687,0,0.00010494450543774292,0
15688,1,0.9998682737350464,1
15689,1,0.5981562733650208,1
15690,0,0.0002561660949140787,0
15691,1,0.9995620846748352,1
15692,1,0.9999436140060425,1
15693,0,1.5803479982423596e-05,0
15694,0,0.06663534790277481,0
15695,0,0.00517343869432807,0
15696,1,0.9914064407348633,1
15697,0,0.0004117377393413335,0
15698,0,0.010345381684601307,0
15699,0,0.020826123654842377,0
15700,1,0.9990791082382202,1
15701,1,0.9971280694007874,1
15702,1,0.9924037456512451,1
15703,1,0.5175805687904358,1
15704,1,0.981300950050354,1
15705,0,0.0002957168035209179,0
15706,0,0.0699375569820404,0
15707,0,0.815348744392395,1
15708,0,0.04654264822602272,0
15709,1,0.9843900799751282,1
15710,0,0.014190738089382648,0
15711,1,0.7283451557159424,1
15712,0,0.004093653056770563,0
15713,1,0.9999583959579468,1
15714,1,0.9970319271087646,1
15715,0,0.026474179700016975,0
15716,0,0.0053034289740026,0
15717,1,0.9996770620346069,1
15718,0,0.00037371297366917133,0
15719,0,0.3827214539051056,0
15720,1,0.9916744828224182,1
15721,1,0.9956904053688049,1
15722,0,0.008788504637777805,0
15723,1,0.9986257553100586,1
15724,1,0.9994301199913025,1
15725,1,0.9917498230934143,1
15726,0,0.0044398014433681965,0
15727,0,0.0004529889556579292,0
15728,1,0.9996678829193115,1
15729,0,0.0003441084991209209,0
15730,0,0.002935424679890275,0
15731,0,0.0021407839376479387,0
15732,1,0.9670770168304443,1
15733,0,0.002471803454682231,0
15734,1,0.9992579817771912,1
15735,0,0.04877717047929764,0
15736,0,0.0013762303860858083,0
15737,0,0.9010006785392761,1
15738,1,0.9949140548706055,1
15739,0,0.9421679377555847,1
15740,1,0.0854005366563797,0
15741,1,0.9991699457168579,1
15742,0,0.00035576033405959606,0
15743,1,0.9999890327453613,1
15744,0,0.01927630975842476,0
15745,0,0.030369937419891357,0
15746,0,0.0077521619386971,0
15747,0,0.02009330503642559,0
15748,0,0.0034556640312075615,0
15749,0,0.0005697465967386961,0
15750,1,0.9989315867424011,1
15751,1,0.9998621940612793,1
15752,1,0.9986082911491394,1
15753,1,0.03551745414733887,0
15754,1,0.999454915523529,1
15755,0,0.0027692820876836777,0
15756,0,3.5420202038949355e-05,0
15757,0,0.22112053632736206,0
15758,0,0.0017595080425962806,0
15759,0,0.0002996626135427505,0
15760,1,0.9999731779098511,1
15761,0,0.00504924776032567,0
15762,0,0.001041295239701867,0
15763,0,0.0009415156091563404,0
15764,1,0.9997280240058899,1
15765,1,0.9899259805679321,1
15766,0,0.035854484885931015,0
15767,1,0.9993649125099182,1
15768,0,0.07779998332262039,0
15769,1,0.9989443421363831,1
15770,0,0.269082635641098,0
15771,1,0.9884046316146851,1
15772,0,0.012416001409292221,0
15773,1,0.9980467557907104,1
15774,1,0.9431993961334229,1
15775,1,0.9864253997802734,1
15776,0,0.5905504822731018,1
15777,1,0.9999715089797974,1
15778,1,0.999821126461029,1
15779,1,0.991163969039917,1
15780,0,0.005134413484483957,0
15781,1,0.9999223947525024,1
15782,0,0.16622374951839447,0
15783,0,0.001409413875080645,0
15784,1,0.9994803071022034,1
15785,0,0.008844340220093727,0
15786,1,0.7997313737869263,1
15787,1,0.9676966667175293,1
15788,0,0.00563992140814662,0
15789,0,0.2955516576766968,0
15790,1,0.9990957975387573,1
15791,1,0.9915546774864197,1
15792,0,0.03833609074354172,0
15793,1,0.9999752044677734,1
15794,0,0.00012858845002483577,0
15795,1,0.9928935170173645,1
15796,0,0.3960331678390503,0
15797,0,0.02611071616411209,0
15798,1,0.999737560749054,1
15799,1,0.9712692499160767,1
15800,0,0.2738747298717499,0
15801,1,0.9989256262779236,1
15802,1,0.7005546689033508,1
15803,0,0.0003031623491551727,0
15804,1,0.9994542002677917,1
15805,1,0.9999725818634033,1
15806,0,6.974369171075523e-05,0
15807,0,0.7794994711875916,1
15808,1,0.9953420162200928,1
15809,1,0.99965500831604,1
15810,1,0.9984238147735596,1
15811,1,0.9973641037940979,1
15812,1,0.9992483258247375,1
15813,0,0.00035561571712605655,0
15814,1,0.9960148334503174,1
15815,0,0.0013891648268327117,0
15816,0,0.0024990648962557316,0
15817,1,0.9882797002792358,1
15818,1,0.9995929598808289,1
15819,1,0.9891710877418518,1
15820,1,0.9932661056518555,1
15821,1,0.9992091059684753,1
15822,1,0.9998859167098999,1
15823,0,0.06816631555557251,0
15824,0,0.034250304102897644,0
15825,1,0.9592808485031128,1
15826,0,0.6634155511856079,1
15827,1,0.9995502829551697,1
15828,0,0.0002626862551551312,0
15829,0,0.0007216397789306939,0
15830,1,0.947335958480835,1
15831,0,0.0032688535284250975,0
15832,1,0.9997429251670837,1
15833,0,0.000421025266405195,0
15834,0,0.0029415369499474764,0
15835,1,0.9999566078186035,1
15836,1,0.9997437596321106,1
15837,1,0.999891996383667,1
15838,0,0.0007725592004135251,0
15839,1,0.8551772236824036,1
15840,1,0.9936112761497498,1
15841,0,0.0002296870807185769,0
15842,0,0.09060822427272797,0
15843,1,0.990156888961792,1
15844,0,0.00041720859007909894,0
15845,1,0.9982174038887024,1
15846,1,0.9999570846557617,1
15847,1,0.32019373774528503,0
15848,0,0.0005007096915505826,0
15849,0,0.010847230441868305,0
15850,0,0.0005586827755905688,0
15851,1,0.9994032382965088,1
15852,0,0.004867918789386749,0
15853,1,0.9997405409812927,1
15854,1,0.9992731213569641,1
15855,0,0.0015278798528015614,0
15856,1,0.9998708963394165,1
15857,1,0.9771111607551575,1
15858,1,0.999947190284729,1
15859,1,0.9998631477355957,1
15860,0,7.670553168281913e-05,0
15861,0,0.8154469728469849,1
15862,0,0.029162777587771416,0
15863,0,0.03255798667669296,0
15864,0,0.0001625662698643282,0
15865,0,0.013062833808362484,0
15866,1,0.9909588098526001,1
15867,1,0.9999226331710815,1
15868,1,0.9996997117996216,1
15869,0,0.010939545929431915,0
15870,1,0.03190542384982109,0
15871,0,0.005516065750271082,0
15872,0,0.1541028767824173,0
15873,1,0.9998476505279541,1
15874,0,0.03128486126661301,0
15875,1,0.8138874769210815,1
15876,0,9.342587145511061e-05,0
15877,0,0.0005830578156746924,0
15878,0,0.9388732314109802,1
15879,0,0.00024873114307411015,0
15880,0,0.027614973485469818,0
15881,1,0.9997950196266174,1
15882,0,0.01519783865660429,0
15883,1,0.9999644756317139,1
15884,1,0.9996294975280762,1
15885,1,0.9978957176208496,1
15886,1,0.9960774779319763,1
15887,1,0.9998925924301147,1
15888,0,0.00639655627310276,0
15889,0,0.02514658309519291,0
15890,1,0.5672596096992493,1
15891,1,0.9999136924743652,1
15892,1,0.9996426105499268,1
15893,0,0.06639603525400162,0
15894,1,0.9044023752212524,1
15895,1,0.9538735151290894,1
15896,0,0.4000411927700043,0
15897,0,0.007110765669494867,0
15898,0,0.004511280916631222,0
15899,0,0.2778691351413727,0
15900,0,0.03149234130978584,0
15901,1,0.972883939743042,1
15902,0,0.002115050330758095,0
15903,0,0.00030829483876004815,0
15904,0,0.0013813601108267903,0
15905,1,0.9821351766586304,1
15906,0,0.0022806983906775713,0
15907,0,0.0009602266945876181,0
15908,0,0.04630662873387337,0
15909,1,0.996161699295044,1
15910,1,0.990145742893219,1
15911,0,0.0002819141373038292,0
15912,1,0.9981365203857422,1
15913,1,0.8786078691482544,1
15914,0,0.005890445318073034,0
15915,0,0.0011975608067587018,0
15916,1,0.9944753050804138,1
15917,0,1.463356147723971e-05,0
15918,1,0.7816934585571289,1
15919,0,0.00011634635302470997,0
15920,1,0.999974250793457,1
15921,1,0.06713704764842987,0
15922,0,0.0182493906468153,0
15923,0,0.0002198787115048617,0
15924,0,0.9840478897094727,1
15925,1,0.9976544976234436,1
15926,1,0.6510667204856873,1
15927,1,0.9997873902320862,1
15928,1,0.9997033476829529,1
15929,1,0.9793469309806824,1
15930,1,0.9981796741485596,1
15931,1,0.9994763731956482,1
15932,0,6.258838402573019e-05,0
15933,1,0.943304181098938,1
15934,1,0.9629089832305908,1
15935,0,0.0014585109893232584,0
15936,0,0.03009837307035923,0
15937,0,0.02710663713514805,0
15938,1,0.9992148876190186,1
15939,0,0.0023067696020007133,0
15940,1,0.9995974898338318,1
15941,0,0.05978100746870041,0
15942,1,0.9926984906196594,1
15943,0,0.06508252769708633,0
15944,1,0.6406459212303162,1
15945,0,0.9338235855102539,1
15946,0,0.0003701091627590358,0
15947,0,0.11372720450162888,0
15948,0,0.44923368096351624,0
15949,1,0.999047577381134,1
15950,0,0.00032406797981821,0
15951,1,0.991519033908844,1
15952,0,9.376940579386428e-05,0
15953,0,0.0022324337624013424,0
15954,0,0.014779551886022091,0
15955,0,0.2996087074279785,0
15956,0,0.27422988414764404,0
15957,1,0.9977476000785828,1
15958,0,0.06302620470523834,0
15959,1,0.9777902364730835,1
15960,0,0.0004528344143182039,0
15961,1,0.9993085861206055,1
15962,0,0.0020625698380172253,0
15963,0,0.0015055822441354394,0
15964,0,0.06915457546710968,0
15965,0,0.24865679442882538,0
15966,1,0.9951131939888,1
15967,0,0.847675085067749,1
15968,1,0.9939932227134705,1
15969,0,0.022369906306266785,0
15970,0,6.458567804656923e-05,0
15971,1,0.9246786832809448,1
15972,1,0.998819887638092,1
15973,0,0.07569249719381332,0
15974,1,0.6178357601165771,1
15975,1,0.9753637313842773,1
15976,0,0.018035437911748886,0
15977,1,0.9952367544174194,1
15978,1,0.9994673132896423,1
15979,1,0.9972763657569885,1
15980,0,0.0002024343702942133,0
15981,0,0.0012451563961803913,0
15982,1,0.7704098224639893,1
15983,1,0.31447240710258484,0
15984,0,0.0032930499874055386,0
15985,0,0.0021222559735178947,0
15986,1,0.9981185793876648,1
15987,0,0.04432852566242218,0
15988,1,0.20653021335601807,0
15989,1,0.9995326995849609,1
15990,1,0.9995266199111938,1
15991,0,0.0013137802015990019,0
15992,1,0.9991703033447266,1
15993,0,0.015587502159178257,0
15994,0,0.0007087367121130228,0
15995,0,0.000748434744309634,0
15996,0,0.0022592968307435513,0
15997,0,0.9725810885429382,1
15998,0,0.0013117920607328415,0
15999,0,0.3609088361263275,0
16000,1,0.9995205402374268,1
16001,1,0.9863765835762024,1
16002,1,0.999799907207489,1
16003,1,0.9770853519439697,1
16004,0,0.0007355925044976175,0
16005,0,0.1471381038427353,0
16006,1,0.8688193559646606,1
16007,1,0.8905692100524902,1
16008,0,7.367187936324626e-05,0
16009,0,0.021281585097312927,0
16010,1,0.9902936220169067,1
16011,0,0.00017336072050966322,0
16012,1,0.9996969699859619,1
16013,0,0.006076212041079998,0
16014,1,0.053555767983198166,0
16015,1,0.9997434020042419,1
16016,0,0.00034527378738857806,0
16017,1,0.9996280670166016,1
16018,1,0.9996757507324219,1
16019,0,0.40936753153800964,0
16020,0,0.37027475237846375,0
16021,1,0.974994421005249,1
16022,0,0.005938115995377302,0
16023,1,0.9999842643737793,1
16024,1,0.9998154044151306,1
16025,0,0.005520658101886511,0
16026,0,0.0005925981095060706,0
16027,0,0.005742890294641256,0
16028,1,0.999933123588562,1
16029,0,0.0005636896239593625,0
16030,0,0.04861019179224968,0
16031,0,0.0009309275192208588,0
16032,0,0.015508612617850304,0
16033,1,0.9857441782951355,1
16034,0,0.02444489300251007,0
16035,0,0.0015249657444655895,0
16036,0,0.21226035058498383,0
16037,0,0.0019409233937039971,0
16038,1,0.9950397610664368,1
16039,1,0.028926895931363106,0
16040,1,0.9799376130104065,1
16041,0,6.334669888019562e-05,0
16042,1,0.9998223185539246,1
16043,1,0.9717912673950195,1
16044,1,0.9988564252853394,1
16045,0,4.4889835407957435e-05,0
16046,1,0.9972061514854431,1
16047,1,0.9999409914016724,1
16048,1,0.9870965480804443,1
16049,1,0.9998811483383179,1
16050,0,0.0008303638896904886,0
16051,1,0.9994571805000305,1
16052,1,0.9988094568252563,1
16053,0,0.0005798493511974812,0
16054,0,0.04151405766606331,0
16055,1,0.9990283250808716,1
16056,1,0.9989749193191528,1
16057,0,0.0012494910042732954,0
16058,1,0.9625539779663086,1
16059,0,0.0005488889873959124,0
16060,1,0.9952974915504456,1
16061,1,0.9589588046073914,1
16062,1,0.9980953335762024,1
16063,1,0.9299365282058716,1
16064,0,0.0002475137880537659,0
16065,0,0.044436849653720856,0
16066,0,0.05567515641450882,0
16067,0,0.00033938020351342857,0
16068,0,0.00098408292979002,0
16069,0,0.24440188705921173,0
16070,1,0.9991287589073181,1
16071,0,0.0247743409126997,0
16072,0,0.001970175188034773,0
16073,0,0.003986183553934097,0
16074,1,0.9874158501625061,1
16075,0,0.7273837924003601,1
16076,1,0.9674745202064514,1
16077,0,0.0011728476965799928,0
16078,1,0.9999372959136963,1
16079,0,0.00020998678519390523,0
16080,0,0.015589691698551178,0
16081,0,0.009729495272040367,0
16082,1,0.9990083575248718,1
16083,0,0.1941385716199875,0
16084,0,0.007044991012662649,0
16085,1,0.9950945377349854,1
16086,0,0.02954885922372341,0
16087,1,0.9990826845169067,1
16088,0,0.00013449219113681465,0
16089,1,0.9995525479316711,1
16090,0,0.00039645953802391887,0
16091,1,0.99905925989151,1
16092,1,0.9923756718635559,1
16093,0,0.002738432725891471,0
16094,0,0.00017168134218081832,0
16095,1,0.8700263500213623,1
16096,0,0.06324248015880585,0
16097,1,0.4530153274536133,0
16098,0,0.004066333640366793,0
16099,1,0.9997226595878601,1
16100,1,0.9993593096733093,1
16101,1,0.916681170463562,1
16102,0,0.20288249850273132,0
16103,0,0.9879419207572937,1
16104,1,0.9999123811721802,1
16105,1,0.9999780654907227,1
16106,1,0.9998462200164795,1
16107,0,0.0001508602872490883,0
16108,1,0.9378270506858826,1
16109,1,0.9997527003288269,1
16110,0,0.002784326672554016,0
16111,1,0.9956589937210083,1
16112,1,0.989137589931488,1
16113,0,0.0266190767288208,0
16114,1,0.9996157884597778,1
16115,1,0.9998152852058411,1
16116,0,0.19484396278858185,0
16117,1,0.9956401586532593,1
16118,0,0.001836911542341113,0
16119,0,0.0008673174888826907,0
16120,1,0.9926855564117432,1
16121,0,0.0002681755868252367,0
16122,0,0.05607209727168083,0
16123,1,0.9997305274009705,1
16124,1,0.9984384179115295,1
16125,1,0.9996060729026794,1
16126,0,0.00031606873380951583,0
16127,0,6.0876573115820065e-06,0
16128,0,0.0020605381578207016,0
16129,0,0.0001622621202841401,0
16130,0,0.03292350098490715,0
16131,0,0.00021039642160758376,0
16132,1,0.9891504645347595,1
16133,0,0.0017684830818325281,0
16134,1,0.330466628074646,0
16135,0,0.2312702089548111,0
16136,0,0.0035817231982946396,0
16137,1,0.999131977558136,1
16138,0,0.2607659697532654,0
16139,1,0.9797770380973816,1
16140,1,0.9735797047615051,1
16141,1,0.9999788999557495,1
16142,1,0.9993194341659546,1
16143,0,0.003934869077056646,0
16144,1,0.999988317489624,1
16145,0,0.0023971630726009607,0
16146,0,0.01925879903137684,0
16147,1,0.8448905944824219,1
16148,1,0.9961916208267212,1
16149,1,0.7533627152442932,1
16150,1,0.8983968496322632,1
16151,0,0.0009547966765239835,0
16152,1,0.0013183546252548695,0
16153,1,0.9994434714317322,1
16154,1,0.9994825124740601,1
16155,1,0.9991188645362854,1
16156,0,0.00150323286652565,0
16157,0,0.019124537706375122,0
16158,0,0.0007188589661382139,0
16159,0,0.00114728685002774,0
16160,1,0.9981375932693481,1
16161,0,0.47342273592948914,0
16162,1,0.9998226761817932,1
16163,1,0.996160626411438,1
16164,1,0.9998726844787598,1
16165,0,0.9193492531776428,1
16166,0,0.08878522366285324,0
16167,1,0.999972939491272,1
16168,0,0.0017675354611128569,0
16169,1,0.9995561242103577,1
16170,1,0.9997920393943787,1
16171,0,0.007309279404580593,0
16172,0,0.2869691848754883,0
16173,1,0.9865711331367493,1
16174,0,0.022369906306266785,0
16175,0,0.15032410621643066,0
16176,0,5.855735798832029e-05,0
16177,0,0.004175060894340277,0
16178,0,0.08985970169305801,0
16179,0,0.015300024300813675,0
16180,0,0.0022982475347816944,0
16181,1,0.9998335838317871,1
16182,1,0.9998972415924072,1
16183,1,0.9999712705612183,1
16184,0,1.6475989468744956e-05,0
16185,1,0.9987574815750122,1
16186,1,0.9950581789016724,1
16187,0,0.0723685547709465,0
16188,1,0.9933645725250244,1
16189,0,0.018520154058933258,0
16190,1,0.9838158488273621,1
16191,0,0.020532522350549698,0
16192,0,0.060838691890239716,0
16193,0,7.900466152932495e-05,0
16194,0,0.04598746821284294,0
16195,1,0.9993771910667419,1
16196,0,0.9092974066734314,1
16197,0,0.5406949520111084,1
16198,0,0.6369280815124512,1
16199,0,0.006490381900221109,0
16200,1,0.9999713897705078,1
16201,0,0.4509331285953522,0
16202,1,0.9853060245513916,1
16203,0,0.922917366027832,1
16204,0,0.055230580270290375,0
16205,0,0.010830115526914597,0
16206,1,0.9995601773262024,1
16207,0,0.008784716948866844,0
16208,0,0.003437633393332362,0
16209,0,0.002992604160681367,0
16210,0,0.024883924052119255,0
16211,0,0.07869774848222733,0
16212,1,0.248013436794281,0
16213,0,0.001322100404649973,0
16214,1,0.9996851682662964,1
16215,1,0.9970748424530029,1
16216,1,0.9984048008918762,1
16217,0,0.310162216424942,0
16218,1,0.9991864562034607,1
16219,1,0.6519371867179871,1
16220,1,0.9980853796005249,1
16221,1,0.9999639987945557,1
16222,0,0.05687239393591881,0
16223,0,0.0036490834318101406,0
16224,1,0.9986143112182617,1
16225,1,0.9979308843612671,1
16226,0,0.0050279367715120316,0
16227,0,0.00011429325240897015,0
16228,1,0.7758312821388245,1
16229,1,0.9997233748435974,1
16230,1,0.020035909488797188,0
16231,1,0.9975603818893433,1
16232,1,0.9561603665351868,1
16233,1,0.982296884059906,1
16234,0,0.0005539865233004093,0
16235,0,0.002157553331926465,0
16236,0,0.0005719926557503641,0
16237,1,0.9995347261428833,1
16238,0,0.004276784602552652,0
16239,1,0.990483283996582,1
16240,1,0.9528644680976868,1
16241,1,0.9986281394958496,1
16242,0,0.00022519573394674808,0
16243,0,0.0005411975434981287,0
16244,1,0.9998856782913208,1
16245,1,0.9994310736656189,1
16246,1,0.9984694123268127,1
16247,1,0.9995806813240051,1
16248,1,0.9983439445495605,1
16249,0,0.0006318992236629128,0
16250,0,0.12750498950481415,0
16251,0,0.00810177344828844,0
16252,1,0.999900221824646,1
16253,1,0.9991164803504944,1
16254,1,0.3267054855823517,0
16255,0,0.021945403888821602,0
16256,0,0.01746518537402153,0
16257,1,0.9913832545280457,1
16258,1,0.9997844099998474,1
16259,1,0.9999772310256958,1
16260,0,0.0981007069349289,0
16261,1,0.9958117008209229,1
16262,1,0.997338593006134,1
16263,1,0.9832395911216736,1
16264,1,0.9963005781173706,1
16265,1,0.9997212290763855,1
16266,0,0.0008776484173722565,0
16267,1,0.9896913170814514,1
16268,0,5.481369225890376e-05,0
16269,0,0.09290914982557297,0
16270,0,0.07399026304483414,0
16271,0,0.006669436581432819,0
16272,1,0.9988897442817688,1
16273,1,0.9995805621147156,1
16274,0,0.00022736159735359251,0
16275,0,0.00010909802949754521,0
16276,0,0.03454028069972992,0
16277,0,0.11259312927722931,0
16278,0,0.08474542945623398,0
16279,1,0.3567151725292206,0
16280,1,0.9999254941940308,1
16281,1,0.9988718628883362,1
16282,1,0.9978298544883728,1
16283,1,0.9999721050262451,1
16284,1,0.9849439263343811,1
16285,0,0.9870545268058777,1
16286,0,0.00018477064440958202,0
16287,0,0.010938823223114014,0
16288,1,0.9446663856506348,1
16289,1,0.9999513626098633,1
16290,1,0.9879799485206604,1
16291,1,0.9914929270744324,1
16292,1,0.9924448132514954,1
16293,0,0.020616021007299423,0
16294,0,0.015569477342069149,0
16295,1,0.9999492168426514,1
16296,1,0.9688146114349365,1
16297,1,0.99972003698349,1
16298,0,0.00012700729712378234,0
16299,0,0.00010958922939607874,0
16300,0,0.0028448570519685745,0
16301,0,0.001926614553667605,0
16302,1,0.9999558925628662,1
16303,0,0.9492373466491699,1
16304,1,0.7342290282249451,1
16305,1,0.999900221824646,1
16306,1,0.9031007289886475,1
16307,1,0.7114474177360535,1
16308,1,0.9806147217750549,1
16309,1,0.9908846020698547,1
16310,0,0.06889417767524719,0
16311,0,0.8299984931945801,1
16312,1,0.9995025396347046,1
16313,0,0.000624450680334121,0
16314,1,0.9994526505470276,1
16315,1,0.9999150037765503,1
16316,0,7.702533912379295e-05,0
16317,1,0.13866591453552246,0
16318,0,0.020374082028865814,0
16319,0,0.2853116989135742,0
16320,1,0.8770286440849304,1
16321,1,0.9986940026283264,1
16322,1,0.7783561944961548,1
16323,0,0.00010750507499324158,0
16324,0,0.02910165674984455,0
16325,0,0.007413077168166637,0
16326,1,0.9994335770606995,1
16327,1,0.9999876022338867,1
16328,0,0.009161767549812794,0
16329,0,0.0002955178206320852,0
16330,0,0.12041335552930832,0
16331,1,0.2944568991661072,0
16332,0,0.003907023463398218,0
16333,1,0.9990125894546509,1
16334,1,0.9999700784683228,1
16335,0,0.825752317905426,1
16336,0,4.9231475713895634e-05,0
16337,0,0.0006371684721671045,0
16338,0,0.0003236542397644371,0
16339,1,0.9983744621276855,1
16340,0,0.017717916518449783,0
16341,0,0.019600464031100273,0
16342,0,0.3651968538761139,0
16343,0,0.8069708943367004,1
16344,1,0.9982354640960693,1
16345,0,0.0934503823518753,0
16346,0,0.2918699383735657,0
16347,0,7.448203541571274e-05,0
16348,1,0.999822199344635,1
16349,1,0.9999827146530151,1
16350,0,0.14932730793952942,0
16351,1,0.9934189915657043,1
16352,1,0.8616735339164734,1
16353,0,0.0005148341879248619,0
16354,0,0.01958266831934452,0
16355,0,0.693909764289856,1
16356,1,0.7268880605697632,1
16357,1,0.9939180612564087,1
16358,0,0.948970377445221,1
16359,0,0.00020541857520584017,0
16360,1,0.8199137449264526,1
16361,1,0.9999741315841675,1
16362,0,0.0005325238453224301,0
16363,1,0.9927994012832642,1
16364,0,0.03176433593034744,0
16365,0,0.0001325774210272357,0
16366,0,0.00036511890357360244,0
16367,1,0.9719907641410828,1
16368,0,0.001998553052544594,0
16369,0,0.004761757794767618,0
16370,1,0.9995342493057251,1
16371,0,0.20931662619113922,0
16372,0,0.6567912101745605,1
16373,1,0.9993886947631836,1
16374,1,0.9927530288696289,1
16375,0,0.000731778796762228,0
16376,1,0.9997597336769104,1
16377,1,0.9992796778678894,1
16378,0,0.10949485749006271,0
16379,0,0.0033665357623249292,0
16380,1,0.9996131062507629,1
16381,1,0.9999847412109375,1
16382,1,0.999920129776001,1
16383,1,0.5765133500099182,1
16384,0,0.013167878612875938,0
16385,1,0.5757425427436829,1
16386,1,0.9995798468589783,1
16387,1,0.9997159838676453,1
16388,0,0.06082956865429878,0
16389,1,0.9991804957389832,1
16390,1,0.999968409538269,1
16391,1,0.7041299939155579,1
16392,0,0.24983003735542297,0
16393,1,0.9586825966835022,1
16394,1,0.9998679161071777,1
16395,1,0.9998427629470825,1
16396,1,0.9995143413543701,1
16397,0,0.0010033772559836507,0
16398,1,0.8229177594184875,1
16399,0,0.00032905041007325053,0
16400,0,0.008335907943546772,0
16401,0,0.00021518256107810885,0
16402,1,0.9941765069961548,1
16403,0,0.00012065827468177304,0
16404,0,0.0007017747266218066,0
16405,0,0.0180763378739357,0
16406,1,0.9931888580322266,1
16407,1,0.9983002543449402,1
16408,0,0.02065928466618061,0
16409,0,0.01991686224937439,0
16410,0,0.010154726915061474,0
16411,0,5.5170712585095316e-05,0
16412,0,0.004414617083966732,0
16413,1,0.7882115840911865,1
16414,1,0.9998587369918823,1
16415,1,0.19126810133457184,0
16416,1,0.9058147072792053,1
16417,1,0.7448257803916931,1
16418,0,0.0005893393536098301,0
16419,0,0.013895411975681782,0
16420,0,0.0002597197308205068,0
16421,0,0.008105866611003876,0
16422,1,0.99915611743927,1
16423,0,9.469872566114645e-06,0
16424,0,0.01623377576470375,0
16425,0,0.11686670780181885,0
16426,0,0.004726249258965254,0
16427,1,0.36639854311943054,0
16428,1,0.9999783039093018,1
16429,0,0.0013221022672951221,0
16430,0,0.030271099880337715,0
16431,0,0.0012631658464670181,0
16432,0,0.003148146905004978,0
16433,1,0.9996408224105835,1
16434,1,0.9844081997871399,1
16435,1,0.9924191236495972,1
16436,0,0.0002277905587106943,0
16437,1,0.9886853694915771,1
16438,1,0.9990015625953674,1
16439,0,0.0011532326461747289,0
16440,0,0.006671035662293434,0
16441,0,0.0028737643733620644,0
16442,0,0.021147359162569046,0
16443,1,0.7962486147880554,1
16444,1,0.9988425374031067,1
16445,0,0.00099188054446131,0
16446,0,0.06917237490415573,0
16447,0,0.0004776559944730252,0
16448,1,0.9964725375175476,1
16449,1,0.999777615070343,1
16450,1,0.9761396050453186,1
16451,1,0.9970359802246094,1
16452,0,0.9733648300170898,1
16453,0,9.291031892644241e-05,0
16454,0,0.0013908068649470806,0
16455,0,0.012249171733856201,0
16456,0,0.000293174060061574,0
16457,0,0.008515127003192902,0
16458,1,0.9990828037261963,1
16459,0,0.01434226706624031,0
16460,1,0.9998281002044678,1
16461,1,0.9993534684181213,1
16462,1,0.9977422952651978,1
16463,0,0.00419804360717535,0
16464,1,0.22471238672733307,0
16465,1,0.9993283748626709,1
16466,1,0.9845196008682251,1
16467,0,0.004040734376758337,0
16468,1,0.7839348912239075,1
16469,1,0.9998924732208252,1
16470,0,0.8220282793045044,1
16471,0,0.0015474115498363972,0
16472,0,0.10289530456066132,0
16473,1,0.8605003952980042,1
16474,0,0.9980425834655762,1
16475,1,0.9999827146530151,1
16476,0,0.009387715719640255,0
16477,0,0.00019876252918038517,0
16478,1,0.9520027041435242,1
16479,1,0.9986163377761841,1
16480,0,0.0996142104268074,0
16481,0,5.749605406890623e-05,0
16482,0,0.057933926582336426,0
16483,1,0.9997015595436096,1
16484,1,0.9984036087989807,1
16485,0,0.003082163631916046,0
16486,0,0.08867726475000381,0
16487,1,0.9883249998092651,1
16488,1,0.9986306428909302,1
16489,1,0.9936991930007935,1
16490,0,0.0016198648372665048,0
16491,1,0.9999589920043945,1
16492,1,0.9997413754463196,1
16493,0,0.0012793964706361294,0
16494,0,0.03301937133073807,0
16495,1,0.999441921710968,1
16496,1,0.999954104423523,1
16497,0,0.6593628525733948,1
16498,0,0.12184637039899826,0
16499,0,0.002842509653419256,0
16500,1,0.9950656294822693,1
16501,0,0.0009961312171071768,0
16502,1,0.9994103908538818,1
16503,0,0.0013469087425619364,0
16504,0,7.533213647548109e-05,0
16505,0,0.01866281032562256,0
16506,0,0.00561293913051486,0
16507,1,0.9994049072265625,1
16508,0,0.0005878413212485611,0
16509,0,0.007593635004013777,0
16510,1,0.9988481998443604,1
16511,0,0.015279003418982029,0
16512,1,0.9995723366737366,1
16513,0,0.6487045884132385,1
16514,1,0.41546183824539185,0
16515,1,0.9991946816444397,1
16516,1,0.9999163150787354,1
16517,0,0.2521977722644806,0
16518,0,0.5190780162811279,1
16519,1,0.998978853225708,1
16520,1,0.9999114274978638,1
16521,1,0.9928842782974243,1
16522,0,0.7555522918701172,1
16523,1,0.999958872795105,1
16524,1,0.9990662932395935,1
16525,1,0.8593976497650146,1
16526,0,0.002920393366366625,0
16527,1,0.9997630715370178,1
16528,0,0.0005495069199241698,0
16529,1,0.9994547963142395,1
16530,1,0.9986668825149536,1
16531,1,0.9975112676620483,1
16532,1,0.9946350455284119,1
16533,0,0.749401330947876,1
16534,1,0.9997605681419373,1
16535,1,0.9994450211524963,1
16536,1,0.9984947443008423,1
16537,1,0.9952634572982788,1
16538,0,0.00014214991824701428,0
16539,1,0.9998917579650879,1
16540,0,0.059565022587776184,0
16541,0,0.009117409586906433,0
16542,0,0.0959457978606224,0
16543,0,0.0002332708245376125,0
16544,0,0.03417157381772995,0
16545,1,0.9992929697036743,1
16546,1,0.9999432563781738,1
16547,1,0.9981822967529297,1
16548,0,0.0023269797675311565,0
16549,0,0.06886158138513565,0
16550,1,0.9955908060073853,1
16551,0,0.00025287122116424143,0
16552,1,0.9998453855514526,1
16553,1,0.9913219809532166,1
16554,0,0.3843849003314972,0
16555,0,4.962780440109782e-05,0
16556,1,0.9986697435379028,1
16557,1,0.9998948574066162,1
16558,0,0.00015035764954518527,0
16559,1,0.9996809959411621,1
16560,1,0.9996662139892578,1
16561,1,0.12501323223114014,0
16562,1,0.999991774559021,1
16563,0,0.0046579232439398766,0
16564,0,0.1167944073677063,0
16565,0,0.007288522087037563,0
16566,1,0.9978212118148804,1
16567,0,0.0007209476316347718,0
16568,0,0.000906419416423887,0
16569,0,0.02735341526567936,0
16570,1,0.05900951102375984,0
16571,0,0.0003066746285185218,0
16572,1,0.9994850158691406,1
16573,0,0.00251068826764822,0
16574,0,0.010233275592327118,0
16575,1,0.8360617756843567,1
16576,1,0.9909533262252808,1
16577,1,0.9881808757781982,1
16578,0,0.39938661456108093,0
16579,1,0.9976389408111572,1
16580,0,0.0006646360270678997,0
16581,1,0.9852906465530396,1
16582,0,0.26958948373794556,0
16583,0,0.0002010421158047393,0
16584,0,0.2327861189842224,0
16585,0,0.0018822262063622475,0
16586,0,0.018674813210964203,0
16587,1,0.9999380111694336,1
16588,1,0.9987731575965881,1
16589,1,0.9876065850257874,1
16590,0,5.858159784111194e-05,0
16591,0,0.0008529696497134864,0
16592,0,0.013165585696697235,0
16593,0,0.11903950572013855,0
16594,1,0.996425211429596,1
16595,0,0.8003873229026794,1
16596,1,0.8065442442893982,1
16597,0,0.48174330592155457,0
16598,1,0.9956799745559692,1
16599,1,0.9984423518180847,1
16600,1,0.9979523420333862,1
16601,1,0.9985184073448181,1
16602,0,0.6965948939323425,1
16603,1,0.9957517385482788,1
16604,1,0.993918776512146,1
16605,0,0.5643699169158936,1
16606,0,0.0004452967259567231,0
16607,0,0.009694668464362621,0
16608,1,0.9999585151672363,1
16609,1,0.9178391098976135,1
16610,1,0.9888359904289246,1
16611,0,0.002365195658057928,0
16612,0,0.1808381825685501,0
16613,0,0.0010242844000458717,0
16614,1,0.9621782898902893,1
16615,1,0.9974422454833984,1
16616,0,0.09421958774328232,0
16617,1,0.9964780211448669,1
16618,1,0.8107414245605469,1
16619,1,0.38570040464401245,0
16620,1,0.0927404835820198,0
16621,1,0.992882251739502,1
16622,1,0.9998934268951416,1
16623,0,0.012086678296327591,0
16624,0,0.004081007093191147,0
16625,0,0.014063727110624313,0
16626,1,0.9178455471992493,1
16627,0,0.0014059143140912056,0
16628,0,0.07721605151891708,0
16629,0,0.010760100558400154,0
16630,1,0.9943992495536804,1
16631,1,0.9995977282524109,1
16632,1,0.9689505696296692,1
16633,0,0.050228942185640335,0
16634,1,0.9570291042327881,1
16635,1,0.9997236132621765,1
16636,1,0.9152112007141113,1
16637,1,0.987642765045166,1
16638,0,0.006601572502404451,0
16639,1,0.9999778270721436,1
16640,0,0.0006302609108388424,0
16641,1,0.6635162830352783,1
16642,0,0.015403125435113907,0
16643,1,0.9521821141242981,1
16644,0,0.18301936984062195,0
16645,0,0.0003629731072578579,0
16646,1,0.9168150424957275,1
16647,1,0.8558893203735352,1
16648,1,0.9921202659606934,1
16649,0,0.00030691211577504873,0
16650,0,0.0062742894515395164,0
16651,0,0.00012182116915937513,0
16652,0,0.46703994274139404,0
16653,0,0.4853180944919586,0
16654,0,0.00010846681834664196,0
16655,0,0.1575808972120285,0
16656,0,0.000287383736576885,0
16657,1,0.9273495078086853,1
16658,0,0.0012899258872494102,0
16659,1,0.9090632200241089,1
16660,1,0.9999332427978516,1
16661,0,0.0013523739762604237,0
16662,0,0.28828173875808716,0
16663,0,0.00357636995613575,0
16664,0,0.5932860374450684,1
16665,1,0.9894418716430664,1
16666,0,0.02979687787592411,0
16667,0,0.0018815546063706279,0
16668,1,0.9915828108787537,1
16669,0,0.9934344291687012,1
16670,0,0.0010681027779355645,0
16671,1,0.9996324777603149,1
16672,1,0.9997637867927551,1
16673,1,0.9992696642875671,1
16674,0,0.0018679669592529535,0
16675,0,0.04281415417790413,0
16676,1,0.9992403984069824,1
16677,0,0.0006523109041154385,0
16678,1,0.9995244741439819,1
16679,1,0.9997403025627136,1
16680,0,0.0013133378233760595,0
16681,1,0.9981801509857178,1
16682,1,0.995919942855835,1
16683,1,0.9466359615325928,1
16684,1,0.4439617693424225,0
16685,1,0.8429064750671387,1
16686,1,0.9998015761375427,1
16687,0,0.051760490983724594,0
16688,1,0.9670656323432922,1
16689,1,0.8719004392623901,1
16690,0,8.731912384973839e-05,0
16691,1,0.980258047580719,1
16692,0,0.24179217219352722,0
16693,1,0.9987686276435852,1
16694,0,0.0005482523702085018,0
16695,0,0.7496832609176636,1
16696,0,0.0003556233423296362,0
16697,1,0.9955193996429443,1
16698,1,0.9999617338180542,1
16699,1,0.9998784065246582,1
16700,0,0.002940640551969409,0
16701,1,0.9983481168746948,1
16702,1,0.6118700504302979,1
16703,1,0.9895842671394348,1
16704,0,0.0004801885224878788,0
16705,1,0.9447994828224182,1
16706,0,0.06588853150606155,0
16707,0,0.006870382931083441,0
16708,1,0.797880232334137,1
16709,1,0.9974608421325684,1
16710,0,0.0003091964463237673,0
16711,0,0.0004154644557274878,0
16712,0,0.0002359969512326643,0
16713,1,0.9998389482498169,1
16714,1,0.9826182126998901,1
16715,0,0.005426832474768162,0
16716,1,0.9981902241706848,1
16717,1,0.9995525479316711,1
16718,1,0.9978943467140198,1
16719,1,0.9960399866104126,1
16720,1,0.9702474474906921,1
16721,1,0.998141884803772,1
16722,1,0.999903678894043,1
16723,1,0.8565326929092407,1
16724,0,0.0011774224694818258,0
16725,1,0.9966625571250916,1
16726,0,0.0012233018642291427,0
16727,1,0.9939760565757751,1
16728,0,0.00038160118856467307,0
16729,1,0.8927028179168701,1
16730,0,0.13403135538101196,0
16731,1,0.9970603585243225,1
16732,1,0.5605056881904602,1
16733,0,0.0004595548671204597,0
16734,1,0.9998458623886108,1
16735,0,0.1525578796863556,0
16736,1,0.996955156326294,1
16737,0,0.40260234475135803,0
16738,0,0.0011045918799936771,0
16739,1,0.9997686743736267,1
16740,1,0.99543696641922,1
16741,0,0.0008879914530552924,0
16742,0,0.01170080341398716,0
16743,1,0.9999175071716309,1
16744,1,0.9990540146827698,1
16745,1,0.996649444103241,1
16746,0,0.0017031002789735794,0
16747,0,0.03041892498731613,0
16748,1,0.7425671815872192,1
16749,0,0.6165476441383362,1
16750,0,0.0018470435170456767,0
16751,1,0.9996465444564819,1
16752,0,0.00021568560623563826,0
16753,1,0.9999170303344727,1
16754,0,0.00659990543499589,0
16755,0,0.38249003887176514,0
16756,0,0.023296257480978966,0
16757,1,0.16101126372814178,0
16758,1,0.997329592704773,1
16759,1,0.9992756247520447,1
16760,0,0.7253384590148926,1
16761,1,0.9859933853149414,1
16762,0,0.4645862877368927,0
16763,0,0.0017156662652269006,0
16764,1,0.9986190795898438,1
16765,0,9.227072587236762e-05,0
16766,1,0.9991463422775269,1
16767,0,0.0472254753112793,0
16768,0,0.0002862508699763566,0
16769,0,0.005131252575665712,0
16770,1,0.9589253664016724,1
16771,0,0.0009283109684474766,0
16772,1,0.9997627139091492,1
16773,1,0.9989748001098633,1
16774,1,0.8615710139274597,1
16775,0,0.0028845390770584345,0
16776,1,0.9997702240943909,1
16777,1,0.9911853671073914,1
16778,0,0.0068654585629701614,0
16779,0,4.474123488762416e-05,0
16780,1,0.9981253743171692,1
16781,0,0.0001855706359492615,0
16782,1,0.9643503427505493,1
16783,1,0.9998728036880493,1
16784,1,0.4396398067474365,0
16785,1,0.8116945028305054,1
16786,0,0.004843839444220066,0
16787,0,0.00014518112584482878,0
16788,0,0.033500347286462784,0
16789,0,0.002602353459224105,0
16790,0,0.01414813008159399,0
16791,0,0.9397060871124268,1
16792,1,0.7171475291252136,1
16793,0,0.00023757298185955733,0
16794,1,0.5212216377258301,1
16795,0,0.000686896382831037,0
16796,1,0.9988546371459961,1
16797,1,0.8847661018371582,1
16798,1,0.9238671064376831,1
16799,0,0.3641038239002228,0
16800,0,0.00011361162614775822,0
16801,0,0.03822294995188713,0
16802,0,0.00011418607027735561,0
16803,0,0.0004851625126320869,0
16804,0,0.0011817810591310263,0
16805,1,0.7959916591644287,1
16806,1,0.9753848314285278,1
16807,0,0.0010809246450662613,0
16808,1,0.9478592276573181,1
16809,1,0.9985504746437073,1
16810,1,0.9982278943061829,1
16811,1,0.9788841009140015,1
16812,1,0.997795581817627,1
16813,1,0.9951765537261963,1
16814,0,0.22224664688110352,0
16815,1,0.9997689127922058,1
16816,0,0.001557020004838705,0
16817,0,0.005536046344786882,0
16818,1,0.9859718680381775,1
16819,1,0.9995841383934021,1
16820,1,0.9930607080459595,1
16821,1,0.9961712956428528,1
16822,0,0.0013965247198939323,0
16823,0,0.0016989033902063966,0
16824,1,0.988616406917572,1
16825,1,0.9969916343688965,1
16826,1,0.9944301247596741,1
16827,1,0.9937073588371277,1
16828,1,0.995961606502533,1
16829,0,0.008981876075267792,0
16830,0,0.064203642308712,0
16831,1,0.9929187893867493,1
16832,0,0.3307614326477051,0
16833,0,0.47493818402290344,0
16834,0,0.0027371307369321585,0
16835,0,0.30327802896499634,0
16836,0,0.0003624328237492591,0
16837,1,0.612913191318512,1
16838,1,0.9709606766700745,1
16839,1,0.9991076588630676,1
16840,0,0.004559637978672981,0
16841,1,0.9444173574447632,1
16842,1,0.6234007477760315,1
16843,0,0.00048774134484119713,0
16844,1,0.9482473134994507,1
16845,0,0.00040384847670793533,0
16846,1,0.9990272521972656,1
16847,1,0.9987401366233826,1
16848,1,0.9999374151229858,1
16849,0,0.0052501130849123,0
16850,0,0.11142131686210632,0
16851,0,0.03424758091568947,0
16852,0,0.00010227411257801577,0
16853,1,0.9986949563026428,1
16854,1,0.999886155128479,1
16855,0,0.15504290163516998,0
16856,1,0.18933893740177155,0
16857,0,0.007372058462351561,0
16858,0,0.0038770444225519896,0
16859,0,0.006709835026413202,0
16860,1,0.9967701435089111,1
16861,1,0.9997398257255554,1
16862,1,0.999931812286377,1
16863,0,0.0043212296441197395,0
16864,0,0.019027365371584892,0
16865,0,0.0064578577876091,0
16866,0,0.02187195234000683,0
16867,1,0.9999748468399048,1
16868,1,0.849597156047821,1
16869,1,0.9999418258666992,1
16870,1,0.864665150642395,1
16871,1,0.9996358156204224,1
16872,0,0.0086567597463727,0
16873,0,0.0011110366322100163,0
16874,0,0.10924127697944641,0
16875,0,0.055317677557468414,0
16876,0,0.0018713357858359814,0
16877,0,0.002731487387791276,0
16878,0,0.000356708507752046,0
16879,1,0.9999648332595825,1
16880,1,0.9992940425872803,1
16881,0,4.616506339516491e-05,0
16882,1,0.9999104738235474,1
16883,0,0.0008867646101862192,0
16884,0,0.0012816271046176553,0
16885,1,0.871364176273346,1
16886,0,0.23509228229522705,0
16887,0,0.00478264270350337,0
16888,0,0.00804270338267088,0
16889,0,0.0004659619589801878,0
16890,1,0.9997548460960388,1
16891,1,0.9269437193870544,1
16892,1,0.999915599822998,1
16893,1,0.39677268266677856,0
16894,0,0.0005438946536742151,0
16895,0,0.5567365884780884,1
16896,0,0.7997756004333496,1
16897,1,0.0041311560198664665,0
16898,0,0.0035867979750037193,0
16899,1,0.9980829954147339,1
16900,1,0.9987090826034546,1
16901,1,0.9709991216659546,1
16902,0,0.0016935734311118722,0
16903,1,0.998325526714325,1
16904,0,0.026166047900915146,0
16905,1,0.9995379447937012,1
16906,1,0.9987133741378784,1
16907,1,0.9953719973564148,1
16908,0,7.086171535775065e-05,0
16909,1,0.9233859777450562,1
16910,0,0.006730230059474707,0
16911,0,0.00011089209147030488,0
16912,1,0.9649632573127747,1
16913,1,0.08412902802228928,0
16914,1,0.9998341798782349,1
16915,0,0.038277097046375275,0
16916,1,0.8620710968971252,1
16917,1,0.9941301941871643,1
16918,0,0.00029640496359206736,0
16919,1,0.9848340749740601,1
16920,0,0.004742615390568972,0
16921,0,0.0006454563699662685,0
16922,1,0.9935342073440552,1
16923,0,0.0010070076677948236,0
16924,0,0.0028193467296659946,0
16925,1,0.997280478477478,1
16926,0,0.0004937360063195229,0
16927,1,0.9010778069496155,1
16928,0,0.033274322748184204,0
16929,1,0.9999256134033203,1
16930,0,0.0006950803799554706,0
16931,1,0.9918558597564697,1
16932,0,0.17517203092575073,0
16933,1,0.9998459815979004,1
16934,0,0.19180938601493835,0
16935,1,0.9996446371078491,1
16936,1,0.9995926022529602,1
16937,1,0.5752338767051697,1
16938,0,0.001551358844153583,0
16939,1,0.9911389946937561,1
16940,0,1.634659020055551e-05,0
16941,0,0.0001525483967270702,0
16942,1,0.998878538608551,1
16943,1,0.9998548030853271,1
16944,1,0.9998780488967896,1
16945,1,0.999734103679657,1
16946,1,0.999969482421875,1
16947,0,0.11544600874185562,0
16948,0,0.0001271256769541651,0
16949,1,0.999937891960144,1
16950,1,0.9999433755874634,1
16951,1,0.9951560497283936,1
16952,0,0.0033668747637420893,0
16953,1,0.6306092143058777,1
16954,0,0.0014904886484146118,0
16955,1,0.9997155070304871,1
16956,1,0.9999034404754639,1
16957,0,0.000872087141033262,0
16958,1,0.9995567202568054,1
16959,0,0.030201734974980354,0
16960,1,0.5942667722702026,1
16961,0,0.027939915657043457,0
16962,1,0.9998489618301392,1
16963,1,0.9999268054962158,1
16964,0,0.005721570458263159,0
16965,0,0.0008073369972407818,0
16966,1,0.9978347420692444,1
16967,0,0.010432013310492039,0
16968,0,0.002883845241740346,0
16969,1,0.9998146891593933,1
16970,0,0.2383386194705963,0
16971,0,0.005391119047999382,0
16972,0,0.12840554118156433,0
16973,0,0.0007411900442093611,0
16974,0,0.017832087352871895,0
16975,1,0.9999632835388184,1
16976,1,0.8123056292533875,1
16977,1,0.999964714050293,1
16978,0,0.020857028663158417,0
16979,0,0.012671127915382385,0
16980,0,0.0009043964091688395,0
16981,0,0.0027234952431172132,0
16982,0,0.0009653529850766063,0
16983,0,0.011505138128995895,0
16984,1,0.9289962649345398,1
16985,1,0.8791459202766418,1
16986,1,0.9998937845230103,1
16987,1,0.9993054866790771,1
16988,1,0.9838801026344299,1
16989,0,3.809424379142001e-05,0
16990,1,0.7979429364204407,1
16991,0,0.00012274795153643936,0
16992,0,0.010232015512883663,0
16993,0,0.08589580655097961,0
16994,0,0.0810176357626915,0
16995,0,0.000592858821619302,0
16996,1,0.9996800422668457,1
16997,0,0.0019251799676567316,0
16998,0,0.001368894474580884,0
16999,1,0.9999872446060181,1
17000,1,0.9788507223129272,1
17001,1,0.9993983507156372,1
17002,1,0.8666103482246399,1
17003,0,0.9975741505622864,1
17004,0,0.0009603647631593049,0
17005,1,0.9964367151260376,1
17006,1,0.9682079553604126,1
17007,0,0.9610830545425415,1
17008,1,0.35188400745391846,0
17009,0,0.0018691951408982277,0
17010,0,0.015574980527162552,0
17011,1,0.9880291819572449,1
17012,1,0.9999387264251709,1
17013,0,0.00031357575790025294,0
17014,1,0.503838837146759,1
17015,1,0.9699109792709351,1
17016,1,0.9996157884597778,1
17017,0,0.0027036562096327543,0
17018,1,0.9681240320205688,1
17019,1,0.9969821572303772,1
17020,0,0.9516069293022156,1
17021,1,0.13848529756069183,0
17022,1,0.9995811581611633,1
17023,0,0.00011364087549736723,0
17024,1,0.999679684638977,1
17025,0,0.05142560601234436,0
17026,0,0.00467820605263114,0
17027,0,0.001056192209944129,0
17028,1,0.16798117756843567,0
17029,0,0.014912491664290428,0
17030,0,0.0015408553881570697,0
17031,0,0.0005260268808342516,0
17032,0,0.0003003925667144358,0
17033,0,0.11835435032844543,0
17034,0,0.0070693097077310085,0
17035,1,0.797437310218811,1
17036,0,0.044129595160484314,0
17037,1,0.8548091650009155,1
17038,1,0.9998791217803955,1
17039,0,0.0004376653232611716,0
17040,1,0.9997586607933044,1
17041,1,0.9958118200302124,1
17042,1,0.9975889921188354,1
17043,0,0.25042808055877686,0
17044,0,0.9060704708099365,1
17045,0,0.9182575941085815,1
17046,1,0.9952598214149475,1
17047,0,0.011957553215324879,0
17048,0,0.008075161837041378,0
17049,0,0.002762747695669532,0
17050,0,0.020475035533308983,0
17051,1,0.9981275200843811,1
17052,1,0.9999051094055176,1
17053,0,0.537376344203949,1
17054,1,0.991367757320404,1
17055,1,0.9984685778617859,1
17056,0,0.006639128550887108,0
17057,0,0.04650053754448891,0
17058,1,0.8323318958282471,1
17059,1,0.9998666048049927,1
17060,0,0.0080596087500453,0
17061,0,0.000958789954893291,0
17062,1,0.9994528889656067,1
17063,1,0.5839270353317261,1
17064,0,0.017175937071442604,0
17065,1,0.9997126460075378,1
17066,1,0.9996451139450073,1
17067,1,0.9978201389312744,1
17068,1,0.9997324347496033,1
17069,0,0.11951372027397156,0
17070,1,0.6211723685264587,1
17071,0,0.00018222720245830715,0
17072,0,0.007310978602617979,0
17073,1,0.9969526529312134,1
17074,0,0.0017068288289010525,0
17075,0,0.018590614199638367,0
17076,1,0.4462687373161316,0
17077,1,0.8872310519218445,1
17078,0,0.0002907928137574345,0
17079,1,0.771338164806366,1
17080,0,0.0013181932736188173,0
17081,1,0.9999510049819946,1
17082,0,0.00963664148002863,0
17083,1,0.9957193732261658,1
17084,1,0.984927773475647,1
17085,0,0.03594997525215149,0
17086,0,9.93622888927348e-05,0
17087,1,0.9999163150787354,1
17088,0,0.0016074819723144174,0
17089,0,0.0015967610524967313,0
17090,0,0.00026864645769819617,0
17091,0,0.07799820601940155,0
17092,1,0.017884232103824615,0
17093,0,0.0005874747294001281,0
17094,0,0.01082539465278387,0
17095,0,0.8594199419021606,1
17096,0,0.024707047268748283,0
17097,0,0.004256997723132372,0
17098,1,0.9998843669891357,1
17099,0,0.0031063242349773645,0
17100,0,0.0681428536772728,0
17101,1,0.82828688621521,1
17102,0,0.010816316120326519,0
17103,1,0.9999730587005615,1
17104,0,0.00013448540994431823,0
17105,1,0.015166598372161388,0
17106,0,0.024041231721639633,0
17107,0,0.02756158821284771,0
17108,0,0.005123461596667767,0
17109,1,0.9908146262168884,1
17110,1,0.9991369843482971,1
17111,1,0.9998630285263062,1
17112,1,0.8542880415916443,1
17113,1,0.6888377070426941,1
17114,0,0.28526586294174194,0
17115,0,0.30178940296173096,0
17116,0,0.003999426960945129,0
17117,0,0.0026666843332350254,0
17118,1,0.29996874928474426,0
17119,0,0.20329540967941284,0
17120,1,0.9998689889907837,1
17121,1,0.9999449253082275,1
17122,1,0.9877475500106812,1
17123,1,0.9992990493774414,1
17124,0,0.015167459845542908,0
17125,0,0.038529761135578156,0
17126,0,0.016835803166031837,0
17127,1,0.1599525809288025,0
17128,1,0.8622664213180542,1
17129,1,0.9997032284736633,1
17130,0,0.11989203840494156,0
17131,0,0.17658326029777527,0
17132,1,0.005336815025657415,0
17133,0,0.0007267870241776109,0
17134,0,0.46073776483535767,0
17135,1,0.9998689889907837,1
17136,1,0.9744263291358948,1
17137,0,0.0016997568309307098,0
17138,1,0.5075247287750244,1
17139,1,0.9998289346694946,1
17140,0,0.05514667555689812,0
17141,0,3.6673169233836234e-05,0
17142,0,0.5097060799598694,1
17143,0,0.0006594926817342639,0
17144,1,0.9704527258872986,1
17145,0,0.05329630896449089,0
17146,1,0.09536560624837875,0
17147,0,0.03544645011425018,0
17148,0,0.05786719173192978,0
17149,1,0.9998219609260559,1
17150,1,0.9571873545646667,1
17151,1,0.9998186230659485,1
17152,0,0.0011931571643799543,0
17153,0,0.00207667239010334,0
17154,1,0.5836051106452942,1
17155,0,0.00682226475328207,0
17156,0,1.2579300346260425e-05,0
17157,0,0.003349404316395521,0
17158,0,0.004550487734377384,0
17159,0,0.0015677015762776136,0
17160,0,0.436120867729187,0
17161,1,0.9991459846496582,1
17162,0,0.01399258989840746,0
17163,1,0.9997504353523254,1
17164,0,0.007415115367621183,0
17165,0,0.015593416057527065,0
17166,0,0.004142002668231726,0
17167,0,0.001229129615239799,0
17168,1,0.9051299691200256,1
17169,0,0.08163093030452728,0
17170,1,0.9963317513465881,1
17171,0,0.20095305144786835,0
17172,0,7.175213977461681e-05,0
17173,1,0.9998997449874878,1
17174,0,0.000147821701830253,0
17175,0,0.008152573369443417,0
17176,1,0.9953502416610718,1
17177,1,0.9999521970748901,1
17178,1,0.3162940442562103,0
17179,1,0.8994705677032471,1
17180,0,0.5077080130577087,1
17181,1,0.9494110941886902,1
17182,1,0.9933505654335022,1
17183,0,0.07805988937616348,0
17184,0,0.021943002939224243,0
17185,0,0.013472260907292366,0
17186,0,0.0006324954447336495,0
17187,1,0.9990267753601074,1
17188,0,0.3945882022380829,0
17189,0,0.000136327333166264,0
17190,0,0.7406832575798035,1
17191,0,0.0031676888465881348,0
17192,1,0.6944313049316406,1
17193,0,0.022295020520687103,0
17194,0,0.00936813186854124,0
17195,0,0.01563720405101776,0
17196,1,0.9997171759605408,1
17197,0,0.6795390844345093,1
17198,0,0.008558051660656929,0
17199,1,0.9968172311782837,1
17200,0,0.7244569063186646,1
17201,0,0.12507924437522888,0
17202,1,0.9999678134918213,1
17203,1,0.9120216369628906,1
17204,1,0.9999351501464844,1
17205,1,0.9998352527618408,1
17206,0,0.002386159263551235,0
17207,1,0.9976735711097717,1
17208,1,0.9941099286079407,1
17209,1,0.9989193677902222,1
17210,0,0.005401053931564093,0
17211,1,0.6258752346038818,1
17212,0,0.0034689935855567455,0
17213,0,0.0017137642716988921,0
17214,1,0.999234676361084,1
17215,0,0.0054480209946632385,0
17216,0,0.0038392397109419107,0
17217,0,0.00010536051559029147,0
17218,1,0.99980229139328,1
17219,0,0.01219108235090971,0
17220,1,0.02903847210109234,0
17221,0,0.00855207722634077,0
17222,0,0.00713247200474143,0
17223,0,0.9849128127098083,1
17224,1,0.9951404333114624,1
17225,0,8.271516890090425e-06,0
17226,0,0.00042690258123911917,0
17227,1,0.01183786615729332,0
17228,0,0.0002345013344893232,0
17229,1,0.999363124370575,1
17230,0,0.004031388089060783,0
17231,1,0.969340980052948,1
17232,1,0.9988930821418762,1
17233,1,0.9999871253967285,1
17234,0,0.012162863276898861,0
17235,0,0.0006626383401453495,0
17236,0,0.0014866131823509932,0
17237,0,0.007210982963442802,0
17238,1,0.966748833656311,1
17239,0,0.0009271919843740761,0
17240,0,0.005459968466311693,0
17241,0,0.006541095208376646,0
17242,0,0.051038168370723724,0
17243,0,0.0016130597796291113,0
17244,1,0.9996814727783203,1
17245,0,0.0003105607465840876,0
17246,1,0.9996799230575562,1
17247,0,0.011110854335129261,0
17248,0,0.00394827127456665,0
17249,1,0.9999057054519653,1
17250,1,0.9781176447868347,1
17251,0,0.004524768330156803,0
17252,1,0.9999831914901733,1
17253,0,0.013733230531215668,0
17254,0,0.0006224944954738021,0
17255,0,0.004898890387266874,0
17256,0,0.006281583569943905,0
17257,0,0.00017583073349669576,0
17258,1,0.9957051873207092,1
17259,0,0.00014845591795165092,0
17260,1,0.701996386051178,1
17261,1,0.9751632809638977,1
17262,1,0.9999594688415527,1
17263,1,0.9995500445365906,1
17264,1,0.9405450820922852,1
17265,1,0.9994509816169739,1
17266,0,0.0010265337768942118,0
17267,1,0.9989149570465088,1
17268,0,0.0094370786100626,0
17269,0,0.0001255339157069102,0
17270,0,0.002883119974285364,0
17271,0,0.0006733060581609607,0
17272,1,0.9997476935386658,1
17273,0,0.00037330700433813035,0
17274,0,0.0013525343965739012,0
17275,1,0.9989984631538391,1
17276,0,0.00013452362327370793,0
17277,1,0.9824748635292053,1
17278,0,0.01108008436858654,0
17279,0,0.009969153441488743,0
17280,0,0.008598186075687408,0
17281,1,0.996238112449646,1
17282,0,0.0007653389475308359,0
17283,1,0.9756951332092285,1
17284,1,0.9997058510780334,1
17285,1,0.9933591485023499,1
17286,1,0.9981353282928467,1
17287,1,0.9995158910751343,1
17288,1,0.9944302439689636,1
17289,1,0.9988216757774353,1
17290,1,0.791222095489502,1
17291,1,0.999427080154419,1
17292,1,0.8362231850624084,1
17293,1,0.9999831914901733,1
17294,1,0.0065714456140995026,0
17295,1,0.1165507510304451,0
17296,0,0.07033508270978928,0
17297,0,0.07375648617744446,0
17298,1,0.9931214451789856,1
17299,1,0.9999872446060181,1
17300,1,0.1368655562400818,0
17301,0,0.008684811182320118,0
17302,1,0.9999853372573853,1
17303,1,0.7511520385742188,1
17304,1,0.9985223412513733,1
17305,0,0.005269000772386789,0
17306,1,0.9909257888793945,1
17307,1,0.9994364380836487,1
17308,0,0.06543371826410294,0
17309,0,0.0035438216291368008,0
17310,0,0.008385109715163708,0
17311,0,0.011827345006167889,0
17312,1,0.9709757566452026,1
17313,1,0.9993651509284973,1
17314,1,0.9997913241386414,1
17315,1,0.8919881582260132,1
17316,1,0.9978365302085876,1
17317,0,0.0006794235086999834,0
17318,0,0.011926024220883846,0
17319,1,0.8789554238319397,1
17320,0,0.005456794518977404,0
17321,0,0.0309539046138525,0
17322,1,0.9999885559082031,1
17323,1,0.9997361302375793,1
17324,0,0.002928120782598853,0
17325,0,0.0004169419698882848,0
17326,1,0.9992861151695251,1
17327,0,0.13221825659275055,0
17328,1,0.9996634721755981,1
17329,0,0.0070362999103963375,0
17330,0,0.015490056946873665,0
17331,0,1.2348144082352519e-05,0
17332,0,0.0017440004739910364,0
17333,1,0.8987309336662292,1
17334,1,0.9998279809951782,1
17335,0,0.19275091588497162,0
17336,1,0.9999905824661255,1
17337,0,0.017854932695627213,0
17338,1,0.9994193315505981,1
17339,0,0.0005927051533944905,0
17340,0,9.044445323524997e-05,0
17341,1,0.9963333606719971,1
17342,0,0.010629057884216309,0
17343,1,0.9991746544837952,1
17344,1,0.9950084686279297,1
17345,1,0.4329438805580139,0
17346,1,0.9998995065689087,1
17347,1,0.9997574687004089,1
17348,1,0.9998397827148438,1
17349,1,0.9973490238189697,1
17350,0,0.0022852641995996237,0
17351,1,0.9973190426826477,1
17352,1,0.9994847774505615,1
17353,1,0.8826330304145813,1
17354,0,0.006365422159433365,0
17355,0,0.0001349050144199282,0
17356,1,0.9998408555984497,1
17357,1,0.9995483756065369,1
17358,1,0.9995747208595276,1
17359,0,0.008694689720869064,0
17360,0,0.0001420358312316239,0
17361,1,0.0448860265314579,0
17362,1,0.9803065061569214,1
17363,0,0.011601325124502182,0
17364,0,0.003283879952505231,0
17365,0,0.005114912986755371,0
17366,1,0.998986542224884,1
17367,1,0.9880331754684448,1
17368,1,0.9948719143867493,1
17369,0,0.08263470977544785,0
17370,0,0.00027531219529919326,0
17371,1,0.9885513782501221,1
17372,1,0.9973328113555908,1
17373,0,0.5246115922927856,1
17374,0,0.015812164172530174,0
17375,1,0.8904165625572205,1
17376,1,0.9980348944664001,1
17377,0,0.017901258543133736,0
17378,1,0.9738614559173584,1
17379,1,0.995904266834259,1
17380,0,0.0037360379938036203,0
17381,0,0.0018520974554121494,0
17382,0,0.04621972516179085,0
17383,1,0.9945735335350037,1
17384,1,0.999868631362915,1
17385,0,0.0003951176768168807,0
17386,1,0.7101655006408691,1
17387,1,0.9946840405464172,1
17388,1,0.9993141889572144,1
17389,1,0.8263750076293945,1
17390,0,0.8780719637870789,1
17391,0,0.0008080743718892336,0
17392,0,0.0219242125749588,0
17393,0,0.11195068061351776,0
17394,0,8.528450416633859e-05,0
17395,1,0.9962326884269714,1
17396,0,0.9621675610542297,1
17397,0,0.0004605437279678881,0
17398,1,0.037546828389167786,0
17399,1,0.9990824460983276,1
17400,1,0.963405191898346,1
17401,1,0.9999239444732666,1
17402,0,3.567839303286746e-05,0
17403,1,0.9995619654655457,1
17404,1,0.5888915657997131,1
17405,1,0.9999035596847534,1
17406,1,0.9964759945869446,1
17407,1,0.9998974800109863,1
17408,1,0.9933713674545288,1
17409,0,0.4523312449455261,0
17410,0,0.00018964144692290574,0
17411,0,0.0064364587888121605,0
17412,0,0.002404735190793872,0
17413,1,0.9993870258331299,1
17414,1,0.9998459815979004,1
17415,1,0.8951835036277771,1
17416,1,0.9997079968452454,1
17417,1,0.999852180480957,1
17418,0,0.00872755702584982,0
17419,1,0.21641358733177185,0
17420,0,0.024206461384892464,0
17421,1,0.7371507287025452,1
17422,0,0.0011492627672851086,0
17423,0,0.005884512793272734,0
17424,1,0.9993807077407837,1
17425,1,0.9999111890792847,1
17426,1,0.17060759663581848,0
17427,0,0.0004100245423614979,0
17428,0,0.025856943801045418,0
17429,1,0.9872512817382812,1
17430,1,0.74334716796875,1
17431,0,0.00019173728651367128,0
17432,0,0.03501386195421219,0
17433,0,0.00016365341434720904,0
17434,0,0.0023974755313247442,0
17435,0,0.006993953138589859,0
17436,0,0.007570556830614805,0
17437,0,0.0005039671086706221,0
17438,0,0.6538445353507996,1
17439,0,0.0034545985981822014,0
17440,0,0.02478821761906147,0
17441,1,0.9948469400405884,1
17442,1,0.9859309196472168,1
17443,1,0.9999895095825195,1
17444,0,0.0495368055999279,0
17445,1,0.9906736016273499,1
17446,0,0.016684209927916527,0
17447,1,0.9999884366989136,1
17448,0,6.620083877351135e-05,0
17449,1,0.9994078874588013,1
17450,1,0.6702570915222168,1
17451,0,0.03348422423005104,0
17452,0,0.2653636634349823,0
17453,0,0.0007140218513086438,0
17454,0,0.0002367478737141937,0
17455,1,0.9882667660713196,1
17456,1,0.9943789839744568,1
17457,0,0.0025919924955815077,0
17458,0,0.0023309949319809675,0
17459,1,0.9653868079185486,1
17460,1,0.9855459928512573,1
17461,0,0.0014952594647184014,0
17462,1,0.9993730187416077,1
17463,1,0.9989538192749023,1
17464,1,0.7902240753173828,1
17465,0,0.0012239873176440597,0
17466,0,0.04783715680241585,0
17467,0,0.8851146697998047,1
17468,1,0.9997854828834534,1
17469,0,0.0011611338704824448,0
17470,0,0.0002061479026451707,0
17471,1,0.999764621257782,1
17472,0,0.023985600098967552,0
17473,1,0.9989736080169678,1
17474,1,0.9969610571861267,1
17475,1,0.9997619986534119,1
17476,0,0.0007621708209626377,0
17477,1,0.9085488319396973,1
17478,0,0.0010642705019563437,0
17479,0,0.0004129285807721317,0
17480,1,0.965646505355835,1
17481,1,0.9999556541442871,1
17482,0,0.006003273651003838,0
17483,1,0.9962103366851807,1
17484,1,0.9998880624771118,1
17485,0,0.09804035723209381,0
17486,1,0.9996247291564941,1
17487,0,0.002197729889303446,0
17488,1,0.9953804016113281,1
17489,0,0.006938312668353319,0
17490,0,0.008477219380438328,0
17491,0,0.006692999973893166,0
17492,0,0.01977241411805153,0
17493,1,0.9995473027229309,1
17494,1,0.9997305274009705,1
17495,0,0.9009586572647095,1
17496,1,0.9864138960838318,1
17497,0,0.009264441207051277,0
17498,0,0.7043809294700623,1
17499,0,0.00017926898726727813,0
17500,1,0.9679847359657288,1
17501,0,0.0022466517984867096,0
17502,1,0.9934019446372986,1
17503,1,0.5851126313209534,1
17504,1,0.9990962743759155,1
17505,1,0.6604800820350647,1
17506,0,3.376001404831186e-05,0
17507,0,0.017868181690573692,0
17508,0,0.00021675392054021358,0
17509,1,0.9980265498161316,1
17510,1,0.9860801100730896,1
17511,0,0.001136077451519668,0
17512,1,0.9762088060379028,1
17513,1,0.787010669708252,1
17514,1,0.892177402973175,1
17515,1,0.999721109867096,1
17516,0,0.00032406242098659277,0
17517,1,0.9995293617248535,1
17518,0,0.00010515837493585423,0
17519,1,0.7217509150505066,1
17520,1,0.9975493550300598,1
17521,1,0.9993826150894165,1
17522,0,0.0009876936674118042,0
17523,0,0.0032612744253128767,0
17524,0,2.7078207494923845e-05,0
17525,0,2.3539461835753173e-05,0
17526,0,0.039858996868133545,0
17527,0,0.04711449146270752,0
17528,1,0.999561607837677,1
17529,0,0.041928865015506744,0
17530,1,0.9340812563896179,1
17531,0,0.003524622181430459,0
17532,0,0.004248601384460926,0
17533,1,0.9964945912361145,1
17534,0,0.00041880967910401523,0
17535,1,0.9987927675247192,1
17536,0,0.5871985554695129,1
17537,1,0.998842716217041,1
17538,1,0.2582424581050873,0
17539,1,0.9995092153549194,1
17540,0,0.15087872743606567,0
17541,0,0.0012763069244101644,0
17542,0,8.982920553535223e-05,0
17543,1,0.9857638478279114,1
17544,1,0.9991763234138489,1
17545,1,0.9996071457862854,1
17546,0,0.18381983041763306,0
17547,1,0.5405027866363525,1
17548,1,0.9962704181671143,1
17549,1,0.950670599937439,1
17550,0,0.0026358638424426317,0
17551,0,0.036660149693489075,0
17552,1,0.9997590184211731,1
17553,0,0.056487008929252625,0
17554,1,0.99968421459198,1
17555,0,0.006855773739516735,0
17556,1,0.9958139061927795,1
17557,1,0.9965537786483765,1
17558,1,0.9987242817878723,1
17559,1,0.9086675643920898,1
17560,1,0.4242728054523468,0
17561,0,0.5254867076873779,1
17562,0,0.2737579345703125,0
17563,1,0.9982069730758667,1
17564,1,0.9999004602432251,1
17565,0,0.00024345720885321498,0
17566,1,0.9987327456474304,1
17567,0,9.71226254478097e-05,0
17568,0,0.011550742201507092,0
17569,0,0.616047739982605,1
17570,1,0.49374401569366455,0
17571,1,0.9997557997703552,1
17572,0,0.4026431739330292,0
17573,1,0.9999595880508423,1
17574,1,0.3816673755645752,0
17575,1,0.9891252517700195,1
17576,1,0.8794253468513489,1
17577,0,0.07304620742797852,0
17578,0,0.0018215551972389221,0
17579,0,0.04060755670070648,0
17580,1,0.9045169949531555,1
17581,0,0.14844246208667755,0
17582,0,0.10919684171676636,0
17583,0,0.7056477665901184,1
17584,0,0.0003438697603996843,0
17585,0,0.8956692218780518,1
17586,0,0.027483833953738213,0
17587,0,0.0015291215386241674,0
17588,0,0.002215364947915077,0
17589,0,0.00010918983025476336,0
17590,0,0.017693284898996353,0
17591,0,0.0005199931329116225,0
17592,1,0.5093350410461426,1
17593,1,0.99806147813797,1
17594,0,0.07909493148326874,0
17595,0,6.438324635382742e-05,0
17596,1,0.9425250887870789,1
17597,1,0.930530846118927,1
17598,1,0.9969766139984131,1
17599,1,0.9999233484268188,1
17600,1,0.9996970891952515,1
17601,0,0.002382714534178376,0
17602,1,0.9690623879432678,1
17603,0,0.16041269898414612,0
17604,0,0.07821755856275558,0
17605,1,0.9997130036354065,1
17606,0,0.35866400599479675,0
17607,0,0.002769762882962823,0
17608,0,0.0003044611366931349,0
17609,0,0.043545544147491455,0
17610,0,0.06316640973091125,0
17611,0,0.00720938527956605,0
17612,0,0.00042700208723545074,0
17613,1,0.999578058719635,1
17614,1,0.9840132594108582,1
17615,1,0.9975658655166626,1
17616,1,0.9988141059875488,1
17617,0,0.019235581159591675,0
17618,1,0.9921029210090637,1
17619,0,0.0015555425779893994,0
17620,0,0.07487182319164276,0
17621,0,0.00026557163801044226,0
17622,1,0.9990346431732178,1
17623,0,0.8614662885665894,1
17624,0,0.029119672253727913,0
17625,0,0.00014654289407189935,0
17626,0,0.10553102195262909,0
17627,0,0.07602690160274506,0
17628,0,0.1519402414560318,0
17629,1,0.9839780926704407,1
17630,0,0.1723698079586029,0
17631,1,0.9999223947525024,1
17632,0,0.20894569158554077,0
17633,0,0.012943754903972149,0
17634,1,0.9504198431968689,1
17635,1,0.9997617602348328,1
17636,1,0.9806159138679504,1
17637,1,0.906131386756897,1
17638,0,0.012842227704823017,0
17639,1,0.9977943897247314,1
17640,0,0.09911889582872391,0
17641,0,0.773705244064331,1
17642,1,0.9998487234115601,1
17643,0,0.002370439935475588,0
17644,1,0.9907708168029785,1
17645,1,0.9928795695304871,1
17646,0,0.01662059687077999,0
17647,0,0.00023937216610647738,0
17648,1,0.9980960488319397,1
17649,1,0.9910057783126831,1
17650,0,0.007450572215020657,0
17651,0,0.0009771855548024178,0
17652,1,0.8920201063156128,1
17653,0,0.024016227573156357,0
17654,1,0.9930484294891357,1
17655,1,0.9993032217025757,1
17656,1,0.7184006571769714,1
17657,1,0.9979726672172546,1
17658,1,0.9564815163612366,1
17659,0,0.019725844264030457,0
17660,0,0.0021922781597822905,0
17661,0,0.005869009532034397,0
17662,0,0.0044498136267066,0
17663,0,0.008848236873745918,0
17664,0,0.002023897832259536,0
17665,1,0.9998098015785217,1
17666,0,0.00032107788138091564,0
17667,1,0.9996999502182007,1
17668,1,0.9503499865531921,1
17669,1,0.9965450167655945,1
17670,1,0.5122175216674805,1
17671,1,0.9951254725456238,1
17672,1,0.9988413453102112,1
17673,0,0.0010738493874669075,0
17674,0,0.1192774549126625,0
17675,0,2.6360155970905907e-05,0
17676,1,0.9797008037567139,1
17677,1,0.9989097118377686,1
17678,0,0.31053951382637024,0
17679,0,0.0026061569806188345,0
17680,0,0.16388149559497833,0
17681,0,0.006887465249747038,0
17682,1,0.9989783763885498,1
17683,0,0.0061954534612596035,0
17684,1,0.8007656335830688,1
17685,1,0.9999710321426392,1
17686,0,0.0067260172218084335,0
17687,1,0.9999434947967529,1
17688,0,0.006786469370126724,0
17689,1,0.08078409731388092,0
17690,0,0.0007007084204815328,0
17691,1,0.37297576665878296,0
17692,1,0.9846916794776917,1
17693,0,0.11474313586950302,0
17694,1,0.9994066953659058,1
17695,1,0.9078145623207092,1
17696,1,0.9989783763885498,1
17697,0,0.06619809567928314,0
17698,1,0.9988221526145935,1
17699,0,0.0001318615541094914,0
17700,1,0.9759495258331299,1
17701,1,0.9991055130958557,1
17702,1,0.998640239238739,1
17703,1,0.9995588660240173,1
17704,0,7.045258826110512e-05,0
17705,0,0.08697198331356049,0
17706,1,0.9998742341995239,1
17707,1,0.903820276260376,1
17708,0,0.0031662918627262115,0
17709,0,6.0452766774687916e-05,0
17710,0,0.000319438026053831,0
17711,0,0.22877629101276398,0
17712,1,0.7001248002052307,1
17713,1,0.9872844219207764,1
17714,0,0.000709697837010026,0
17715,1,0.9999934434890747,1
17716,0,0.9556464552879333,1
17717,1,0.9990450739860535,1
17718,1,0.9955822825431824,1
17719,0,0.43400686979293823,0
17720,0,2.468325874360744e-05,0
17721,1,0.2168557345867157,0
17722,1,0.999548614025116,1
17723,0,0.0001832456182455644,0
17724,0,0.003400245914235711,0
17725,1,0.9999852180480957,1
17726,0,0.0012603332288563251,0
17727,0,0.07681473344564438,0
17728,0,0.0009643390076234937,0
17729,0,0.019244058057665825,0
17730,1,0.9988861680030823,1
17731,1,0.999422550201416,1
17732,0,0.018928978592157364,0
17733,1,0.08752426505088806,0
17734,1,0.9983769655227661,1
17735,0,0.09414461255073547,0
17736,0,0.0007239169208332896,0
17737,0,0.9690369367599487,1
17738,0,0.008680653758347034,0
17739,0,0.0003986148803960532,0
17740,1,0.9987130165100098,1
17741,1,0.9985678195953369,1
17742,0,0.0002761594660114497,0
17743,0,0.006589188240468502,0
17744,0,0.0017105628503486514,0
17745,1,0.9999325275421143,1
17746,1,0.9973546266555786,1
17747,1,0.9994140863418579,1
17748,0,0.007071619387716055,0
17749,0,0.000514898682013154,0
17750,0,0.00011908023589057848,0
17751,1,0.9798645973205566,1
17752,0,0.014216838404536247,0
17753,0,0.007403283845633268,0
17754,1,0.9900612831115723,1
17755,1,0.18787430226802826,0
17756,0,0.0028728258330374956,0
17757,0,0.004829238168895245,0
17758,1,0.9988787770271301,1
17759,0,0.07360778003931046,0
17760,1,0.9821004271507263,1
17761,1,0.9998641014099121,1
17762,1,0.999293327331543,1
17763,1,0.9998859167098999,1
17764,0,0.0036996169947087765,0
17765,1,0.9970966577529907,1
17766,1,0.8844412565231323,1
17767,1,0.9940061569213867,1
17768,0,0.0500979870557785,0
17769,0,0.28854089975357056,0
17770,1,0.9990341663360596,1
17771,1,0.9993636012077332,1
17772,1,0.992003321647644,1
17773,0,0.0011382249649614096,0
17774,0,0.0008251304388977587,0
17775,1,0.9985249638557434,1
17776,1,0.3206900358200073,0
17777,0,0.0023556610103696585,0
17778,1,0.9993094205856323,1
17779,1,0.9983476400375366,1
17780,0,0.003998629283159971,0
17781,0,0.10743420571088791,0
17782,1,0.9962104558944702,1
17783,1,0.7725011110305786,1
17784,1,0.9975153207778931,1
17785,1,0.9820871353149414,1
17786,0,0.0025484298821538687,0
17787,1,0.9997050166130066,1
17788,1,0.9998691082000732,1
17789,1,0.9837177395820618,1
17790,1,0.9988658428192139,1
17791,1,0.5810645222663879,1
17792,0,0.011845204047858715,0
17793,1,0.9165033102035522,1
17794,1,0.9998903274536133,1
17795,1,0.9989243149757385,1
17796,0,0.5865698456764221,1
17797,0,0.08423267304897308,0
17798,1,0.9998255372047424,1
17799,0,0.9847730398178101,1
17800,0,0.024809200316667557,0
17801,0,0.0011338589247316122,0
17802,1,0.9870076775550842,1
17803,1,0.9995794892311096,1
17804,0,0.005341494455933571,0
17805,0,0.006084860302507877,0
17806,1,0.9975962042808533,1
17807,0,0.00044009313569404185,0
17808,1,0.9998849630355835,1
17809,1,0.9985987544059753,1
17810,1,0.9994261264801025,1
17811,0,0.0016721202991902828,0
17812,0,0.007448714226484299,0
17813,1,0.9999420642852783,1
17814,1,0.9995933175086975,1
17815,0,0.00807458907365799,0
17816,1,0.5083333849906921,1
17817,1,0.9757940769195557,1
17818,1,0.9943469166755676,1
17819,0,0.09332747012376785,0
17820,0,0.002925087697803974,0
17821,1,0.9999380111694336,1
17822,1,0.9997188448905945,1
17823,1,0.9995906949043274,1
17824,0,0.00014182727318257093,0
17825,1,0.9862393736839294,1
17826,0,0.094080351293087,0
17827,1,0.9999011754989624,1
17828,0,0.0021500710863620043,0
17829,1,0.999832034111023,1
17830,0,0.02521272376179695,0
17831,1,0.9998852014541626,1
17832,0,0.00480200769379735,0
17833,0,0.18940620124340057,0
17834,0,0.0030681840144097805,0
17835,1,0.9993966817855835,1
17836,0,2.803767165460158e-05,0
17837,1,0.8703765869140625,1
17838,0,8.918648381950334e-05,0
17839,1,0.9984174966812134,1
17840,0,0.0008367489790543914,0
17841,1,0.7796013355255127,1
17842,0,0.002424193313345313,0
17843,0,0.008691251277923584,0
17844,0,0.003978001419454813,0
17845,1,0.9994288086891174,1
17846,0,0.11079831421375275,0
17847,1,0.9981940388679504,1
17848,1,0.9983211159706116,1
17849,1,0.9998871088027954,1
17850,1,0.9997017979621887,1
17851,0,0.007215342950075865,0
17852,1,0.7418450117111206,1
17853,0,0.001842980389483273,0
17854,0,0.008694677613675594,0
17855,0,0.004301574546843767,0
17856,1,0.9994416832923889,1
17857,0,0.0010267382021993399,0
17858,1,0.9998295307159424,1
17859,0,0.00033721583895385265,0
17860,1,0.9804520010948181,1
17861,1,0.9981330037117004,1
17862,1,0.9997814297676086,1
17863,0,0.0004651824710890651,0
17864,0,0.000543772301170975,0
17865,0,0.0009162984206341207,0
17866,1,0.056768208742141724,0
17867,1,0.9999628067016602,1
17868,1,0.9941481351852417,1
17869,1,0.9988396763801575,1
17870,0,0.000746357545722276,0
17871,1,0.2207559496164322,0
17872,1,0.999853253364563,1
17873,0,0.0008697008597664535,0
17874,1,0.9984814524650574,1
17875,0,0.0015842620050534606,0
17876,0,0.014112087897956371,0
17877,0,0.007411357946693897,0
17878,0,0.03650430589914322,0
17879,0,0.004661264829337597,0
17880,1,0.9997220635414124,1
17881,1,0.999866247177124,1
17882,1,0.9996908903121948,1
17883,1,0.9999970197677612,1
17884,1,0.9996832609176636,1
17885,1,0.9995195865631104,1
17886,1,0.9991938471794128,1
17887,1,0.9688725471496582,1
17888,1,0.9992959499359131,1
17889,0,0.03651992976665497,0
17890,1,0.998501181602478,1
17891,0,0.08419407904148102,0
17892,0,0.002094763331115246,0
17893,0,0.0055751195177435875,0
17894,0,0.0001300995354540646,0
17895,1,0.9999048709869385,1
17896,0,0.0002763151132967323,0
17897,0,0.16559858620166779,0
17898,1,0.9992971420288086,1
17899,1,0.9943042397499084,1
17900,1,0.8923837542533875,1
17901,1,0.9990754127502441,1
17902,1,0.9991375207901001,1
17903,1,0.9999431371688843,1
17904,0,5.959777263342403e-05,0
17905,1,0.999943733215332,1
17906,0,9.714911720948294e-05,0
17907,0,0.0011598156997933984,0
17908,0,0.00092546601081267,0
17909,1,0.9964407086372375,1
17910,1,0.9997914433479309,1
17911,1,0.9998310804367065,1
17912,1,0.999303936958313,1
17913,0,2.9435885153361596e-05,0
17914,0,0.0347256101667881,0
17915,1,0.3669489324092865,0
17916,1,0.28974461555480957,0
17917,0,0.12715964019298553,0
17918,0,0.18394505977630615,0
17919,1,0.9971561431884766,1
17920,1,0.999300479888916,1
17921,0,0.002874530851840973,0
17922,0,0.02587796561419964,0
17923,1,0.6092489957809448,1
17924,1,0.9998284578323364,1
17925,0,0.005496117286384106,0
17926,1,0.9984208345413208,1
17927,0,0.05167856812477112,0
17928,1,0.9690520763397217,1
17929,1,0.9999016523361206,1
17930,0,0.04080032557249069,0
17931,1,0.9833146333694458,1
17932,1,0.9997662901878357,1
17933,1,0.9996718168258667,1
17934,0,0.00021800435206387192,0
17935,1,0.9962359070777893,1
17936,0,0.004250970669090748,0
17937,0,0.5408523678779602,1
17938,0,0.0008644895860925317,0
17939,0,0.0005975101375952363,0
17940,1,0.9945294260978699,1
17941,1,0.99993896484375,1
17942,1,0.9998610019683838,1
17943,0,0.005693068727850914,0
17944,1,0.9549547433853149,1
17945,1,0.9714999794960022,1
17946,1,0.9143272638320923,1
17947,1,0.9999350309371948,1
17948,1,0.9999346733093262,1
17949,1,0.9671215415000916,1
17950,1,0.9967543482780457,1
17951,1,0.9996981620788574,1
17952,1,0.9999386072158813,1
17953,0,0.017885448411107063,0
17954,1,0.9805346131324768,1
17955,1,0.9995328187942505,1
17956,1,0.9997046589851379,1
17957,0,0.003842403646558523,0
17958,1,0.9994612336158752,1
17959,0,0.003680470399558544,0
17960,1,0.9937037825584412,1
17961,1,0.9999895095825195,1
17962,1,0.07989200204610825,0
17963,1,0.984655499458313,1
17964,1,0.9999045133590698,1
17965,0,0.0017445293487980962,0
17966,1,0.8160156011581421,1
17967,1,0.9992749094963074,1
17968,0,0.012630168348550797,0
17969,0,0.00036835798528045416,0
17970,0,0.5920730233192444,1
17971,1,0.9954466223716736,1
17972,0,0.003353375243023038,0
17973,0,0.0028957079630345106,0
17974,0,0.007318959571421146,0
17975,0,0.0006965445354580879,0
17976,0,0.007265673018991947,0
17977,0,0.003388588083907962,0
17978,1,0.9940193891525269,1
17979,0,0.004088285379111767,0
17980,0,0.000655466690659523,0
17981,1,0.8671354055404663,1
17982,0,0.0006839712150394917,0
17983,0,0.0076308236457407475,0
17984,1,0.9999262094497681,1
17985,0,0.0026232206728309393,0
17986,1,0.9253984093666077,1
17987,0,0.0003683051036205143,0
17988,1,0.99907386302948,1
17989,1,0.9966620206832886,1
17990,1,0.9769382476806641,1
17991,1,0.9999456405639648,1
17992,0,0.1344860941171646,0
17993,1,0.9992823004722595,1
17994,0,0.1566765010356903,0
17995,0,1.378201886836905e-05,0
17996,0,0.017195047810673714,0
17997,1,0.9991987347602844,1
17998,1,0.9997027516365051,1
17999,1,0.5550744533538818,1
18000,0,0.0700094997882843,0
18001,1,0.9987926483154297,1
18002,1,0.6770793199539185,1
18003,0,0.002501418348401785,0
18004,0,5.736636740039103e-05,0
18005,1,0.9978281855583191,1
18006,0,0.007892847061157227,0
18007,0,0.7170694470405579,1
18008,0,0.14620864391326904,0
18009,1,0.9983861446380615,1
18010,1,0.9991539716720581,1
18011,1,0.9854642748832703,1
18012,0,0.005437260959297419,0
18013,0,0.12803488969802856,0
18014,0,0.2526939809322357,0
18015,0,0.00036388327134773135,0
18016,0,0.0007799035520292819,0
18017,0,0.0005454018828459084,0
18018,0,0.0012030230136588216,0
18019,0,0.011307423934340477,0
18020,1,0.9996182918548584,1
18021,0,0.0001714920363156125,0
18022,0,0.027614548802375793,0
18023,0,0.00038769544335082173,0
18024,1,0.9976515173912048,1
18025,1,0.9999597072601318,1
18026,0,0.000428983272286132,0
18027,0,0.0015620467020198703,0
18028,1,0.9886140823364258,1
18029,0,0.45381560921669006,0
18030,0,0.0022939927875995636,0
18031,1,0.6074498891830444,1
18032,1,0.9999551773071289,1
18033,1,0.9798134565353394,1
18034,0,0.12320681661367416,0
18035,1,0.9981276392936707,1
18036,0,7.321063458221033e-05,0
18037,1,0.9999299049377441,1
18038,1,0.8407429456710815,1
18039,0,0.013075004331767559,0
18040,1,0.02644375152885914,0
18041,0,0.0013643365819007158,0
18042,1,0.9998565912246704,1
18043,1,0.9686510562896729,1
18044,0,0.002865613205358386,0
18045,1,0.7686406373977661,1
18046,0,0.0703870952129364,0
18047,1,0.9980583786964417,1
18048,1,0.9516836404800415,1
18049,0,0.008993729017674923,0
18050,1,0.9996347427368164,1
18051,0,0.030469736084342003,0
18052,0,0.00047996200737543404,0
18053,0,7.008003012742847e-05,0
18054,1,0.9993792772293091,1
18055,1,0.9997316002845764,1
18056,0,0.3485390245914459,0
18057,1,0.8418051600456238,1
18058,0,0.03181961923837662,0
18059,0,0.002314879558980465,0
18060,1,0.979129433631897,1
18061,1,0.706760823726654,1
18062,1,0.9972624778747559,1
18063,1,0.8371767401695251,1
18064,0,0.007768515031784773,0
18065,1,0.9818384647369385,1
18066,0,0.027204392477869987,0
18067,0,0.14090174436569214,0
18068,0,0.008677506819367409,0
18069,1,0.9999830722808838,1
18070,0,0.0014371003489941359,0
18071,0,0.04634639993309975,0
18072,0,1.0789803127408959e-05,0
18073,1,0.9570796489715576,1
18074,1,0.9994370341300964,1
18075,0,0.0006479735602624714,0
18076,1,0.9999555349349976,1
18077,1,0.9845886826515198,1
18078,0,0.5478889346122742,1
18079,0,0.00012418899859767407,0
18080,0,0.00037752834032289684,0
18081,0,0.004850472789257765,0
18082,0,0.04825371876358986,0
18083,0,0.0030252812430262566,0
18084,0,0.008555186912417412,0
18085,0,0.007960541173815727,0
18086,1,0.9994465708732605,1
18087,1,0.019093094393610954,0
18088,0,0.00042691497947089374,0
18089,0,0.00041384834912605584,0
18090,1,0.999955415725708,1
18091,1,0.999846339225769,1
18092,0,0.024439089000225067,0
18093,1,0.999692440032959,1
18094,0,9.917059651343152e-05,0
18095,0,0.0067767188884317875,0
18096,0,0.01537896879017353,0
18097,1,0.9999754428863525,1
18098,1,0.9999480247497559,1
18099,0,0.014296932145953178,0
18100,0,0.0006207476835697889,0
18101,0,1.017023987515131e-05,0
18102,0,0.0025416307616978884,0
18103,0,0.0015907526249065995,0
18104,0,0.19673924148082733,0
18105,1,0.9991758465766907,1
18106,0,0.08960112184286118,0
18107,1,0.9997738003730774,1
18108,1,0.9995694756507874,1
18109,0,0.009210039861500263,0
18110,0,0.029148953035473824,0
18111,0,0.008256543427705765,0
18112,0,0.0001117159117711708,0
18113,0,0.0013168901205062866,0
18114,1,0.9998923540115356,1
18115,0,0.002716823248192668,0
18116,0,0.004238683730363846,0
18117,0,0.06930498033761978,0
18118,0,0.0004316701670177281,0
18119,1,0.9996077418327332,1
18120,0,0.04906951263546944,0
18121,0,0.0008935886435210705,0
18122,1,0.9995530247688293,1
18123,0,0.004976533353328705,0
18124,1,0.9979530572891235,1
18125,0,0.002333271550014615,0
18126,1,0.9709113240242004,1
18127,1,0.9957139492034912,1
18128,0,0.04826577380299568,0
18129,0,0.7377424240112305,1
18130,1,0.9994409680366516,1
18131,0,0.9432060718536377,1
18132,0,0.30151960253715515,0
18133,1,0.9876882433891296,1
18134,1,0.9990994930267334,1
18135,1,0.9999086856842041,1
18136,1,0.5405349135398865,1
18137,1,0.04214896261692047,0
18138,0,0.19141608476638794,0
18139,1,0.9984310269355774,1
18140,0,0.04817301034927368,0
18141,0,0.2218461036682129,0
18142,1,0.7786632180213928,1
18143,0,0.7177602648735046,1
18144,0,0.000679667282383889,0
18145,1,0.9956800937652588,1
18146,1,0.04533516243100166,0
18147,1,0.999988317489624,1
18148,1,0.9999680519104004,1
18149,0,0.8097938895225525,1
18150,1,0.47611525654792786,0
18151,1,0.999889612197876,1
18152,1,0.9985621571540833,1
18153,0,0.6467386484146118,1
18154,0,0.0004146396822761744,0
18155,1,0.9850856065750122,1
18156,0,0.0024490803480148315,0
18157,0,0.985724687576294,1
18158,1,0.9928807020187378,1
18159,0,0.002227269345894456,0
18160,1,0.10173533111810684,0
18161,0,0.026331067085266113,0
18162,0,0.45059314370155334,0
18163,1,0.3552543520927429,0
18164,0,0.12581951916217804,0
18165,0,0.14704279601573944,0
18166,1,0.9996978044509888,1
18167,1,0.9994465708732605,1
18168,0,0.010155700147151947,0
18169,1,0.9825202822685242,1
18170,1,0.2568855285644531,0
18171,1,0.9937158226966858,1
18172,0,0.0013066205428913236,0
18173,0,0.0009070897358469665,0
18174,0,0.01589599810540676,0
18175,0,0.0009350908803753555,0
18176,1,0.9972805976867676,1
18177,0,0.39324912428855896,0
18178,0,0.0007880454650148749,0
18179,0,0.0004789722734130919,0
18180,0,0.0008041966939345002,0
18181,1,0.9955884218215942,1
18182,0,0.01679006963968277,0
18183,1,0.9994397759437561,1
18184,1,0.996100664138794,1
18185,0,0.0007353387190960348,0
18186,1,0.9997908473014832,1
18187,0,0.0006316030630841851,0
18188,0,0.0001269456697627902,0
18189,0,0.009979763068258762,0
18190,1,0.9997379183769226,1
18191,0,0.013220377266407013,0
18192,1,0.9985228180885315,1
18193,1,0.9807373881340027,1
18194,1,0.9997312426567078,1
18195,1,0.9982573390007019,1
18196,0,0.003002582583576441,0
18197,1,0.9843173027038574,1
18198,0,0.012400505132973194,0
18199,0,0.0012889408972114325,0
18200,0,4.1541159589542076e-05,0
18201,1,0.9963290095329285,1
18202,0,0.0589829683303833,0
18203,1,0.9980146884918213,1
18204,0,0.16275230050086975,0
18205,1,0.9841827750205994,1
18206,1,0.9993108510971069,1
18207,1,0.046044256538152695,0
18208,1,0.9758450388908386,1
18209,0,0.026161188259720802,0
18210,1,0.0005169187788851559,0
18211,0,0.0005723504582419991,0
18212,0,0.1040583923459053,0
18213,0,0.0021232781000435352,0
18214,0,0.15131406486034393,0
18215,0,0.002033218974247575,0
18216,1,0.9999864101409912,1
18217,1,0.9999092817306519,1
18218,1,0.7891682386398315,1
18219,0,0.07382287830114365,0
18220,1,0.9990381002426147,1
18221,1,0.9962454438209534,1
18222,1,0.999876856803894,1
18223,1,0.9369949102401733,1
18224,1,0.011835318058729172,0
18225,0,2.9069384254398756e-05,0
18226,1,0.14813782274723053,0
18227,0,0.7598795890808105,1
18228,0,0.00013903315993957222,0
18229,1,0.9991173148155212,1
18230,1,0.9989033937454224,1
18231,1,0.9987668991088867,1
18232,0,0.9520516395568848,1
18233,1,0.9920221567153931,1
18234,1,0.9996440410614014,1
18235,1,0.8557965159416199,1
18236,0,0.007836271077394485,0
18237,0,0.023412005975842476,0
18238,0,9.277326898882166e-05,0
18239,0,0.0023946273140609264,0
18240,1,0.9998226761817932,1
18241,0,0.02485446073114872,0
18242,0,0.46209537982940674,0
18243,0,0.02676168456673622,0
18244,1,0.9998613595962524,1
18245,1,0.9995208978652954,1
18246,0,0.0001816181611502543,0
18247,0,0.004220863804221153,0
18248,0,0.11620604991912842,0
18249,1,0.9998917579650879,1
18250,1,0.9999599456787109,1
18251,1,0.9740114212036133,1
18252,0,0.0032564327120780945,0
18253,0,0.00583994947373867,0
18254,1,0.7100492715835571,1
18255,0,0.002823558868840337,0
18256,0,0.25401148200035095,0
18257,0,0.09888480603694916,0
18258,0,0.0018258857307955623,0
18259,1,0.9489418268203735,1
18260,1,0.892539918422699,1
18261,0,0.00013543655222747475,0
18262,1,0.9999464750289917,1
18263,1,0.7069879174232483,1
18264,1,0.9963545799255371,1
18265,0,0.001613409142009914,0
18266,1,0.9991366267204285,1
18267,1,0.9936015009880066,1
18268,1,0.9997190833091736,1
18269,1,0.9973496198654175,1
18270,1,0.9995286464691162,1
18271,1,0.9996832609176636,1
18272,1,0.9885066747665405,1
18273,1,0.6580575704574585,1
18274,0,0.00013336200208868831,0
18275,1,0.9993624091148376,1
18276,1,0.9500941038131714,1
18277,0,0.006681501865386963,0
18278,0,0.00023022732057143003,0
18279,0,0.0012077712453901768,0
18280,0,0.24329474568367004,0
18281,0,0.058391273021698,0
18282,1,0.9976052045822144,1
18283,1,0.9999445676803589,1
18284,1,0.9884491562843323,1
18285,1,0.9993472695350647,1
18286,0,0.7011919021606445,1
18287,0,0.03282193839550018,0
18288,1,0.17783771455287933,0
18289,1,0.9895474910736084,1
18290,0,0.36212214827537537,0
18291,1,0.7158714532852173,1
18292,0,0.013920498080551624,0
18293,1,0.9994550347328186,1
18294,1,0.9960728883743286,1
18295,0,8.569317287765443e-05,0
18296,0,0.02255709283053875,0
18297,0,0.7110554575920105,1
18298,1,0.9970792531967163,1
18299,1,0.9921810626983643,1
18300,1,0.99998939037323,1
18301,0,0.04997522756457329,0
18302,1,0.9774158596992493,1
18303,0,3.9637528971070424e-05,0
18304,0,0.0005135111277922988,0
18305,0,0.0012577393790706992,0
18306,1,0.8546186685562134,1
18307,0,0.00024383307027164847,0
18308,1,0.999440610408783,1
18309,1,0.9983152151107788,1
18310,0,0.12222464382648468,0
18311,0,0.10078083723783493,0
18312,0,0.006635594647377729,0
18313,1,0.9982491731643677,1
18314,0,0.004251468926668167,0
18315,0,0.001880185678601265,0
18316,1,0.9978774785995483,1
18317,1,0.9997865557670593,1
18318,0,0.010723961517214775,0
18319,0,0.001895581721328199,0
18320,0,0.09985284507274628,0
18321,1,0.9953910112380981,1
18322,1,0.5736072659492493,1
18323,1,0.9012344479560852,1
18324,0,0.002510695718228817,0
18325,0,0.0019788749050348997,0
18326,1,0.14568442106246948,0
18327,0,0.00024702929658815265,0
18328,0,0.004921814892441034,0
18329,1,0.9998354911804199,1
18330,0,0.0020394555758684874,0
18331,0,0.02605626918375492,0
18332,0,0.18512259423732758,0
18333,1,0.9999711513519287,1
18334,0,0.0011158084962517023,0
18335,0,0.00575087359175086,0
18336,1,0.9998759031295776,1
18337,0,0.6454455256462097,1
18338,0,0.8647453784942627,1
18339,0,0.13488638401031494,0
18340,1,0.9781264662742615,1
18341,1,0.9998419284820557,1
18342,1,0.998068630695343,1
18343,1,0.9783928394317627,1
18344,1,0.9979743361473083,1
18345,0,0.00080776063259691,0
18346,0,0.0438481941819191,0
18347,1,0.9995273351669312,1
18348,1,0.9994217157363892,1
18349,0,0.30821919441223145,0
18350,0,0.0005150805227458477,0
18351,1,0.9823049306869507,1
18352,1,0.9988221526145935,1
18353,1,0.9657509922981262,1
18354,1,0.998128354549408,1
18355,1,0.9999680519104004,1
18356,0,0.008694181218743324,0
18357,1,0.9929749965667725,1
18358,1,0.5594432950019836,1
18359,1,0.718756377696991,1
18360,0,0.008412014693021774,0
18361,1,0.9985131621360779,1
18362,0,0.00014209271466825157,0
18363,1,0.07608664780855179,0
18364,1,0.9997739195823669,1
18365,1,0.9998382329940796,1
18366,0,0.0025847256183624268,0
18367,0,0.14235077798366547,0
18368,0,0.013626186177134514,0
18369,1,0.9997039437294006,1
18370,1,0.9320427179336548,1
18371,0,0.004895030986517668,0
18372,1,0.9530496001243591,1
18373,1,0.957821786403656,1
18374,1,0.9173237085342407,1
18375,0,0.02140861190855503,0
18376,1,0.9986881613731384,1
18377,0,0.0011052143527194858,0
18378,1,0.9994341731071472,1
18379,0,0.006110372021794319,0
18380,0,0.5134145617485046,1
18381,1,0.16562454402446747,0
18382,0,0.00010679087426979095,0
18383,0,0.740085244178772,1
18384,1,0.9981676340103149,1
18385,1,0.26657432317733765,0
18386,1,0.9988152980804443,1
18387,1,0.9994408488273621,1
18388,1,0.9999450445175171,1
18389,1,0.9985156655311584,1
18390,1,0.9913833141326904,1
18391,1,0.253519743680954,0
18392,1,0.9878106117248535,1
18393,0,0.007104399148374796,0
18394,1,0.9988893866539001,1
18395,1,0.9999667406082153,1
18396,1,0.999951958656311,1
18397,1,0.98830646276474,1
18398,1,0.9999715089797974,1
18399,1,0.0009435424581170082,0
18400,1,0.9983713030815125,1
18401,1,0.9999387264251709,1
18402,0,0.0004567753057926893,0
18403,0,0.0008336822502315044,0
18404,1,0.9996362924575806,1
18405,0,0.001754228607751429,0
18406,0,0.006388602778315544,0
18407,1,0.6184192299842834,1
18408,0,0.15694352984428406,0
18409,1,0.998755931854248,1
18410,0,0.0001405763323418796,0
18411,1,0.999815046787262,1
18412,0,7.340413139900193e-05,0
18413,0,8.270889520645142e-05,0
18414,1,0.9957491159439087,1
18415,0,0.0012640348868444562,0
18416,1,0.9887098670005798,1
18417,0,0.417815625667572,0
18418,1,0.8871394395828247,1
18419,0,0.00449898187071085,0
18420,0,0.12590375542640686,0
18421,1,0.8098337054252625,1
18422,1,0.9022144675254822,1
18423,0,0.024707628414034843,0
18424,0,0.8722198009490967,1
18425,1,0.997055172920227,1
18426,0,0.0034574721939861774,0
18427,0,0.07796549052000046,0
18428,1,0.9996694326400757,1
18429,1,0.9999527931213379,1
18430,1,0.8700926899909973,1
18431,1,0.9935064315795898,1
18432,1,0.5600265264511108,1
18433,0,0.26202160120010376,0
18434,1,0.9997594952583313,1
18435,1,0.9999650716781616,1
18436,1,0.9998351335525513,1
18437,1,0.9998800754547119,1
18438,0,8.733085996937007e-05,0
18439,1,0.9998800754547119,1
18440,1,0.958095371723175,1
18441,0,0.01027312409132719,0
18442,1,0.998798131942749,1
18443,0,0.0033152149990200996,0
18444,0,0.00026329103275202215,0
18445,1,0.9915719032287598,1
18446,0,0.06348725408315659,0
18447,1,0.5140427947044373,1
18448,1,0.976615309715271,1
18449,1,0.870699405670166,1
18450,1,0.9682692289352417,1
18451,1,0.9996333122253418,1
18452,0,0.0009184674127027392,0
18453,1,0.9992867112159729,1
18454,0,0.5614694952964783,1
18455,0,0.001202803454361856,0
18456,1,0.9951946139335632,1
18457,0,9.019089338835329e-05,0
18458,0,0.07840399444103241,0
18459,0,0.002474789274856448,0
18460,1,0.998213529586792,1
18461,1,0.9999138116836548,1
18462,0,0.7884692549705505,1
18463,1,0.9997435212135315,1
18464,1,0.9994106292724609,1
18465,0,0.0012127096997573972,0
18466,1,0.9999668598175049,1
18467,0,0.0044218068942427635,0
18468,1,0.9951521158218384,1
18469,0,0.003224393352866173,0
18470,1,0.8663303256034851,1
18471,0,0.001967688323929906,0
18472,0,0.2520226836204529,0
18473,0,0.021036772057414055,0
18474,1,0.9999741315841675,1
18475,1,0.9996775388717651,1
18476,1,0.9979830980300903,1
18477,0,0.0036658134777098894,0
18478,0,0.09825034439563751,0
18479,1,0.866509199142456,1
18480,0,3.022252712980844e-05,0
18481,1,0.6740504503250122,1
18482,1,0.9666115641593933,1
18483,1,0.9999626874923706,1
18484,0,0.000317947706207633,0
18485,1,0.9999569654464722,1
18486,1,0.9975538849830627,1
18487,1,0.9975879192352295,1
18488,0,0.9782143831253052,1
18489,0,0.0009376831003464758,0
18490,1,0.9991687536239624,1
18491,1,0.9998311996459961,1
18492,0,6.633986777160317e-05,0
18493,0,0.033080656081438065,0
18494,0,0.03493082895874977,0
18495,0,0.03821171447634697,0
18496,1,0.9980692267417908,1
18497,1,0.9995361566543579,1
18498,0,0.01952645368874073,0
18499,0,0.0004380389000289142,0
18500,1,0.11456839740276337,0
18501,1,0.9292761087417603,1
18502,1,0.6284543871879578,1
18503,1,0.8305338621139526,1
18504,1,0.25176918506622314,0
18505,0,0.0005816097254864872,0
18506,0,0.000912279007025063,0
18507,0,0.0006649689748883247,0
18508,1,0.9966357350349426,1
18509,0,0.00023818285262677819,0
18510,0,0.0007469049887731671,0
18511,0,0.04003498703241348,0
18512,1,0.980926513671875,1
18513,1,0.986323893070221,1
18514,0,9.22026447369717e-05,0
18515,0,0.009221682325005531,0
18516,0,0.012456080876290798,0
18517,1,0.9933595061302185,1
18518,0,0.015520993620157242,0
18519,1,0.9999514818191528,1
18520,0,0.0011326315579935908,0
18521,0,0.022111743688583374,0
18522,1,0.7348288893699646,1
18523,0,0.9149764776229858,1
18524,1,0.9947704672813416,1
18525,0,0.08121687173843384,0
18526,1,0.999150276184082,1
18527,0,0.00011140964488731697,0
18528,0,0.0005629158695228398,0
18529,1,0.9970129728317261,1
18530,0,0.13476070761680603,0
18531,0,0.00029441039077937603,0
18532,0,3.930617094738409e-05,0
18533,1,0.9995946288108826,1
18534,1,0.9020251035690308,1
18535,0,0.01175139844417572,0
18536,1,0.9997358918190002,1
18537,1,0.9812503457069397,1
18538,0,0.0011474431958049536,0
18539,0,0.0024529695510864258,0
18540,1,0.9039843678474426,1
18541,0,0.01091848500072956,0
18542,1,0.9996850490570068,1
18543,0,0.23215517401695251,0
18544,0,0.3240933120250702,0
18545,1,0.971076250076294,1
18546,0,0.012236819602549076,0
18547,0,0.012711266987025738,0
18548,1,0.9977249503135681,1
18549,0,0.0023765009827911854,0
18550,0,0.0012595076113939285,0
18551,0,0.0022718983236700296,0
18552,1,0.9959749579429626,1
18553,1,0.999879002571106,1
18554,0,2.541492176533211e-05,0
18555,0,0.0059814159758389,0
18556,1,0.9998687505722046,1
18557,0,0.0002666631480678916,0
18558,0,0.0013402636395767331,0
18559,1,0.9998886585235596,1
18560,0,0.8311858177185059,1
18561,0,0.00022055694716982543,0
18562,1,0.9364539980888367,1
18563,0,0.8420259952545166,1
18564,1,0.8977725505828857,1
18565,1,0.999569833278656,1
18566,0,0.0016734509263187647,0
18567,1,0.9962794184684753,1
18568,1,0.9811245203018188,1
18569,0,1.299071573157562e-05,0
18570,1,0.999038815498352,1
18571,1,0.9993759989738464,1
18572,0,0.0007957701454870403,0
18573,0,0.931462287902832,1
18574,0,0.0349750891327858,0
18575,1,0.999955415725708,1
18576,1,0.9265438914299011,1
18577,0,0.0024398178793489933,0
18578,0,0.042342137545347214,0
18579,0,0.20855560898780823,0
18580,1,0.9980456829071045,1
18581,1,0.9998230338096619,1
18582,1,0.9999603033065796,1
18583,0,0.013204040005803108,0
18584,0,0.04556453973054886,0
18585,1,0.8450291156768799,1
18586,0,0.001785933505743742,0
18587,0,0.00012532639084383845,0
18588,1,0.999944806098938,1
18589,1,0.9995390176773071,1
18590,0,0.048340555280447006,0
18591,1,0.9920307397842407,1
18592,1,0.3849027156829834,0
18593,1,0.995586633682251,1
18594,0,0.014378185383975506,0
18595,0,0.006541932467371225,0
18596,0,0.0004070596187375486,0
18597,1,0.6555973291397095,1
18598,1,0.9921013712882996,1
18599,1,0.9999500513076782,1
18600,1,0.9996864795684814,1
18601,1,0.9999853372573853,1
18602,0,0.007674051448702812,0
18603,0,0.01899886690080166,0
18604,1,0.9980025887489319,1
18605,0,0.001091981423087418,0
18606,0,0.036288511008024216,0
18607,1,0.378414124250412,0
18608,1,0.9997588992118835,1
18609,1,0.9675557613372803,1
18610,1,0.9935848116874695,1
18611,1,0.9955570101737976,1
18612,1,0.9984765648841858,1
18613,1,0.997403085231781,1
18614,0,0.004553880076855421,0
18615,1,0.9842294454574585,1
18616,0,0.0006277352222241461,0
18617,1,0.9997881054878235,1
18618,1,0.9999489784240723,1
18619,1,0.9873277544975281,1
18620,0,0.19967666268348694,0
18621,1,0.9989280104637146,1
18622,1,0.9665975570678711,1
18623,0,0.004173418041318655,0
18624,0,0.00026992836501449347,0
18625,0,0.07962889969348907,0
18626,0,7.044956873869523e-05,0
18627,0,0.00554451160132885,0
18628,1,0.9762061834335327,1
18629,1,0.9997939467430115,1
18630,1,0.9996174573898315,1
18631,1,0.08199270814657211,0
18632,0,5.1160863222321495e-05,0
18633,1,0.9994217157363892,1
18634,1,0.9112988710403442,1
18635,0,0.03565122187137604,0
18636,0,0.5034258961677551,1
18637,1,0.5734657645225525,1
18638,1,0.9336923956871033,1
18639,1,0.9999486207962036,1
18640,0,0.03833796828985214,0
18641,1,0.8741471767425537,1
18642,0,0.0030883806757628918,0
18643,0,0.007480924017727375,0
18644,1,0.9997649788856506,1
18645,1,0.9429766535758972,1
18646,0,9.573106945026666e-05,0
18647,1,0.9950947761535645,1
18648,1,0.9989708662033081,1
18649,1,0.9999970197677612,1
18650,1,0.9975500702857971,1
18651,0,0.0009325364953838289,0
18652,0,0.062095459550619125,0
18653,0,0.0009591823909431696,0
18654,1,0.9999269247055054,1
18655,1,0.30619263648986816,0
18656,0,0.015197176486253738,0
18657,0,0.0002034576318692416,0
18658,1,0.9996140599250793,1
18659,0,0.0012824152363464236,0
18660,0,0.03740287199616432,0
18661,0,0.005053549539297819,0
18662,1,0.9996799230575562,1
18663,1,0.9959456324577332,1
18664,0,7.305344479391351e-05,0
18665,1,0.9997512698173523,1
18666,1,0.40908652544021606,0
18667,0,0.30113157629966736,0
18668,0,0.00011513212666613981,0
18669,1,0.9997405409812927,1
18670,1,0.9997919201850891,1
18671,0,0.017049569636583328,0
18672,1,0.9970130920410156,1
18673,0,0.018690358847379684,0
18674,0,0.020497513934969902,0
18675,0,0.03774482011795044,0
18676,0,0.022503819316625595,0
18677,0,0.055587008595466614,0
18678,0,0.00045824929839000106,0
18679,0,0.028296343982219696,0
18680,1,0.14572936296463013,0
18681,0,0.0005552248330786824,0
18682,0,0.02705126255750656,0
18683,1,0.9678186774253845,1
18684,0,0.002068891189992428,0
18685,1,0.9999392032623291,1
18686,0,0.00033422920387238264,0
18687,0,0.0010811841348186135,0
18688,0,0.144850492477417,0
18689,1,0.8711488842964172,1
18690,1,0.9994556307792664,1
18691,0,0.0010931319557130337,0
18692,0,0.0016617727233096957,0
18693,0,0.0010032461723312736,0
18694,1,0.9790600538253784,1
18695,1,0.9999778270721436,1
18696,1,0.4675193428993225,0
18697,0,0.00012454786337912083,0
18698,1,0.7885830998420715,1
18699,0,0.004548000171780586,0
18700,1,0.46354642510414124,0
18701,0,0.0018622908974066377,0
18702,1,0.9841195940971375,1
18703,1,0.999923586845398,1
18704,1,0.9995145797729492,1
18705,1,0.9973322153091431,1
18706,1,0.9999361038208008,1
18707,0,0.03987269476056099,0
18708,1,0.9981337189674377,1
18709,1,0.9913022518157959,1
18710,0,0.007224411237984896,0
18711,0,0.01128394529223442,0
18712,1,0.9890486001968384,1
18713,0,0.9606630802154541,1
18714,1,0.9945861101150513,1
18715,0,0.0017038527876138687,0
18716,0,0.002926028100773692,0
18717,1,0.9992194175720215,1
18718,0,0.003051096573472023,0
18719,1,0.9905513525009155,1
18720,1,0.9963794350624084,1
18721,0,0.8415814638137817,1
18722,1,0.965560793876648,1
18723,1,0.9977211356163025,1
18724,1,0.6903329491615295,1
18725,0,0.014097858220338821,0
18726,0,0.0356292650103569,0
18727,0,0.00014633414684794843,0
18728,0,0.006002895999699831,0
18729,0,0.0019308046903461218,0
18730,1,0.8965004086494446,1
18731,0,0.00011636256385827437,0
18732,0,0.0005914357607252896,0
18733,0,0.00017165417375508696,0
18734,0,0.010854282416403294,0
18735,1,0.9992355108261108,1
18736,1,0.18748952448368073,0
18737,1,0.9993730187416077,1
18738,0,1.402493489877088e-05,0
18739,1,0.9940010905265808,1
18740,1,0.999919056892395,1
18741,0,0.00022940737835597247,0
18742,1,0.998241662979126,1
18743,1,0.9944936037063599,1
18744,0,0.04824421554803848,0
18745,1,0.8202940225601196,1
18746,0,0.00026120079564861953,0
18747,1,0.9999009370803833,1
18748,1,0.999901294708252,1
18749,0,0.002286473521962762,0
18750,0,0.14324519038200378,0
18751,0,0.002374297473579645,0
18752,0,0.052698615938425064,0
18753,1,0.4750114977359772,0
18754,0,0.016155404970049858,0
18755,0,0.9919207096099854,1
18756,0,0.03755004331469536,0
18757,0,0.00012383305875118822,0
18758,0,0.05561048164963722,0
18759,1,0.9996222257614136,1
18760,1,0.8609177470207214,1
18761,0,0.03314705193042755,0
18762,0,0.002754655433818698,0
18763,0,5.345252066035755e-05,0
18764,1,0.9994010925292969,1
18765,1,0.9997957348823547,1
18766,1,0.11621524393558502,0
18767,1,0.9476110935211182,1
18768,0,0.3407527804374695,0
18769,0,0.0008617414860054851,0
18770,1,0.9958983063697815,1
18771,0,0.0011277791345492005,0
18772,0,0.007711134385317564,0
18773,1,0.9594128727912903,1
18774,1,0.9998855590820312,1
18775,0,0.013789106160402298,0
18776,0,0.006303391419351101,0
18777,0,0.08991533517837524,0
18778,0,0.14107073843479156,0
18779,1,0.9946650266647339,1
18780,0,0.5308943390846252,1
18781,0,0.0008516715024597943,0
18782,0,0.9151338338851929,1
18783,1,0.9591915607452393,1
18784,0,0.0022952186409384012,0
18785,1,0.9855993986129761,1
18786,0,0.0021903703454881907,0
18787,0,0.004006997682154179,0
18788,1,0.9987025260925293,1
18789,1,0.9992263317108154,1
18790,0,0.0031031318940222263,0
18791,0,0.0019275821978226304,0
18792,0,0.23771019279956818,0
18793,1,0.36734896898269653,0
18794,1,0.9989697933197021,1
18795,1,0.9998177886009216,1
18796,0,0.029683761298656464,0
18797,1,0.9995447993278503,1
18798,1,0.9998281002044678,1
18799,0,0.004801756702363491,0
18800,1,0.9609805941581726,1
18801,1,0.9995104074478149,1
18802,0,0.34531450271606445,0
18803,0,0.003861658973619342,0
18804,1,0.9997325539588928,1
18805,0,0.0005560035351663828,0
18806,0,0.0024890953209251165,0
18807,0,0.006302632391452789,0
18808,1,0.9997938275337219,1
18809,0,1.5956662537064403e-05,0
18810,0,0.0002771626168396324,0
18811,1,0.9998441934585571,1
18812,0,0.28418123722076416,0
18813,0,0.009040497243404388,0
18814,1,0.8667603135108948,1
18815,0,0.0013606527354568243,0
18816,1,0.9995524287223816,1
18817,0,0.007149592041969299,0
18818,1,0.7026671767234802,1
18819,0,0.002337060868740082,0
18820,1,0.9885021448135376,1
18821,0,0.0072659277357161045,0
18822,1,0.9873403906822205,1
18823,0,0.08288642764091492,0
18824,0,5.605946353171021e-05,0
18825,1,0.8925712704658508,1
18826,1,0.9991993308067322,1
18827,1,0.9997567534446716,1
18828,1,0.9978821873664856,1
18829,1,0.9952957034111023,1
18830,1,0.31172847747802734,0
18831,1,0.9999377727508545,1
18832,0,0.12212464213371277,0
18833,1,0.6744023561477661,1
18834,1,0.9255142211914062,1
18835,0,0.833507776260376,1
18836,0,0.004552203230559826,0
18837,1,0.8860015869140625,1
18838,0,0.4863217771053314,0
18839,0,0.00016339769354090095,0
18840,1,0.9953574538230896,1
18841,0,0.01653517782688141,0
18842,1,0.9921329617500305,1
18843,1,0.997816801071167,1
18844,0,0.003152805846184492,0
18845,1,0.9681736826896667,1
18846,0,0.0003548528766259551,0
18847,1,0.9999414682388306,1
18848,1,0.9960540533065796,1
18849,1,0.01667831465601921,0
18850,1,0.9711464643478394,1
18851,1,0.9999884366989136,1
18852,0,0.00010341770394006744,0
18853,1,0.9995817542076111,1
18854,1,0.33173689246177673,0
18855,1,0.9999727010726929,1
18856,0,0.0005245556239970028,0
18857,1,0.9986390471458435,1
18858,0,0.0036287126131355762,0
18859,1,0.844551146030426,1
18860,0,0.49466586112976074,0
18861,0,0.06318032741546631,0
18862,1,0.9689148664474487,1
18863,1,0.9532120227813721,1
18864,0,0.0001437334285583347,0
18865,0,0.979552686214447,1
18866,0,0.1136661097407341,0
18867,1,0.9964472651481628,1
18868,1,0.9971990585327148,1
18869,0,0.009832469746470451,0
18870,0,0.016937868669629097,0
18871,0,0.09908049553632736,0
18872,1,0.9943905472755432,1
18873,0,0.013724526390433311,0
18874,0,0.0015119914896786213,0
18875,1,0.9934145212173462,1
18876,1,0.9981386661529541,1
18877,1,0.9999185800552368,1
18878,1,0.9998365640640259,1
18879,1,0.9316293001174927,1
18880,0,0.0006129100220277905,0
18881,1,0.999935507774353,1
18882,1,0.9994827508926392,1
18883,1,0.9794366955757141,1
18884,0,8.864511619322002e-05,0
18885,1,0.9993165731430054,1
18886,1,0.9972551465034485,1
18887,1,0.18391427397727966,0
18888,0,0.8612886667251587,1
18889,1,0.9961429238319397,1
18890,0,0.0003300340904388577,0
18891,1,0.9979475140571594,1
18892,1,0.9972502589225769,1
18893,0,0.041654039174318314,0
18894,0,0.09778943657875061,0
18895,0,0.007953242398798466,0
18896,1,0.9967811107635498,1
18897,0,0.016832085326313972,0
18898,1,0.9955844283103943,1
18899,1,0.9722622632980347,1
18900,0,0.16416288912296295,0
18901,1,0.9997127652168274,1
18902,1,0.999944806098938,1
18903,1,0.3516143262386322,0
18904,0,0.14682111144065857,0
18905,0,0.014664653688669205,0
18906,0,0.0004900838830508292,0
18907,1,0.9997555613517761,1
18908,1,0.9515497088432312,1
18909,0,0.9138931632041931,1
18910,0,0.33230724930763245,0
18911,1,0.7806846499443054,1
18912,0,0.0004958997596986592,0
18913,1,0.6813809871673584,1
18914,1,0.9984586238861084,1
18915,0,0.0011635459959506989,0
18916,0,0.0004934321623295546,0
18917,1,0.8395057320594788,1
18918,0,0.04402278736233711,0
18919,0,0.00013735855463892221,0
18920,0,0.010718191042542458,0
18921,1,0.999855637550354,1
18922,0,0.0027833764906972647,0
18923,0,0.0028802386950701475,0
18924,1,0.9994292855262756,1
18925,0,0.008275948464870453,0
18926,0,0.06997071951627731,0
18927,0,0.0006302272668108344,0
18928,0,0.08545798808336258,0
18929,0,0.001468630158342421,0
18930,0,0.00011023663682863116,0
18931,0,0.278693825006485,0
18932,0,0.00014488324814010412,0
18933,1,0.99947589635849,1
18934,0,0.6536809206008911,1
18935,0,0.0018129401141777635,0
18936,0,0.06572043150663376,0
18937,0,2.747174585238099e-05,0
18938,0,0.6978667974472046,1
18939,1,0.7064492106437683,1
18940,1,0.9998575448989868,1
18941,0,0.5172316431999207,1
18942,0,0.005177946295589209,0
18943,0,0.0018376144580543041,0
18944,0,0.0025121611542999744,0
18945,1,0.9595417976379395,1
18946,1,0.9999858140945435,1
18947,0,0.0011441458482295275,0
18948,1,0.9995908141136169,1
18949,1,0.9998998641967773,1
18950,0,0.00038701927405782044,0
18951,1,0.7479056119918823,1
18952,1,0.905491292476654,1
18953,1,0.9997686743736267,1
18954,0,0.000800316920503974,0
18955,0,0.00205210130661726,0
18956,0,0.05117587000131607,0
18957,0,0.00014702140470035374,0
18958,0,0.06842142343521118,0
18959,1,0.698590099811554,1
18960,1,0.998687207698822,1
18961,1,0.999930739402771,1
18962,0,0.17075107991695404,0
18963,1,0.999930739402771,1
18964,0,0.1308315098285675,0
18965,1,0.9893033504486084,1
18966,0,0.0011381155345588923,0
18967,1,0.9999679327011108,1
18968,1,0.9962610602378845,1
18969,1,0.170445516705513,0
18970,1,0.9988589286804199,1
18971,1,0.36498016119003296,0
18972,0,0.008776349946856499,0
18973,0,0.05894431471824646,0
18974,1,0.4474124312400818,0
18975,1,0.9758440256118774,1
18976,1,0.9998598098754883,1
18977,1,0.9750287532806396,1
18978,0,0.07829319685697556,0
18979,0,0.0053937709890306,0
18980,1,0.9984970092773438,1
18981,0,0.0005515137454494834,0
18982,0,0.001594606670551002,0
18983,0,0.01255826000124216,0
18984,0,2.5686356821097434e-05,0
18985,1,0.9999065399169922,1
18986,0,0.0010466498788446188,0
18987,1,0.9978796243667603,1
18988,1,0.9909558892250061,1
18989,0,0.010654525831341743,0
18990,1,0.9974408149719238,1
18991,1,0.9998207688331604,1
18992,0,0.31263473629951477,0
18993,0,0.0005291011184453964,0
18994,0,0.003752826014533639,0
18995,0,0.0009081240277737379,0
18996,1,0.8984952569007874,1
18997,1,0.9228078722953796,1
18998,0,0.011818232014775276,0
18999,1,0.9869831800460815,1
19000,1,0.9993477463722229,1
19001,0,5.201562089496292e-05,0
19002,0,0.004228494130074978,0
19003,1,0.9984751343727112,1
19004,1,0.9961330890655518,1
19005,1,0.9992899894714355,1
19006,0,0.7972199320793152,1
19007,1,0.9540373682975769,1
19008,1,0.96387779712677,1
19009,1,0.9988793730735779,1
19010,1,0.9205880165100098,1
19011,0,0.012487047351896763,0
19012,1,0.9988730549812317,1
19013,0,0.04368111863732338,0
19014,1,0.999955415725708,1
19015,1,0.988614559173584,1
19016,0,0.024544117972254753,0
19017,1,0.7668691873550415,1
19018,1,0.9962818026542664,1
19019,1,0.9986050724983215,1
19020,1,0.9980003237724304,1
19021,0,0.0943932756781578,0
19022,1,0.9990992546081543,1
19023,1,0.05501959100365639,0
19024,1,0.9987326264381409,1
19025,1,0.999846339225769,1
19026,0,4.250511483405717e-05,0
19027,0,0.001957027241587639,0
19028,1,0.9220699667930603,1
19029,1,0.9912238121032715,1
19030,0,0.0008008418371900916,0
19031,1,0.9951139688491821,1
19032,1,0.9520280957221985,1
19033,0,0.006558334454894066,0
19034,0,0.0025250031612813473,0
19035,0,1.879898081824649e-05,0
19036,0,0.49417802691459656,0
19037,0,0.0002406926651019603,0
19038,0,0.01128130592405796,0
19039,0,0.0059530832804739475,0
19040,0,0.03831092268228531,0
19041,1,0.9997695088386536,1
19042,0,0.4617104232311249,0
19043,1,0.9340437054634094,1
19044,1,0.9988131523132324,1
19045,0,5.74926525587216e-05,0
19046,0,0.00012629368575289845,0
19047,0,0.05234603211283684,0
19048,1,0.999955415725708,1
19049,1,0.9999850988388062,1
19050,1,0.9683167934417725,1
19051,1,0.9610484838485718,1
19052,1,0.9575539231300354,1
19053,0,0.022848747670650482,0
19054,1,0.8858333826065063,1
19055,1,0.9997348189353943,1
19056,0,0.0016835457645356655,0
19057,0,0.0037940789479762316,0
19058,0,0.0421818345785141,0
19059,1,0.9991070628166199,1
19060,0,0.03718385472893715,0
19061,1,0.9999293088912964,1
19062,0,0.0004840058973059058,0
19063,0,0.0002773201558738947,0
19064,1,0.9945496916770935,1
19065,1,0.999842643737793,1
19066,1,0.9666708111763,1
19067,0,0.005481777712702751,0
19068,0,0.0006219844799488783,0
19069,0,0.5182494521141052,1
19070,1,0.910798192024231,1
19071,0,0.9681655168533325,1
19072,0,0.02922755293548107,0
19073,1,0.9984979629516602,1
19074,0,0.7751437425613403,1
19075,0,0.0034103761427104473,0
19076,1,0.9621426463127136,1
19077,1,0.9927335977554321,1
19078,0,0.00012931674427818507,0
19079,0,0.04540364071726799,0
19080,1,0.029006998986005783,0
19081,1,0.9941218495368958,1
19082,1,0.9988983869552612,1
19083,0,0.0015227788826450706,0
19084,0,0.05158204957842827,0
19085,1,0.9968008995056152,1
19086,1,0.8803000450134277,1
19087,1,0.9999833106994629,1
19088,0,0.020552020519971848,0
19089,0,0.0019096533069387078,0
19090,0,0.44581854343414307,0
19091,0,0.06449596583843231,0
19092,1,0.9997020363807678,1
19093,0,0.0011257054284214973,0
19094,0,0.00543393287807703,0
19095,1,0.9977812170982361,1
19096,0,0.0028195958584547043,0
19097,1,0.9989122152328491,1
19098,0,0.26131582260131836,0
19099,0,0.752503514289856,1
19100,0,0.020408449694514275,0
19101,1,0.9997884631156921,1
19102,0,0.012251755222678185,0
19103,1,0.9969306588172913,1
19104,0,0.0021833968348801136,0
19105,1,0.5864967107772827,1
19106,0,0.012301991693675518,0
19107,1,0.9804401993751526,1
19108,0,0.00018961072782985866,0
19109,0,0.06428907066583633,0
19110,1,0.997288703918457,1
19111,1,0.9806952476501465,1
19112,1,0.9997208714485168,1
19113,0,0.19153109192848206,0
19114,0,0.012129724957048893,0
19115,0,0.006417552940547466,0
19116,1,0.8729934692382812,1
19117,0,0.005029058083891869,0
19118,0,0.0002171844244003296,0
19119,0,0.43044453859329224,0
19120,1,0.9845684766769409,1
19121,0,0.0003321527037769556,0
19122,0,0.0006643880624324083,0
19123,0,0.0005434331833384931,0
19124,0,0.004444898571819067,0
19125,0,0.0008509843610227108,0
19126,1,0.9531188011169434,1
19127,0,0.007390876300632954,0
19128,0,0.0026062859687954187,0
19129,0,0.0005096610402688384,0
19130,0,0.009978561662137508,0
19131,1,0.9999587535858154,1
19132,1,0.9780691862106323,1
19133,1,0.7976204752922058,1
19134,0,0.12130033224821091,0
19135,1,0.99953293800354,1
19136,1,0.9999853372573853,1
19137,0,0.00010645230941008776,0
19138,0,0.006503019016236067,0
19139,1,0.9896822571754456,1
19140,0,0.0012651380384340882,0
19141,1,0.9997263550758362,1
19142,0,0.002272344660013914,0
19143,0,0.8175747394561768,1
19144,0,0.025941750034689903,0
19145,0,0.0007390597020275891,0
19146,0,0.007011207286268473,0
19147,1,0.998513400554657,1
19148,1,0.9624178409576416,1
19149,1,0.99613356590271,1
19150,1,0.9983130693435669,1
19151,0,0.006585880648344755,0
19152,0,0.232015922665596,0
19153,1,0.9992252588272095,1
19154,1,0.724775493144989,1
19155,0,0.0007118548383004963,0
19156,0,0.006550658959895372,0
19157,0,0.0022681085392832756,0
19158,0,0.00021700310753658414,0
19159,1,0.9615208506584167,1
19160,0,2.1467312762979418e-05,0
19161,0,0.5863330960273743,1
19162,0,0.0427476167678833,0
19163,1,0.9987801909446716,1
19164,0,0.003787569236010313,0
19165,0,0.01995658501982689,0
19166,0,0.0073488070629537106,0
19167,1,0.9997097849845886,1
19168,0,0.004124056082218885,0
19169,1,0.9955145716667175,1
19170,0,0.7996569275856018,1
19171,1,0.9446162581443787,1
19172,1,0.9994334578514099,1
19173,0,4.007477036793716e-05,0
19174,1,0.7424736022949219,1
19175,1,0.9942227005958557,1
19176,0,0.00013962022785563022,0
19177,0,0.025637635961174965,0
19178,0,0.033496756106615067,0
19179,1,0.9857950210571289,1
19180,1,0.9834805130958557,1
19181,0,0.03575652837753296,0
19182,0,0.0007682644645683467,0
19183,0,0.4342249631881714,0
19184,1,0.9998842477798462,1
19185,0,0.0004825173527933657,0
19186,1,0.9431596398353577,1
19187,0,0.257497638463974,0
19188,1,0.9803056716918945,1
19189,0,0.0016738764243200421,0
19190,1,0.9960715770721436,1
19191,1,0.9997615218162537,1
19192,0,7.160832319641486e-05,0
19193,1,0.9997761845588684,1
19194,1,0.9997051358222961,1
19195,1,0.9912410974502563,1
19196,1,0.9790911078453064,1
19197,1,0.9996957778930664,1
19198,1,0.9984965324401855,1
19199,0,0.004631812684237957,0
19200,0,0.038690704852342606,0
19201,0,0.0012719174847006798,0
19202,1,0.9990293979644775,1
19203,1,0.9982154369354248,1
19204,0,0.0002670066023711115,0
19205,0,0.002553441096097231,0
19206,0,0.136421337723732,0
19207,1,0.9589288830757141,1
19208,0,0.0042148130014538765,0
19209,1,0.9897456169128418,1
19210,1,0.9923277497291565,1
19211,0,0.19167043268680573,0
19212,0,0.011552343145012856,0
19213,0,0.008294406346976757,0
19214,0,0.000590402283705771,0
19215,0,0.08831721544265747,0
19216,1,0.5458021759986877,1
19217,1,0.045392852276563644,0
19218,0,0.000579201674554497,0
19219,1,0.9897777438163757,1
19220,0,0.9413051009178162,1
19221,0,0.000517594045959413,0
19222,1,0.2865373492240906,0
19223,0,0.00675138458609581,0
19224,0,0.0004826227086596191,0
19225,0,0.00155677180737257,0
19226,1,0.06514746695756912,0
19227,0,0.004025579895824194,0
19228,1,0.915061354637146,1
19229,0,0.0011960434494540095,0
19230,1,0.9341074228286743,1
19231,0,0.00044704985339194536,0
19232,1,0.9999289512634277,1
19233,1,0.9999793767929077,1
19234,1,0.999580442905426,1
19235,1,0.9985600113868713,1
19236,0,0.0023700036108493805,0
19237,1,0.9998840093612671,1
19238,1,0.999699592590332,1
19239,0,0.22116784751415253,0
19240,0,0.0005132799269631505,0
19241,1,0.9995645880699158,1
19242,1,0.999849796295166,1
19243,0,0.0012361770495772362,0
19244,0,0.19728532433509827,0
19245,1,0.9974778294563293,1
19246,1,0.9994451403617859,1
19247,0,0.03339940682053566,0
19248,0,0.0048774308525025845,0
19249,0,0.0036346586421132088,0
19250,1,0.9947287440299988,1
19251,0,0.28002044558525085,0
19252,1,0.9920610189437866,1
19253,0,0.012602198868989944,0
19254,0,0.00751762930303812,0
19255,0,8.987846376840025e-05,0
19256,0,0.0061156125739216805,0
19257,0,0.0001143293411587365,0
19258,1,0.09866126626729965,0
19259,1,0.05300937965512276,0
19260,0,0.012798596173524857,0
19261,0,0.0010901058558374643,0
19262,1,0.9991942048072815,1
19263,1,0.9997857213020325,1
19264,0,0.00012580712791532278,0
19265,1,0.9335913062095642,1
19266,0,0.3623164892196655,0
19267,0,7.653324428247288e-05,0
19268,0,0.006832456681877375,0
19269,1,0.9561454057693481,1
19270,1,0.9949482679367065,1
19271,1,0.9996776580810547,1
19272,1,0.9973279237747192,1
19273,1,0.9903113842010498,1
19274,0,0.0011153302621096373,0
19275,1,0.9995028972625732,1
19276,0,0.3719623386859894,0
19277,0,0.0004724007740151137,0
19278,0,0.0019303883891552687,0
19279,0,0.4788390100002289,0
19280,1,0.9982153177261353,1
19281,1,0.9946621060371399,1
19282,1,0.9994121789932251,1
19283,0,0.02071118913590908,0
19284,1,0.9926124811172485,1
19285,0,0.01707611232995987,0
19286,1,0.9968488812446594,1
19287,1,0.9994847774505615,1
19288,1,0.1573910117149353,0
19289,0,0.008779461495578289,0
19290,0,0.02218865416944027,0
19291,0,0.9871242046356201,1
19292,0,0.0003204295935574919,0
19293,1,0.9987860321998596,1
19294,1,0.9993131160736084,1
19295,0,0.002609376795589924,0
19296,0,0.04249682277441025,0
19297,1,0.9993069171905518,1
19298,0,0.0028376926202327013,0
19299,0,0.24849285185337067,0
19300,1,0.9816604852676392,1
19301,1,0.9999740123748779,1
19302,0,0.44738584756851196,0
19303,1,0.999202311038971,1
19304,0,0.000807549396995455,0
19305,0,0.004770096857100725,0
19306,1,0.9999788999557495,1
19307,0,0.08240752667188644,0
19308,1,0.9996421337127686,1
19309,0,0.28309306502342224,0
19310,1,0.9998681545257568,1
19311,0,0.002211081562563777,0
19312,0,0.005885100923478603,0
19313,1,0.9997020363807678,1
19314,1,0.9863395690917969,1
19315,0,3.5857879993272945e-05,0
19316,0,0.0008035562932491302,0
19317,0,0.43851804733276367,0
19318,1,0.9986887574195862,1
19319,0,0.09565121680498123,0
19320,0,0.4396829903125763,0
19321,1,0.999875545501709,1
19322,1,0.0548299103975296,0
19323,1,0.9967976212501526,1
19324,0,0.030616236850619316,0
19325,1,0.725807785987854,1
19326,1,0.9996008276939392,1
19327,0,0.02963823266327381,0
19328,1,0.9963573813438416,1
19329,1,0.05608522146940231,0
19330,1,0.994561493396759,1
19331,0,0.035141363739967346,0
19332,1,0.9994869232177734,1
19333,1,0.9989926218986511,1
19334,0,0.22367779910564423,0
19335,0,0.008119630627334118,0
19336,1,0.9998443126678467,1
19337,1,0.31367501616477966,0
19338,0,0.0022433833219110966,0
19339,0,0.032807983458042145,0
19340,1,0.9989063739776611,1
19341,1,0.9708533883094788,1
19342,1,0.8676682710647583,1
19343,1,0.9980680346488953,1
19344,0,0.027025321498513222,0
19345,0,0.0031979051418602467,0
19346,1,0.9798628687858582,1
19347,0,5.102585055283271e-05,0
19348,0,0.028238264843821526,0
19349,1,0.9767794013023376,1
19350,0,0.01447660755366087,0
19351,1,0.9999489784240723,1
19352,0,0.010573656298220158,0
19353,1,0.9989194869995117,1
19354,1,0.7290527820587158,1
19355,1,0.9999630451202393,1
19356,0,0.004568494390696287,0
19357,1,0.9815424084663391,1
19358,0,0.013614584691822529,0
19359,1,0.9979166388511658,1
19360,0,6.021089939167723e-05,0
19361,0,0.0007367577636614442,0
19362,1,0.9842337965965271,1
19363,0,0.06863979995250702,0
19364,0,0.026163538917899132,0
19365,1,0.24775144457817078,0
19366,1,0.9963125586509705,1
19367,0,0.7418535351753235,1
19368,0,0.0009748506126925349,0
19369,0,0.0007643925491720438,0
19370,1,0.9722946286201477,1
19371,0,0.0006561573827639222,0
19372,0,0.0007034852169454098,0
19373,1,0.6343028545379639,1
19374,1,0.9977537989616394,1
19375,1,0.3227649927139282,0
19376,1,0.999561607837677,1
19377,0,0.000203654621145688,0
19378,1,0.9996048808097839,1
19379,0,0.0015764784766361117,0
19380,1,0.9996067881584167,1
19381,1,0.9998747110366821,1
19382,0,0.00026813929434865713,0
19383,1,0.9999498128890991,1
19384,0,0.23967823386192322,0
19385,1,0.9999297857284546,1
19386,1,0.9976845979690552,1
19387,0,0.0013332486851140857,0
19388,1,0.9929103255271912,1
19389,1,0.7893598079681396,1
19390,1,0.9998559951782227,1
19391,0,0.00019750282808672637,0
19392,1,0.9998588562011719,1
19393,0,0.004511109087616205,0
19394,0,0.002080579288303852,0
19395,0,0.3910529315471649,0
19396,1,0.8378208875656128,1
19397,1,0.9217973947525024,1
19398,1,0.9995094537734985,1
19399,0,0.11243373155593872,0
19400,1,0.9932795166969299,1
19401,0,0.525577962398529,1
19402,1,0.9994344115257263,1
19403,1,0.9957701563835144,1
19404,1,0.9892866611480713,1
19405,0,0.07024022191762924,0
19406,1,0.997506320476532,1
19407,0,0.00013913102156948298,0
19408,0,0.0016539011849090457,0
19409,0,0.006652696058154106,0
19410,0,0.017771955579519272,0
19411,0,0.008358824998140335,0
19412,1,0.9976893663406372,1
19413,0,0.16952434182167053,0
19414,1,0.9995287656784058,1
19415,1,0.9994959831237793,1
19416,0,0.009009327739477158,0
19417,1,0.9967537522315979,1
19418,1,0.9995793700218201,1
19419,1,0.9984362721443176,1
19420,0,0.0062707639299333096,0
19421,1,0.9988333582878113,1
19422,1,0.9956451654434204,1
19423,1,0.601162850856781,1
19424,1,0.9990008473396301,1
19425,1,0.9996083378791809,1
19426,0,0.0008563974406570196,0
19427,1,0.9997242093086243,1
19428,1,0.9950301647186279,1
19429,1,0.9978896975517273,1
19430,1,0.9911474585533142,1
19431,0,7.181696855695918e-05,0
19432,0,0.0006381691200658679,0
19433,0,0.000798578083049506,0
19434,0,6.812741048634052e-05,0
19435,1,0.9952801465988159,1
19436,1,0.9975875616073608,1
19437,1,0.9955678582191467,1
19438,1,0.9946585297584534,1
19439,1,0.9999661445617676,1
19440,1,0.9746935963630676,1
19441,1,0.9978300929069519,1
19442,0,0.1930927038192749,0
19443,1,0.9603183269500732,1
19444,1,0.984494149684906,1
19445,0,0.031231999397277832,0
19446,1,0.9998095631599426,1
19447,0,0.004088576417416334,0
19448,0,0.33039942383766174,0
19449,1,0.9670311212539673,1
19450,0,0.0017248244257643819,0
19451,0,0.007883058860898018,0
19452,1,0.8982967734336853,1
19453,0,0.002050010720267892,0
19454,0,0.003899896517395973,0
19455,0,0.003208115929737687,0
19456,0,0.0016002906486392021,0
19457,1,0.9995120763778687,1
19458,0,0.014811011031270027,0
19459,1,0.9986428618431091,1
19460,1,0.980324923992157,1
19461,1,0.9996267557144165,1
19462,1,0.9930226802825928,1
19463,1,0.9962971806526184,1
19464,0,0.00044971329043619335,0
19465,1,0.9577693939208984,1
19466,1,0.9975687861442566,1
19467,1,0.9345242381095886,1
19468,1,0.48346415162086487,0
19469,1,0.9602867364883423,1
19470,1,0.9995447993278503,1
19471,1,0.999487042427063,1
19472,0,0.8266400694847107,1
19473,0,0.59983229637146,1
19474,1,0.9960581064224243,1
19475,0,0.14092525839805603,0
19476,1,0.9999322891235352,1
19477,0,0.019153684377670288,0
19478,0,0.0045969015918672085,0
19479,0,0.002180014969781041,0
19480,0,0.017628179863095284,0
19481,1,0.729130744934082,1
19482,0,0.6084862351417542,1
19483,1,0.9987106323242188,1
19484,1,0.9994889497756958,1
19485,1,0.9992645382881165,1
19486,0,0.19528114795684814,0
19487,0,0.0007615996873937547,0
19488,0,0.12492943555116653,0
19489,1,0.9967356324195862,1
19490,1,0.9826657772064209,1
19491,0,0.8695652484893799,1
19492,1,0.9986829161643982,1
19493,1,0.9996761083602905,1
19494,0,0.02364478074014187,0
19495,0,0.01186365820467472,0
19496,1,0.9995403289794922,1
19497,1,0.23191191256046295,0
19498,1,0.9874588251113892,1
19499,0,0.002683729398995638,0
19500,0,0.006952724419534206,0
19501,1,0.9944520592689514,1
19502,0,0.0002874330966733396,0
19503,1,0.9999723434448242,1
19504,1,0.9996629953384399,1
19505,1,0.9988983869552612,1
19506,0,0.010332214646041393,0
19507,1,0.9992883801460266,1
19508,1,0.9130662679672241,1
19509,0,0.0017578897532075644,0
19510,1,0.8508899807929993,1
19511,0,0.005341885145753622,0
19512,0,0.01513990480452776,0
19513,1,0.9878398776054382,1
19514,1,0.9982957243919373,1
19515,1,0.9988847374916077,1
19516,0,0.010273706167936325,0
19517,1,0.9997925162315369,1
19518,1,0.9994757771492004,1
19519,1,0.8984400629997253,1
19520,0,0.0003324717399664223,0
19521,1,0.9995883107185364,1
19522,1,0.973173201084137,1
19523,1,0.9999874830245972,1
19524,0,0.01542923878878355,0
19525,0,0.40757954120635986,0
19526,1,0.9660785794258118,1
19527,0,0.00034958653850480914,0
19528,0,0.0012715491466224194,0
19529,1,0.8961020708084106,1
19530,1,0.8969678282737732,1
19531,0,0.006647964473813772,0
19532,0,8.326632814714685e-05,0
19533,1,0.9998588562011719,1
19534,1,0.9996788501739502,1
19535,1,0.9999901056289673,1
19536,0,0.0374976210296154,0
19537,1,0.9964439272880554,1
19538,0,0.0320432111620903,0
19539,1,0.9994120597839355,1
19540,1,0.9703727960586548,1
19541,1,0.9898772835731506,1
19542,1,0.9094469547271729,1
19543,0,0.026400402188301086,0
19544,1,0.990060567855835,1
19545,1,0.9999295473098755,1
19546,0,0.00041616384987719357,0
19547,1,0.9993718266487122,1
19548,0,0.00013103867240715772,0
19549,1,0.9994295239448547,1
19550,0,0.020028984174132347,0
19551,1,0.9924792051315308,1
19552,0,0.06099793687462807,0
19553,0,0.07615447789430618,0
19554,0,0.0008404123364016414,0
19555,1,0.9999597072601318,1
19556,1,0.9983900785446167,1
19557,1,0.9862026572227478,1
19558,0,0.9325152635574341,1
19559,1,0.8852630257606506,1
19560,0,0.0026553149800747633,0
19561,1,0.9766270518302917,1
19562,1,0.9993522763252258,1
19563,1,0.7707723379135132,1
19564,0,0.0014833741588518023,0
19565,1,0.5907079577445984,1
19566,1,0.9994423985481262,1
19567,0,0.0006302464171312749,0
19568,1,0.5682941675186157,1
19569,1,0.5018625855445862,1
19570,1,0.9926441311836243,1
19571,0,0.8188988566398621,1
19572,0,0.01720036007463932,0
19573,0,0.009921123273670673,0
19574,0,0.00043449338409118354,0
19575,1,0.9714031219482422,1
19576,0,0.05384796857833862,0
19577,0,0.01856386289000511,0
19578,0,0.0008911191252991557,0
19579,0,0.0003393549704924226,0
19580,0,0.00032244634348899126,0
19581,0,0.00610397569835186,0
19582,1,0.9842458367347717,1
19583,1,0.9293447732925415,1
19584,0,0.0004019367625005543,0
19585,0,0.9682884216308594,1
19586,0,0.0010136584751307964,0
19587,0,0.6385893225669861,1
19588,1,0.9384067058563232,1
19589,1,0.9996411800384521,1
19590,1,0.9997105002403259,1
19591,0,0.3503402769565582,0
19592,1,0.9859191179275513,1
19593,1,0.9984017014503479,1
19594,0,0.0015275613404810429,0
19595,0,0.00035082350950688124,0
19596,1,0.9995372295379639,1
19597,1,0.9998002648353577,1
19598,0,0.01919114775955677,0
19599,0,0.007503358647227287,0
19600,0,0.0003026789054274559,0
19601,0,0.005851533263921738,0
19602,0,0.0008960113045759499,0
19603,1,0.9936688542366028,1
19604,0,0.0053023346699774265,0
19605,0,0.0005010441527701914,0
19606,1,0.999488115310669,1
19607,1,0.8739432692527771,1
19608,0,0.004199640359729528,0
19609,0,0.08068147301673889,0
19610,0,6.915269477758557e-05,0
19611,1,0.9971365928649902,1
19612,0,0.032357603311538696,0
19613,1,0.9996366500854492,1
19614,1,0.9948912858963013,1
19615,0,0.5402965545654297,1
19616,0,0.1152447760105133,0
19617,1,0.9992942810058594,1
19618,0,0.0009759672684594989,0
19619,0,4.5625027269124985e-05,0
19620,1,0.9988436698913574,1
19621,1,0.8295705318450928,1
19622,1,0.9999257326126099,1
19623,0,0.0004758101131301373,0
19624,1,0.9989707469940186,1
19625,0,0.04626842960715294,0
19626,1,0.9958755373954773,1
19627,0,0.07013038545846939,0
19628,1,0.9655746221542358,1
19629,1,0.9998619556427002,1
19630,1,0.975200891494751,1
19631,0,0.0008510848856531084,0
19632,1,0.33367854356765747,0
19633,1,0.9623397588729858,1
19634,1,0.265653133392334,0
19635,0,0.23892557621002197,0
19636,0,0.01294444315135479,0
19637,0,0.0034936238080263138,0
19638,1,0.9981207251548767,1
19639,0,0.00046850150101818144,0
19640,0,0.014780053868889809,0
19641,1,0.8602470755577087,1
19642,0,0.0008105789311230183,0
19643,0,0.002442799974232912,0
19644,1,0.9986345171928406,1
19645,1,0.9507410526275635,1
19646,1,0.9994520545005798,1
19647,1,0.98763507604599,1
19648,0,0.007277227938175201,0
19649,1,0.9047825336456299,1
19650,1,0.9924029111862183,1
19651,1,0.9996059536933899,1
19652,1,0.9958630800247192,1
19653,1,0.9996750354766846,1
19654,1,0.9996404647827148,1
19655,1,0.8075069189071655,1
19656,0,0.00020706074428744614,0
19657,0,0.0031261707190424204,0
19658,0,0.017601115629076958,0
19659,1,0.9592740535736084,1
19660,1,0.999990701675415,1
19661,1,0.9892178773880005,1
19662,0,0.00937484297901392,0
19663,0,0.0011764965020120144,0
19664,1,0.8110914826393127,1
19665,0,0.012925363145768642,0
19666,1,0.9996728897094727,1
19667,1,0.9949944019317627,1
19668,0,0.0006067160866223276,0
19669,0,0.0001557190262246877,0
19670,0,0.014138721860945225,0
19671,0,0.0057829380966722965,0
19672,0,0.0020222985185682774,0
19673,1,0.9999704360961914,1
19674,0,0.0006572845741175115,0
19675,1,0.9814857840538025,1
19676,0,0.08301472663879395,0
19677,1,0.9940274953842163,1
19678,1,0.9998635053634644,1
19679,0,0.7690935730934143,1
19680,0,0.0008566345204599202,0
19681,0,0.003775025950744748,0
19682,0,0.005223801359534264,0
19683,0,0.03073371946811676,0
19684,0,0.0037373725790530443,0
19685,0,0.001129902433604002,0
19686,0,0.18401481211185455,0
19687,1,0.9999692440032959,1
19688,0,0.08722957223653793,0
19689,0,0.0779128149151802,0
19690,1,0.004272285383194685,0
19691,1,0.850391149520874,1
19692,0,0.023460419848561287,0
19693,0,0.0007774444529786706,0
19694,1,0.9999357461929321,1
19695,0,0.991305410861969,1
19696,0,0.0037271424662321806,0
19697,0,0.002381369471549988,0
19698,0,0.0001380340981995687,0
19699,0,0.0009051252854987979,0
19700,0,0.006698089651763439,0
19701,0,0.000551811361219734,0
19702,0,0.12414731085300446,0
19703,1,0.47815707325935364,0
19704,1,0.9970141649246216,1
19705,0,0.0009549204842187464,0
19706,1,0.9997187256813049,1
19707,1,0.7288755178451538,1
19708,0,0.0007729001226834953,0
19709,1,0.872746467590332,1
19710,0,0.030978020280599594,0
19711,1,0.9963079690933228,1
19712,1,0.9994738698005676,1
19713,1,0.9884048700332642,1
19714,0,6.708533328492194e-05,0
19715,1,0.6448720097541809,1
19716,0,0.00017610388749744743,0
19717,0,2.3125510779209435e-05,0
19718,1,0.9968432188034058,1
19719,0,0.0011013451730832458,0
19720,0,0.0024667202960699797,0
19721,1,0.20063839852809906,0
19722,0,0.039043452590703964,0
19723,0,0.006222955882549286,0
19724,1,0.9926000833511353,1
19725,1,0.9981073141098022,1
19726,0,0.0014797152252867818,0
19727,0,0.00023501209216192365,0
19728,0,0.00010426541120978072,0
19729,1,0.9997950196266174,1
19730,0,0.007191721349954605,0
19731,1,0.03610730171203613,0
19732,0,0.005821350496262312,0
19733,0,0.0007215352379716933,0
19734,1,0.1694181114435196,0
19735,0,0.06573573499917984,0
19736,0,0.0006949380040168762,0
19737,1,0.9993491768836975,1
19738,0,0.029426049441099167,0
19739,0,0.002437987131997943,0
19740,0,0.0006971615366637707,0
19741,1,0.999430239200592,1
19742,0,0.001649087411351502,0
19743,0,0.03150295093655586,0
19744,0,0.9652165174484253,1
19745,0,0.00875107478350401,0
19746,0,0.0016137579223141074,0
19747,1,0.2782251834869385,0
19748,0,0.00012532627442851663,0
19749,1,0.9993958473205566,1
19750,0,0.08076048642396927,0
19751,1,0.9968621730804443,1
19752,1,0.9999784231185913,1
19753,0,0.002758192829787731,0
19754,1,0.9994924068450928,1
19755,0,0.00024753925390541553,0
19756,1,0.0013789224904030561,0
19757,0,0.006727432832121849,0
19758,0,0.00011248578084632754,0
19759,1,0.9951276779174805,1
19760,1,0.9999173879623413,1
19761,1,0.982684314250946,1
19762,1,0.9692429900169373,1
19763,1,0.9980029463768005,1
19764,1,0.9743090271949768,1
19765,1,0.9980124235153198,1
19766,0,0.011550933122634888,0
19767,0,0.06896685808897018,0
19768,1,0.9997079968452454,1
19769,0,0.007094940636307001,0
19770,0,0.02086751163005829,0
19771,0,0.3175489008426666,0
19772,0,0.38945600390434265,0
19773,1,0.9993288516998291,1
19774,0,0.009219090454280376,0
19775,0,0.10818396508693695,0
19776,0,0.022602006793022156,0
19777,0,9.83401041594334e-05,0
19778,0,0.006915450096130371,0
19779,1,0.9518231749534607,1
19780,0,0.00339761795476079,0
19781,1,0.9994227886199951,1
19782,1,0.9993834495544434,1
19783,1,0.9997877478599548,1
19784,0,0.0008358210325241089,0
19785,0,0.00042848545126616955,0
19786,1,0.0549340695142746,0
19787,0,0.00394040672108531,0
19788,1,0.9969636797904968,1
19789,1,0.9987180233001709,1
19790,0,0.0018416388193145394,0
19791,0,0.037813831120729446,0
19792,1,0.9930344820022583,1
19793,0,0.004554969724267721,0
19794,0,0.00016254781803581864,0
19795,0,0.0014591292710974813,0
19796,0,0.07851991802453995,0
19797,0,0.0047132824547588825,0
19798,0,0.023031897842884064,0
19799,0,0.05437541753053665,0
19800,1,0.9968717694282532,1
19801,1,0.9641324877738953,1
19802,1,0.9697993397712708,1
19803,1,0.06509517878293991,0
19804,1,0.8360348343849182,1
19805,0,0.27147963643074036,0
19806,1,0.9812831878662109,1
19807,0,0.03847077116370201,0
19808,0,0.984930157661438,1
19809,0,0.003264470724388957,0
19810,1,0.9999784231185913,1
19811,1,0.9982568621635437,1
19812,1,0.8416481614112854,1
19813,1,0.999850869178772,1
19814,1,0.11727340519428253,0
19815,1,0.9952278137207031,1
19816,0,0.03603040799498558,0
19817,0,0.001021791249513626,0
19818,0,0.0004826081858482212,0
19819,0,0.0017903015250340104,0
19820,0,0.00027344305999577045,0
19821,0,0.07143492996692657,0
19822,1,0.9977487921714783,1
19823,1,0.9990198612213135,1
19824,1,0.9888964891433716,1
19825,1,0.7397558093070984,1
19826,1,0.9995808005332947,1
19827,1,0.270830899477005,0
19828,0,0.0003863913007080555,0
19829,1,0.9638122320175171,1
19830,1,0.9998451471328735,1
19831,1,0.9864213466644287,1
19832,0,0.004264150746166706,0
19833,1,0.04935235157608986,0
19834,1,0.9927674531936646,1
19835,1,0.7661005258560181,1
19836,1,0.9996209144592285,1
19837,1,0.9998805522918701,1
19838,1,0.9998879432678223,1
19839,0,0.0039110491052269936,0
19840,1,0.9999665021896362,1
19841,1,0.9993656277656555,1
19842,1,0.7845504283905029,1
19843,1,0.9933063387870789,1
19844,0,6.159648182801902e-05,0
19845,0,0.001499190111644566,0
19846,0,0.003970583435148001,0
19847,0,0.08227778226137161,0
19848,0,0.003629963146522641,0
19849,0,0.0003940743627026677,0
19850,0,0.005810942035168409,0
19851,0,0.004258404485881329,0
19852,0,0.00044205429730936885,0
19853,0,0.0003053070104215294,0
19854,1,0.9996453523635864,1
19855,0,0.000816233572550118,0
19856,1,0.9990348815917969,1
19857,1,0.9993329644203186,1
19858,1,0.9484711289405823,1
19859,1,0.9824275374412537,1
19860,0,0.0010927774710580707,0
19861,0,0.000561043038032949,0
19862,0,0.005904630292207003,0
19863,0,0.009249253198504448,0
19864,1,0.9908288717269897,1
19865,0,0.003496201243251562,0
19866,1,0.9997925162315369,1
19867,0,0.0035912010353058577,0
19868,0,0.003961630165576935,0
19869,0,0.6183774471282959,1
19870,0,0.0012748646549880505,0
19871,1,0.9996142387390137,1
19872,0,0.00017682807811070234,0
19873,1,0.9728094935417175,1
19874,0,0.0003432121011428535,0
19875,1,0.9967213273048401,1
19876,0,0.007868152111768723,0
19877,0,0.013620676472783089,0
19878,0,0.00248079770244658,0
19879,0,0.19473502039909363,0
19880,0,0.48828622698783875,0
19881,0,3.8445617974502966e-05,0
19882,0,0.0014614209067076445,0
19883,0,0.11286068707704544,0
19884,0,0.002289253519847989,0
19885,1,0.979083240032196,1
19886,0,0.023661337792873383,0
19887,1,0.9604434370994568,1
19888,0,0.18542328476905823,0
19889,0,0.0029125562869012356,0
19890,0,0.23096433281898499,0
19891,1,0.9990943670272827,1
19892,0,0.0030646654777228832,0
19893,0,0.0005624565528705716,0
19894,1,0.9956436157226562,1
19895,1,0.9987699389457703,1
19896,1,0.9998449087142944,1
19897,1,0.9924374222755432,1
19898,0,0.00015770581376273185,0
19899,1,0.9997969269752502,1
19900,0,0.039622630923986435,0
19901,1,0.9794988036155701,1
19902,1,0.8231323957443237,1
19903,0,0.019415054470300674,0
19904,0,0.04259702190756798,0
19905,1,0.9973132014274597,1
19906,0,1.9483439245959744e-05,0
19907,0,0.959954023361206,1
19908,1,0.9999904632568359,1
19909,1,0.9995173215866089,1
19910,1,0.9855828285217285,1
19911,0,0.002862689085304737,0
19912,1,0.9980192184448242,1
19913,1,0.9995493292808533,1
19914,0,0.01659432239830494,0
19915,1,0.9867586493492126,1
19916,0,0.04790274798870087,0
19917,1,0.9998565912246704,1
19918,1,0.9987086057662964,1
19919,1,0.9774745106697083,1
19920,1,0.9989249110221863,1
19921,1,0.9998832941055298,1
19922,1,0.2589084804058075,0
19923,0,0.043575942516326904,0
19924,0,0.720029354095459,1
19925,0,0.005346969701349735,0
19926,0,0.00015156854351516813,0
19927,0,0.00237061595544219,0
19928,0,0.04292909801006317,0
19929,0,0.1865895539522171,0
19930,0,0.02047712355852127,0
19931,0,0.00011353560694260523,0
19932,1,0.9910099506378174,1
19933,1,0.9999208450317383,1
19934,0,0.16519072651863098,0
19935,0,0.059864580631256104,0
19936,0,0.021718284115195274,0
19937,1,0.9997299313545227,1
19938,0,0.9350985288619995,1
19939,0,0.00012637488543987274,0
19940,0,0.00317139970138669,0
19941,1,0.9971989393234253,1
19942,0,0.0008198621799238026,0
19943,0,0.0017386641120538116,0
19944,0,0.0027063977904617786,0
19945,1,0.9778034687042236,1
19946,0,0.00018894133972935379,0
19947,0,0.004562517628073692,0
19948,0,0.0003919231821782887,0
19949,1,0.9859833121299744,1
19950,0,0.0002587987401057035,0
19951,0,0.0052794525399804115,0
19952,0,0.18728893995285034,0
19953,0,0.40118056535720825,0
19954,1,0.9744582176208496,1
19955,1,0.9209738969802856,1
19956,0,0.7153871059417725,1
19957,0,0.007627769839018583,0
19958,1,0.9809979796409607,1
19959,1,0.9946978092193604,1
19960,1,0.17034798860549927,0
19961,0,0.005121541675180197,0
19962,1,0.9943349957466125,1
19963,1,0.9998893737792969,1
19964,0,0.0015499626751989126,0
19965,0,0.042501695454120636,0
19966,1,0.9999901056289673,1
19967,0,0.0010635072831064463,0
19968,0,0.13890458643436432,0
19969,1,0.9997212290763855,1
19970,1,0.763769268989563,1
19971,1,0.0952233076095581,0
19972,0,0.2880971133708954,0
19973,1,0.9986757636070251,1
19974,0,0.0012038350105285645,0
19975,0,8.091230120044202e-05,0
19976,0,0.029172753915190697,0
19977,1,0.9955905675888062,1
19978,1,0.8766108155250549,1
19979,0,0.0010117023484781384,0
19980,1,0.9969936609268188,1
19981,0,0.11312416940927505,0
19982,1,0.569441556930542,1
19983,1,0.9904918074607849,1
19984,0,0.0020462975371629,0
19985,0,3.995243605459109e-05,0
19986,1,0.9305140972137451,1
19987,1,0.958276629447937,1
19988,0,0.005189109593629837,0
19989,1,0.9990713596343994,1
19990,1,0.9996547698974609,1
19991,1,0.9994004964828491,1
19992,1,0.15341982245445251,0
19993,1,0.9968858361244202,1
19994,1,0.966596782207489,1
19995,0,0.0024133767001330853,0
19996,1,0.8796011805534363,1
19997,1,0.995297372341156,1
19998,0,0.007684618234634399,0
19999,0,0.0225457102060318,0
