test_index,label,probability_positive,prediction
0,1,0.9998902082443237,1
1,1,0.9978365302085876,1
2,1,0.82301926612854,1
3,0,1.5819471173017519e-06,0
4,1,0.9999829530715942,1
5,1,0.9998598098754883,1
6,0,0.0029262045864015818,0
7,1,0.9854728579521179,1
8,1,0.999976396560669,1
9,1,0.9925773739814758,1
10,1,0.8446581363677979,1
11,1,0.9999748468399048,1
12,1,0.9991470575332642,1
13,1,0.09184032678604126,0
14,0,0.07265730947256088,0
15,1,0.9337422847747803,1
16,1,0.9996329545974731,1
17,0,6.888218922540545e-05,0
18,1,0.9981853365898132,1
19,1,0.9175885319709778,1
20,1,0.9719682335853577,1
21,1,0.9996722936630249,1
22,1,0.9747359752655029,1
23,1,0.9999333620071411,1
24,1,0.9999974966049194,1
25,0,0.003894537454470992,0
26,1,0.9578676223754883,1
27,0,1.3750930520473048e-05,0
28,1,0.9999538660049438,1
29,1,0.9993224143981934,1
30,0,2.0636072804336436e-05,0
31,1,0.9997956156730652,1
32,1,0.9804516434669495,1
33,0,0.022109685465693474,0
34,0,0.0019366780761629343,0
35,0,1.0442972779856063e-06,0
36,0,1.1544630069693085e-06,0
37,0,0.00028504818328656256,0
38,0,0.020933181047439575,0
39,0,0.0011264054337516427,0
40,1,0.9588838219642639,1
41,0,0.00034618147765286267,0
42,1,0.9999634027481079,1
43,0,0.0017823533853515983,0
44,0,0.08812908083200455,0
45,0,0.0024068981874734163,0
46,0,0.02700856886804104,0
47,1,0.997467041015625,1
48,1,0.9999984502792358,1
49,0,0.052877746522426605,0
50,0,0.00721475575119257,0
51,1,0.9999998807907104,1
52,0,1.8400867702439427e-05,0
53,1,0.993301510810852,1
54,0,0.024665119126439095,0
55,0,7.849307621654589e-06,0
56,1,0.9996211528778076,1
57,0,0.002607276663184166,0
58,0,0.00015623615763615817,0
59,1,0.995975911617279,1
60,1,0.9996575117111206,1
61,0,0.9264211058616638,1
62,1,0.9961341619491577,1
63,1,0.999047577381134,1
64,0,1.370012978441082e-05,0
65,1,0.9992443323135376,1
66,0,0.0006571846315637231,0
67,1,0.9958894848823547,1
68,1,0.9994693398475647,1
69,1,0.9999035596847534,1
70,0,0.02081923559308052,0
71,0,0.6868384480476379,1
72,0,0.12777075171470642,0
73,1,0.9996997117996216,1
74,0,3.7541237816185458e-06,0
75,0,0.00020764674991369247,0
76,0,8.203127072192729e-05,0
77,0,0.0006554754800163209,0
78,0,0.8081526160240173,1
79,0,0.03752998635172844,0
80,1,0.6866212487220764,1
81,1,0.9849846363067627,1
82,1,0.9999934434890747,1
83,0,0.0007871253765188158,0
84,1,0.9981992840766907,1
85,0,0.0035650841891765594,0
86,0,0.002643513958901167,0
87,0,0.08182988315820694,0
88,0,0.18500246107578278,0
89,0,0.00010046613897429779,0
90,0,0.13677486777305603,0
91,0,0.0022029296960681677,0
92,0,4.5127662815502845e-06,0
93,1,0.9987731575965881,1
94,0,0.9557448625564575,1
95,0,0.04454454779624939,0
96,1,0.9999949932098389,1
97,0,0.07148267328739166,0
98,0,0.10691794008016586,0
99,1,0.9999992847442627,1
100,0,0.015039400197565556,0
101,0,0.03103029541671276,0
102,1,0.9999353885650635,1
103,0,0.44651392102241516,0
104,0,0.0659482404589653,0
105,1,0.9999997615814209,1
106,1,0.9997475743293762,1
107,0,0.004633091855794191,0
108,1,0.20796212553977966,0
109,1,0.9990409016609192,1
110,1,0.9999499320983887,1
111,1,0.9999927282333374,1
112,1,0.9537849426269531,1
113,0,0.01247013732790947,0
114,1,0.999638557434082,1
115,0,9.015302566695027e-06,0
116,1,0.9857365489006042,1
117,0,0.00022866403742227703,0
118,1,0.9994099140167236,1
119,0,0.1403380036354065,0
120,1,0.9999688863754272,1
121,0,6.401005521183833e-05,0
122,1,0.9999803304672241,1
123,1,0.9013596177101135,1
124,0,0.0008338899933733046,0
125,0,9.97347742668353e-05,0
126,1,0.4347996115684509,0
127,0,8.909038911042444e-07,0
128,1,0.9999030828475952,1
129,0,0.011238879524171352,0
130,0,0.8162538409233093,1
131,0,4.845669536734931e-05,0
132,0,0.005026941653341055,0
133,1,0.9967911839485168,1
134,0,4.450196502148174e-05,0
135,0,0.00012747647997457534,0
136,0,0.003489713417366147,0
137,0,0.0007162975380197167,0
138,1,0.00040649695438332856,0
139,0,0.0031381663866341114,0
140,1,0.9999887943267822,1
141,1,0.9999672174453735,1
142,1,0.9904040098190308,1
143,1,0.9999983310699463,1
144,1,0.9999713897705078,1
145,1,0.9976087808609009,1
146,1,0.9999336004257202,1
147,1,0.9325958490371704,1
148,0,0.433004766702652,0
149,1,0.9999986886978149,1
150,1,0.9996302127838135,1
151,0,0.10122153162956238,0
152,0,0.007135116960853338,0
153,1,0.9995539784431458,1
154,0,0.76021409034729,1
155,1,0.9999799728393555,1
156,0,7.620153337484226e-05,0
157,0,0.02216513641178608,0
158,1,0.9995915293693542,1
159,1,0.9587593078613281,1
160,1,0.9779295325279236,1
161,0,0.009954391978681087,0
162,0,0.14738717675209045,0
163,0,0.00017749803373590112,0
164,0,0.1379777044057846,0
165,0,0.09468728303909302,0
166,0,0.0003926555800717324,0
167,0,0.0007780385785736144,0
168,1,0.9885026216506958,1
169,1,0.9432194232940674,1
170,1,0.9986845850944519,1
171,1,0.9995100498199463,1
172,1,0.9994074106216431,1
173,1,0.9987844824790955,1
174,1,0.9996603727340698,1
175,0,0.0006238153437152505,0
176,0,0.20491808652877808,0
177,0,0.0001760429295245558,0
178,0,0.4319149851799011,0
179,1,0.9987469911575317,1
180,0,0.007633518427610397,0
181,1,0.9999842643737793,1
182,0,0.00014440547965932637,0
183,1,0.9996501207351685,1
184,1,0.9997938275337219,1
185,0,0.014757663011550903,0
186,0,2.2719146727467887e-05,0
187,0,0.00010297910193912685,0
188,1,0.9995375871658325,1
189,0,0.003650807309895754,0
190,0,0.039358727633953094,0
191,1,0.9902931451797485,1
192,1,0.8316821455955505,1
193,0,0.009308711625635624,0
194,0,0.00031745791784487665,0
195,1,0.9988079071044922,1
196,1,0.9975280165672302,1
197,0,0.03841907158493996,0
198,1,0.9999923706054688,1
199,0,0.46736711263656616,0
200,0,0.886520504951477,1
201,0,0.00039244844811037183,0
202,1,0.9999926090240479,1
203,1,0.9999972581863403,1
204,1,0.9999088048934937,1
205,0,0.008131401613354683,0
206,0,0.00013927517284173518,0
207,0,0.6538633704185486,1
208,1,0.973701536655426,1
209,0,0.04970584437251091,0
210,0,0.0024003167636692524,0
211,0,6.950533588678809e-06,0
212,0,0.027864748612046242,0
213,1,0.9982900023460388,1
214,0,0.484345942735672,0
215,1,0.9996975660324097,1
216,1,0.9996684789657593,1
217,1,0.9482557773590088,1
218,0,0.12121742963790894,0
219,1,0.9822011590003967,1
220,0,0.00019443605560809374,0
221,0,0.00017796221072785556,0
222,0,0.04335392266511917,0
223,1,0.996001660823822,1
224,1,0.9918598532676697,1
225,0,0.003962827380746603,0
226,1,0.5248450040817261,1
227,0,0.00014399242354556918,0
228,1,0.9999868869781494,1
229,0,0.0012454416137188673,0
230,1,0.9993288516998291,1
231,1,0.9719422459602356,1
232,1,0.9997864365577698,1
233,0,0.05198822543025017,0
234,0,0.00046826445031911135,0
235,1,0.9461022615432739,1
236,0,0.002830103738233447,0
237,1,0.9870498776435852,1
238,0,4.4021082430845127e-05,0
239,1,0.9825587272644043,1
240,1,0.9999226331710815,1
241,0,0.0004903401713818312,0
242,1,0.9990835189819336,1
243,0,0.024217959493398666,0
244,0,0.0004627118760254234,0
245,1,0.756219208240509,1
246,1,0.9999998807907104,1
247,0,2.3538241293863393e-06,0
248,0,0.00078749586828053,0
249,0,0.00822626892477274,0
250,0,0.00025596030172891915,0
251,1,0.9998471736907959,1
252,0,0.23416592180728912,0
253,0,0.9911692142486572,1
254,0,0.9679112434387207,1
255,0,0.9172603487968445,1
256,1,0.9935500621795654,1
257,1,0.9999003410339355,1
258,0,0.0002458373492117971,0
259,0,0.010177426971495152,0
260,1,1.0,1
261,0,0.019671939313411713,0
262,0,0.0073421006090939045,0
263,1,0.9902113080024719,1
264,0,5.440955192170804e-06,0
265,1,0.9303864240646362,1
266,1,0.8438054919242859,1
267,0,0.002953076036646962,0
268,1,0.9999243021011353,1
269,1,0.9999909400939941,1
270,0,0.13108886778354645,0
271,0,0.021913044154644012,0
272,1,0.9873332977294922,1
273,0,0.003994017373770475,0
274,0,0.9026964902877808,1
275,1,0.9966241121292114,1
276,1,0.9990749359130859,1
277,0,0.0021938455756753683,0
278,1,0.9641320109367371,1
279,0,0.0014695876743644476,0
280,0,0.00010138087964151055,0
281,1,0.9998788833618164,1
282,0,0.043434642255306244,0
283,0,1.2681453881668858e-05,0
284,0,0.7557935118675232,1
285,0,0.0013104939134791493,0
286,0,0.0001181891348096542,0
287,0,0.0005187181523069739,0
288,1,0.9960567951202393,1
289,1,0.9971686005592346,1
290,1,0.9993640780448914,1
291,0,4.216103093312995e-07,0
292,0,0.0007444435032084584,0
293,1,0.9991528987884521,1
294,0,0.009031875990331173,0
295,1,0.9999066591262817,1
296,0,5.624887126032263e-05,0
297,1,0.9999330043792725,1
298,1,0.9997979998588562,1
299,1,0.9998666048049927,1
300,0,0.002063640858978033,0
301,1,0.9998156428337097,1
302,1,0.9995682835578918,1
303,0,0.0013046016683802009,0
304,1,0.9991351962089539,1
305,0,0.00691507663577795,0
306,0,0.5629634261131287,1
307,0,0.013572882860898972,0
308,1,0.9999997615814209,1
309,1,0.999997615814209,1
310,1,0.9989000558853149,1
311,1,0.997646152973175,1
312,1,0.9981038570404053,1
313,1,0.9931857585906982,1
314,1,0.9792720675468445,1
315,1,0.785359799861908,1
316,0,0.0007900530472397804,0
317,0,0.00013279073755256832,0
318,0,0.27136045694351196,0
319,1,0.0724974125623703,0
320,1,0.9971617460250854,1
321,0,0.005755278281867504,0
322,1,0.9978153705596924,1
323,0,0.7312116622924805,1
324,0,0.008113161660730839,0
325,0,0.009458106011152267,0
326,0,6.398039113264531e-05,0
327,1,0.9999140501022339,1
328,1,0.9989270567893982,1
329,0,0.006717733573168516,0
330,0,0.08465737104415894,0
331,1,0.9965536594390869,1
332,1,0.8602438569068909,1
333,0,0.17365950345993042,0
334,1,0.9999997615814209,1
335,1,0.4126836061477661,0
336,1,0.9999996423721313,1
337,0,0.8391036987304688,1
338,1,0.9525191187858582,1
339,0,5.349750426830724e-05,0
340,0,0.1629781574010849,0
341,1,0.08839268237352371,0
342,0,0.005784593988209963,0
343,1,0.9295341372489929,1
344,0,0.14057151973247528,0
345,1,0.9933178424835205,1
346,0,0.004503071308135986,0
347,0,0.00012661260552704334,0
348,0,0.0007090247818268836,0
349,0,0.0043538096360862255,0
350,0,0.07184167951345444,0
351,0,1.0559499060036615e-05,0
352,0,0.006010254845023155,0
353,0,0.014408464543521404,0
354,0,5.253010385786183e-05,0
355,0,0.1699100285768509,0
356,0,3.508482768665999e-05,0
357,1,0.9999451637268066,1
358,0,2.4573084900225695e-08,0
359,1,0.9392508268356323,1
360,1,0.9703777432441711,1
361,1,0.9999995231628418,1
362,1,0.9999847412109375,1
363,0,0.05884326994419098,0
364,0,0.0012685117544606328,0
365,1,0.9999935626983643,1
366,0,0.00014474183262791485,0
367,1,0.999751627445221,1
368,0,8.324888653987728e-07,0
369,0,0.016174644231796265,0
370,0,2.41676843870664e-06,0
371,0,5.827793211210519e-05,0
372,0,0.0008770394488237798,0
373,1,0.9884144067764282,1
374,0,0.0002136600814992562,0
375,0,0.005918644834309816,0
376,1,0.9999988079071045,1
377,0,3.052318061236292e-05,0
378,1,0.9878074526786804,1
379,0,0.00020509447494987398,0
380,1,0.9999990463256836,1
381,0,9.192567085847259e-05,0
382,0,9.128272608904808e-07,0
383,0,0.2976415157318115,0
384,1,0.9997233748435974,1
385,0,1.4998592632764485e-05,0
386,1,0.9996999502182007,1
387,1,0.9998456239700317,1
388,0,0.11737188696861267,0
389,1,0.9748126864433289,1
390,1,0.999969482421875,1
391,0,0.0002488001773599535,0
392,1,0.9892289638519287,1
393,1,0.996549129486084,1
394,0,0.4595741033554077,0
395,0,2.9103168344590813e-05,0
396,1,0.9930826425552368,1
397,0,0.9241278767585754,1
398,1,0.9997445940971375,1
399,1,0.8532337546348572,1
400,0,0.7065179944038391,1
401,0,2.1945725166006014e-05,0
402,1,0.9999785423278809,1
403,0,0.5705004334449768,1
404,1,0.9949585795402527,1
405,0,0.05164758861064911,0
406,1,0.8103408813476562,1
407,1,0.990034282207489,1
408,1,0.9962008595466614,1
409,1,0.8776181936264038,1
410,1,0.7349144816398621,1
411,0,0.0031178067438304424,0
412,1,0.9957440495491028,1
413,0,0.0013361438177525997,0
414,0,0.00016012508422136307,0
415,1,0.9999699592590332,1
416,0,0.020763395354151726,0
417,0,1.1575947610253934e-05,0
418,0,0.017537057399749756,0
419,1,0.9998613595962524,1
420,0,0.8545242547988892,1
421,1,0.5169963240623474,1
422,1,0.9983457326889038,1
423,1,0.9508930444717407,1
424,1,0.9999411106109619,1
425,1,0.47812339663505554,0
426,0,2.725318609009264e-06,0
427,1,0.9931814074516296,1
428,0,4.28670603014325e-07,0
429,1,0.930473268032074,1
430,1,0.8033146262168884,1
431,0,3.930121965822764e-05,0
432,0,2.70626405836083e-05,0
433,0,0.2239643782377243,0
434,1,0.979682207107544,1
435,0,0.32038965821266174,0
436,0,0.00026660290313884616,0
437,0,9.352633060188964e-05,0
438,1,0.9995630383491516,1
439,0,0.0016708100447431207,0
440,1,0.9984586238861084,1
441,0,0.0030220053158700466,0
442,1,0.9344916343688965,1
443,1,0.35354119539260864,0
444,0,3.925043347408064e-05,0
445,1,0.9997658133506775,1
446,0,0.01732436753809452,0
447,0,0.3641182482242584,0
448,0,0.00029324140632525086,0
449,1,0.9996931552886963,1
450,1,0.9997153878211975,1
451,0,0.0001395506114931777,0
452,0,0.000516698113642633,0
453,0,0.0002638873702380806,0
454,0,0.8335983157157898,1
455,1,0.7085675001144409,1
456,1,0.9993313550949097,1
457,1,0.7264800071716309,1
458,0,0.0011609426001086831,0
459,0,0.013223587535321712,0
460,0,0.001032402622513473,0
461,0,1.0074795682157855e-05,0
462,0,0.6706438660621643,1
463,0,1.550386514281854e-05,0
464,0,0.0009297108044847846,0
465,1,0.9992902278900146,1
466,1,0.9963860511779785,1
467,0,0.05801457166671753,0
468,1,0.9997511506080627,1
469,1,0.9990620017051697,1
470,1,0.9976836442947388,1
471,1,0.9991627931594849,1
472,1,0.9588404893875122,1
473,1,0.9874591827392578,1
474,0,0.0041280812583863735,0
475,0,0.0012174706207588315,0
476,1,0.9999681711196899,1
477,1,0.9988987445831299,1
478,1,0.9996007084846497,1
479,0,0.12782102823257446,0
480,1,0.9970601201057434,1
481,0,1.0435901458549779e-05,0
482,1,0.9928889274597168,1
483,0,0.003403125097975135,0
484,1,0.9682664275169373,1
485,0,0.031041858717799187,0
486,1,0.9998722076416016,1
487,0,0.001640825648792088,0
488,1,0.9998186230659485,1
489,1,0.9991552829742432,1
490,1,0.9998800754547119,1
491,1,0.9999843835830688,1
492,1,0.8326778411865234,1
493,1,0.9982059001922607,1
494,1,0.030082181096076965,0
495,1,0.8275592923164368,1
496,1,0.8577924370765686,1
497,1,0.965205729007721,1
498,0,0.03604831174015999,0
499,1,0.999993085861206,1
500,1,0.9776197671890259,1
501,1,0.9963582158088684,1
502,1,0.9999986886978149,1
503,1,0.9958415627479553,1
504,0,0.008980215527117252,0
505,0,0.0009164250222966075,0
506,1,0.9992282390594482,1
507,0,0.1199997141957283,0
508,0,4.40749317931477e-05,0
509,1,0.9959010481834412,1
510,1,0.8231387734413147,1
511,1,0.9753590822219849,1
512,0,0.0008487108862027526,0
513,1,0.9841023087501526,1
514,0,0.020443307235836983,0
515,1,0.060458533465862274,0
516,0,0.0008760881028138101,0
517,0,9.262599633075297e-05,0
518,0,1.0138978723261971e-05,0
519,1,0.9996868371963501,1
520,0,0.027356820181012154,0
521,0,1.5516483472310938e-05,0
522,0,0.0070328619331121445,0
523,1,0.9961907863616943,1
524,1,0.6877203583717346,1
525,1,0.9999666213989258,1
526,0,0.06310062110424042,0
527,0,0.021903617307543755,0
528,1,0.9999997615814209,1
529,0,0.00030293528106994927,0
530,1,0.9942446351051331,1
531,0,4.82030691273394e-06,0
532,1,0.9999994039535522,1
533,0,0.015956822782754898,0
534,0,0.5656662583351135,1
535,0,4.3269739080642466e-07,0
536,1,0.9981460571289062,1
537,1,0.9999973773956299,1
538,1,0.9762077927589417,1
539,0,7.624245768056426e-07,0
540,1,0.999535083770752,1
541,0,4.48764803877566e-05,0
542,0,0.05535928159952164,0
543,1,0.9921684861183167,1
544,1,0.9999796152114868,1
545,0,0.0018385723233222961,0
546,0,0.00013757274427916855,0
547,1,0.9999828338623047,1
548,1,0.999251663684845,1
549,1,0.9959602952003479,1
550,0,0.00046354380901902914,0
551,0,0.006249516271054745,0
552,0,0.40954121947288513,0
553,1,0.9989790916442871,1
554,1,0.9930124878883362,1
555,0,0.003485222114250064,0
556,1,0.9939623475074768,1
557,0,0.8498090505599976,1
558,1,0.9972119927406311,1
559,0,0.4102765619754791,0
560,1,0.9998843669891357,1
561,1,0.9998779296875,1
562,0,0.000318620732286945,0
563,1,0.9999490976333618,1
564,0,0.004696154035627842,0
565,1,0.9980505704879761,1
566,0,0.0013522969093173742,0
567,0,0.00044590941979549825,0
568,0,0.011073621921241283,0
569,0,0.019277887418866158,0
570,0,2.5750800602963864e-08,0
571,0,4.7910183639032766e-05,0
572,0,0.0030307599809020758,0
573,0,0.0003935630084015429,0
574,1,0.9997089505195618,1
575,0,0.4339611530303955,0
576,1,0.9958401918411255,1
577,1,0.9999967813491821,1
578,0,0.016430968418717384,0
579,1,0.9999327659606934,1
580,0,0.02615349367260933,0
581,0,0.0010929842246696353,0
582,0,0.009771222248673439,0
583,1,0.8959642648696899,1
584,1,0.9998725652694702,1
585,1,0.9996218681335449,1
586,1,0.9269079566001892,1
587,0,0.03765442222356796,0
588,0,0.5489109754562378,1
589,0,4.649662059819093e-06,0
590,1,0.9941210150718689,1
591,1,0.16203410923480988,0
592,0,0.06312757730484009,0
593,0,0.0052780755795538425,0
594,1,0.9996172189712524,1
595,1,0.8735019564628601,1
596,1,0.9999997615814209,1
597,0,8.741147894397727e-07,0
598,1,0.9039324522018433,1
599,1,0.9999812841415405,1
600,0,0.04760115221142769,0
601,1,0.9998681545257568,1
602,0,0.0002715442387852818,0
603,0,3.739930616575293e-05,0
604,1,0.9999698400497437,1
605,1,0.9999656677246094,1
606,0,3.482216561678797e-05,0
607,1,0.9997400641441345,1
608,1,0.9999668598175049,1
609,1,0.99978107213974,1
610,0,0.25324901938438416,0
611,1,0.9999172687530518,1
612,0,0.0016676656669005752,0
613,0,3.145205710097798e-06,0
614,0,0.006092894356697798,0
615,1,0.06421078741550446,0
616,0,3.4527634852565825e-05,0
617,0,0.04677282273769379,0
618,0,0.0018298858776688576,0
619,1,0.9984982013702393,1
620,1,0.8566730618476868,1
621,1,0.9758322238922119,1
622,1,0.9999945163726807,1
623,1,0.9586586952209473,1
624,1,0.8255400657653809,1
625,1,0.9994288086891174,1
626,1,0.9999929666519165,1
627,0,0.02403123304247856,0
628,1,0.9761142730712891,1
629,1,0.9881865382194519,1
630,1,0.9999076128005981,1
631,0,0.20020388066768646,0
632,0,0.03913307562470436,0
633,0,0.1140047013759613,0
634,1,0.5994517207145691,1
635,0,0.01600007526576519,0
636,0,0.6444754004478455,1
637,1,0.99201500415802,1
638,1,0.9936157464981079,1
639,0,0.0006080866442061961,0
640,1,0.9984256029129028,1
641,1,0.9368075132369995,1
642,1,0.9894428253173828,1
643,1,0.9999954700469971,1
644,1,0.9966331124305725,1
645,0,0.4309805631637573,0
646,1,0.9999923706054688,1
647,1,0.9909091591835022,1
648,0,0.06939064711332321,0
649,0,0.009696193039417267,0
650,1,0.6695255637168884,1
651,0,0.03373945504426956,0
652,1,0.998380184173584,1
653,0,4.778472657562816e-07,0
654,1,0.9999934434890747,1
655,0,6.106216915213736e-06,0
656,0,0.16205443441867828,0
657,0,0.017964990809559822,0
658,1,0.9999986886978149,1
659,1,0.9885899424552917,1
660,0,2.993275984408683e-06,0
661,1,0.9997908473014832,1
662,1,0.884595513343811,1
663,1,0.9999829530715942,1
664,0,3.473464857961517e-06,0
665,0,0.3582391142845154,0
666,0,0.0073753041215240955,0
667,1,0.9998811483383179,1
668,0,0.009174189530313015,0
669,1,0.9821155071258545,1
670,1,0.9999088048934937,1
671,0,0.006129142362624407,0
672,1,0.9974684715270996,1
673,0,0.9687776565551758,1
674,1,0.9995844960212708,1
675,0,2.2658300622424576e-06,0
676,1,0.7668513059616089,1
677,1,0.8337532877922058,1
678,1,0.999643087387085,1
679,1,0.998798131942749,1
680,1,0.9998652935028076,1
681,1,0.9966437816619873,1
682,0,0.026269828900694847,0
683,0,0.00033025533775798976,0
684,0,0.0028001104947179556,0
685,0,0.0003464038309175521,0
686,1,0.9995373487472534,1
687,0,0.0041256919503211975,0
688,1,0.7762001752853394,1
689,0,0.0009823907166719437,0
690,1,0.999019980430603,1
691,1,0.9995230436325073,1
692,0,0.0001258302800124511,0
693,0,0.012562582269310951,0
694,1,0.9972742199897766,1
695,0,3.7310164202608576e-07,0
696,1,0.6959425210952759,1
697,0,0.06680196523666382,0
698,0,5.8989538956666365e-05,0
699,0,0.0007152388570830226,0
700,1,0.9976389408111572,1
701,1,0.992440938949585,1
702,1,0.9972449541091919,1
703,1,0.9805859923362732,1
704,1,0.6950281262397766,1
705,1,0.9286887049674988,1
706,0,0.00020361114002298564,0
707,1,0.9995436072349548,1
708,1,0.9564738869667053,1
709,0,7.632451161043718e-05,0
710,1,0.9991452693939209,1
711,0,0.005038213916122913,0
712,1,0.995172917842865,1
713,0,0.007177099119871855,0
714,0,0.04052248224616051,0
715,1,0.9999920129776001,1
716,0,0.014230663888156414,0
717,1,0.9227684140205383,1
718,1,0.9999992847442627,1
719,1,0.9530637860298157,1
720,1,0.739116907119751,1
721,0,0.7565788626670837,1
722,1,0.9999896287918091,1
723,1,0.9957560896873474,1
724,0,0.020098483189940453,0
725,1,0.9558987617492676,1
726,0,0.0045326403342187405,0
727,1,0.9874386191368103,1
728,1,0.7755128741264343,1
729,1,0.9987917542457581,1
730,1,0.968280017375946,1
731,0,0.00010945816029561684,0
732,0,1.303056218482368e-09,0
733,1,0.9999970197677612,1
734,1,0.9998915195465088,1
735,0,0.80757737159729,1
736,0,2.1663925508619286e-05,0
737,1,0.7445098161697388,1
738,0,0.11171109974384308,0
739,1,0.8547962307929993,1
740,1,0.999994158744812,1
741,0,0.01501968502998352,0
742,1,0.4986800253391266,0
743,1,0.9996058344841003,1
744,1,0.9991788268089294,1
745,1,0.9999867677688599,1
746,1,0.751564085483551,1
747,1,0.10946784913539886,0
748,0,0.0703127309679985,0
749,0,0.008692175149917603,0
750,1,0.9596246480941772,1
751,0,0.1121746301651001,0
752,0,0.07640279084444046,0
753,0,0.07329127937555313,0
754,1,0.9588221907615662,1
755,0,0.00017161277355626225,0
756,0,0.00032160422415472567,0
757,0,0.35284924507141113,0
758,1,0.9693748950958252,1
759,1,0.9936947226524353,1
760,1,0.9952055215835571,1
761,0,2.8854999982286245e-05,0
762,0,0.007918824441730976,0
763,0,0.001119335531257093,0
764,0,0.0014955485239624977,0
765,0,5.387960118241608e-05,0
766,1,0.9991335272789001,1
767,1,0.9998539686203003,1
768,0,1.1011756839707232e-07,0
769,0,0.20474275946617126,0
770,0,0.0008524321601726115,0
771,0,0.0019790083169937134,0
772,0,0.0007238979451358318,0
773,1,0.5769553780555725,1
774,1,0.01523344125598669,0
775,0,0.1681510955095291,0
776,1,0.9750677347183228,1
777,1,0.9999102354049683,1
778,0,2.0239973309799097e-05,0
779,1,0.9807029962539673,1
780,0,0.27061963081359863,0
781,0,0.00010100388317368925,0
782,1,0.9640355110168457,1
783,1,0.9998652935028076,1
784,0,0.005115143489092588,0
785,1,0.6045312285423279,1
786,1,0.992384135723114,1
787,0,7.255198397615459e-06,0
788,1,0.9999814033508301,1
789,0,7.421747341140872e-06,0
790,1,0.9998179078102112,1
791,0,6.261486305447761e-06,0
792,0,0.00037445721682161093,0
793,0,0.0036063112784177065,0
794,0,0.004737000446766615,0
795,0,0.0034311297349631786,0
796,0,0.0001149449817603454,0
797,0,0.0007393136038444936,0
798,0,0.0004297718114685267,0
799,0,0.03152942657470703,0
800,0,4.612831980921328e-05,0
801,0,0.07238475978374481,0
802,1,0.9998805522918701,1
803,0,0.0002663701889105141,0
804,0,6.653258424194064e-07,0
805,1,0.957902193069458,1
806,0,0.0023909984156489372,0
807,1,0.9988206028938293,1
808,0,6.860085250082193e-06,0
809,0,0.01761123538017273,0
810,0,0.012040493078529835,0
811,0,0.00011267504305578768,0
812,0,0.008591258898377419,0
813,1,0.9998968839645386,1
814,0,0.014382215216755867,0
815,1,0.9999997615814209,1
816,1,0.9997987151145935,1
817,1,0.9984101057052612,1
818,0,0.0647992193698883,0
819,1,0.9999955892562866,1
820,1,0.9992786049842834,1
821,0,5.971223072265275e-05,0
822,0,0.00041830792906694114,0
823,0,0.09667707234621048,0
824,0,0.09031365811824799,0
825,1,0.9795569181442261,1
826,1,0.8632909059524536,1
827,1,0.9999698400497437,1
828,0,0.004622241947799921,0
829,0,0.12384853512048721,0
830,1,0.9787315130233765,1
831,1,0.9993523955345154,1
832,1,0.9628807306289673,1
833,1,0.9999046325683594,1
834,0,0.0045251487754285336,0
835,1,0.9994341731071472,1
836,0,0.9882485866546631,1
837,0,0.00014227291103452444,0
838,1,0.9999867677688599,1
839,0,0.005121578462421894,0
840,1,0.9998118281364441,1
841,0,0.746908962726593,1
842,0,0.0005402713431976736,0
843,0,0.004615660756826401,0
844,1,0.15428239107131958,0
845,1,0.9995323419570923,1
846,0,0.011055761948227882,0
847,0,0.1610783189535141,0
848,1,0.9999905824661255,1
849,0,0.00016932756989262998,0
850,0,4.841235750063788e-06,0
851,1,0.9953976273536682,1
852,0,0.0001335866400040686,0
853,0,0.00012079203588655218,0
854,1,0.2586941719055176,0
855,1,0.5084351897239685,1
856,0,7.653528882656246e-05,0
857,1,0.9999978542327881,1
858,0,0.0024612820707261562,0
859,1,0.907489538192749,1
860,0,3.08216804114636e-05,0
861,0,0.0009644855745136738,0
862,1,0.9990605711936951,1
863,0,0.7746233940124512,1
864,0,4.7083940444281325e-05,0
865,1,0.9973520040512085,1
866,1,0.9999877214431763,1
867,0,0.0021530985832214355,0
868,1,0.9999967813491821,1
869,0,0.001526579144410789,0
870,0,0.00011353712034178898,0
871,1,0.9942465424537659,1
872,0,0.000298815022688359,0
873,0,0.025665251538157463,0
874,0,0.0685969665646553,0
875,0,0.007026281673461199,0
876,1,0.9500342607498169,1
877,1,0.9999983310699463,1
878,1,0.9745991826057434,1
879,0,0.003061169059947133,0
880,0,0.6115427613258362,1
881,0,0.07022515684366226,0
882,0,0.006174786016345024,0
883,1,0.9999794960021973,1
884,0,0.027638239786028862,0
885,1,0.2510603070259094,0
886,1,0.9354545474052429,1
887,1,0.9580363035202026,1
888,0,0.0009808508912101388,0
889,1,0.9995206594467163,1
890,1,0.9938122034072876,1
891,0,0.01590968295931816,0
892,1,0.9999948740005493,1
893,0,0.00013378015137277544,0
894,0,0.00010223549179499969,0
895,0,0.0668453723192215,0
896,0,0.6206807494163513,1
897,0,0.0029485211707651615,0
898,0,0.016573986038565636,0
899,1,0.997138261795044,1
900,0,0.9139342904090881,1
901,1,0.9986477494239807,1
902,1,1.0,1
903,0,0.0005158062558621168,0
904,0,1.9843018890242092e-06,0
905,0,0.0010193197522312403,0
906,1,0.999384880065918,1
907,0,0.00012950159725733101,0
908,1,0.9999033212661743,1
909,0,0.003407672280445695,0
910,0,0.0001818793243728578,0
911,1,0.8834012746810913,1
912,0,3.916996949016038e-09,0
913,0,0.30210623145103455,0
914,1,0.13235612213611603,0
915,1,0.9998670816421509,1
916,1,0.9522889852523804,1
917,1,0.9981334805488586,1
918,1,0.9999525547027588,1
919,0,3.351621489855461e-05,0
920,1,0.273517906665802,0
921,1,0.9970851540565491,1
922,0,0.00739635992795229,0
923,1,0.9991936087608337,1
924,0,0.004840553738176823,0
925,1,0.9847285151481628,1
926,1,0.9998125433921814,1
927,0,0.5021740198135376,1
928,1,0.9983854293823242,1
929,1,0.9997817873954773,1
930,1,0.9938923120498657,1
931,0,0.01993464305996895,0
932,1,0.981910765171051,1
933,0,0.8633061051368713,1
934,1,0.9999958276748657,1
935,0,0.06343649327754974,0
936,1,0.9999969005584717,1
937,0,0.3487343490123749,0
938,1,0.9999626874923706,1
939,0,0.02138585038483143,0
940,0,0.5010551810264587,1
941,0,0.7599966526031494,1
942,0,0.004489677958190441,0
943,0,0.629926860332489,1
944,1,0.998120129108429,1
945,1,0.9998021721839905,1
946,0,0.003436499973759055,0
947,1,0.9897191524505615,1
948,0,0.017099641263484955,0
949,0,0.0012629036791622639,0
950,0,0.0022235624492168427,0
951,1,0.9944556355476379,1
952,0,0.003545632353052497,0
953,1,0.7161484956741333,1
954,1,0.5098733901977539,1
955,0,0.0022329457569867373,0
956,0,0.0463532917201519,0
957,0,0.004260172136127949,0
958,1,0.9950560331344604,1
959,1,0.9998897314071655,1
960,0,0.9798139929771423,1
961,1,0.9997374415397644,1
962,0,2.235724423371721e-05,0
963,0,0.01118459366261959,0
964,0,0.005942865740507841,0
965,0,0.00016322749434038997,0
966,0,4.1862367652356625e-05,0
967,1,0.9999903440475464,1
968,1,0.9978863596916199,1
969,0,0.29775527119636536,0
970,1,0.9347414374351501,1
971,0,7.775223639328033e-05,0
972,1,0.9998464584350586,1
973,1,0.9999861717224121,1
974,1,0.9998254179954529,1
975,1,0.9999688863754272,1
976,1,0.9999973773956299,1
977,1,0.9057101607322693,1
978,1,0.9999983310699463,1
979,0,3.396458487259224e-05,0
980,1,0.9999977350234985,1
981,1,0.7804263830184937,1
982,1,0.9958380460739136,1
983,1,0.6250942349433899,1
984,0,0.002207586308941245,0
985,1,0.9999973773956299,1
986,1,0.9999966621398926,1
987,1,0.7842658758163452,1
988,1,0.9998661279678345,1
989,0,0.9979872703552246,1
990,1,0.9999963045120239,1
991,0,0.03751467168331146,0
992,0,0.039840590208768845,0
993,1,0.9928826093673706,1
994,1,0.980573832988739,1
995,1,0.9999902248382568,1
996,1,0.9996292591094971,1
997,1,0.784731388092041,1
998,0,0.19953110814094543,0
999,0,0.0014762557111680508,0
1000,1,0.9999867677688599,1
1001,1,0.9951435327529907,1
1002,0,0.0004870962293352932,0
1003,0,0.00916095357388258,0
1004,0,0.26572394371032715,0
1005,1,0.8675676584243774,1
1006,1,0.9982335567474365,1
1007,0,0.6611673831939697,1
1008,1,0.9999610185623169,1
1009,0,0.014494619332253933,0
1010,0,7.284048137989885e-07,0
1011,0,0.0015275714686140418,0
1012,1,0.7062591314315796,1
1013,0,0.3227789103984833,0
1014,1,0.993934690952301,1
1015,0,0.7860087752342224,1
1016,0,0.0012723446125164628,0
1017,1,0.995429277420044,1
1018,0,0.001972959842532873,0
1019,1,0.5757107138633728,1
1020,0,0.0006300713866949081,0
1021,0,0.0017224474577233195,0
1022,0,0.03739207983016968,0
1023,0,0.048383262008428574,0
1024,1,0.9999791383743286,1
1025,0,0.0017233332619071007,0
1026,0,0.00391200790181756,0
1027,1,0.9994248151779175,1
1028,1,0.9985937476158142,1
1029,1,0.9989405274391174,1
1030,1,0.9999566078186035,1
1031,1,0.9991849064826965,1
1032,1,0.19301840662956238,0
1033,0,0.00015665189130231738,0
1034,1,0.999998927116394,1
1035,1,0.9998639822006226,1
1036,1,0.8476874232292175,1
1037,1,0.9993452429771423,1
1038,0,0.021649347618222237,0
1039,1,0.9931634664535522,1
1040,0,0.009808709844946861,0
1041,1,0.9998190999031067,1
1042,0,0.6848374605178833,1
1043,1,0.9772865772247314,1
1044,1,0.9999996423721313,1
1045,1,0.986135721206665,1
1046,0,0.08221729099750519,0
1047,1,0.9988319277763367,1
1048,1,0.9995627999305725,1
1049,1,0.9999762773513794,1
1050,1,0.9997486472129822,1
1051,0,0.00019453487766440958,0
1052,0,0.07484089583158493,0
1053,0,0.02626877836883068,0
1054,1,0.9978779554367065,1
1055,1,0.9642028212547302,1
1056,1,0.9999170303344727,1
1057,1,0.7526385188102722,1
1058,1,0.3382575809955597,0
1059,0,0.0008750286651775241,0
1060,0,0.005576751194894314,0
1061,1,0.9983854293823242,1
1062,1,0.9963963627815247,1
1063,0,0.00029453926254063845,0
1064,1,0.0012830683263018727,0
1065,0,0.5354150533676147,1
1066,0,0.029177406802773476,0
1067,0,0.3391859531402588,0
1068,0,9.86825762083754e-06,0
1069,1,0.999529242515564,1
1070,1,0.8046440482139587,1
1071,1,0.3013206720352173,0
1072,1,0.9999997615814209,1
1073,0,0.0005706254160031676,0
1074,0,0.026324834674596786,0
1075,1,0.8979042172431946,1
1076,0,0.0010902959620580077,0
1077,0,0.004346581641584635,0
1078,1,0.24055999517440796,0
1079,0,3.839231430902146e-05,0
1080,1,0.9696974158287048,1
1081,1,0.8939542174339294,1
1082,0,2.3795769266143907e-06,0
1083,0,0.19070567190647125,0
1084,0,0.7517994046211243,1
1085,0,0.00040399018325842917,0
1086,1,0.9999140501022339,1
1087,0,0.025317003950476646,0
1088,0,0.008489665575325489,0
1089,1,0.9992214441299438,1
1090,1,0.982288122177124,1
1091,0,0.00031111849239096045,0
1092,1,0.9999804496765137,1
1093,0,0.05400686338543892,0
1094,0,0.3288170397281647,0
1095,1,0.16241122782230377,0
1096,0,1.5773819541209377e-05,0
1097,1,0.9999749660491943,1
1098,0,0.004959542769938707,0
1099,1,0.9999929666519165,1
1100,0,0.0005624930490739644,0
1101,1,0.99979168176651,1
1102,1,0.729256808757782,1
1103,1,0.8171074986457825,1
1104,1,0.9911279678344727,1
1105,0,0.8247938752174377,1
1106,1,0.9999998807907104,1
1107,1,0.9999915361404419,1
1108,0,0.0018729468574747443,0
1109,1,0.9992733597755432,1
1110,1,0.9613110423088074,1
1111,0,0.026257775723934174,0
1112,1,0.9999688863754272,1
1113,1,0.9999997615814209,1
1114,0,0.0008982405997812748,0
1115,0,0.00017147112521342933,0
1116,0,0.0027524055913090706,0
1117,0,0.021626584231853485,0
1118,0,0.18502111732959747,0
1119,0,0.030631545931100845,0
1120,0,0.0003574816510081291,0
1121,0,6.45184528025311e-08,0
1122,1,0.9566971659660339,1
1123,1,0.9576579928398132,1
1124,1,0.9657816886901855,1
1125,0,0.00012991631228942424,0
1126,1,0.8719193339347839,1
1127,0,0.9074358344078064,1
1128,1,0.9996128678321838,1
1129,0,5.95114215684589e-06,0
1130,1,0.9993127584457397,1
1131,0,0.00018216829630546272,0
1132,1,0.9999985694885254,1
1133,1,0.9613651633262634,1
1134,0,0.5472270250320435,1
1135,0,0.011228286661207676,0
1136,0,7.916483446024358e-05,0
1137,0,0.0007447496172972023,0
1138,0,1.0725170795922168e-05,0
1139,0,7.878257019910961e-05,0
1140,0,1.0516220072531723e-06,0
1141,0,0.8256816864013672,1
1142,1,0.9984728693962097,1
1143,0,0.0010829297825694084,0
1144,1,0.9904608130455017,1
1145,1,0.9853411316871643,1
1146,0,0.010075179859995842,0
1147,1,0.9888351559638977,1
1148,0,0.0008837832720018923,0
1149,0,0.0648292824625969,0
1150,0,0.000969014479778707,0
1151,0,0.00515618035569787,0
1152,1,0.34955736994743347,0
1153,1,0.9997767806053162,1
1154,0,0.00025589150027371943,0
1155,0,0.0879639983177185,0
1156,1,0.9972438812255859,1
1157,0,0.00014954665675759315,0
1158,1,0.9999998807907104,1
1159,0,0.08140797913074493,0
1160,1,0.9185641407966614,1
1161,0,0.003156395396217704,0
1162,0,0.0026905073318630457,0
1163,1,0.9944345355033875,1
1164,1,0.9139469265937805,1
1165,0,0.01011718437075615,0
1166,1,0.9999861717224121,1
1167,0,1.0408479283796623e-05,0
1168,0,0.00017144839512184262,0
1169,0,3.4159933420596644e-05,0
1170,1,0.7651703357696533,1
1171,1,0.9740040302276611,1
1172,1,0.990349292755127,1
1173,0,0.5768678188323975,1
1174,0,8.067738235695288e-05,0
1175,1,0.9998499155044556,1
1176,1,0.9999949932098389,1
1177,1,0.9054955840110779,1
1178,1,0.9969871640205383,1
1179,1,0.9998666048049927,1
1180,0,0.012317574582993984,0
1181,0,0.20917418599128723,0
1182,0,5.1585706387413666e-05,0
1183,0,1.9156402686348883e-06,0
1184,0,0.053533319383859634,0
1185,0,0.07284629344940186,0
1186,0,6.665820546913892e-05,0
1187,1,0.5193211436271667,1
1188,1,0.6048142313957214,1
1189,0,1.136215928454476e-06,0
1190,1,0.9995930790901184,1
1191,1,0.99534010887146,1
1192,1,0.9999984502792358,1
1193,1,0.9998677968978882,1
1194,1,0.999988317489624,1
1195,0,0.0002011976612266153,0
1196,0,1.327665177086601e-05,0
1197,1,0.9392772316932678,1
1198,0,0.6018268465995789,1
1199,0,0.00010732193186413497,0
1200,1,0.9993459582328796,1
1201,0,2.1396512238425203e-05,0
1202,0,4.701260331785306e-05,0
1203,1,0.8772233724594116,1
1204,0,0.002250769641250372,0
1205,1,0.9858156442642212,1
1206,0,0.10559430718421936,0
1207,1,0.9999734163284302,1
1208,0,0.002011928940191865,0
1209,0,0.0063223280012607574,0
1210,0,0.02976299077272415,0
1211,0,0.9767611026763916,1
1212,0,4.51216374131036e-06,0
1213,0,1.882222932181321e-05,0
1214,0,0.009660554118454456,0
1215,1,0.9998561143875122,1
1216,0,0.3602362871170044,0
1217,0,0.00035424192901700735,0
1218,1,0.014577604830265045,0
1219,1,0.9999586343765259,1
1220,0,0.0005056507652625442,0
1221,0,6.816106906626374e-05,0
1222,1,0.9998610019683838,1
1223,0,0.00013803422916680574,0
1224,0,0.007325510028749704,0
1225,0,0.003769027069211006,0
1226,1,0.9986336827278137,1
1227,0,0.00023937008518259972,0
1228,0,0.41892707347869873,0
1229,1,0.9999986886978149,1
1230,1,0.7252005934715271,1
1231,0,0.1007150411605835,0
1232,0,0.016729095950722694,0
1233,1,0.9895332455635071,1
1234,0,0.11655132472515106,0
1235,0,1.1298404388071503e-05,0
1236,0,0.996319055557251,1
1237,1,0.9994280934333801,1
1238,1,0.998649537563324,1
1239,1,0.9941580295562744,1
1240,1,0.9999485015869141,1
1241,1,0.999992847442627,1
1242,0,0.000998895731754601,0
1243,0,4.773834007210098e-05,0
1244,1,0.9975517392158508,1
1245,1,0.9966310858726501,1
1246,1,0.9996360540390015,1
1247,1,0.9967646598815918,1
1248,0,0.016594087705016136,0
1249,1,0.9999635219573975,1
1250,1,0.9943094253540039,1
1251,1,0.9998915195465088,1
1252,0,0.01602666638791561,0
1253,1,0.9988553524017334,1
1254,1,0.9999904632568359,1
1255,1,0.9961406588554382,1
1256,1,0.9991005659103394,1
1257,1,0.9911013841629028,1
1258,1,0.9934934973716736,1
1259,1,0.9996789693832397,1
1260,1,0.053377579897642136,0
1261,1,0.9997513890266418,1
1262,1,0.9999479055404663,1
1263,0,0.0011611493537202477,0
1264,0,0.0016108173877000809,0
1265,0,0.000589988543651998,0
1266,0,9.356318173558975e-07,0
1267,0,0.0004326995403971523,0
1268,0,0.001640218892134726,0
1269,0,0.008095433935523033,0
1270,1,0.978760838508606,1
1271,1,0.010597133077681065,0
1272,0,0.0014039089437574148,0
1273,1,0.9955548644065857,1
1274,0,0.04663927108049393,0
1275,1,0.9989700317382812,1
1276,0,0.002520569134503603,0
1277,1,0.9534045457839966,1
1278,0,0.0943247377872467,0
1279,1,0.31032148003578186,0
1280,0,0.00016981603403110057,0
1281,1,0.978694498538971,1
1282,0,0.00047395459841936827,0
1283,0,1.1185877156094648e-05,0
1284,1,0.9480382204055786,1
1285,0,0.7444931864738464,1
1286,0,0.1152925193309784,0
1287,0,0.00010867875244002789,0
1288,0,3.6704204831039533e-06,0
1289,1,0.9988847374916077,1
1290,0,0.005564199294894934,0
1291,0,0.08220446854829788,0
1292,1,0.9999347925186157,1
1293,1,0.9999794960021973,1
1294,0,4.374023774289526e-06,0
1295,0,0.0022482341155409813,0
1296,0,2.3114862415241078e-05,0
1297,1,0.9999911785125732,1
1298,1,0.9997534155845642,1
1299,1,0.9968528151512146,1
1300,1,0.9046569466590881,1
1301,1,0.9999967813491821,1
1302,1,0.9748495817184448,1
1303,1,0.9487276077270508,1
1304,1,0.9996516704559326,1
1305,1,0.9999295473098755,1
1306,0,9.487218630965799e-05,0
1307,0,0.0005805065738968551,0
1308,0,0.022304922342300415,0
1309,1,0.9999783039093018,1
1310,0,0.05463416129350662,0
1311,0,0.005294428206980228,0
1312,1,0.9467955827713013,1
1313,0,0.001818220131099224,0
1314,0,0.0024825292639434338,0
1315,1,0.9999985694885254,1
1316,1,0.9998531341552734,1
1317,0,1.7011099771480076e-05,0
1318,0,9.14719930733554e-06,0
1319,0,7.582872785860673e-05,0
1320,1,0.9349579215049744,1
1321,0,0.007903453893959522,0
1322,1,0.987647294998169,1
1323,1,0.7361324429512024,1
1324,0,0.00011572087532840669,0
1325,1,0.999909520149231,1
1326,1,0.3660830855369568,0
1327,0,0.14820793271064758,0
1328,0,0.2715533971786499,0
1329,1,0.9997795224189758,1
1330,1,0.9998869895935059,1
1331,1,0.9965803027153015,1
1332,1,0.9984850287437439,1
1333,0,0.013022838160395622,0
1334,0,1.7701106571621494e-06,0
1335,0,0.9962792992591858,1
1336,1,0.9999990463256836,1
1337,1,0.8243372440338135,1
1338,0,0.03249435871839523,0
1339,0,0.007215073797851801,0
1340,1,0.6619918346405029,1
1341,0,0.00022093072766438127,0
1342,1,0.9988800883293152,1
1343,1,0.9958010315895081,1
1344,1,0.9999743700027466,1
1345,0,0.00021530530648306012,0
1346,0,4.987774445908144e-05,0
1347,0,0.0001315873523708433,0
1348,1,0.9894096851348877,1
1349,1,0.9992818236351013,1
1350,0,0.988757312297821,1
1351,1,0.9999903440475464,1
1352,0,0.0027488635387271643,0
1353,0,0.47645366191864014,0
1354,0,0.004171977285295725,0
1355,1,0.9998078942298889,1
1356,0,0.20344233512878418,0
1357,0,0.0005028488812968135,0
1358,1,0.9861313104629517,1
1359,1,0.9985576272010803,1
1360,1,0.9978169202804565,1
1361,1,0.9980777502059937,1
1362,0,0.003029090352356434,0
1363,0,0.417050302028656,0
1364,0,0.006644089240580797,0
1365,0,0.02551407180726528,0
1366,0,0.05639702454209328,0
1367,0,6.8903509600204416e-06,0
1368,1,0.999472439289093,1
1369,0,0.1541898250579834,0
1370,1,0.9996428489685059,1
1371,1,0.8773002624511719,1
1372,0,0.0001947431155713275,0
1373,0,0.006003197282552719,0
1374,0,0.02193230204284191,0
1375,0,0.0004017254977952689,0
1376,0,5.297803727444261e-05,0
1377,1,0.9999966621398926,1
1378,1,0.9999282360076904,1
1379,0,0.08263900130987167,0
1380,1,0.9989070892333984,1
1381,1,0.9404541850090027,1
1382,0,3.6960187571821734e-05,0
1383,0,6.499573373730527e-06,0
1384,1,1.0,1
1385,0,2.9009370337007567e-05,0
1386,1,0.9773484468460083,1
1387,0,0.276100754737854,0
1388,0,0.005526077002286911,0
1389,0,0.00014655588893219829,0
1390,0,1.3887542081647553e-05,0
1391,1,0.9474579691886902,1
1392,0,6.298907101154327e-05,0
1393,1,0.9998936653137207,1
1394,0,0.006831062026321888,0
1395,1,0.9933915138244629,1
1396,1,0.9999369382858276,1
1397,1,0.9998345375061035,1
1398,1,0.9995255470275879,1
1399,1,0.9969872832298279,1
1400,1,0.9999337196350098,1
1401,1,0.976260244846344,1
1402,1,0.9735374450683594,1
1403,0,0.008461182937026024,0
1404,1,0.9997045397758484,1
1405,0,0.00012544692435767502,0
1406,1,0.9984524250030518,1
1407,0,1.0464124898135196e-05,0
1408,0,0.000343062449246645,0
1409,1,0.9957992434501648,1
1410,1,0.9999593496322632,1
1411,0,0.024480406194925308,0
1412,1,0.9999629259109497,1
1413,0,0.007689794059842825,0
1414,0,0.002804726595059037,0
1415,1,0.6010394096374512,1
1416,1,0.9916650652885437,1
1417,1,0.9999885559082031,1
1418,0,0.00012195995077490807,0
1419,0,0.007139083929359913,0
1420,1,0.7265622019767761,1
1421,1,0.999863862991333,1
1422,0,5.608884293906158e-06,0
1423,0,0.2872774004936218,0
1424,1,0.9960615038871765,1
1425,0,0.002836753847077489,0
1426,1,0.9999538660049438,1
1427,0,0.03997734561562538,0
1428,0,0.00023487544967792928,0
1429,1,0.10809193551540375,0
1430,0,0.001139414613135159,0
1431,0,0.18103168904781342,0
1432,0,0.0006588242831639946,0
1433,0,0.00037361981230787933,0
1434,0,1.0312620588592836e-06,0
1435,1,0.9996845722198486,1
1436,1,0.994195818901062,1
1437,1,0.9991509914398193,1
1438,0,0.05817744880914688,0
1439,1,0.9993226528167725,1
1440,0,0.7670102715492249,1
1441,0,0.0009524761699140072,0
1442,1,0.9624634385108948,1
1443,0,3.304312122054398e-05,0
1444,1,0.9996102452278137,1
1445,1,0.9993405938148499,1
1446,0,0.01021687313914299,0
1447,0,5.003190381103195e-05,0
1448,1,0.9929474592208862,1
1449,0,0.00032249337527900934,0
1450,1,0.9998749494552612,1
1451,1,0.9557015299797058,1
1452,0,0.0026028486900031567,0
1453,1,0.9942597150802612,1
1454,0,4.13630596085568e-06,0
1455,0,5.302605131873861e-05,0
1456,0,0.01751103438436985,0
1457,0,0.33195361495018005,0
1458,0,8.329730189871043e-05,0
1459,0,0.09652471542358398,0
1460,1,0.9939416646957397,1
1461,0,0.0011017723008990288,0
1462,1,0.9289615154266357,1
1463,1,0.9999306201934814,1
1464,1,0.9999971389770508,1
1465,0,0.9617308378219604,1
1466,0,0.0005853259935975075,0
1467,0,1.451872867619386e-05,0
1468,0,0.01364915631711483,0
1469,0,2.3508591766585596e-05,0
1470,1,0.993854284286499,1
1471,0,0.002405539620667696,0
1472,1,0.9553378820419312,1
1473,0,0.017274027690291405,0
1474,0,0.17832393944263458,0
1475,1,0.9597874879837036,1
1476,1,0.904496967792511,1
1477,0,0.35281968116760254,0
1478,0,0.6745768785476685,1
1479,0,0.02144906297326088,0
1480,0,0.000498246809002012,0
1481,0,0.9591002464294434,1
1482,1,0.9999929666519165,1
1483,0,0.0001834832364693284,0
1484,1,0.999665379524231,1
1485,0,0.02215397357940674,0
1486,0,0.01720256730914116,0
1487,0,0.00014678329171147197,0
1488,1,0.9996942281723022,1
1489,1,0.9999692440032959,1
1490,1,0.9735292196273804,1
1491,1,0.9968782663345337,1
1492,0,0.8665559887886047,1
1493,0,0.015505809336900711,0
1494,0,0.00010879301407840103,0
1495,1,0.9527162909507751,1
1496,1,0.9989840388298035,1
1497,0,0.0002371054724790156,0
1498,1,0.9996335506439209,1
1499,1,0.999869704246521,1
1500,0,0.1697477251291275,0
1501,1,0.9995869994163513,1
1502,1,0.999997615814209,1
1503,1,0.9998303651809692,1
1504,1,0.9999974966049194,1
1505,0,0.024594027549028397,0
1506,0,8.617384992248844e-06,0
1507,0,0.009096923284232616,0
1508,0,0.0011260582832619548,0
1509,0,0.0020417198538780212,0
1510,0,0.14008311927318573,0
1511,1,0.999990701675415,1
1512,0,0.09269918501377106,0
1513,0,0.053151000291109085,0
1514,1,0.999749481678009,1
1515,0,0.0043146079406142235,0
1516,1,0.9982215762138367,1
1517,1,0.9882171750068665,1
1518,0,1.2162353414169047e-05,0
1519,1,0.999990701675415,1
1520,1,0.9999994039535522,1
1521,0,0.014097293838858604,0
1522,1,0.985880434513092,1
1523,1,0.9647150039672852,1
1524,1,0.9913318157196045,1
1525,0,3.1296826819016133e-06,0
1526,1,0.006802758667618036,0
1527,0,7.135992200346664e-05,0
1528,1,0.9980395436286926,1
1529,0,0.0003161739441566169,0
1530,1,0.9930899739265442,1
1531,1,0.9998506307601929,1
1532,1,0.9999823570251465,1
1533,0,0.15062643587589264,0
1534,1,0.8730498552322388,1
1535,0,0.0006030572694726288,0
1536,0,0.0034912272822111845,0
1537,1,0.15830259025096893,0
1538,0,1.7225636383955134e-06,0
1539,0,0.001957216300070286,0
1540,1,0.9707891941070557,1
1541,1,0.9995747208595276,1
1542,0,0.690517008304596,1
1543,1,0.999610960483551,1
1544,1,0.9999967813491821,1
1545,1,0.8315117955207825,1
1546,0,5.3652769565815106e-05,0
1547,0,0.001638860790990293,0
1548,1,0.09064725041389465,0
1549,0,0.00037151610013097525,0
1550,1,0.998777449131012,1
1551,0,0.028486810624599457,0
1552,1,0.8429946899414062,1
1553,0,0.0011937664821743965,0
1554,1,0.9999667406082153,1
1555,1,0.9997580647468567,1
1556,0,0.001308830687776208,0
1557,0,0.0176018588244915,0
1558,0,0.0004191809275653213,0
1559,0,9.654740097175818e-06,0
1560,1,0.7155818939208984,1
1561,0,0.04714491218328476,0
1562,1,0.585742712020874,1
1563,1,0.9867414832115173,1
1564,0,0.00032499895314686,0
1565,1,0.9996699094772339,1
1566,1,0.9998119473457336,1
1567,1,0.9936770796775818,1
1568,1,0.859611988067627,1
1569,0,0.005851843860000372,0
1570,1,0.9973472356796265,1
1571,0,0.40434056520462036,0
1572,0,0.003550983499735594,0
1573,0,0.0006882830057293177,0
1574,0,0.0024633656721562147,0
1575,1,0.4250049293041229,0
1576,0,0.005900450982153416,0
1577,0,0.0008607980562373996,0
1578,1,0.9999980926513672,1
1579,0,1.0711586583056487e-05,0
1580,0,0.0007647178135812283,0
1581,1,0.9965035915374756,1
1582,0,0.001121707959100604,0
1583,0,0.004512735176831484,0
1584,1,0.9930933713912964,1
1585,0,0.002671993337571621,0
1586,0,0.003971796482801437,0
1587,0,5.623177230518195e-07,0
1588,1,0.8664469122886658,1
1589,0,5.777531555395399e-07,0
1590,1,0.952582597732544,1
1591,1,0.9895484447479248,1
1592,1,0.9960213303565979,1
1593,0,0.6588759422302246,1
1594,0,1.572190194565337e-05,0
1595,1,0.9997656941413879,1
1596,1,0.9995504021644592,1
1597,1,0.9981289505958557,1
1598,0,0.01481426227837801,0
1599,0,0.0038923942483961582,0
1600,0,0.013098998926579952,0
1601,1,0.9999790191650391,1
1602,0,0.0014852236490696669,0
1603,0,0.7840778827667236,1
1604,1,0.9995383024215698,1
1605,1,0.6617242097854614,1
1606,1,0.9928262233734131,1
1607,1,0.999974250793457,1
1608,0,0.11244898289442062,0
1609,0,0.0003151294367853552,0
1610,0,0.0008085080189630389,0
1611,0,0.01743381656706333,0
1612,1,0.9944846034049988,1
1613,0,0.023934083059430122,0
1614,1,0.9715306758880615,1
1615,1,0.9973547458648682,1
1616,0,0.0005802467931061983,0
1617,0,5.2727293223142624e-05,0
1618,0,0.003060079412534833,0
1619,0,0.12250878661870956,0
1620,0,0.00036389502929523587,0
1621,1,0.9819953441619873,1
1622,0,0.0007467003888450563,0
1623,0,0.022644400596618652,0
1624,0,0.0002610055962577462,0
1625,1,0.9593418836593628,1
1626,0,0.011832496151328087,0
1627,0,0.00033631816040724516,0
1628,0,0.002259783912450075,0
1629,0,0.0007764435140416026,0
1630,1,0.9843824505805969,1
1631,1,0.25452834367752075,0
1632,0,0.17215187847614288,0
1633,0,0.0005787375848740339,0
1634,0,0.006344023160636425,0
1635,1,0.8948182463645935,1
1636,1,0.9999121427536011,1
1637,1,0.1340089589357376,0
1638,0,0.00029579264810308814,0
1639,0,0.0003333702916279435,0
1640,1,0.9999747276306152,1
1641,1,0.9999990463256836,1
1642,1,0.9176275730133057,1
1643,0,0.2771395444869995,0
1644,0,0.00017242041940335184,0
1645,0,0.0011196080595254898,0
1646,1,0.999000608921051,1
1647,0,0.0008019628585316241,0
1648,0,0.006659278180450201,0
1649,0,0.00023260941088665277,0
1650,1,0.9559798836708069,1
1651,1,0.9997155070304871,1
1652,0,0.0001210325353895314,0
1653,1,0.9999985694885254,1
1654,0,0.019618267193436623,0
1655,1,0.9998190999031067,1
1656,0,0.09765274822711945,0
1657,0,0.4770185053348541,0
1658,0,0.022840598598122597,0
1659,1,0.998304009437561,1
1660,1,0.992453396320343,1
1661,1,0.999993085861206,1
1662,0,0.029488462954759598,0
1663,0,0.0014067527372390032,0
1664,0,1.3861676961823832e-07,0
1665,1,0.6626272201538086,1
1666,0,0.0384194478392601,0
1667,0,0.42595571279525757,0
1668,0,1.0994094736815896e-05,0
1669,0,0.7908327579498291,1
1670,1,0.9680754542350769,1
1671,1,0.018284844234585762,0
1672,0,0.8443654775619507,1
1673,1,0.9998173117637634,1
1674,0,0.060508906841278076,0
1675,1,0.9858565330505371,1
1676,0,0.004987841937690973,0
1677,0,8.220456220442429e-05,0
1678,0,0.009442624635994434,0
1679,0,2.2028721105016302e-06,0
1680,0,0.28688451647758484,0
1681,1,0.8591607809066772,1
1682,1,0.7064512968063354,1
1683,0,1.592484477441758e-05,0
1684,0,0.08884024620056152,0
1685,0,0.00041808030800893903,0
1686,0,3.4210304875159636e-05,0
1687,1,0.9999914169311523,1
1688,1,0.9865930676460266,1
1689,0,0.03516668826341629,0
1690,0,5.6474604207323864e-05,0
1691,0,6.384782318491489e-05,0
1692,0,0.0009217791957780719,0
1693,1,0.9976267218589783,1
1694,0,0.4393228590488434,0
1695,1,0.9991672039031982,1
1696,1,0.9994943141937256,1
1697,1,0.993878185749054,1
1698,1,0.584936797618866,1
1699,1,0.9996770620346069,1
1700,0,0.07730994373559952,0
1701,1,0.7959045767784119,1
1702,1,0.01061929389834404,0
1703,0,0.024218639358878136,0
1704,1,0.9999998807907104,1
1705,0,0.029756726697087288,0
1706,1,0.6601438522338867,1
1707,1,0.9999985694885254,1
1708,0,0.7698664665222168,1
1709,1,0.9999744892120361,1
1710,0,1.3890561604057439e-05,0
1711,0,0.004653687588870525,0
1712,1,0.9957525730133057,1
1713,1,0.998913049697876,1
1714,1,0.9999728202819824,1
1715,0,0.0002658056910149753,0
1716,0,8.784863166511059e-05,0
1717,0,0.0020699105225503445,0
1718,1,0.999860405921936,1
1719,0,7.467612158507109e-05,0
1720,1,0.9945108890533447,1
1721,0,0.08199670910835266,0
1722,0,0.6588253974914551,1
1723,1,0.9967240691184998,1
1724,1,0.6606932878494263,1
1725,1,0.4769304692745209,0
1726,1,0.9989261031150818,1
1727,1,0.9999938011169434,1
1728,1,0.9912439584732056,1
1729,0,0.000820051645860076,0
1730,0,0.4198562204837799,0
1731,1,0.0718245729804039,0
1732,0,0.00017710885731503367,0
1733,0,0.20377959311008453,0
1734,1,0.8484272360801697,1
1735,1,0.9058776497840881,1
1736,0,0.014149060472846031,0
1737,1,0.9995569586753845,1
1738,0,6.464226771640824e-06,0
1739,0,0.005960899405181408,0
1740,1,0.9998842477798462,1
1741,1,0.9942212104797363,1
1742,0,8.056053047766909e-05,0
1743,1,0.9999786615371704,1
1744,0,3.0304026950034313e-05,0
1745,1,0.9995508790016174,1
1746,1,0.9635467529296875,1
1747,0,0.016775600612163544,0
1748,0,5.407586650107987e-05,0
1749,1,0.9997196793556213,1
1750,0,0.009776740334928036,0
1751,1,0.9999960660934448,1
1752,0,6.485623089247383e-06,0
1753,0,0.015097820200026035,0
1754,1,0.9154407382011414,1
1755,0,0.10512974113225937,0
1756,1,0.9998816251754761,1
1757,1,0.9997538924217224,1
1758,1,0.997245192527771,1
1759,0,0.223777174949646,0
1760,1,0.9911642074584961,1
1761,0,0.000908585381694138,0
1762,1,0.9979264736175537,1
1763,1,0.1113307848572731,0
1764,1,0.9999997615814209,1
1765,0,0.3953845500946045,0
1766,1,0.9997938275337219,1
1767,1,0.9839111566543579,1
1768,0,0.008430960588157177,0
1769,0,0.0011342085199430585,0
1770,1,0.9995697140693665,1
1771,0,0.15771833062171936,0
1772,0,0.002347214613109827,0
1773,0,0.00029614989762194455,0
1774,0,0.0002667076769284904,0
1775,0,0.05748071148991585,0
1776,0,0.005098245572298765,0
1777,0,0.006571074947714806,0
1778,0,7.45315701351501e-05,0
1779,0,0.6535826921463013,1
1780,0,0.02708568051457405,0
1781,0,0.0005858950316905975,0
1782,1,0.2273302674293518,0
1783,0,0.0004497488553170115,0
1784,0,9.983097697841004e-05,0
1785,1,0.9995262622833252,1
1786,0,0.0013859483879059553,0
1787,0,2.636327189975418e-05,0
1788,1,0.9863570928573608,1
1789,1,0.06188834831118584,0
1790,0,0.0001498284109402448,0
1791,1,0.9950357675552368,1
1792,1,0.9766322374343872,1
1793,0,2.887121263484005e-05,0
1794,0,1.8411852806821116e-06,0
1795,0,0.004905556794255972,0
1796,0,0.017339473590254784,0
1797,1,0.9999823570251465,1
1798,1,0.999936580657959,1
1799,0,0.6391117572784424,1
1800,0,0.9303253889083862,1
1801,0,0.009148008190095425,0
1802,1,0.9999960660934448,1
1803,0,0.010668110102415085,0
1804,0,0.00013817724538967013,0
1805,1,0.9663546681404114,1
1806,0,0.017917554825544357,0
1807,0,0.07461641728878021,0
1808,0,0.001463098218664527,0
1809,0,0.7150340676307678,1
1810,0,0.0009050959488376975,0
1811,0,0.9275327324867249,1
1812,0,0.0006919070146977901,0
1813,0,0.019495872780680656,0
1814,0,7.5223706517135724e-06,0
1815,1,0.7980407476425171,1
1816,0,0.0007854634895920753,0
1817,1,0.9823538064956665,1
1818,1,0.9994184970855713,1
1819,0,0.00556879723444581,0
1820,1,0.4131104648113251,0
1821,1,0.9999443292617798,1
1822,1,0.99864262342453,1
1823,1,0.9965763688087463,1
1824,1,0.7237606048583984,1
1825,1,0.9985809326171875,1
1826,0,0.00408564368262887,0
1827,0,0.019159095361828804,0
1828,1,0.9348622560501099,1
1829,1,0.9963983297348022,1
1830,0,0.004087510518729687,0
1831,0,0.0017747047822922468,0
1832,1,0.9997484087944031,1
1833,1,0.9865424633026123,1
1834,1,0.9893506169319153,1
1835,1,0.9999933242797852,1
1836,1,0.9999995231628418,1
1837,1,0.9999479055404663,1
1838,1,0.9910159111022949,1
1839,1,0.9852803349494934,1
1840,1,0.9872632622718811,1
1841,1,0.9923104047775269,1
1842,0,0.0009261117083951831,0
1843,0,5.270150359137915e-05,0
1844,0,0.07698771357536316,0
1845,1,0.9991341233253479,1
1846,1,0.5134707689285278,1
1847,0,4.1800069539021933e-07,0
1848,1,0.9999549388885498,1
1849,0,0.0020747019443660975,0
1850,0,0.00021917335106991231,0
1851,1,0.978873610496521,1
1852,1,0.9980699419975281,1
1853,0,0.09281684458255768,0
1854,0,0.9805354475975037,1
1855,0,0.13433431088924408,0
1856,0,6.879261036374373e-06,0
1857,1,0.8858140707015991,1
1858,0,0.003255338640883565,0
1859,1,0.9872220158576965,1
1860,0,0.0007649146136827767,0
1861,0,0.06804580241441727,0
1862,1,0.9999629259109497,1
1863,1,0.9981327652931213,1
1864,1,0.9999110698699951,1
1865,1,0.9962433576583862,1
1866,1,0.45940226316452026,0
1867,0,1.4273547094489913e-05,0
1868,1,0.9996172189712524,1
1869,0,0.2726379930973053,0
1870,0,0.0018628370016813278,0
1871,0,0.0021017843391746283,0
1872,1,0.016703646630048752,0
1873,1,0.999321699142456,1
1874,1,0.9999994039535522,1
1875,0,0.12670142948627472,0
1876,1,0.9866079092025757,1
1877,0,0.0020704474300146103,0
1878,1,0.9999967813491821,1
1879,0,0.0207000020891428,0
1880,0,0.03459945693612099,0
1881,1,0.18517901003360748,0
1882,1,0.767845630645752,1
1883,0,0.05028839409351349,0
1884,1,0.9993096590042114,1
1885,1,0.999958872795105,1
1886,0,0.00012937854626215994,0
1887,1,0.9999619722366333,1
1888,0,0.0007410763064399362,0
1889,0,0.043619245290756226,0
1890,1,0.9968364238739014,1
1891,0,0.0010111121227964759,0
1892,1,0.9964092373847961,1
1893,1,0.9998934268951416,1
1894,1,0.9719336628913879,1
1895,1,0.9999973773956299,1
1896,0,0.3510932922363281,0
1897,0,1.6118507119244896e-05,0
1898,1,0.9039625525474548,1
1899,0,0.008972695097327232,0
1900,0,0.0011694879503920674,0
1901,1,0.9952881336212158,1
1902,1,0.9995436072349548,1
1903,1,0.9999924898147583,1
1904,0,0.005058987531810999,0
1905,1,0.45821020007133484,0
1906,0,0.01032515149563551,0
1907,1,0.9999727010726929,1
1908,0,0.4418640732765198,0
1909,1,0.9999898672103882,1
1910,0,0.16688066720962524,0
1911,0,0.11637812852859497,0
1912,0,1.0472071153344586e-05,0
1913,0,0.005301079712808132,0
1914,1,0.9999992847442627,1
1915,0,0.007730396930128336,0
1916,1,0.6253312230110168,1
1917,0,0.06010286509990692,0
1918,0,0.014497384428977966,0
1919,0,0.14102987945079803,0
1920,0,0.0018470820505172014,0
1921,0,8.737916687096003e-06,0
1922,1,0.9997050166130066,1
1923,0,0.6594699025154114,1
1924,0,0.5488892793655396,1
1925,0,0.009615408256649971,0
1926,0,0.0007256468525156379,0
1927,0,0.0056161764077842236,0
1928,0,0.600290060043335,1
1929,0,0.06476166844367981,0
1930,1,0.9999693632125854,1
1931,1,0.9139803647994995,1
1932,1,0.8022320866584778,1
1933,0,4.0481849282514304e-05,0
1934,1,0.0743633285164833,0
1935,1,0.9999922513961792,1
1936,0,4.565038580039982e-06,0
1937,1,0.9924352765083313,1
1938,0,0.00040365985478274524,0
1939,1,0.8259066343307495,1
1940,1,0.9999849796295166,1
1941,1,0.13934226334095,0
1942,0,1.7760812625056133e-06,0
1943,1,0.8681735396385193,1
1944,0,0.9230014085769653,1
1945,1,0.9999431371688843,1
1946,0,0.012484495528042316,0
1947,0,3.218097845092416e-05,0
1948,0,0.0016025267541408539,0
1949,0,0.12591557204723358,0
1950,0,0.005171485245227814,0
1951,0,0.43121153116226196,0
1952,0,9.249933646060526e-05,0
1953,1,0.49795815348625183,0
1954,1,0.9995154142379761,1
1955,1,0.999616265296936,1
1956,0,0.00011963895667577162,0
1957,1,0.9626295566558838,1
1958,1,0.9998993873596191,1
1959,1,0.7876020669937134,1
1960,0,0.6969938278198242,1
1961,1,0.966612696647644,1
1962,0,1.1684090850394568e-06,0
1963,0,0.0027330026496201754,0
1964,1,0.9897604584693909,1
1965,0,0.07640033215284348,0
1966,1,1.0,1
1967,1,0.9999668598175049,1
1968,1,0.8818237781524658,1
1969,1,0.8476446270942688,1
1970,0,2.725305239437148e-05,0
1971,1,0.8584543466567993,1
1972,0,0.06052784249186516,0
1973,0,0.021317459642887115,0
1974,0,0.07478170096874237,0
1975,0,0.04918273165822029,0
1976,1,0.8654370903968811,1
1977,1,0.9831920266151428,1
1978,1,0.9877917170524597,1
1979,0,0.0018373355269432068,0
1980,0,0.18593843281269073,0
1981,0,0.001193210599012673,0
1982,1,0.9996596574783325,1
1983,1,0.9993711113929749,1
1984,1,0.9286402463912964,1
1985,1,0.9991878867149353,1
1986,0,0.00016953145677689463,0
1987,1,0.9999938011169434,1
1988,1,0.9998571872711182,1
1989,1,0.9997038245201111,1
1990,0,0.006067958194762468,0
1991,0,0.008742387406527996,0
1992,1,0.9981124401092529,1
1993,1,0.9785394668579102,1
1994,1,0.992148220539093,1
1995,1,0.9998618364334106,1
1996,0,0.215310201048851,0
1997,0,0.010659635066986084,0
1998,0,0.0070334551855921745,0
1999,1,0.9999788999557495,1
2000,1,0.985762357711792,1
2001,0,0.0004622740962076932,0
2002,0,0.00031886721262708306,0
2003,0,0.00040685245767235756,0
2004,0,0.0006805475568398833,0
2005,0,0.09588927775621414,0
2006,1,0.9999963045120239,1
2007,1,0.9999998807907104,1
2008,0,0.015413324348628521,0
2009,1,0.9986847043037415,1
2010,0,0.018796607851982117,0
2011,0,0.014776831492781639,0
2012,1,0.9999974966049194,1
2013,0,0.00184101820923388,0
2014,0,0.0012072548270225525,0
2015,1,0.98128741979599,1
2016,0,3.776832818402909e-05,0
2017,0,0.0004300515283830464,0
2018,1,0.9999916553497314,1
2019,1,0.6195693612098694,1
2020,0,0.049936361610889435,0
2021,1,0.9999265670776367,1
2022,0,0.00019951594003941864,0
2023,0,0.6078317761421204,1
2024,1,0.9944644570350647,1
2025,0,0.0011605992913246155,0
2026,1,0.9862237572669983,1
2027,0,0.03937084227800369,0
2028,0,0.17281341552734375,0
2029,1,0.9997557997703552,1
2030,1,0.9993925094604492,1
2031,1,0.9999794960021973,1
2032,1,0.9705702662467957,1
2033,1,0.9959249496459961,1
2034,1,0.9992488026618958,1
2035,1,0.9999822378158569,1
2036,0,0.9123936891555786,1
2037,0,0.6329658627510071,1
2038,0,0.00767460698261857,0
2039,0,0.07191763073205948,0
2040,1,0.9999977350234985,1
2041,1,0.9990153312683105,1
2042,0,0.012366324663162231,0
2043,0,0.04350034520030022,0
2044,0,0.8127195835113525,1
2045,1,0.04055529087781906,0
2046,1,0.9999879598617554,1
2047,0,0.12970559298992157,0
2048,0,0.00040164965321309865,0
2049,0,0.005388228222727776,0
2050,1,0.8345922231674194,1
2051,1,0.9994679093360901,1
2052,0,0.4789538085460663,0
2053,1,0.9961208701133728,1
2054,0,0.40843066573143005,0
2055,1,0.9998577833175659,1
2056,0,0.011438929475843906,0
2057,1,0.9999825954437256,1
2058,1,0.9852301478385925,1
2059,1,0.9871994853019714,1
2060,1,0.8962932825088501,1
2061,1,0.8809967637062073,1
2062,1,0.9990608096122742,1
2063,0,1.2837130270781927e-05,0
2064,1,0.9994791150093079,1
2065,1,0.9981367588043213,1
2066,1,0.9997988343238831,1
2067,0,4.676113894674927e-05,0
2068,0,0.09085574746131897,0
2069,1,0.9997401833534241,1
2070,1,0.7800976037979126,1
2071,1,0.9999808073043823,1
2072,1,0.9991003274917603,1
2073,0,0.0021200175397098064,0
2074,1,0.9964962601661682,1
2075,1,0.9997861981391907,1
2076,0,0.05358818545937538,0
2077,1,0.9989044666290283,1
2078,1,0.9948335886001587,1
2079,1,0.8039742708206177,1
2080,0,0.5973469018936157,1
2081,0,0.02806936949491501,0
2082,0,0.009253344498574734,0
2083,0,0.05735689774155617,0
2084,1,0.9098517894744873,1
2085,1,0.8930745124816895,1
2086,1,0.9847158193588257,1
2087,1,0.9999687671661377,1
2088,0,0.008386125788092613,0
2089,0,0.030941441655158997,0
2090,1,0.9888284802436829,1
2091,1,0.053943827748298645,0
2092,0,2.601050800876692e-05,0
2093,1,0.6393150091171265,1
2094,0,2.6743578018795233e-07,0
2095,1,0.003747876500710845,0
2096,1,0.9999756813049316,1
2097,0,1.1822071428468917e-05,0
2098,1,0.9999940395355225,1
2099,1,0.9970023036003113,1
2100,0,0.00010527736594667658,0
2101,0,0.013102865777909756,0
2102,1,0.9906854033470154,1
2103,0,4.666224413085729e-05,0
2104,1,0.9999103546142578,1
2105,1,0.9970809817314148,1
2106,1,0.913525402545929,1
2107,0,7.29379607946612e-05,0
2108,0,0.0020075563807040453,0
2109,0,0.5464789271354675,1
2110,1,0.9998732805252075,1
2111,0,0.003183402121067047,0
2112,0,0.7333035469055176,1
2113,0,0.0035079512745141983,0
2114,1,0.9987755417823792,1
2115,0,0.0004926432739011943,0
2116,1,0.9690375328063965,1
2117,0,4.022256325697526e-05,0
2118,1,0.2538444995880127,0
2119,0,0.00038560311077162623,0
2120,0,6.290923920460045e-05,0
2121,0,0.05139850080013275,0
2122,0,0.9330680966377258,1
2123,1,0.9999829530715942,1
2124,0,0.03335249051451683,0
2125,0,0.004710831213742495,0
2126,1,0.9890276193618774,1
2127,0,0.0002877777733374387,0
2128,1,0.608605682849884,1
2129,1,0.9912031888961792,1
2130,1,0.9894010424613953,1
2131,1,0.15011629462242126,0
2132,0,0.17328311502933502,0
2133,1,0.9998331069946289,1
2134,0,0.04733012616634369,0
2135,0,0.6667696833610535,1
2136,1,0.9854163527488708,1
2137,0,0.020712150260806084,0
2138,1,0.9930053353309631,1
2139,0,0.0001335599081357941,0
2140,0,0.002723982324823737,0
2141,0,0.4001886248588562,0
2142,1,0.9945449829101562,1
2143,1,0.9761004447937012,1
2144,0,1.5600539882143494e-06,0
2145,0,0.026717890053987503,0
2146,1,0.9975323677062988,1
2147,1,0.9998975992202759,1
2148,1,0.999833345413208,1
2149,1,0.9998944997787476,1
2150,0,0.636834442615509,1
2151,0,0.00047036667820066214,0
2152,0,0.008637254126369953,0
2153,1,0.9999837875366211,1
2154,1,0.9996997117996216,1
2155,1,0.9999994039535522,1
2156,0,0.6695694923400879,1
2157,0,0.22175881266593933,0
2158,0,0.0416378527879715,0
2159,0,0.018301451578736305,0
2160,0,0.24393975734710693,0
2161,0,0.0003520625177770853,0
2162,0,9.458249405724928e-05,0
2163,1,0.9999990463256836,1
2164,1,0.9981375932693481,1
2165,1,0.8385518193244934,1
2166,1,0.9999992847442627,1
2167,0,0.0029416182078421116,0
2168,1,0.2824261784553528,0
2169,1,0.999996542930603,1
2170,0,0.0010601988760754466,0
2171,1,0.748232364654541,1
2172,0,0.35208114981651306,0
2173,0,0.00515396986156702,0
2174,0,0.38937583565711975,0
2175,0,0.026317134499549866,0
2176,1,0.9998364448547363,1
2177,0,0.07300598174333572,0
2178,0,0.0013646769803017378,0
2179,0,0.0018519687000662088,0
2180,0,0.009317236952483654,0
2181,1,0.9999634027481079,1
2182,1,0.9333275556564331,1
2183,0,0.00021505703625734895,0
2184,1,0.9935158491134644,1
2185,1,0.9999898672103882,1
2186,0,1.4445405982499437e-09,0
2187,0,0.0003822944709099829,0
2188,0,0.009709246456623077,0
2189,0,2.860012273231405e-06,0
2190,1,0.995139479637146,1
2191,1,0.9433614015579224,1
2192,1,0.9997246861457825,1
2193,1,0.9999381303787231,1
2194,0,0.1566079556941986,0
2195,1,0.9999932050704956,1
2196,0,0.07581767439842224,0
2197,1,0.9999326467514038,1
2198,0,0.00011235370766371489,0
2199,1,0.980024516582489,1
2200,1,0.9999979734420776,1
2201,0,0.010729684494435787,0
2202,0,8.65564800278662e-07,0
2203,0,9.7190086307819e-06,0
2204,1,0.8588955402374268,1
2205,1,0.9999996423721313,1
2206,1,0.9645530581474304,1
2207,1,0.9999886751174927,1
2208,1,0.999992847442627,1
2209,0,0.3478655517101288,0
2210,1,0.7084608674049377,1
2211,0,0.00013970759755466133,0
2212,0,0.03284449130296707,0
2213,0,0.20090614259243011,0
2214,1,0.9736073613166809,1
2215,0,0.0005654508131556213,0
2216,0,3.734239362529479e-05,0
2217,1,0.8280479311943054,1
2218,0,0.008750556968152523,0
2219,1,0.9999997615814209,1
2220,0,0.001265572034753859,0
2221,0,3.890379593940452e-05,0
2222,1,0.7925800085067749,1
2223,1,0.9869945645332336,1
2224,1,0.7634379863739014,1
2225,1,0.9981895089149475,1
2226,1,0.9986451268196106,1
2227,0,4.1622655544415466e-07,0
2228,0,4.8328034608857706e-05,0
2229,1,0.7527167797088623,1
2230,1,0.9955920577049255,1
2231,1,0.9749169945716858,1
2232,1,0.04219507426023483,0
2233,1,0.997539758682251,1
2234,0,5.6948412208157606e-08,0
2235,0,0.0009868709603324533,0
2236,0,0.0018805732252076268,0
2237,0,0.8966836333274841,1
2238,0,9.215899808623362e-06,0
2239,1,0.8572881817817688,1
2240,1,0.9993402361869812,1
2241,1,0.9966057538986206,1
2242,1,0.8761009573936462,1
2243,1,0.9956592917442322,1
2244,0,2.378066346864216e-05,0
2245,0,0.028820382431149483,0
2246,0,0.012090659700334072,0
2247,0,0.0001596328365849331,0
2248,1,0.9912810921669006,1
2249,0,0.0001610408944543451,0
2250,0,0.02719898708164692,0
2251,0,1.387093016091967e-05,0
2252,0,0.001680188812315464,0
2253,1,0.9961634874343872,1
2254,0,0.03002489171922207,0
2255,1,0.3326161503791809,0
2256,1,0.9996234178543091,1
2257,0,0.0002586896880529821,0
2258,0,0.000460168783320114,0
2259,0,0.04681180417537689,0
2260,0,0.0010038309264928102,0
2261,1,0.9998611211776733,1
2262,1,0.9986498951911926,1
2263,0,0.48493656516075134,0
2264,0,0.004894210956990719,0
2265,1,0.9999103546142578,1
2266,1,0.9691839814186096,1
2267,1,0.9999197721481323,1
2268,0,0.000612849195022136,0
2269,0,0.07138746976852417,0
2270,1,0.9616460800170898,1
2271,1,0.9999614953994751,1
2272,1,0.9998914003372192,1
2273,1,0.5007062554359436,1
2274,0,0.00011049774911953136,0
2275,1,0.9639266133308411,1
2276,0,0.25966402888298035,0
2277,1,0.9858657121658325,1
2278,0,0.008162971585988998,0
2279,1,0.9999713897705078,1
2280,1,0.9978951215744019,1
2281,1,0.9999842643737793,1
2282,0,0.0003263175312895328,0
2283,0,0.005787710193544626,0
2284,0,0.009395171888172626,0
2285,1,0.9960022568702698,1
2286,1,0.9993892908096313,1
2287,0,0.0005889314343221486,0
2288,1,0.9821005463600159,1
2289,0,0.5039539933204651,1
2290,1,0.6894773244857788,1
2291,0,1.209729725815123e-05,0
2292,0,0.00571582792326808,0
2293,0,0.00025063607608899474,0
2294,1,0.9530794620513916,1
2295,1,0.9813014268875122,1
2296,0,0.0008758761105127633,0
2297,1,0.9758923649787903,1
2298,0,0.0445915125310421,0
2299,0,1.3409496204985771e-05,0
2300,1,0.942136824131012,1
2301,1,0.2087121158838272,0
2302,0,0.38658270239830017,0
2303,1,0.9978126287460327,1
2304,1,0.9995321035385132,1
2305,1,0.9959076642990112,1
2306,0,8.923931454773992e-05,0
2307,0,0.0011857140343636274,0
2308,1,0.9848485589027405,1
2309,1,0.9985466599464417,1
2310,1,0.9954904913902283,1
2311,1,0.9970260262489319,1
2312,1,0.982231855392456,1
2313,1,0.9955547451972961,1
2314,1,0.993394672870636,1
2315,1,0.9927703738212585,1
2316,0,2.3249322111951187e-05,0
2317,1,0.9986283779144287,1
2318,0,0.19576972723007202,0
2319,1,0.9999998807907104,1
2320,1,0.8654401302337646,1
2321,1,0.9973257780075073,1
2322,0,0.4057459533214569,0
2323,1,0.9890617728233337,1
2324,0,0.00044508898281492293,0
2325,1,0.92623370885849,1
2326,0,0.47702139616012573,0
2327,0,7.835685391910374e-05,0
2328,0,0.5595983862876892,1
2329,0,0.00914156623184681,0
2330,1,0.9865021109580994,1
2331,0,0.013212796300649643,0
2332,1,0.9967478513717651,1
2333,1,0.998278021812439,1
2334,1,0.9914665222167969,1
2335,1,0.9999842643737793,1
2336,1,0.9255083799362183,1
2337,1,0.9983737468719482,1
2338,0,0.046126313507556915,0
2339,0,0.0013711818028241396,0
2340,1,0.9006338119506836,1
2341,0,0.005670168902724981,0
2342,1,0.9996881484985352,1
2343,1,0.9999986886978149,1
2344,1,0.9877646565437317,1
2345,1,0.99989914894104,1
2346,0,0.00025949967675842345,0
2347,0,0.04705643653869629,0
2348,1,0.9998125433921814,1
2349,0,0.017754632979631424,0
2350,1,0.9999130964279175,1
2351,0,0.9935353994369507,1
2352,1,0.8659355640411377,1
2353,1,0.9988152980804443,1
2354,0,0.0034631865564733744,0
2355,0,6.092466264817631e-06,0
2356,1,0.9993911981582642,1
2357,0,0.03541089966893196,0
2358,0,0.0029122557025402784,0
2359,0,0.9889425039291382,1
2360,1,0.964227557182312,1
2361,1,0.9846810102462769,1
2362,0,0.0007366935024037957,0
2363,0,4.4943935790797696e-05,0
2364,1,0.993073046207428,1
2365,0,0.0004150858148932457,0
2366,1,0.9944907426834106,1
2367,0,0.005197185091674328,0
2368,0,0.01279123593121767,0
2369,0,0.021237319335341454,0
2370,0,0.0006309553282335401,0
2371,0,0.00024818157544359565,0
2372,1,0.9998283386230469,1
2373,1,0.92277592420578,1
2374,1,0.9858972430229187,1
2375,0,0.0009048936772160232,0
2376,0,0.0013953687157481909,0
2377,0,0.02546829544007778,0
2378,0,0.03316616639494896,0
2379,0,0.8178636431694031,1
2380,1,0.9811738729476929,1
2381,0,0.005476674530655146,0
2382,0,0.025094401091337204,0
2383,1,0.9994617104530334,1
2384,0,0.07382607460021973,0
2385,1,0.8132980465888977,1
2386,0,0.0005962850991636515,0
2387,1,0.5060218572616577,1
2388,0,0.3046005070209503,0
2389,1,0.9998021721839905,1
2390,1,0.9980247020721436,1
2391,1,0.9999594688415527,1
2392,0,0.004019015934318304,0
2393,1,0.9998224377632141,1
2394,1,0.9999122619628906,1
2395,0,0.8675450682640076,1
2396,0,3.682073293020949e-05,0
2397,0,0.00019558404164854437,0
2398,0,0.08380333334207535,0
2399,0,0.0011192049132660031,0
2400,0,0.1201833039522171,0
2401,1,0.9898882508277893,1
2402,0,0.017633574083447456,0
2403,1,0.9935839772224426,1
2404,0,0.19276197254657745,0
2405,1,0.999914288520813,1
2406,0,0.014946228824555874,0
2407,0,0.00015079470176715404,0
2408,0,0.14290723204612732,0
2409,1,0.999648928642273,1
2410,1,0.998320996761322,1
2411,0,6.737594958394766e-05,0
2412,0,0.150361567735672,0
2413,1,0.9688675999641418,1
2414,1,0.9889278411865234,1
2415,0,0.7657009959220886,1
2416,1,0.8631238341331482,1
2417,0,0.567655086517334,1
2418,0,0.00018654228188097477,0
2419,1,0.9559770822525024,1
2420,1,0.9864242672920227,1
2421,1,0.9598037600517273,1
2422,0,0.007853692397475243,0
2423,1,0.9999922513961792,1
2424,1,0.9945570230484009,1
2425,1,0.9995980858802795,1
2426,1,0.9995884299278259,1
2427,1,0.9979628324508667,1
2428,1,0.9782666563987732,1
2429,0,0.022247910499572754,0
2430,0,0.00023677089484408498,0
2431,1,0.6291110515594482,1
2432,1,0.8267643451690674,1
2433,0,0.024022098630666733,0
2434,1,0.977959930896759,1
2435,1,0.9994989633560181,1
2436,1,0.07662275433540344,0
2437,1,0.9410691857337952,1
2438,1,0.9889960289001465,1
2439,0,1.7441057025280315e-06,0
2440,0,0.030427901074290276,0
2441,0,0.9999140501022339,1
2442,1,0.9999828338623047,1
2443,1,0.9999121427536011,1
2444,1,0.9995546936988831,1
2445,0,0.9546585083007812,1
2446,0,2.8975471650483087e-05,0
2447,0,0.5849575400352478,1
2448,0,0.001354929874651134,0
2449,1,0.8509715795516968,1
2450,1,0.999221682548523,1
2451,0,0.011352687142789364,0
2452,1,0.9998819828033447,1
2453,0,0.02592618577182293,0
2454,0,0.00023327681992668658,0
2455,1,0.9999885559082031,1
2456,0,6.373747601173818e-05,0
2457,0,0.0002992286754306406,0
2458,0,0.0008700191392563283,0
2459,0,0.0030025141313672066,0
2460,1,0.6608543992042542,1
2461,1,0.9972919821739197,1
2462,0,0.0003396479005459696,0
2463,1,0.9969906806945801,1
2464,1,0.9992434978485107,1
2465,1,0.9999998807907104,1
2466,1,0.9997438788414001,1
2467,0,0.02099103480577469,0
2468,0,0.0017316590528935194,0
2469,0,0.2045491486787796,0
2470,0,4.759524017572403e-05,0
2471,1,0.9998753070831299,1
2472,0,0.005865396466106176,0
2473,0,0.18512412905693054,0
2474,1,0.9988131523132324,1
2475,1,0.6424437165260315,1
2476,0,5.411084566731006e-05,0
2477,0,1.2256430181878386e-07,0
2478,1,0.9974384307861328,1
2479,0,0.0001234255323652178,0
2480,0,5.322716788214166e-06,0
2481,0,0.4657159447669983,0
2482,0,6.906721682753414e-05,0
2483,1,0.6904926896095276,1
2484,0,0.00034062768099829555,0
2485,1,0.999822199344635,1
2486,1,0.9999890327453613,1
2487,1,0.9940721392631531,1
2488,1,0.999895453453064,1
2489,0,0.7192694544792175,1
2490,1,0.7879878878593445,1
2491,1,0.997603714466095,1
2492,0,0.000635913573205471,0
2493,0,0.007787368260324001,0
2494,0,0.0005165565526112914,0
2495,1,0.9989901185035706,1
2496,1,0.518468976020813,1
2497,1,0.9899551868438721,1
2498,1,0.9981670379638672,1
2499,0,1.2269984495105746e-07,0
2500,0,0.0004333454999141395,0
2501,1,0.9994725584983826,1
2502,0,0.21358636021614075,0
2503,0,0.795719563961029,1
2504,1,0.9999980926513672,1
2505,1,0.9999945163726807,1
2506,0,0.00584381865337491,0
2507,0,9.089942614082247e-05,0
2508,1,0.9920333027839661,1
2509,0,0.0004236021777614951,0
2510,0,0.0004234269727021456,0
2511,1,0.9996501207351685,1
2512,0,0.08235729485750198,0
2513,1,0.9997105002403259,1
2514,1,0.994835376739502,1
2515,1,0.9792415499687195,1
2516,0,3.1224769827531418e-06,0
2517,0,6.144555300124921e-06,0
2518,1,0.9998190999031067,1
2519,1,0.9749838709831238,1
2520,0,5.970076927042101e-06,0
2521,1,0.9932324886322021,1
2522,1,0.9996597766876221,1
2523,1,0.9997809529304504,1
2524,1,0.3603212237358093,0
2525,1,0.9997298121452332,1
2526,1,0.9999698400497437,1
2527,1,0.4294022023677826,0
2528,1,0.9999970197677612,1
2529,1,0.9992126226425171,1
2530,0,0.0013070704881101847,0
2531,1,0.999976396560669,1
2532,1,0.8563414812088013,1
2533,0,1.6243871868937276e-05,0
2534,1,0.9986873269081116,1
2535,0,9.577023593010381e-05,0
2536,1,0.9989888072013855,1
2537,0,0.02084580808877945,0
2538,1,0.9971785545349121,1
2539,1,0.9988836646080017,1
2540,1,0.5386388897895813,1
2541,0,0.06472986936569214,0
2542,1,0.9789682030677795,1
2543,1,0.999711811542511,1
2544,1,0.9934874773025513,1
2545,0,1.9670583242259454e-06,0
2546,1,0.9968302845954895,1
2547,0,0.010030271485447884,0
2548,0,0.0003052106767427176,0
2549,0,0.016746485605835915,0
2550,1,0.9974195957183838,1
2551,0,0.16152101755142212,0
2552,1,0.2500571012496948,0
2553,1,0.9877921938896179,1
2554,0,0.18255823850631714,0
2555,1,0.9999333620071411,1
2556,1,0.9999819993972778,1
2557,0,0.0008403922547586262,0
2558,1,0.9211351871490479,1
2559,1,0.9719398617744446,1
2560,1,0.9999462366104126,1
2561,0,0.05155988782644272,0
2562,0,0.047155700623989105,0
2563,0,0.002088140230625868,0
2564,0,0.005503364838659763,0
2565,0,0.0008926083100959659,0
2566,0,0.03324645012617111,0
2567,0,0.0007028214749880135,0
2568,1,0.9999552965164185,1
2569,0,2.8192215495437267e-07,0
2570,0,0.06726351380348206,0
2571,0,0.0027186519000679255,0
2572,1,0.999866247177124,1
2573,0,0.3333025872707367,0
2574,1,0.9920050501823425,1
2575,0,0.0036307235714048147,0
2576,0,0.000105625695141498,0
2577,1,0.9983716607093811,1
2578,1,0.9999978542327881,1
2579,1,0.9999030828475952,1
2580,0,0.01098078303039074,0
2581,1,0.9129076600074768,1
2582,0,0.0681280717253685,0
2583,1,0.9997889399528503,1
2584,0,0.1675446778535843,0
2585,1,0.9995203018188477,1
2586,0,0.0007784438785165548,0
2587,1,0.9526883959770203,1
2588,1,0.9999998807907104,1
2589,0,6.34718089713715e-05,0
2590,0,0.3406160771846771,0
2591,0,2.5985318643506616e-05,0
2592,1,0.9992735981941223,1
2593,0,0.27570080757141113,0
2594,0,4.544518560578581e-06,0
2595,1,0.9958256483078003,1
2596,1,0.9999891519546509,1
2597,1,0.9998595714569092,1
2598,1,0.9999092817306519,1
2599,1,0.9995331764221191,1
2600,0,0.0015486946795135736,0
2601,1,0.9998666048049927,1
2602,0,0.0016789209330454469,0
2603,1,0.9996482133865356,1
2604,1,0.17068296670913696,0
2605,1,0.6831631064414978,1
2606,0,0.06584978103637695,0
2607,1,0.9982540011405945,1
2608,0,3.3662608984741382e-06,0
2609,0,0.016245553269982338,0
2610,1,0.991913914680481,1
2611,1,0.9403430819511414,1
2612,1,0.9995428323745728,1
2613,1,0.9998140931129456,1
2614,0,0.0656023770570755,0
2615,0,0.0005001470563001931,0
2616,0,0.0033410214819014072,0
2617,1,0.5347769260406494,1
2618,0,0.0478011891245842,0
2619,1,0.9480722546577454,1
2620,1,0.5949525237083435,1
2621,0,0.0006327791488729417,0
2622,0,0.2365918755531311,0
2623,1,0.09189047664403915,0
2624,0,0.009351210668683052,0
2625,1,0.9862783551216125,1
2626,0,0.0022217794321477413,0
2627,0,0.00294626341201365,0
2628,0,0.9528837203979492,1
2629,1,0.9995390176773071,1
2630,1,0.9996147155761719,1
2631,1,0.9998008608818054,1
2632,1,0.9002246260643005,1
2633,0,0.016312114894390106,0
2634,0,0.0008834991022013128,0
2635,0,0.02372906357049942,0
2636,1,0.9999997615814209,1
2637,1,0.3235107958316803,0
2638,0,7.06260689185001e-05,0
2639,0,9.570157089910936e-06,0
2640,1,0.9999892711639404,1
2641,0,0.010678498074412346,0
2642,1,0.9974256157875061,1
2643,0,0.08425630629062653,0
2644,0,0.018020356073975563,0
2645,0,0.00601359223946929,0
2646,1,0.9998281002044678,1
2647,1,0.9996098875999451,1
2648,1,0.9999772310256958,1
2649,1,0.9998562335968018,1
2650,1,0.9760221838951111,1
2651,0,0.9384931921958923,1
2652,1,0.9999394416809082,1
2653,1,0.9622839093208313,1
2654,0,0.05947442725300789,0
2655,1,0.9999467134475708,1
2656,1,0.941627562046051,1
2657,0,0.00016168665024451911,0
2658,0,0.009153226390480995,0
2659,0,0.07427648454904556,0
2660,0,0.0021681953221559525,0
2661,0,0.328583300113678,0
2662,1,0.9999902248382568,1
2663,0,0.012764913029968739,0
2664,1,0.9386879205703735,1
2665,1,0.9986739158630371,1
2666,1,0.9959613680839539,1
2667,0,1.1095505215052981e-05,0
2668,0,0.0005874724010936916,0
2669,1,0.9164305925369263,1
2670,0,5.1370101573411375e-05,0
2671,0,0.004064080771058798,0
2672,1,0.9196525812149048,1
2673,1,0.9999457597732544,1
2674,1,0.9999850988388062,1
2675,0,0.02271403558552265,0
2676,1,0.9999959468841553,1
2677,1,0.9997722506523132,1
2678,1,0.8851394057273865,1
2679,1,0.7574496269226074,1
2680,1,0.9991538524627686,1
2681,0,0.0011494155041873455,0
2682,0,2.6563714072835864e-07,0
2683,0,3.0387604056159034e-05,0
2684,1,0.9927400946617126,1
2685,1,0.9999940395355225,1
2686,0,7.64559954404831e-05,0
2687,1,0.9941664934158325,1
2688,0,0.0014191076625138521,0
2689,1,0.1454780399799347,0
2690,0,1.3678346704182331e-06,0
2691,0,0.1288645714521408,0
2692,0,3.924871271010488e-05,0
2693,0,3.221421138732694e-07,0
2694,1,0.9982882142066956,1
2695,1,0.9816325902938843,1
2696,0,0.05638900399208069,0
2697,1,0.9900791645050049,1
2698,0,0.0006909957155585289,0
2699,0,0.4256816506385803,0
2700,0,0.0011419871589168906,0
2701,0,1.968265479490583e-07,0
2702,0,0.004798046313226223,0
2703,0,0.005070550367236137,0
2704,0,8.217226422857493e-06,0
2705,1,0.9996277093887329,1
2706,0,0.0006307383300736547,0
2707,1,0.9983934760093689,1
2708,0,3.3524302125442773e-06,0
2709,1,0.9549719095230103,1
2710,1,0.9999581575393677,1
2711,1,0.9134055376052856,1
2712,1,0.9993128776550293,1
2713,0,3.345266668475233e-05,0
2714,1,0.9983768463134766,1
2715,1,0.5601502656936646,1
2716,0,0.00595754012465477,0
2717,0,5.0233848014613613e-05,0
2718,1,0.9998921155929565,1
2719,1,0.9991762042045593,1
2720,1,0.9989868998527527,1
2721,1,0.9990782737731934,1
2722,0,8.709524990990758e-05,0
2723,1,0.6776145696640015,1
2724,1,0.9774805307388306,1
2725,0,0.0003472910029813647,0
2726,0,0.4278244376182556,0
2727,1,0.994993269443512,1
2728,0,0.10429980605840683,0
2729,1,0.9999160766601562,1
2730,0,0.0006654416210949421,0
2731,0,0.08474984019994736,0
2732,0,0.0008097497629933059,0
2733,0,0.13742908835411072,0
2734,1,0.9998950958251953,1
2735,0,0.09794188290834427,0
2736,1,0.9947265982627869,1
2737,0,4.067378176841885e-05,0
2738,0,1.5097554751264397e-05,0
2739,1,0.998651921749115,1
2740,0,0.2355317920446396,0
2741,0,0.249751016497612,0
2742,1,0.9981300234794617,1
2743,1,0.9999908208847046,1
2744,0,0.008438131771981716,0
2745,1,0.9559201002120972,1
2746,1,0.974755585193634,1
2747,0,1.6348727513104677e-05,0
2748,0,8.147277549142018e-05,0
2749,1,0.9999973773956299,1
2750,1,0.974027693271637,1
2751,0,0.05882643163204193,0
2752,0,0.2249419242143631,0
2753,0,0.061206039041280746,0
2754,0,0.6033035516738892,1
2755,1,0.9791847467422485,1
2756,1,0.981697142124176,1
2757,1,0.5694316625595093,1
2758,0,0.0011342883808538318,0
2759,1,0.24303923547267914,0
2760,1,0.9999929666519165,1
2761,1,0.9945968389511108,1
2762,1,0.9999324083328247,1
2763,1,0.8675478100776672,1
2764,1,0.9998979568481445,1
2765,1,0.9999986886978149,1
2766,0,0.0389072522521019,0
2767,1,0.9933199882507324,1
2768,1,0.9999998807907104,1
2769,0,5.529865302378312e-05,0
2770,1,0.9999988079071045,1
2771,0,0.013382633216679096,0
2772,0,5.1896167860832065e-05,0
2773,1,0.0016868205275386572,0
2774,1,0.8826000690460205,1
2775,1,0.9999475479125977,1
2776,0,0.513537585735321,1
2777,1,0.9990563988685608,1
2778,1,0.9993563294410706,1
2779,0,0.08115608245134354,0
2780,0,0.00019172010070178658,0
2781,0,0.0025874744169414043,0
2782,1,0.9999576807022095,1
2783,0,0.7817004919052124,1
2784,0,0.0022117430344223976,0
2785,0,3.630840728874318e-05,0
2786,1,0.9998359680175781,1
2787,1,0.9866921305656433,1
2788,0,0.08568702638149261,0
2789,1,0.9882891178131104,1
2790,0,0.00025771360378712416,0
2791,1,0.9991840720176697,1
2792,0,0.05522427335381508,0
2793,1,0.9780458211898804,1
2794,0,0.005621422082185745,0
2795,1,0.9976947903633118,1
2796,0,0.00013908366963732988,0
2797,0,0.022322282195091248,0
2798,1,0.9837057590484619,1
2799,0,0.004833050537854433,0
2800,1,0.9994140863418579,1
2801,1,0.9988441467285156,1
2802,1,0.9558282494544983,1
2803,0,0.19578146934509277,0
2804,1,0.9977006316184998,1
2805,0,0.00864669494330883,0
2806,0,9.443469753023237e-05,0
2807,0,0.00030352763133123517,0
2808,1,0.998777449131012,1
2809,1,0.999934196472168,1
2810,1,0.9998680353164673,1
2811,1,0.9997114539146423,1
2812,0,0.007086554076522589,0
2813,1,0.07687370479106903,0
2814,0,6.9477832767006475e-06,0
2815,1,0.9268901348114014,1
2816,1,1.0,1
2817,1,0.999383807182312,1
2818,1,0.9997755885124207,1
2819,0,0.014195961877703667,0
2820,1,0.8497831225395203,1
2821,0,0.18313857913017273,0
2822,0,0.020670870319008827,0
2823,1,0.963760256767273,1
2824,1,0.9457265734672546,1
2825,1,0.9866277575492859,1
2826,0,0.011939742602407932,0
2827,1,0.9999440908432007,1
2828,1,0.9664629101753235,1
2829,1,0.8898631930351257,1
2830,0,0.007752910256385803,0
2831,0,0.9694101214408875,1
2832,1,0.9957465529441833,1
2833,1,0.9984269142150879,1
2834,1,0.9999932050704956,1
2835,0,0.06343243271112442,0
2836,0,0.04210656136274338,0
2837,1,0.9999985694885254,1
2838,0,0.00021932071831542999,0
2839,0,0.0008401713566854596,0
2840,1,0.9973695278167725,1
2841,1,0.9999127388000488,1
2842,0,0.00025151390582323074,0
2843,0,0.0022452701814472675,0
2844,1,0.6340721249580383,1
2845,0,0.010667200200259686,0
2846,1,0.9997836947441101,1
2847,0,0.1929142028093338,0
2848,0,0.003970010671764612,0
2849,0,0.1482095718383789,0
2850,0,2.534677150833886e-06,0
2851,1,0.9025266766548157,1
2852,1,0.9999393224716187,1
2853,1,0.901027262210846,1
2854,0,0.0010443625506013632,0
2855,1,0.9999085664749146,1
2856,0,0.006678170524537563,0
2857,1,0.9998390674591064,1
2858,1,0.960513710975647,1
2859,0,0.9606335759162903,1
2860,1,0.9999141693115234,1
2861,0,0.0010100861545652151,0
2862,0,0.2346385270357132,0
2863,1,0.0959877222776413,0
2864,1,0.9300157427787781,1
2865,0,2.930731716332957e-05,0
2866,1,0.9999922513961792,1
2867,0,0.0004889302072115242,0
2868,0,0.14786545932292938,0
2869,1,1.0,1
2870,1,0.9998764991760254,1
2871,1,0.99660325050354,1
2872,1,0.9371644854545593,1
2873,1,0.9997914433479309,1
2874,0,0.008955313824117184,0
2875,1,0.9990010857582092,1
2876,0,0.09526897966861725,0
2877,0,0.2700147330760956,0
2878,0,0.00047683302545920014,0
2879,1,0.9905920624732971,1
2880,1,0.999948263168335,1
2881,1,0.9842332005500793,1
2882,1,0.9995349645614624,1
2883,1,0.9257359504699707,1
2884,0,0.07860754430294037,0
2885,1,0.9827809929847717,1
2886,0,0.00015356078802142292,0
2887,1,0.8714885711669922,1
2888,1,0.9909760355949402,1
2889,0,0.023859987035393715,0
2890,0,0.1760382056236267,0
2891,0,0.0034623094834387302,0
2892,0,6.113896233728155e-05,0
2893,1,0.9481224417686462,1
2894,1,0.9996789693832397,1
2895,1,0.8042495846748352,1
2896,1,0.999984622001648,1
2897,1,0.9748138785362244,1
2898,1,0.9426736831665039,1
2899,1,0.6158687472343445,1
2900,0,0.0049727666191756725,0
2901,1,0.9986716508865356,1
2902,0,3.759885203180602e-06,0
2903,0,0.04388439282774925,0
2904,1,0.8343674540519714,1
2905,0,0.032991282641887665,0
2906,1,0.9998413324356079,1
2907,1,0.9996875524520874,1
2908,0,0.15299610793590546,0
2909,1,0.9902865886688232,1
2910,0,0.0015185761731117964,0
2911,1,0.9988723397254944,1
2912,0,0.0018676273757591844,0
2913,0,0.023881681263446808,0
2914,1,0.9999598264694214,1
2915,1,0.9998891353607178,1
2916,0,0.004258756525814533,0
2917,1,0.9996641874313354,1
2918,0,0.7949430346488953,1
2919,1,0.9921050071716309,1
2920,0,0.06493883579969406,0
2921,1,0.6517344117164612,1
2922,1,0.9706122875213623,1
2923,1,0.9999749660491943,1
2924,0,0.0006974605494178832,0
2925,0,0.03602990508079529,0
2926,0,0.7190251350402832,1
2927,0,3.272628964623436e-05,0
2928,1,0.9829649329185486,1
2929,1,0.9959715008735657,1
2930,0,0.8335503339767456,1
2931,0,0.09783013164997101,0
2932,0,0.012743154540657997,0
2933,1,0.9999967813491821,1
2934,1,0.9997206330299377,1
2935,0,0.007216614205390215,0
2936,0,0.00020171763026155531,0
2937,1,0.9819561839103699,1
2938,1,0.9034009575843811,1
2939,1,0.9940900206565857,1
2940,0,0.01577506773173809,0
2941,1,0.9990679621696472,1
2942,1,0.9838933944702148,1
2943,0,0.009081796742975712,0
2944,1,0.9127559661865234,1
2945,1,0.0668378472328186,0
2946,0,0.020809238776564598,0
2947,0,0.0017212098464369774,0
2948,0,3.273761421951349e-07,0
2949,1,0.9999951124191284,1
2950,1,0.9938048124313354,1
2951,0,0.002616402693092823,0
2952,0,0.6677021980285645,1
2953,1,0.9657906889915466,1
2954,1,0.9999879598617554,1
2955,1,0.9987163543701172,1
2956,0,2.2904125671630027e-06,0
2957,0,4.704178991232766e-06,0
2958,1,0.9997428059577942,1
2959,0,0.0005604286561720073,0
2960,1,0.9984275102615356,1
2961,0,4.2071062011928007e-07,0
2962,1,0.9992772936820984,1
2963,1,0.979558527469635,1
2964,1,0.9999911785125732,1
2965,1,0.999906063079834,1
2966,1,0.9951153993606567,1
2967,1,0.9999587535858154,1
2968,0,0.2868422567844391,0
2969,1,0.08142469823360443,0
2970,1,0.9999964237213135,1
2971,0,0.1318061798810959,0
2972,1,0.9976481795310974,1
2973,0,0.004900461994111538,0
2974,0,0.007341037038713694,0
2975,1,0.999935507774353,1
2976,1,0.9994215965270996,1
2977,0,0.12491470575332642,0
2978,1,0.9988663196563721,1
2979,1,0.9999834299087524,1
2980,1,0.9999983310699463,1
2981,0,1.7971124179894105e-05,0
2982,1,0.9963930249214172,1
2983,0,0.6870326399803162,1
2984,0,1.611810375834466e-06,0
2985,1,0.999769389629364,1
2986,1,0.999955415725708,1
2987,0,0.0017043411498889327,0
2988,1,0.9944552779197693,1
2989,0,0.0003137079474981874,0
2990,0,8.324179361807182e-05,0
2991,1,0.8535996675491333,1
2992,1,0.9998086094856262,1
2993,1,0.9662113189697266,1
2994,0,0.8244400024414062,1
2995,1,0.9999825954437256,1
2996,0,0.017908159643411636,0
2997,1,0.9985072016716003,1
2998,0,4.441792771103792e-05,0
2999,0,0.0036880802363157272,0
3000,0,0.003985721152275801,0
3001,1,0.9999998807907104,1
3002,0,0.0014932609628885984,0
3003,1,0.9999872446060181,1
3004,0,0.37090516090393066,0
3005,0,4.8450515350850765e-06,0
3006,0,0.0004114050534553826,0
3007,0,0.006949653849005699,0
3008,0,0.0038725000340491533,0
3009,1,0.31618577241897583,0
3010,1,0.9999994039535522,1
3011,0,0.9985947012901306,1
3012,1,0.9989604949951172,1
3013,1,0.9946402907371521,1
3014,1,0.751430869102478,1
3015,0,2.3134907678468153e-05,0
3016,1,0.9692335724830627,1
3017,1,0.9983950257301331,1
3018,0,3.207362169632688e-05,0
3019,1,0.9949382543563843,1
3020,0,0.04225451499223709,0
3021,0,0.7247699499130249,1
3022,1,0.8564801216125488,1
3023,0,0.004223824944347143,0
3024,1,0.971701979637146,1
3025,1,0.9993913173675537,1
3026,1,0.9989768266677856,1
3027,1,0.9720097184181213,1
3028,0,0.2331860214471817,0
3029,1,0.9999939203262329,1
3030,0,0.0011498529929667711,0
3031,0,0.2669207751750946,0
3032,0,0.8718283176422119,1
3033,0,0.00025421552709303796,0
3034,0,0.011863508261740208,0
3035,0,0.24451076984405518,0
3036,1,0.9988672733306885,1
3037,0,0.0003028766659554094,0
3038,0,0.00991885643452406,0
3039,0,0.006751211825758219,0
3040,1,0.9988731741905212,1
3041,0,0.00011706939403666183,0
3042,1,0.9987058639526367,1
3043,0,0.0028060993645340204,0
3044,0,0.00011428236030042171,0
3045,1,0.9994351267814636,1
3046,0,0.0009703101823106408,0
3047,0,0.0002821881789714098,0
3048,0,0.0013275727396830916,0
3049,0,0.0065227714367210865,0
3050,0,0.07643270492553711,0
3051,0,1.5000089206296252e-06,0
3052,1,0.9998165965080261,1
3053,1,0.9980594515800476,1
3054,0,0.0010005806107074022,0
3055,0,0.04430703818798065,0
3056,1,0.9999614953994751,1
3057,0,2.958543336717412e-05,0
3058,0,0.0007222641143016517,0
3059,1,0.9983795881271362,1
3060,1,0.7945030331611633,1
3061,1,0.9978694915771484,1
3062,1,0.999850869178772,1
3063,1,0.9902544617652893,1
3064,0,0.9384638071060181,1
3065,1,0.9999980926513672,1
3066,0,0.0017066142754629254,0
3067,0,5.55926890228875e-05,0
3068,1,0.9972634315490723,1
3069,0,0.004719820339232683,0
3070,0,0.015960147604346275,0
3071,0,6.173401925479993e-05,0
3072,0,0.0026341257616877556,0
3073,1,0.9999797344207764,1
3074,0,6.86000657879049e-06,0
3075,1,0.8685654997825623,1
3076,1,0.9993727803230286,1
3077,1,0.9999921321868896,1
3078,1,0.9913943409919739,1
3079,0,0.0006685742409899831,0
3080,0,0.5201206803321838,1
3081,0,0.2304910123348236,0
3082,1,0.9668492078781128,1
3083,0,0.004702846985310316,0
3084,1,0.9980751276016235,1
3085,1,0.9990636706352234,1
3086,1,0.9978600144386292,1
3087,1,0.9999960660934448,1
3088,0,0.004048930946737528,0
3089,0,0.0019448419334366918,0
3090,1,0.9788170456886292,1
3091,1,0.999642014503479,1
3092,0,0.09084337204694748,0
3093,1,0.9999139308929443,1
3094,1,0.9983362555503845,1
3095,1,0.9993808269500732,1
3096,1,0.9999629259109497,1
3097,0,0.003735297592356801,0
3098,1,0.9968532919883728,1
3099,0,0.012392197735607624,0
3100,1,0.9999940395355225,1
3101,1,0.9699927568435669,1
3102,0,0.2763326168060303,0
3103,0,0.0033645187504589558,0
3104,1,0.9752148389816284,1
3105,1,0.7796235680580139,1
3106,1,0.9999971389770508,1
3107,1,0.9947431087493896,1
3108,0,1.1108982107543852e-06,0
3109,0,0.004239980597048998,0
3110,0,0.062114324420690536,0
3111,1,0.9996163845062256,1
3112,0,0.06798527389764786,0
3113,1,0.9744609594345093,1
3114,1,0.9650871753692627,1
3115,1,0.9996649026870728,1
3116,1,0.9630942940711975,1
3117,0,0.0019983306992799044,0
3118,0,0.07435005903244019,0
3119,0,0.0017307442612946033,0
3120,0,0.0012799984542652965,0
3121,0,0.6202486753463745,1
3122,0,4.89443373226095e-05,0
3123,1,0.9626043438911438,1
3124,0,9.439387213205919e-06,0
3125,1,0.9267071485519409,1
3126,0,2.772743528112187e-06,0
3127,0,0.10005002468824387,0
3128,0,0.007336354348808527,0
3129,0,0.005329568404704332,0
3130,0,1.7826836483436637e-05,0
3131,0,0.0009809111943468451,0
3132,0,0.09538465738296509,0
3133,0,5.9383834013715386e-05,0
3134,1,0.9951171875,1
3135,0,0.0060188500210642815,0
3136,1,0.9965708255767822,1
3137,0,0.01855231635272503,0
3138,1,0.9999992847442627,1
3139,0,0.001845803577452898,0
3140,0,0.10666926205158234,0
3141,0,0.9493370652198792,1
3142,0,0.0038965821731835604,0
3143,0,0.0008317588362842798,0
3144,0,0.042714718729257584,0
3145,1,0.9998760223388672,1
3146,1,0.9964050054550171,1
3147,0,0.09560210257768631,0
3148,1,0.9999978542327881,1
3149,0,1.3214214050094597e-05,0
3150,0,0.05550386384129524,0
3151,1,0.9970134496688843,1
3152,1,0.9961646795272827,1
3153,0,3.276432209986524e-07,0
3154,0,0.46549123525619507,0
3155,1,0.8670569062232971,1
3156,1,0.9981502294540405,1
3157,0,0.01062390860170126,0
3158,1,0.9999411106109619,1
3159,0,7.016848826424393e-07,0
3160,1,0.9668679237365723,1
3161,0,0.00016028776008170098,0
3162,0,0.0019765000324696302,0
3163,0,0.0002651766990311444,0
3164,0,0.007052138913422823,0
3165,1,0.8386451005935669,1
3166,1,0.9999097585678101,1
3167,1,0.9999988079071045,1
3168,0,0.443390429019928,0
3169,0,0.14234143495559692,0
3170,1,0.999916672706604,1
3171,1,0.9993019104003906,1
3172,0,0.0930861383676529,0
3173,0,0.10922443866729736,0
3174,0,0.30576208233833313,0
3175,0,0.049807529896497726,0
3176,0,0.0016021354822441936,0
3177,1,0.998865008354187,1
3178,0,0.5502453446388245,1
3179,0,0.06221996992826462,0
3180,0,0.24162279069423676,0
3181,0,8.577994776715059e-06,0
3182,1,0.9999009370803833,1
3183,0,0.00011279909813310951,0
3184,0,0.0022961085196584463,0
3185,1,0.9703742861747742,1
3186,0,0.34284913539886475,0
3187,1,0.9999898672103882,1
3188,1,0.9987867474555969,1
3189,1,0.9415687322616577,1
3190,1,0.9980113506317139,1
3191,1,0.9934264421463013,1
3192,0,0.021637149155139923,0
3193,0,0.1670418679714203,0
3194,1,0.9935252666473389,1
3195,1,0.9291316866874695,1
3196,0,0.01620255410671234,0
3197,0,0.1316656470298767,0
3198,1,0.9854314923286438,1
3199,0,0.0007766204071231186,0
3200,0,0.0006664122920483351,0
3201,0,1.2318200788286049e-06,0
3202,1,0.9937275648117065,1
3203,1,0.998052716255188,1
3204,0,0.006200727540999651,0
3205,0,0.009577144868671894,0
3206,0,0.07262517511844635,0
3207,1,0.9855653643608093,1
3208,1,0.9854304790496826,1
3209,0,0.0003388953919056803,0
3210,1,0.9916974306106567,1
3211,1,0.6107439398765564,1
3212,1,0.9999468326568604,1
3213,1,0.9999867677688599,1
3214,0,0.025075620040297508,0
3215,1,0.9998716115951538,1
3216,0,2.9362485292949714e-05,0
3217,0,8.07971809990704e-05,0
3218,1,0.9998536109924316,1
3219,0,0.0008682924089953303,0
3220,1,0.9792388081550598,1
3221,0,0.346059113740921,0
3222,1,0.9315470457077026,1
3223,0,4.601663022185676e-06,0
3224,0,0.9826087951660156,1
3225,1,0.469486802816391,0
3226,1,0.9999995231628418,1
3227,1,0.9999988079071045,1
3228,0,0.004330622032284737,0
3229,0,0.0019424379570409656,0
3230,1,0.9921756386756897,1
3231,0,0.0008322162902913988,0
3232,1,0.9992133378982544,1
3233,0,0.0006271955207921565,0
3234,0,0.12543486058712006,0
3235,0,0.01430427934974432,0
3236,0,5.119198704051087e-06,0
3237,1,0.999489426612854,1
3238,1,0.9998693466186523,1
3239,1,0.9999436140060425,1
3240,1,0.9999805688858032,1
3241,0,2.398708602413535e-05,0
3242,0,0.6836934685707092,1
3243,0,0.1688338816165924,0
3244,1,0.9980155229568481,1
3245,0,4.441979399416596e-05,0
3246,0,0.0009528242517262697,0
3247,1,0.995434582233429,1
3248,1,0.9999295473098755,1
3249,0,0.0007282019942067564,0
3250,0,0.0031215292401611805,0
3251,1,0.9999935626983643,1
3252,0,0.9732479453086853,1
3253,1,0.999870777130127,1
3254,1,0.999426007270813,1
3255,1,0.9971461892127991,1
3256,1,0.9159942865371704,1
3257,0,0.0003486431669443846,0
3258,0,0.3551960289478302,0
3259,1,0.9974302649497986,1
3260,0,0.06466464698314667,0
3261,0,0.13187861442565918,0
3262,0,0.05388287827372551,0
3263,0,0.005080815404653549,0
3264,0,1.4122294487606268e-05,0
3265,0,0.00012922922906000167,0
3266,0,0.006421743426471949,0
3267,0,0.005012970883399248,0
3268,0,0.00044566005817614496,0
3269,1,0.9861359596252441,1
3270,0,0.0027392986230552197,0
3271,0,0.9731056094169617,1
3272,0,0.0015318969963118434,0
3273,0,0.0005556364194490016,0
3274,1,0.9999797344207764,1
3275,0,0.8920839428901672,1
3276,0,0.00035786116495728493,0
3277,0,0.00011019731755368412,0
3278,1,0.9999974966049194,1
3279,0,6.003477028571069e-05,0
3280,1,0.9999910593032837,1
3281,0,0.003256852040067315,0
3282,1,0.9994908571243286,1
3283,0,0.000779229449108243,0
3284,0,0.0007977939094416797,0
3285,0,0.0011693882988765836,0
3286,0,2.347282816117513e-06,0
3287,1,0.9997437596321106,1
3288,0,0.8830546736717224,1
3289,0,0.01649560034275055,0
3290,0,0.0013527850387617946,0
3291,1,0.9997827410697937,1
3292,0,0.10789213329553604,0
3293,1,0.9998288154602051,1
3294,1,0.9874420762062073,1
3295,1,0.9999951124191284,1
3296,1,0.9999675750732422,1
3297,0,0.002227926393970847,0
3298,0,0.0005571218207478523,0
3299,1,0.99861741065979,1
3300,0,0.0006202931399457157,0
3301,0,8.257327135652304e-05,0
3302,1,0.8296644687652588,1
3303,0,0.0011041504330933094,0
3304,0,1.261376564798411e-05,0
3305,0,0.00033945366158150136,0
3306,1,0.9999994039535522,1
3307,1,0.34837597608566284,0
3308,0,0.004064885433763266,0
3309,1,0.9998047947883606,1
3310,1,0.9999977350234985,1
3311,1,0.9999616146087646,1
3312,1,0.9997077584266663,1
3313,0,0.007795074954628944,0
3314,1,0.06650173664093018,0
3315,0,2.2919572074897587e-05,0
3316,1,0.9996243715286255,1
3317,1,0.9935606718063354,1
3318,0,0.007833887822926044,0
3319,0,0.0011633581016212702,0
3320,0,0.006620860192924738,0
3321,0,0.6747886538505554,1
3322,0,0.00025101465871557593,0
3323,1,0.9956211447715759,1
3324,1,0.14553067088127136,0
3325,0,0.0014487174339592457,0
3326,0,0.008355597034096718,0
3327,0,0.04998290166258812,0
3328,1,0.9998434782028198,1
3329,0,0.1717654913663864,0
3330,0,0.0005014994530938566,0
3331,1,0.9985163807868958,1
3332,1,0.7423056364059448,1
3333,1,0.9520247578620911,1
3334,1,0.9993448853492737,1
3335,1,0.9129961729049683,1
3336,0,0.00012054982653353363,0
3337,1,0.9620010852813721,1
3338,0,0.0026530001778155565,0
3339,1,0.9998793601989746,1
3340,0,0.013416546396911144,0
3341,0,0.0020314075518399477,0
3342,0,0.049958083778619766,0
3343,1,0.9996525049209595,1
3344,1,0.5038416981697083,1
3345,1,0.33084964752197266,0
3346,0,0.006126281339675188,0
3347,0,0.0006155011942610145,0
3348,0,0.00019265300943516195,0
3349,1,0.9982841610908508,1
3350,1,0.9959198236465454,1
3351,1,0.9963790774345398,1
3352,1,0.9999282360076904,1
3353,1,0.9960642457008362,1
3354,0,0.011758200824260712,0
3355,0,0.13543511927127838,0
3356,1,0.9999526739120483,1
3357,1,0.9969403743743896,1
3358,0,0.770025372505188,1
3359,1,0.9989213943481445,1
3360,0,0.0008322146604768932,0
3361,0,3.486828791210428e-05,0
3362,1,0.9997665286064148,1
3363,1,0.9998270869255066,1
3364,0,0.6804977059364319,1
3365,0,0.12795047461986542,0
3366,1,0.9201003313064575,1
3367,0,0.38016965985298157,0
3368,0,0.0013299088459461927,0
3369,0,0.0005795907345600426,0
3370,0,0.42315346002578735,0
3371,0,0.002620422514155507,0
3372,0,0.012986897490918636,0
3373,1,0.9477651715278625,1
3374,1,0.9999936819076538,1
3375,1,0.9999819993972778,1
3376,1,0.9702138900756836,1
3377,1,0.9713146090507507,1
3378,1,0.9850884079933167,1
3379,0,0.021288692951202393,0
3380,0,0.8844832181930542,1
3381,1,0.9996040463447571,1
3382,1,0.9874665141105652,1
3383,0,0.00028669522725977004,0
3384,1,0.9943146109580994,1
3385,1,0.9999622106552124,1
3386,0,0.035477519035339355,0
3387,1,0.9691614508628845,1
3388,0,0.0019931148272007704,0
3389,0,0.0002403676917310804,0
3390,0,0.02344651147723198,0
3391,1,0.9985632300376892,1
3392,0,0.9400089383125305,1
3393,0,3.409489863770432e-06,0
3394,1,0.9999997615814209,1
3395,0,0.0006034073885530233,0
3396,0,3.2113010092871264e-05,0
3397,0,0.031876444816589355,0
3398,1,0.4312576353549957,0
3399,1,0.9585709571838379,1
3400,0,3.63929575541988e-05,0
3401,1,0.99994957447052,1
3402,1,0.9973651766777039,1
3403,0,0.3382359445095062,0
3404,1,0.9979640245437622,1
3405,0,0.0005412459722720087,0
3406,1,0.9998400211334229,1
3407,1,0.981015682220459,1
3408,1,0.9998835325241089,1
3409,0,0.0210855845361948,0
3410,1,0.9274999499320984,1
3411,0,0.022300679236650467,0
3412,0,5.2885967306792736e-05,0
3413,0,5.027832230553031e-05,0
3414,1,0.9994161128997803,1
3415,1,0.9983575940132141,1
3416,1,0.9705544710159302,1
3417,0,0.9988100528717041,1
3418,0,0.06973054260015488,0
3419,0,0.2450024038553238,0
3420,0,7.146786811063066e-05,0
3421,0,0.0025998384226113558,0
3422,0,1.2738222494590445e-06,0
3423,1,0.9998869895935059,1
3424,1,0.013060681521892548,0
3425,0,2.3345948818587203e-07,0
3426,1,0.9991288781166077,1
3427,1,0.8128402233123779,1
3428,1,0.9977819323539734,1
3429,1,0.9920951724052429,1
3430,0,0.00038533724728040397,0
3431,1,0.9992976188659668,1
3432,1,0.9999251365661621,1
3433,0,0.007008754648268223,0
3434,0,7.93607541709207e-05,0
3435,0,0.2554388642311096,0
3436,0,0.0008424199768342078,0
3437,1,0.9951569437980652,1
3438,0,0.19946083426475525,0
3439,1,0.9951900243759155,1
3440,0,0.0007380275055766106,0
3441,1,0.905788242816925,1
3442,1,0.857848048210144,1
3443,1,0.8682422041893005,1
3444,0,0.10032380372285843,0
3445,1,0.6818777918815613,1
3446,1,0.9999246597290039,1
3447,1,0.9996767044067383,1
3448,1,0.999998927116394,1
3449,0,0.5612925887107849,1
3450,1,0.9999984502792358,1
3451,1,0.9897230863571167,1
3452,0,0.003687376156449318,0
3453,0,0.046607065945863724,0
3454,0,0.03126269206404686,0
3455,0,2.4147013391484506e-05,0
3456,1,0.9999995231628418,1
3457,0,0.27754104137420654,0
3458,0,0.002088073408231139,0
3459,1,0.8904839158058167,1
3460,0,0.013453849591314793,0
3461,1,0.17827744781970978,0
3462,1,0.9988341927528381,1
3463,1,0.9995995163917542,1
3464,1,0.9099845290184021,1
3465,1,0.9983729124069214,1
3466,1,0.9997116923332214,1
3467,0,0.0023818949703127146,0
3468,0,0.010107080452144146,0
3469,0,0.7636042833328247,1
3470,0,0.012521605007350445,0
3471,1,0.9998797178268433,1
3472,1,0.5857930779457092,1
3473,0,0.006895666476339102,0
3474,0,0.05286940187215805,0
3475,0,0.005462249740958214,0
3476,0,0.21743470430374146,0
3477,0,0.0028268166352063417,0
3478,1,0.9952877759933472,1
3479,0,0.0073698400519788265,0
3480,0,0.948239266872406,1
3481,0,0.008489738218486309,0
3482,1,0.9999819993972778,1
3483,0,2.4491469048371073e-06,0
3484,0,0.007359538692981005,0
3485,1,0.5761522054672241,1
3486,0,0.00011457107029855251,0
3487,0,0.0050920769572257996,0
3488,0,0.005295930430293083,0
3489,0,2.011484139075037e-05,0
3490,0,0.0008507848833687603,0
3491,0,0.008457123301923275,0
3492,1,0.9999982118606567,1
3493,1,0.9999289512634277,1
3494,0,0.01461512129753828,0
3495,1,0.9027908444404602,1
3496,0,0.01619688980281353,0
3497,0,0.15730443596839905,0
3498,1,0.8989976048469543,1
3499,0,0.0038373677525669336,0
3500,1,0.999010443687439,1
3501,0,5.5263331887545064e-05,0
3502,0,0.013110846281051636,0
3503,1,0.9999996423721313,1
3504,1,0.9831734299659729,1
3505,0,2.6712465114542283e-05,0
3506,0,0.00036478336551226676,0
3507,0,0.06939191371202469,0
3508,1,0.9963984489440918,1
3509,0,1.7837149357546878e-07,0
3510,1,0.9994840621948242,1
3511,0,9.306806168751791e-05,0
3512,1,0.9999761581420898,1
3513,1,0.9981023669242859,1
3514,1,0.9998669624328613,1
3515,1,0.9972754120826721,1
3516,0,6.743984704371542e-05,0
3517,0,0.0002756121102720499,0
3518,1,0.9629877209663391,1
3519,1,0.9999829530715942,1
3520,0,0.001183427986688912,0
3521,1,0.9992183446884155,1
3522,0,0.00042923344881273806,0
3523,1,0.9999992847442627,1
3524,1,0.9999901056289673,1
3525,0,0.0019820265006273985,0
3526,1,0.9983854293823242,1
3527,0,8.145863102981821e-05,0
3528,0,0.022395756095647812,0
3529,1,0.9988343119621277,1
3530,0,6.644883796980139e-06,0
3531,1,0.9897602200508118,1
3532,1,0.9999995231628418,1
3533,1,0.9975466132164001,1
3534,1,0.9999709129333496,1
3535,0,0.00033512094523757696,0
3536,0,1.6271531421807595e-05,0
3537,0,9.476268314756453e-05,0
3538,1,0.9997956156730652,1
3539,0,0.6922280788421631,1
3540,1,0.9991711378097534,1
3541,0,0.00026323480415157974,0
3542,0,0.08139429241418839,0
3543,1,0.79496830701828,1
3544,0,0.0016006029909476638,0
3545,0,2.636785666254582e-06,0
3546,0,2.1286670744302683e-05,0
3547,0,0.02383650466799736,0
3548,0,1.1484889000712428e-05,0
3549,0,3.0742726266907994e-06,0
3550,1,0.9812914133071899,1
3551,0,0.20712284743785858,0
3552,0,0.004144035279750824,0
3553,0,0.4440920650959015,0
3554,1,0.9993880987167358,1
3555,0,5.311459972290322e-06,0
3556,1,0.9959931373596191,1
3557,0,0.00019048595277126878,0
3558,0,1.3470622434397228e-05,0
3559,0,0.8683326840400696,1
3560,1,0.9999831914901733,1
3561,0,0.035470135509967804,0
3562,1,0.010397372767329216,0
3563,0,0.00033106107730418444,0
3564,0,0.008192755281925201,0
3565,0,0.00022816445562057197,0
3566,1,0.9723954796791077,1
3567,1,0.9999973773956299,1
3568,1,0.03496386483311653,0
3569,0,8.494078065268695e-05,0
3570,0,0.21028922498226166,0
3571,1,0.6172647476196289,1
3572,0,0.0011091099586337805,0
3573,0,9.629247870179825e-07,0
3574,0,0.001615289133042097,0
3575,1,0.923226535320282,1
3576,0,0.001044310862198472,0
3577,0,0.00527292862534523,0
3578,1,0.35748815536499023,0
3579,1,0.9989556074142456,1
3580,1,0.9950780868530273,1
3581,0,0.0007286685286089778,0
3582,1,0.9620881080627441,1
3583,0,0.005697030108422041,0
3584,0,0.571133017539978,1
3585,0,0.037207819521427155,0
3586,1,0.9906801581382751,1
3587,0,0.0052160220220685005,0
3588,0,0.44206976890563965,0
3589,1,0.6702293753623962,1
3590,1,0.9994418025016785,1
3591,1,0.9622073173522949,1
3592,0,0.0055139996111392975,0
3593,0,0.001339269569143653,0
3594,1,0.9999728202819824,1
3595,1,0.956867516040802,1
3596,0,0.9031363129615784,1
3597,0,0.0038548270240426064,0
3598,0,0.0007008213433437049,0
3599,1,0.6775617003440857,1
3600,1,0.9999535083770752,1
3601,1,0.4183714985847473,0
3602,0,0.01219828613102436,0
3603,1,0.9619763493537903,1
3604,1,0.9999945163726807,1
3605,1,0.999347984790802,1
3606,1,0.9999536275863647,1
3607,1,0.9996169805526733,1
3608,0,0.004120936151593924,0
3609,0,3.498579826555215e-05,0
3610,0,0.0032969333697110415,0
3611,0,0.41862693428993225,0
3612,1,0.9999709129333496,1
3613,1,0.9999771118164062,1
3614,1,0.9998248219490051,1
3615,0,0.630338728427887,1
3616,1,0.03638753294944763,0
3617,0,5.7173333516402636e-06,0
3618,0,0.4323320984840393,0
3619,1,0.9988698363304138,1
3620,1,0.9988256096839905,1
3621,1,0.981558620929718,1
3622,1,0.9999886751174927,1
3623,1,0.1918659806251526,0
3624,1,0.9997175335884094,1
3625,0,0.043471429497003555,0
3626,1,0.9994454979896545,1
3627,0,0.0009493401157669723,0
3628,1,0.9411690831184387,1
3629,1,0.7947967648506165,1
3630,1,0.9871659874916077,1
3631,0,0.01117180846631527,0
3632,1,0.9895666837692261,1
3633,0,0.0027636096347123384,0
3634,1,0.8291927576065063,1
3635,1,0.9900612831115723,1
3636,0,0.3163999021053314,0
3637,0,0.002283144276589155,0
3638,1,0.996654748916626,1
3639,0,2.917644678746001e-06,0
3640,1,0.9927767515182495,1
3641,0,6.521801697090268e-05,0
3642,0,0.17625541985034943,0
3643,0,0.002420341596007347,0
3644,0,0.22807064652442932,0
3645,0,0.0009981018956750631,0
3646,0,0.0005533308140002191,0
3647,1,0.12524168193340302,0
3648,0,0.012188969179987907,0
3649,0,0.023149793967604637,0
3650,1,0.6789636015892029,1
3651,1,0.9999971389770508,1
3652,0,0.0008444137638434768,0
3653,0,0.001380469766445458,0
3654,1,0.9999774694442749,1
3655,0,0.0003470404481049627,0
3656,0,0.00034656122443266213,0
3657,0,0.001363942283205688,0
3658,0,0.00382096110843122,0
3659,1,0.8849623203277588,1
3660,1,0.9999842643737793,1
3661,0,0.021111000329256058,0
3662,0,0.20267221331596375,0
3663,0,9.297609722125344e-06,0
3664,1,0.27673664689064026,0
3665,1,0.9947060942649841,1
3666,1,0.800451397895813,1
3667,1,0.9956262111663818,1
3668,1,0.9999434947967529,1
3669,1,0.9810262322425842,1
3670,1,0.9999983310699463,1
3671,1,0.13644810020923615,0
3672,1,0.8998779058456421,1
3673,1,0.9838252663612366,1
3674,0,7.37750087864697e-05,0
3675,1,0.9999971389770508,1
3676,1,0.9999898672103882,1
3677,1,0.9978918433189392,1
3678,1,0.998434841632843,1
3679,1,0.999657154083252,1
3680,0,0.0010874128201976418,0
3681,0,0.0014355622697621584,0
3682,0,0.0030284065287560225,0
3683,1,0.991186797618866,1
3684,0,0.0007603919948451221,0
3685,1,0.9996949434280396,1
3686,0,0.000920470105484128,0
3687,0,0.014021863229572773,0
3688,1,0.7149412035942078,1
3689,1,0.9992490410804749,1
3690,0,0.00023156515089794993,0
3691,1,0.9988553524017334,1
3692,0,0.014424454420804977,0
3693,0,0.0007667764439247549,0
3694,0,0.04973931610584259,0
3695,0,0.430083304643631,0
3696,0,0.053186673671007156,0
3697,1,0.9994483590126038,1
3698,1,0.9085900187492371,1
3699,0,0.024484774097800255,0
3700,1,0.9999384880065918,1
3701,1,0.9992974996566772,1
3702,1,0.9975904226303101,1
3703,0,0.0012181468773633242,0
3704,0,1.6088141308046033e-07,0
3705,0,0.004152247216552496,0
3706,1,0.9879608750343323,1
3707,1,0.9787890911102295,1
3708,0,0.01534320879727602,0
3709,1,0.9971892237663269,1
3710,0,0.021309737116098404,0
3711,0,0.4876873791217804,0
3712,0,0.009941110387444496,0
3713,1,0.999985933303833,1
3714,1,0.9999116659164429,1
3715,1,0.977787971496582,1
3716,0,0.00010967819980578497,0
3717,1,0.9999936819076538,1
3718,1,0.9992488026618958,1
3719,1,0.9999384880065918,1
3720,1,0.9831716418266296,1
3721,1,0.9973863959312439,1
3722,0,0.0009287360589951277,0
3723,1,0.3136586844921112,0
3724,1,0.9999951124191284,1
3725,1,0.9891202449798584,1
3726,1,0.9918239712715149,1
3727,1,0.9869092106819153,1
3728,1,0.9903857707977295,1
3729,1,0.9758584499359131,1
3730,1,0.9996376037597656,1
3731,0,0.0010116285411641002,0
3732,1,0.9935711622238159,1
3733,0,0.000831536075565964,0
3734,1,0.9961510896682739,1
3735,1,0.36747637391090393,0
3736,0,0.002632817951962352,0
3737,1,0.7900704741477966,1
3738,0,0.0026432827580720186,0
3739,0,0.0010166066931560636,0
3740,1,0.6609339714050293,1
3741,1,0.014993557706475258,0
3742,1,0.9998584985733032,1
3743,1,0.9999873638153076,1
3744,1,0.9883026480674744,1
3745,1,0.7147327661514282,1
3746,1,0.9975693821907043,1
3747,1,0.99993896484375,1
3748,1,0.36442145705223083,0
3749,0,0.03758712857961655,0
3750,0,0.004615848883986473,0
3751,1,0.999488353729248,1
3752,1,0.8926573991775513,1
3753,1,0.7689463496208191,1
3754,0,4.891090611636173e-06,0
3755,1,0.9941014647483826,1
3756,0,0.006883683148771524,0
3757,0,7.956397894304246e-05,0
3758,0,0.022584285587072372,0
3759,1,0.9999972581863403,1
3760,0,0.0009492053650319576,0
3761,0,0.000396566727431491,0
3762,0,0.018791325390338898,0
3763,0,0.027572935447096825,0
3764,0,0.08257865160703659,0
3765,0,6.950937677174807e-05,0
3766,1,0.9999667406082153,1
3767,0,0.8294054269790649,1
3768,0,0.0680430456995964,0
3769,1,0.9985116124153137,1
3770,1,0.9992836117744446,1
3771,1,0.7412849068641663,1
3772,0,0.0003515015996526927,0
3773,0,0.0019956869073212147,0
3774,0,0.00022732128854840994,0
3775,1,0.9999899864196777,1
3776,1,0.994278073310852,1
3777,1,0.9999935626983643,1
3778,0,0.035842571407556534,0
3779,0,4.6463412672892446e-07,0
3780,0,1.629606595088262e-05,0
3781,0,0.004744699690490961,0
3782,0,0.2060013711452484,0
3783,1,0.9823087453842163,1
3784,0,0.0008944084984250367,0
3785,1,0.9988922476768494,1
3786,1,0.9988718628883362,1
3787,1,0.9977669715881348,1
3788,0,0.002269999822601676,0
3789,0,0.4071236252784729,0
3790,1,0.9962584972381592,1
3791,1,0.9901418089866638,1
3792,0,0.00869495328515768,0
3793,1,0.9999991655349731,1
3794,0,0.0006172962603159249,0
3795,0,2.418549956928473e-05,0
3796,0,0.002001675311475992,0
3797,0,0.051884520798921585,0
3798,1,0.9756566286087036,1
3799,1,0.3607078790664673,0
3800,1,0.9966471791267395,1
3801,0,0.0069513521157205105,0
3802,0,0.006607482209801674,0
3803,0,0.00016637206135783345,0
3804,0,0.000113054302346427,0
3805,1,0.9999637603759766,1
3806,1,0.9977191090583801,1
3807,1,0.5652247071266174,1
3808,1,0.35974836349487305,0
3809,0,0.989408016204834,1
3810,1,0.9984830021858215,1
3811,1,0.1175437867641449,0
3812,0,0.1533777117729187,0
3813,0,0.0009074074332602322,0
3814,0,6.476948755107514e-08,0
3815,0,0.025375468656420708,0
3816,0,0.0001800486061256379,0
3817,1,0.9998403787612915,1
3818,0,0.26576653122901917,0
3819,1,0.7167672514915466,1
3820,0,0.024995476007461548,0
3821,1,0.9996399879455566,1
3822,1,0.9999992847442627,1
3823,0,1.6230353139690123e-05,0
3824,0,2.2883599740453064e-05,0
3825,1,0.9671653509140015,1
3826,1,0.9999134540557861,1
3827,1,0.9996232986450195,1
3828,1,0.9964863061904907,1
3829,1,0.9999998807907104,1
3830,1,0.9560315608978271,1
3831,1,0.9908338189125061,1
3832,0,3.987189847975969e-05,0
3833,1,0.9501788020133972,1
3834,1,0.9999200105667114,1
3835,0,0.8084530830383301,1
3836,0,0.00031937769381329417,0
3837,1,0.9994341731071472,1
3838,1,0.48786020278930664,0
3839,1,0.9421541690826416,1
3840,1,0.9994012117385864,1
3841,0,0.00013710286293644458,0
3842,0,0.10802249610424042,0
3843,1,0.9959461092948914,1
3844,0,0.0006744559505023062,0
3845,0,0.4123774766921997,0
3846,1,0.39624693989753723,0
3847,1,0.9971944093704224,1
3848,0,0.04457463324069977,0
3849,1,0.9999200105667114,1
3850,1,0.8163545727729797,1
3851,1,0.9999325275421143,1
3852,0,0.001637107226997614,0
3853,1,0.9996211528778076,1
3854,1,0.9999195337295532,1
3855,0,0.7680806517601013,1
3856,1,0.9886852502822876,1
3857,1,0.996195912361145,1
3858,0,8.022912879823707e-06,0
3859,1,0.6990319490432739,1
3860,0,0.001743232598528266,0
3861,0,0.002769766841083765,0
3862,1,0.9355456233024597,1
3863,1,0.9991286396980286,1
3864,1,0.8112028241157532,1
3865,0,0.10642917454242706,0
3866,1,0.8983639478683472,1
3867,0,0.004529600962996483,0
3868,1,0.9996975660324097,1
3869,1,0.9938647150993347,1
3870,1,0.9997028708457947,1
3871,1,0.9999948740005493,1
3872,1,0.33468905091285706,0
3873,0,1.0199106554864557e-06,0
3874,1,0.9999297857284546,1
3875,0,0.006033238954842091,0
3876,0,1.5368801541626453e-05,0
3877,1,0.999408483505249,1
3878,1,0.9999759197235107,1
3879,0,0.035548754036426544,0
3880,1,0.9826489686965942,1
3881,0,0.0015351432375609875,0
3882,1,0.9997802376747131,1
3883,1,0.999963641166687,1
3884,0,0.0008851632592268288,0
3885,0,0.4888514578342438,0
3886,1,0.999650239944458,1
3887,0,0.00023595060338266194,0
3888,0,0.02306062914431095,0
3889,0,0.00047180987894535065,0
3890,0,0.023174531757831573,0
3891,0,5.921161118749296e-06,0
3892,0,0.0014232498360797763,0
3893,0,0.9677956700325012,1
3894,1,0.05876394733786583,0
3895,0,0.0006381000857800245,0
3896,1,0.9999972581863403,1
3897,1,0.9793301224708557,1
3898,1,0.9999885559082031,1
3899,0,0.0010524833342060447,0
3900,1,0.9995755553245544,1
3901,1,0.9999985694885254,1
3902,1,0.999923586845398,1
3903,0,2.8084473342460115e-06,0
3904,0,0.0040025110356509686,0
3905,1,0.9976629018783569,1
3906,1,0.9694206118583679,1
3907,0,0.004084751475602388,0
3908,1,0.9043564796447754,1
3909,0,1.4387924238690175e-06,0
3910,0,4.6769389882683754e-05,0
3911,1,0.9945641756057739,1
3912,1,0.8801973462104797,1
3913,0,0.00949421152472496,0
3914,0,0.0037231710739433765,0
3915,1,0.9971305727958679,1
3916,0,0.004699415992945433,0
3917,0,0.0033899329137057066,0
3918,0,0.015027876943349838,0
3919,0,0.3484368622303009,0
3920,0,6.681210606984678e-08,0
3921,0,4.342141892266227e-06,0
3922,1,0.7222902774810791,1
3923,0,0.0048194145783782005,0
3924,0,6.446832117035228e-07,0
3925,0,0.03460949286818504,0
3926,1,0.9990757703781128,1
3927,1,0.9664754867553711,1
3928,0,0.050734374672174454,0
3929,0,0.0017926882719621062,0
3930,0,6.939837362551771e-07,0
3931,0,0.13943369686603546,0
3932,0,0.25945737957954407,0
3933,1,0.5613394379615784,1
3934,1,0.6500623822212219,1
3935,1,0.9999740123748779,1
3936,0,1.3695615734832245e-06,0
3937,1,0.907806932926178,1
3938,0,0.0011825822293758392,0
3939,1,0.9775660037994385,1
3940,0,0.00023245421471074224,0
3941,1,0.9856134057044983,1
3942,0,0.0026108727324754,0
3943,0,0.6536957025527954,1
3944,0,0.06548013538122177,0
3945,0,0.06547626852989197,0
3946,0,0.02585441619157791,0
3947,1,0.036744438111782074,0
3948,0,0.006784914061427116,0
3949,1,0.9999998807907104,1
3950,1,0.9999967813491821,1
3951,0,0.9844498038291931,1
3952,1,0.999987006187439,1
3953,0,3.997565272584325e-06,0
3954,0,0.00033548634382896125,0
3955,0,0.12000765651464462,0
3956,0,0.11787727475166321,0
3957,1,0.9999966621398926,1
3958,1,0.9915487170219421,1
3959,1,0.37975478172302246,0
3960,1,0.8741615414619446,1
3961,1,0.9999383687973022,1
3962,1,0.9820253849029541,1
3963,0,0.9056858420372009,1
3964,0,1.2119893426643102e-06,0
3965,1,0.9999995231628418,1
3966,1,0.7914184331893921,1
3967,0,0.0026008228305727243,0
3968,0,0.09500350058078766,0
3969,1,0.8001394867897034,1
3970,0,0.03786442056298256,0
3971,1,0.9992856383323669,1
3972,1,0.8600329160690308,1
3973,0,0.0016672838246449828,0
3974,1,0.9999997615814209,1
3975,0,3.4935797543766967e-07,0
3976,1,0.9999197721481323,1
3977,1,0.9974326491355896,1
3978,0,0.6516295075416565,1
3979,0,0.32844796776771545,0
3980,1,0.9998435974121094,1
3981,1,0.9987462759017944,1
3982,0,0.23081587255001068,0
3983,0,0.00048764070379547775,0
3984,1,0.9940371513366699,1
3985,1,0.9993829727172852,1
3986,1,0.989909291267395,1
3987,1,0.997052788734436,1
3988,1,0.9993425011634827,1
3989,0,2.460811629134696e-05,0
3990,0,0.0217222161591053,0
3991,1,0.9994339346885681,1
3992,1,0.9998488426208496,1
3993,1,0.9929176568984985,1
3994,1,0.9995076656341553,1
3995,1,0.999914288520813,1
3996,1,0.9880937933921814,1
3997,1,0.9973275661468506,1
3998,0,0.025093989446759224,0
3999,0,0.000560653570573777,0
4000,1,0.99997878074646,1
4001,0,0.08756263554096222,0
4002,1,0.2840314507484436,0
4003,0,0.0009191515855491161,0
4004,1,0.9999997615814209,1
4005,0,0.3448237180709839,0
4006,1,0.9997822642326355,1
4007,1,0.9434880614280701,1
4008,0,0.0002557041880208999,0
4009,0,4.864524726144737e-06,0
4010,0,0.0001237030082847923,0
4011,0,3.0416220397455618e-05,0
4012,0,5.123320534039522e-06,0
4013,0,0.0007083281525410712,0
4014,0,0.9712981581687927,1
4015,0,0.008242912590503693,0
4016,0,0.015269836410880089,0
4017,1,0.9981397390365601,1
4018,0,0.00512706721201539,0
4019,1,0.9995019435882568,1
4020,1,0.9842109680175781,1
4021,1,0.9963762164115906,1
4022,1,0.998444139957428,1
4023,0,0.0009230090654455125,0
4024,1,0.9936307072639465,1
4025,1,0.9999990463256836,1
4026,0,0.0021429199259728193,0
4027,0,0.0050834245048463345,0
4028,1,0.991828441619873,1
4029,0,8.528385660611093e-05,0
4030,0,5.139974291523686e-06,0
4031,0,0.0010304403258487582,0
4032,0,0.09445797652006149,0
4033,1,0.9610370397567749,1
4034,0,2.4529275833629072e-05,0
4035,0,0.0025921675842255354,0
4036,1,0.9631378650665283,1
4037,1,0.9989414811134338,1
4038,0,0.03234056383371353,0
4039,0,0.18666115403175354,0
4040,0,0.06937459111213684,0
4041,1,0.37099334597587585,0
4042,1,0.999846339225769,1
4043,1,0.9913451671600342,1
4044,1,0.9961559176445007,1
4045,1,0.9970088601112366,1
4046,0,1.2571845218189992e-06,0
4047,0,0.006957506760954857,0
4048,0,3.9636047404201236e-06,0
4049,1,0.9999622106552124,1
4050,1,0.9951022863388062,1
4051,1,0.702025830745697,1
4052,1,0.5015013217926025,1
4053,1,1.0,1
4054,0,0.00012100069579901174,0
4055,0,0.0003055603301618248,0
4056,1,1.0,1
4057,0,7.5990160439687315e-06,0
4058,0,0.00042839747038669884,0
4059,0,0.00046493293484672904,0
4060,1,0.9998082518577576,1
4061,0,0.0001249710185220465,0
4062,1,0.8282681703567505,1
4063,1,0.9999502897262573,1
4064,0,0.001136976177804172,0
4065,1,0.8642760515213013,1
4066,0,0.004294911399483681,0
4067,0,0.007751578465104103,0
4068,0,0.022219780832529068,0
4069,1,0.933946430683136,1
4070,0,0.004048519302159548,0
4071,0,0.0004224846779834479,0
4072,0,0.0001919042697409168,0
4073,1,0.9597357511520386,1
4074,0,3.585377271519974e-05,0
4075,1,0.37384727597236633,0
4076,1,0.9967440366744995,1
4077,1,0.9739325046539307,1
4078,1,0.9999525547027588,1
4079,0,0.9906672835350037,1
4080,0,7.552056558779441e-06,0
4081,0,0.0011370633728802204,0
4082,0,0.002562577836215496,0
4083,1,0.9999974966049194,1
4084,1,0.4669589698314667,0
4085,0,0.01436726376414299,0
4086,0,0.0054059382528066635,0
4087,0,0.00033030606573447585,0
4088,1,0.9999642372131348,1
4089,0,0.014656512066721916,0
4090,0,0.02372416853904724,0
4091,0,0.0016503020888194442,0
4092,0,0.003013306064531207,0
4093,1,0.9851090908050537,1
4094,1,0.9970556497573853,1
4095,1,0.995081901550293,1
4096,0,6.607531304325676e-06,0
4097,0,0.9180519580841064,1
4098,0,0.004940851591527462,0
4099,0,0.011923310346901417,0
4100,1,0.9994322657585144,1
4101,0,0.00021707468840759248,0
4102,0,0.036687787622213364,0
4103,0,0.0004050343995913863,0
4104,0,0.9796528816223145,1
4105,1,0.9999481439590454,1
4106,0,0.004715586546808481,0
4107,1,0.9761369824409485,1
4108,1,0.9993152618408203,1
4109,1,0.9970903396606445,1
4110,0,0.0011532288044691086,0
4111,1,1.0,1
4112,0,0.00233041075989604,0
4113,1,0.9663898348808289,1
4114,0,0.00037570871063508093,0
4115,0,0.0019992340821772814,0
4116,1,0.9998733997344971,1
4117,0,0.21446111798286438,0
4118,1,0.778264582157135,1
4119,0,0.0012466730549931526,0
4120,0,6.367271271301433e-05,0
4121,0,0.0004075422475580126,0
4122,1,0.9999403953552246,1
4123,1,0.7532607316970825,1
4124,1,0.9913535714149475,1
4125,1,0.9914351105690002,1
4126,0,0.0002653445990290493,0
4127,0,0.0107762785628438,0
4128,0,0.00039745759568177164,0
4129,1,0.9999752044677734,1
4130,0,0.4869941174983978,0
4131,0,0.0009661981603130698,0
4132,1,0.9997914433479309,1
4133,0,0.006958736106753349,0
4134,1,0.9823032021522522,1
4135,1,0.9941972494125366,1
4136,0,0.000554749509319663,0
4137,1,0.9676773548126221,1
4138,1,0.9980399012565613,1
4139,0,0.15140880644321442,0
4140,0,0.009523973800241947,0
4141,1,0.9990574717521667,1
4142,1,0.9978698492050171,1
4143,0,0.011764785274863243,0
4144,0,1.3194166058383416e-05,0
4145,0,0.03814893215894699,0
4146,1,0.9487332105636597,1
4147,0,0.01010069902986288,0
4148,0,0.07159634679555893,0
4149,1,0.998548686504364,1
4150,1,0.840583086013794,1
4151,0,3.59917976311408e-05,0
4152,1,0.9999804496765137,1
4153,0,0.0007237731479108334,0
4154,0,0.00045192253310233355,0
4155,1,0.9991719722747803,1
4156,1,0.9270601868629456,1
4157,0,5.821599188493565e-05,0
4158,1,0.3161691129207611,0
4159,0,3.092035782970015e-08,0
4160,1,0.9862276911735535,1
4161,1,0.9889948964118958,1
4162,0,0.0729956403374672,0
4163,0,0.006735846400260925,0
4164,0,0.000990469241514802,0
4165,0,0.0027801464311778545,0
4166,1,0.9931816458702087,1
4167,1,0.9999972581863403,1
4168,0,0.01676984503865242,0
4169,1,0.9991579055786133,1
4170,1,0.9989769458770752,1
4171,0,0.8076422214508057,1
4172,0,0.0012518340954557061,0
4173,1,0.9994682669639587,1
4174,0,0.01057617086917162,0
4175,1,0.9999799728393555,1
4176,0,0.48487982153892517,0
4177,1,0.9949876070022583,1
4178,0,0.00016772789240349084,0
4179,1,0.9974256157875061,1
4180,0,2.0661809685407206e-05,0
4181,1,0.9834606051445007,1
4182,1,0.04181431606411934,0
4183,0,0.020066719502210617,0
4184,0,4.6808567276457325e-05,0
4185,1,0.9993126392364502,1
4186,0,0.1531011462211609,0
4187,0,0.005739980842918158,0
4188,0,0.0012318250956013799,0
4189,1,0.9999892711639404,1
4190,1,0.9999890327453613,1
4191,1,0.999990701675415,1
4192,1,0.9985853433609009,1
4193,0,3.4561107895569876e-05,0
4194,0,0.26098743081092834,0
4195,0,0.00010149424633709714,0
4196,1,0.9999996423721313,1
4197,0,0.005787748843431473,0
4198,1,0.9999921321868896,1
4199,0,0.5831683278083801,1
4200,0,3.66408348781988e-05,0
4201,1,0.8359252214431763,1
4202,1,0.9995946288108826,1
4203,0,0.001823981525376439,0
4204,0,9.153720020549372e-05,0
4205,1,0.9994304776191711,1
4206,0,0.0001358862209599465,0
4207,1,0.9687153697013855,1
4208,0,0.0028041480109095573,0
4209,1,0.9999988079071045,1
4210,0,2.6889816581388004e-05,0
4211,0,0.0010419818572700024,0
4212,0,0.003385322168469429,0
4213,1,0.02722008340060711,0
4214,0,0.012310273945331573,0
4215,0,0.8346503973007202,1
4216,0,1.4044757335796021e-05,0
4217,0,0.00021315929188858718,0
4218,0,0.00040928489761427045,0
4219,0,0.7470767498016357,1
4220,1,0.9737798571586609,1
4221,1,0.9698680639266968,1
4222,0,0.0055382573045790195,0
4223,1,0.9998812675476074,1
4224,0,3.242881939513609e-05,0
4225,1,0.9962040781974792,1
4226,0,0.010742640122771263,0
4227,0,1.032581735671556e-06,0
4228,0,0.19370053708553314,0
4229,1,0.9943990111351013,1
4230,0,0.0013421336188912392,0
4231,0,6.969901005504653e-05,0
4232,0,7.955720320751425e-06,0
4233,1,0.9947299957275391,1
4234,0,0.001227834145538509,0
4235,0,0.0006344924331642687,0
4236,0,0.048314012587070465,0
4237,0,0.004952119197696447,0
4238,1,0.9998733997344971,1
4239,0,0.018132198601961136,0
4240,0,7.542572711827233e-05,0
4241,1,0.9988635778427124,1
4242,0,1.3777892490907107e-05,0
4243,0,0.00030636455630883574,0
4244,0,6.706500688125061e-09,0
4245,1,0.9828458428382874,1
4246,0,0.1888716220855713,0
4247,0,0.001347482786513865,0
4248,0,0.26097339391708374,0
4249,0,0.03053920343518257,0
4250,0,0.0019041163614019752,0
4251,1,0.9983318448066711,1
4252,1,0.01925516128540039,0
4253,1,0.7950071692466736,1
4254,1,0.9999935626983643,1
4255,0,0.0030450832564383745,0
4256,0,0.018378054723143578,0
4257,0,0.027025220915675163,0
4258,0,0.050087250769138336,0
4259,0,3.722119072335772e-05,0
4260,0,0.5918432474136353,1
4261,1,0.9991320967674255,1
4262,0,0.0014929559547454119,0
4263,1,0.9996258020401001,1
4264,1,0.8689701557159424,1
4265,0,0.0020652313251048326,0
4266,0,0.014750827103853226,0
4267,0,2.249232920803479e-06,0
4268,1,0.9340793490409851,1
4269,0,0.7514544725418091,1
4270,1,0.999546229839325,1
4271,0,0.003389290301129222,0
4272,0,0.00782910455018282,0
4273,1,0.9999842643737793,1
4274,1,0.9318803548812866,1
4275,0,0.011087124235928059,0
4276,0,0.33259186148643494,0
4277,0,0.00045408663572743535,0
4278,1,0.9957369565963745,1
4279,1,0.9955814480781555,1
4280,1,0.9879451990127563,1
4281,1,0.9996567964553833,1
4282,0,0.053245317190885544,0
4283,1,0.9957278966903687,1
4284,1,0.9999479055404663,1
4285,0,0.00015205824456643313,0
4286,0,0.6665270328521729,1
4287,0,0.0004620135005097836,0
4288,1,0.9516314268112183,1
4289,0,0.0001255084207514301,0
4290,1,0.9260889291763306,1
4291,1,0.890778660774231,1
4292,0,1.531006432742288e-07,0
4293,0,0.10346951335668564,0
4294,1,0.9986323714256287,1
4295,0,0.20984084904193878,0
4296,1,0.7323980331420898,1
4297,0,0.0998467206954956,0
4298,1,0.9999468326568604,1
4299,0,0.0023049034643918276,0
4300,0,2.3851818696130067e-05,0
4301,1,0.9999996423721313,1
4302,0,0.02054128609597683,0
4303,1,0.9958438277244568,1
4304,0,0.0023223834577947855,0
4305,0,0.1350744664669037,0
4306,1,0.8258350491523743,1
4307,1,0.9987896084785461,1
4308,1,0.9335796236991882,1
4309,0,1.333865952801716e-06,0
4310,0,0.0010424053762108088,0
4311,1,0.9989908337593079,1
4312,1,0.9999998807907104,1
4313,0,7.447294774465263e-05,0
4314,1,0.818143904209137,1
4315,0,0.0008367143454961479,0
4316,0,0.005844597239047289,0
4317,0,0.0004964943509548903,0
4318,1,0.9017054438591003,1
4319,0,0.14564038813114166,0
4320,1,0.9992309808731079,1
4321,1,0.999953031539917,1
4322,0,1.9244722352596e-05,0
4323,0,0.00039857960655353963,0
4324,1,0.9786961078643799,1
4325,0,0.00024858323740772903,0
4326,1,0.9978659749031067,1
4327,1,0.9992276430130005,1
4328,1,0.9995318651199341,1
4329,1,0.9934086799621582,1
4330,0,0.020036643370985985,0
4331,1,0.9999045133590698,1
4332,0,0.0005769503768533468,0
4333,1,0.9847825169563293,1
4334,1,0.9999688863754272,1
4335,0,0.7936549782752991,1
4336,1,0.21937328577041626,0
4337,0,0.06801754981279373,0
4338,1,0.008172334171831608,0
4339,1,0.9999535083770752,1
4340,0,0.0018143930938094854,0
4341,1,0.7053005695343018,1
4342,0,0.9350759983062744,1
4343,0,0.007564594503492117,0
4344,1,0.9971016049385071,1
4345,0,0.005998282693326473,0
4346,1,0.9998621940612793,1
4347,1,0.9999996423721313,1
4348,1,0.999997615814209,1
4349,1,0.9995583891868591,1
4350,0,2.43694430537289e-05,0
4351,1,0.9998619556427002,1
4352,1,0.3620249330997467,0
4353,0,0.0180619265884161,0
4354,0,0.0003153599100187421,0
4355,1,0.9769195318222046,1
4356,0,1.9249951947131194e-05,0
4357,1,0.9322769045829773,1
4358,1,0.9999988079071045,1
4359,1,0.9999854564666748,1
4360,0,0.002035687677562237,0
4361,0,8.259775495389476e-05,0
4362,1,0.9623892307281494,1
4363,1,0.9998916387557983,1
4364,1,0.7401198148727417,1
4365,1,0.5249732732772827,1
4366,1,0.7160247564315796,1
4367,1,0.9999983310699463,1
4368,1,0.9608808755874634,1
4369,1,0.9999905824661255,1
4370,0,0.011251210235059261,0
4371,0,0.08529113978147507,0
4372,1,0.991901695728302,1
4373,0,4.704066668637097e-06,0
4374,0,0.2548969089984894,0
4375,1,0.9999746084213257,1
4376,0,0.0007670800550840795,0
4377,0,0.0008237750153057277,0
4378,1,0.99982088804245,1
4379,1,0.9998577833175659,1
4380,1,0.9959558248519897,1
4381,0,0.07617279887199402,0
4382,0,0.0043281326070427895,0
4383,0,0.0030065577011555433,0
4384,0,0.0016042932402342558,0
4385,0,0.004794994369149208,0
4386,0,0.07429314404726028,0
4387,1,0.9953437447547913,1
4388,0,0.048496708273887634,0
4389,1,0.890028715133667,1
4390,0,0.21215085685253143,0
4391,1,0.9998863935470581,1
4392,0,0.25779664516448975,0
4393,1,0.9998775720596313,1
4394,0,0.00013200131070334464,0
4395,0,0.11869856715202332,0
4396,0,0.0005832923925481737,0
4397,0,0.0030972326640039682,0
4398,0,0.02971167489886284,0
4399,0,0.012908880598843098,0
4400,1,0.9997208714485168,1
4401,0,0.59381103515625,1
4402,1,0.4136642515659332,0
4403,1,0.9998743534088135,1
4404,0,0.030174657702445984,0
4405,1,0.8855929374694824,1
4406,0,0.03652184456586838,0
4407,0,9.278282232116908e-05,0
4408,1,0.9627635478973389,1
4409,0,0.002204449148848653,0
4410,1,0.9999948740005493,1
4411,1,0.9997135996818542,1
4412,0,0.0008283608476631343,0
4413,0,0.009979037567973137,0
4414,1,0.9999954700469971,1
4415,1,0.9877897500991821,1
4416,1,0.9999905824661255,1
4417,0,4.591690958477557e-05,0
4418,0,7.458338950527832e-05,0
4419,1,0.9999858140945435,1
4420,0,0.004668099340051413,0
4421,1,0.9953280687332153,1
4422,1,0.9998399019241333,1
4423,0,3.671802915050648e-05,0
4424,1,0.81592857837677,1
4425,1,0.9999037981033325,1
4426,1,0.9997195601463318,1
4427,1,0.9992425441741943,1
4428,1,0.9815450310707092,1
4429,1,0.30778968334198,0
4430,0,0.00012113715638406575,0
4431,1,0.9997944235801697,1
4432,1,0.9992396831512451,1
4433,0,0.010955071076750755,0
4434,1,0.9699041843414307,1
4435,0,0.00047432343126274645,0
4436,0,0.17199791967868805,0
4437,0,0.0024330527521669865,0
4438,0,0.17355114221572876,0
4439,1,0.9999781847000122,1
4440,0,0.00288441963493824,0
4441,0,1.2762413462041877e-05,0
4442,1,0.9999996423721313,1
4443,0,0.0005143453599885106,0
4444,1,0.9999583959579468,1
4445,1,0.3779837191104889,0
4446,0,0.1841968297958374,0
4447,1,0.9999300241470337,1
4448,1,0.9620049595832825,1
4449,0,0.0020559162367135286,0
4450,0,0.004826301243156195,0
4451,1,0.9987629652023315,1
4452,0,0.003902166150510311,0
4453,1,0.9993638396263123,1
4454,0,0.26413196325302124,0
4455,1,0.9113746881484985,1
4456,0,0.4571046531200409,0
4457,0,0.0001979972148546949,0
4458,1,0.9996873140335083,1
4459,0,0.0030443277209997177,0
4460,1,0.9999336004257202,1
4461,1,0.9315598607063293,1
4462,0,0.03225431218743324,0
4463,0,5.716218947782181e-05,0
4464,0,0.00405462272465229,0
4465,1,0.7422335147857666,1
4466,1,0.9998939037322998,1
4467,1,0.9999648332595825,1
4468,1,0.999991774559021,1
4469,1,0.9999479055404663,1
4470,1,0.8685134053230286,1
4471,0,0.14658662676811218,0
4472,0,0.003313066903501749,0
4473,0,0.042231280356645584,0
4474,1,0.999810516834259,1
4475,0,0.029053138568997383,0
4476,0,0.0055908928625285625,0
4477,1,0.9790735244750977,1
4478,1,0.9248437881469727,1
4479,1,0.9684816002845764,1
4480,1,0.9957234859466553,1
4481,1,0.9996057152748108,1
4482,1,0.9988541603088379,1
4483,1,0.784160315990448,1
4484,1,0.9998388290405273,1
4485,1,0.9869377613067627,1
4486,1,0.9711192846298218,1
4487,0,0.3110743761062622,0
4488,0,0.0075002312660217285,0
4489,1,0.9992621541023254,1
4490,1,0.5143868327140808,1
4491,0,0.3506356477737427,0
4492,0,0.00018485926557332277,0
4493,0,0.008238486014306545,0
4494,0,0.00046468633809126914,0
4495,0,6.922005559317768e-05,0
4496,1,0.7331676483154297,1
4497,0,0.04061399772763252,0
4498,1,0.985129714012146,1
4499,1,0.99996018409729,1
4500,1,0.9481638073921204,1
4501,0,0.0042090993374586105,0
4502,0,0.003920744638890028,0
4503,0,0.0710708349943161,0
4504,1,0.9199181795120239,1
4505,1,0.9779744148254395,1
4506,0,0.0008852112805470824,0
4507,0,0.06277460604906082,0
4508,1,0.9930497407913208,1
4509,1,0.9984385371208191,1
4510,1,0.9605725407600403,1
4511,1,0.3130479156970978,0
4512,1,0.6900227069854736,1
4513,0,1.1798530977102928e-05,0
4514,0,0.1481865793466568,0
4515,0,0.004047642927616835,0
4516,1,0.9974775910377502,1
4517,1,0.97962886095047,1
4518,0,0.13387081027030945,0
4519,0,0.01035637129098177,0
4520,0,4.815716965822503e-05,0
4521,0,0.0008725998923182487,0
4522,0,0.06138802692294121,0
4523,0,0.8755385875701904,1
4524,1,0.9998941421508789,1
4525,1,0.9999659061431885,1
4526,1,0.9999935626983643,1
4527,0,0.041549086570739746,0
4528,0,0.07270706444978714,0
4529,0,0.6715087294578552,1
4530,0,8.415301999775693e-05,0
4531,1,0.9591571092605591,1
4532,0,0.00218593399040401,0
4533,1,0.9992786049842834,1
4534,0,0.0033462033607065678,0
4535,0,0.012064765207469463,0
4536,1,0.9933257102966309,1
4537,1,0.9999986886978149,1
4538,1,0.693522036075592,1
4539,1,0.9855374693870544,1
4540,0,0.8456936478614807,1
4541,0,0.00763303367421031,0
4542,1,0.9995656609535217,1
4543,1,0.9999649524688721,1
4544,0,1.8517597709433176e-05,0
4545,0,0.08361344784498215,0
4546,0,4.6355951781151816e-05,0
4547,0,5.2118703024461865e-05,0
4548,1,0.9913201928138733,1
4549,0,0.0028695440851151943,0
4550,0,0.019562896341085434,0
4551,0,0.011129961349070072,0
4552,0,0.9989705085754395,1
4553,1,0.9991371035575867,1
4554,1,0.9997525811195374,1
4555,0,3.745327558135614e-05,0
4556,0,0.10951167345046997,0
4557,0,0.11887608468532562,0
4558,1,0.09103304892778397,0
4559,0,0.03614814206957817,0
4560,0,0.0006046642083674669,0
4561,1,0.9993645548820496,1
4562,1,0.9958509206771851,1
4563,1,0.088409923017025,0
4564,1,0.9997751116752625,1
4565,1,0.9652546048164368,1
4566,0,1.2312056242080871e-05,0
4567,0,0.00011277511657681316,0
4568,1,0.981799304485321,1
4569,1,0.999934196472168,1
4570,1,0.998907208442688,1
4571,1,0.9971597194671631,1
4572,0,2.1691832444048487e-05,0
4573,1,0.997724711894989,1
4574,1,0.394412636756897,0
4575,0,0.007060180883854628,0
4576,0,0.020413648337125778,0
4577,0,0.23518173396587372,0
4578,1,0.13633877038955688,0
4579,0,0.00015699626237619668,0
4580,0,0.6549232602119446,1
4581,0,0.9558297991752625,1
4582,1,0.9991486072540283,1
4583,0,0.0004876934690400958,0
4584,1,0.999974250793457,1
4585,1,0.9999784231185913,1
4586,0,0.0549999475479126,0
4587,1,0.9992902278900146,1
4588,1,0.9995844960212708,1
4589,1,0.9976432919502258,1
4590,0,0.3608207404613495,0
4591,1,0.9573745727539062,1
4592,1,0.8003721237182617,1
4593,0,0.008384671062231064,0
4594,0,0.2042713314294815,0
4595,1,0.9893842339515686,1
4596,0,0.0004274050588719547,0
4597,1,0.9976308345794678,1
4598,0,0.004503749310970306,0
4599,0,1.5400419215438887e-05,0
4600,0,0.006044476293027401,0
4601,1,0.9979945421218872,1
4602,0,3.561923949746415e-05,0
4603,0,0.5502879619598389,1
4604,1,0.9998892545700073,1
4605,1,0.7324112057685852,1
4606,1,0.7823513746261597,1
4607,1,0.9691271781921387,1
4608,0,0.0014134652446955442,0
4609,1,0.7393410801887512,1
4610,1,0.9999908208847046,1
4611,1,0.8879828453063965,1
4612,0,0.00045666794176213443,0
4613,0,0.0006873540696687996,0
4614,0,9.697048881207593e-06,0
4615,1,0.991145670413971,1
4616,0,0.20486339926719666,0
4617,1,0.9999415874481201,1
4618,1,0.9999979734420776,1
4619,1,0.999326229095459,1
4620,0,0.33157312870025635,0
4621,1,0.9998605251312256,1
4622,0,0.00502832792699337,0
4623,0,0.3897104561328888,0
4624,0,0.9957499504089355,1
4625,1,0.9066997170448303,1
4626,1,0.9998165965080261,1
4627,0,7.608158193761483e-05,0
4628,0,0.004074978642165661,0
4629,0,0.008337288163602352,0
4630,0,0.026097241789102554,0
4631,0,0.08313798159360886,0
4632,0,0.00022807724599260837,0
4633,0,0.08019004762172699,0
4634,0,0.0005612716777250171,0
4635,1,0.999972939491272,1
4636,0,0.2807970941066742,0
4637,0,0.01179322600364685,0
4638,1,1.0,1
4639,0,0.2296677678823471,0
4640,1,0.9986225366592407,1
4641,0,0.020570717751979828,0
4642,0,0.0014535879017785192,0
4643,0,0.053275179117918015,0
4644,0,0.14436940848827362,0
4645,1,0.9996761083602905,1
4646,0,0.001727147027850151,0
4647,0,0.0070933145470917225,0
4648,1,0.9998986721038818,1
4649,1,0.9998748302459717,1
4650,0,0.00015725188131909817,0
4651,0,0.0014997028047218919,0
4652,1,0.9986079335212708,1
4653,0,0.016837958246469498,0
4654,0,0.0015186043456196785,0
4655,0,0.07833626866340637,0
4656,1,0.9522773027420044,1
4657,0,0.21787682175636292,0
4658,1,0.9984428286552429,1
4659,1,0.9989879727363586,1
4660,0,0.0009098419104702771,0
4661,0,0.04408098757266998,0
4662,0,0.01867491938173771,0
4663,1,0.9994906187057495,1
4664,1,0.9998779296875,1
4665,1,0.9853060245513916,1
4666,1,0.9960289001464844,1
4667,1,0.6937441229820251,1
4668,0,0.0016168261645361781,0
4669,0,9.090080857276917e-05,0
4670,0,0.028597386553883553,0
4671,0,0.016932381317019463,0
4672,1,0.9844738245010376,1
4673,1,0.9991613626480103,1
4674,0,0.00031918229069560766,0
4675,0,0.047982264310121536,0
4676,1,0.9998986721038818,1
4677,0,0.017085669562220573,0
4678,1,0.8653109073638916,1
4679,0,9.934882837114856e-05,0
4680,0,0.9194765686988831,1
4681,0,0.742351770401001,1
4682,0,0.021275468170642853,0
4683,0,0.01297216210514307,0
4684,0,6.10842980677262e-05,0
4685,0,0.43291276693344116,0
4686,1,0.9988293051719666,1
4687,1,0.7148555517196655,1
4688,1,0.9998500347137451,1
4689,0,0.44661974906921387,0
4690,1,0.9849637150764465,1
4691,0,6.76916670272476e-06,0
4692,0,0.8470940589904785,1
4693,0,4.148595962760737e-06,0
4694,0,0.0009607441024854779,0
4695,0,0.4132338762283325,0
4696,1,0.989018440246582,1
4697,1,0.9956982135772705,1
4698,1,0.9994365572929382,1
4699,0,0.004585831426084042,0
4700,1,0.9944725632667542,1
4701,1,0.9949512481689453,1
4702,0,0.014912099577486515,0
4703,1,0.9997989535331726,1
4704,1,0.9897642135620117,1
4705,1,0.9999661445617676,1
4706,0,0.3562295734882355,0
4707,1,0.8591418862342834,1
4708,1,0.9999651908874512,1
4709,0,0.034551627933979034,0
4710,1,0.9957824945449829,1
4711,1,0.9999923706054688,1
4712,1,0.9897276759147644,1
4713,0,0.005267873872071505,0
4714,1,0.9995980858802795,1
4715,1,1.0,1
4716,1,0.9999810457229614,1
4717,1,0.993986964225769,1
4718,0,0.1573229283094406,0
4719,1,0.9940576553344727,1
4720,0,0.0003805047017522156,0
4721,0,0.09011264145374298,0
4722,0,0.01321322564035654,0
4723,1,0.9750456213951111,1
4724,1,0.7929115891456604,1
4725,0,0.2200351059436798,0
4726,0,0.1177474781870842,0
4727,0,0.00010400891187600791,0
4728,0,0.052344027906656265,0
4729,1,0.9998219609260559,1
4730,1,0.9999972581863403,1
4731,1,0.8877262473106384,1
4732,1,0.9999991655349731,1
4733,1,0.9875525236129761,1
4734,0,0.3696020543575287,0
4735,0,1.7890124581754208e-05,0
4736,0,0.0009837000397965312,0
4737,1,0.9990850687026978,1
4738,0,0.13506144285202026,0
4739,0,0.0003090022364631295,0
4740,1,0.5207058191299438,1
4741,1,0.9982025623321533,1
4742,1,0.04361942410469055,0
4743,1,0.999228835105896,1
4744,1,0.9967142343521118,1
4745,1,0.988577127456665,1
4746,1,0.9999305009841919,1
4747,1,0.9979623556137085,1
4748,0,0.050676822662353516,0
4749,1,0.9967638254165649,1
4750,1,0.9999657869338989,1
4751,0,0.3695352375507355,0
4752,0,0.0010606372961774468,0
4753,0,0.00024619928444735706,0
4754,1,0.9990528225898743,1
4755,1,0.9999594688415527,1
4756,0,2.914493961725384e-05,0
4757,0,6.429024324461352e-06,0
4758,0,8.837949280859903e-05,0
4759,1,0.9999302625656128,1
4760,0,2.758746995823458e-05,0
4761,0,0.0005648114020004869,0
4762,0,0.10684224963188171,0
4763,1,0.883571207523346,1
4764,0,0.0005489797913469374,0
4765,0,0.9620332717895508,1
4766,1,0.9993033409118652,1
4767,0,0.012712990865111351,0
4768,0,0.09395603835582733,0
4769,1,0.9998059868812561,1
4770,0,0.1466863453388214,0
4771,1,0.9994427561759949,1
4772,0,0.025170177221298218,0
4773,0,0.00089003931498155,0
4774,0,0.00048726200475357473,0
4775,0,0.00020512011542450637,0
4776,0,5.582798257819377e-05,0
4777,0,0.05524586886167526,0
4778,1,0.9902759790420532,1
4779,1,0.9960457682609558,1
4780,0,0.6323869824409485,1
4781,1,0.926298975944519,1
4782,1,0.9721276164054871,1
4783,1,0.999640941619873,1
4784,0,0.36697134375572205,0
4785,1,0.02505708672106266,0
4786,0,0.024484142661094666,0
4787,0,0.0005693318671546876,0
4788,1,0.9944414496421814,1
4789,1,0.9751783609390259,1
4790,1,0.1647779643535614,0
4791,1,0.3437417149543762,0
4792,1,0.9970070719718933,1
4793,1,0.9994142055511475,1
4794,0,0.000375737581634894,0
4795,0,1.320258320447465e-07,0
4796,0,0.8947641253471375,1
4797,1,0.9986625909805298,1
4798,1,0.999316930770874,1
4799,0,0.006674979813396931,0
4800,1,0.9947949051856995,1
4801,1,0.9293952584266663,1
4802,1,0.9999881982803345,1
4803,1,0.9042609333992004,1
4804,0,3.738212035386823e-05,0
4805,1,0.08720537275075912,0
4806,1,0.5358787775039673,1
4807,1,0.9841391444206238,1
4808,0,0.00072152802022174,0
4809,0,0.0055335089564323425,0
4810,0,0.0007896138704381883,0
4811,0,0.4107656180858612,0
4812,0,0.3955247402191162,0
4813,0,9.44967359828297e-06,0
4814,1,0.9925697445869446,1
4815,1,0.998035728931427,1
4816,1,0.9987244009971619,1
4817,1,0.9999896287918091,1
4818,0,9.430627687834203e-05,0
4819,0,8.083347347564995e-05,0
4820,1,0.9999765157699585,1
4821,1,0.9999483823776245,1
4822,0,0.00013403552293311805,0
4823,1,0.906564474105835,1
4824,0,7.98655382823199e-05,0
4825,1,0.991821825504303,1
4826,0,0.000644211599137634,0
4827,0,0.006781569216400385,0
4828,0,8.019302185857669e-06,0
4829,1,0.9959926009178162,1
4830,0,0.0012566910590976477,0
4831,0,0.6343065500259399,1
4832,0,0.011118930764496326,0
4833,1,0.8584626913070679,1
4834,1,0.9454621076583862,1
4835,1,0.5596157908439636,1
4836,1,0.9999910593032837,1
4837,1,0.9979879856109619,1
4838,1,0.9964466691017151,1
4839,1,0.9998916387557983,1
4840,0,0.005335577297955751,0
4841,1,0.9999557733535767,1
4842,1,0.999984860420227,1
4843,1,0.9975837469100952,1
4844,1,0.9976893663406372,1
4845,1,0.9969786405563354,1
4846,1,0.9999994039535522,1
4847,0,7.129481218726141e-06,0
4848,0,0.04773351922631264,0
4849,1,0.9918593764305115,1
4850,1,0.9999896287918091,1
4851,0,0.004391337279230356,0
4852,1,0.9981132745742798,1
4853,1,0.9932657480239868,1
4854,0,0.000672811409458518,0
4855,0,0.006516520399600267,0
4856,1,0.7569199800491333,1
4857,1,0.7994216680526733,1
4858,0,1.0353523066441994e-05,0
4859,0,0.12810799479484558,0
4860,1,0.9578161835670471,1
4861,0,0.019966477528214455,0
4862,1,0.9944711923599243,1
4863,0,0.011160455644130707,0
4864,1,0.987293004989624,1
4865,1,0.902133047580719,1
4866,1,0.9987335801124573,1
4867,1,0.9999616146087646,1
4868,0,0.006461515091359615,0
4869,0,0.18278132379055023,0
4870,0,0.27224165201187134,0
4871,0,0.0365484319627285,0
4872,1,0.9976044297218323,1
4873,1,0.9999880790710449,1
4874,0,0.010271437466144562,0
4875,1,0.766689121723175,1
4876,0,5.8551049733068794e-05,0
4877,1,0.9997318387031555,1
4878,1,0.9999516010284424,1
4879,1,0.9998237490653992,1
4880,1,0.9996694326400757,1
4881,1,0.9762765169143677,1
4882,1,0.9999990463256836,1
4883,0,2.279275759065058e-05,0
4884,0,0.9935530424118042,1
4885,1,0.9999656677246094,1
4886,1,0.6690071821212769,1
4887,1,0.9996610879898071,1
4888,0,0.027717353776097298,0
4889,1,0.9669769406318665,1
4890,1,0.9994956254959106,1
4891,0,0.0008876611245796084,0
4892,1,0.9957305788993835,1
4893,1,0.9997926354408264,1
4894,0,0.0007998369983397424,0
4895,1,0.9997416138648987,1
4896,0,0.015071260742843151,0
4897,1,0.9789020419120789,1
4898,1,0.9999960660934448,1
4899,1,0.999974250793457,1
4900,1,0.9999858140945435,1
4901,1,0.9999920129776001,1
4902,0,0.27901363372802734,0
4903,1,0.999440610408783,1
4904,0,0.0005598504794761539,0
4905,1,0.9666807651519775,1
4906,1,0.9946311712265015,1
4907,1,0.9999138116836548,1
4908,0,0.020865727216005325,0
4909,0,5.920577677898109e-05,0
4910,1,0.9993253946304321,1
4911,0,0.0004006063099950552,0
4912,0,0.00012705234985332936,0
4913,0,0.009099140763282776,0
4914,1,0.9999932050704956,1
4915,1,0.9983919262886047,1
4916,0,0.0770544484257698,0
4917,1,0.9977174997329712,1
4918,0,0.08687488734722137,0
4919,1,0.9999995231628418,1
4920,0,0.0012320575769990683,0
4921,1,0.9998871088027954,1
4922,1,0.9571515321731567,1
4923,0,0.0005084542790427804,0
4924,0,0.0009889977518469095,0
4925,1,0.9999995231628418,1
4926,0,5.7651050155982375e-05,0
4927,1,0.987555205821991,1
4928,0,0.0002464371791575104,0
4929,0,0.002320787636563182,0
4930,1,0.9999898672103882,1
4931,1,1.0,1
4932,1,0.9913492202758789,1
4933,1,0.9924538731575012,1
4934,0,0.001618977403268218,0
4935,1,0.9969425797462463,1
4936,0,0.44164130091667175,0
4937,0,0.00014388770796358585,0
4938,0,0.004146334249526262,0
4939,1,0.9901548624038696,1
4940,1,0.9775115251541138,1
4941,1,0.9995110034942627,1
4942,0,0.016079720109701157,0
4943,1,0.7408075332641602,1
4944,1,0.9999604225158691,1
4945,0,0.18069513142108917,0
4946,0,0.9749568700790405,1
4947,1,0.9920094013214111,1
4948,1,0.9999994039535522,1
4949,1,0.2573655843734741,0
4950,0,6.681215018033981e-05,0
4951,1,0.9993757605552673,1
4952,0,4.6441127778962255e-05,0
4953,1,0.9517006278038025,1
4954,0,6.526112701976672e-05,0
4955,1,0.9746351838111877,1
4956,0,4.135296421736712e-06,0
4957,0,0.27475062012672424,0
4958,1,0.9681100845336914,1
4959,1,0.9994773268699646,1
4960,1,0.9999457597732544,1
4961,1,0.9999991655349731,1
4962,1,0.9589250087738037,1
4963,1,0.9998236298561096,1
4964,1,0.9841996431350708,1
4965,0,0.025591997429728508,0
4966,1,0.9999810457229614,1
4967,1,0.9951476454734802,1
4968,0,0.03190451115369797,0
4969,1,0.9999843835830688,1
4970,0,0.0004147900908719748,0
4971,0,3.130596269329544e-06,0
4972,0,7.433161954395473e-05,0
4973,1,0.9845250248908997,1
4974,1,0.9894221425056458,1
4975,1,0.9996190071105957,1
4976,0,0.0385526567697525,0
4977,1,0.999874472618103,1
4978,1,0.9996614456176758,1
4979,0,0.026382094249129295,0
4980,1,0.9997196793556213,1
4981,0,0.000735658744815737,0
4982,1,0.9948115348815918,1
4983,0,0.0005549187189899385,0
4984,0,0.049199990928173065,0
4985,1,0.9999445676803589,1
4986,0,0.06317294389009476,0
4987,0,9.507117283646949e-06,0
4988,1,0.9988114833831787,1
4989,1,0.758504331111908,1
4990,0,0.045187488198280334,0
4991,0,0.0038845320232212543,0
4992,0,9.946867976395879e-06,0
4993,1,0.9885643124580383,1
4994,1,0.9999663829803467,1
4995,1,0.999974250793457,1
4996,0,0.05849350616335869,0
4997,0,0.0038634075317531824,0
4998,1,0.9999929666519165,1
4999,1,0.9659875631332397,1
5000,1,0.9996052384376526,1
5001,1,0.997006356716156,1
5002,0,0.4369103014469147,0
5003,0,0.13108494877815247,0
5004,1,0.4741489887237549,0
5005,1,0.9996509552001953,1
5006,1,0.9995380640029907,1
5007,1,0.9982243180274963,1
5008,0,0.002815106650814414,0
5009,0,0.0006073206313885748,0
5010,0,6.6170600803161506e-06,0
5011,0,0.003410027828067541,0
5012,0,1.4231733302949579e-07,0
5013,0,5.919354407524224e-06,0
5014,1,0.999961256980896,1
5015,0,0.00012524421617854387,0
5016,0,0.013884276151657104,0
5017,0,0.05391276627779007,0
5018,0,0.00015564850764349103,0
5019,0,0.4615657329559326,0
5020,0,8.926435111789033e-05,0
5021,0,0.0024688683915883303,0
5022,0,4.193450990896963e-07,0
5023,0,4.3282412661938e-05,0
5024,0,0.6972917914390564,1
5025,1,0.5269421935081482,1
5026,1,0.9999498128890991,1
5027,1,0.9815152287483215,1
5028,1,0.9998903274536133,1
5029,0,0.13019315898418427,0
5030,0,0.2711905539035797,0
5031,0,0.0013662095880135894,0
5032,1,0.8803301453590393,1
5033,0,7.45244369682041e-06,0
5034,1,0.5182824730873108,1
5035,0,0.002924944506958127,0
5036,1,0.06153554469347,0
5037,1,0.9992865920066833,1
5038,0,0.20140893757343292,0
5039,0,0.00019518108456395566,0
5040,1,0.9496044516563416,1
5041,0,1.560982309456449e-05,0
5042,0,0.031673580408096313,0
5043,1,0.9122552871704102,1
5044,0,0.004791970830410719,0
5045,1,0.9990755319595337,1
5046,1,0.9999353885650635,1
5047,1,0.9657212495803833,1
5048,1,0.9999969005584717,1
5049,1,0.9985297918319702,1
5050,1,0.9950602650642395,1
5051,0,0.428558886051178,0
5052,1,0.9998112320899963,1
5053,0,0.9796174168586731,1
5054,0,0.006367705762386322,0
5055,0,0.30050668120384216,0
5056,0,0.0003282144898548722,0
5057,0,0.3236447870731354,0
5058,0,1.7885653505800292e-05,0
5059,1,0.9999924898147583,1
5060,1,0.9999380111694336,1
5061,0,0.000653133902233094,0
5062,1,0.991068959236145,1
5063,0,4.637363599613309e-05,0
5064,0,6.538976293768428e-08,0
5065,0,0.7486151456832886,1
5066,0,0.0008004335686564445,0
5067,0,0.13891354203224182,0
5068,1,0.9981791973114014,1
5069,1,0.9975247979164124,1
5070,0,1.298435421404065e-07,0
5071,0,6.915649464644957e-06,0
5072,1,0.9998601675033569,1
5073,1,0.9881905317306519,1
5074,1,0.9999915361404419,1
5075,0,0.01702364906668663,0
5076,0,0.06190752238035202,0
5077,1,0.9999475479125977,1
5078,0,0.002819123910740018,0
5079,1,0.999944806098938,1
5080,0,0.0138852559030056,0
5081,0,7.415681466227397e-05,0
5082,0,0.0011817541671916842,0
5083,0,0.0006236509652808309,0
5084,0,0.002281362423673272,0
5085,0,1.4544519217452034e-05,0
5086,1,0.9999312162399292,1
5087,1,0.7525748014450073,1
5088,1,0.9964781403541565,1
5089,1,0.10558737814426422,0
5090,1,0.940092921257019,1
5091,1,0.993489146232605,1
5092,0,0.5947133898735046,1
5093,1,0.9999891519546509,1
5094,1,0.6494559645652771,1
5095,1,0.9977536797523499,1
5096,0,6.745489372406155e-05,0
5097,1,0.9987216591835022,1
5098,1,0.9979689717292786,1
5099,0,0.33649808168411255,0
5100,1,0.9996474981307983,1
5101,0,0.0012302189134061337,0
5102,1,0.9807426929473877,1
5103,0,0.0001157442748080939,0
5104,1,0.9976953864097595,1
5105,1,0.642331600189209,1
5106,1,0.9953175783157349,1
5107,0,0.0003476172569207847,0
5108,0,0.0012943760957568884,0
5109,0,0.15543513000011444,0
5110,0,0.017644496634602547,0
5111,0,2.6795971280080266e-05,0
5112,0,0.009742377325892448,0
5113,0,0.0001503638195572421,0
5114,0,0.005447075702250004,0
5115,1,0.878954291343689,1
5116,0,0.0032648087944835424,0
5117,0,8.060587424552068e-05,0
5118,0,0.0016791494563221931,0
5119,0,0.31570109724998474,0
5120,1,0.2525724768638611,0
5121,0,5.455100335893803e-07,0
5122,0,0.41058051586151123,0
5123,1,0.9922599196434021,1
5124,1,0.999887228012085,1
5125,0,0.13427887856960297,0
5126,0,0.2157486528158188,0
5127,0,5.070623956271447e-05,0
5128,0,0.0007017349125817418,0
5129,1,0.9999161958694458,1
5130,0,0.0034596563782542944,0
5131,0,0.00010554212349234149,0
5132,1,0.9999784231185913,1
5133,1,0.9949342608451843,1
5134,1,0.9999220371246338,1
5135,0,0.005493451375514269,0
5136,0,0.3018975555896759,0
5137,1,0.9980307221412659,1
5138,1,0.9579575061798096,1
5139,1,0.9999213218688965,1
5140,0,0.02259182743728161,0
5141,0,0.004890443291515112,0
5142,1,0.9999302625656128,1
5143,1,0.99980229139328,1
5144,1,0.9999996423721313,1
5145,0,1.7449576716899173e-06,0
5146,1,0.5632281303405762,1
5147,1,0.9980231523513794,1
5148,1,0.7704986333847046,1
5149,1,0.194724440574646,0
5150,1,0.18037885427474976,0
5151,1,0.9999886751174927,1
5152,0,6.185022357385606e-05,0
5153,0,0.008039209060370922,0
5154,1,0.9997175335884094,1
5155,1,0.9994192123413086,1
5156,1,0.9782463312149048,1
5157,0,0.001103274174965918,0
5158,1,0.999992847442627,1
5159,0,0.010172730311751366,0
5160,0,0.07850716263055801,0
5161,1,0.8577229976654053,1
5162,1,0.9999921321868896,1
5163,0,0.0003392788057681173,0
5164,0,0.0013319503050297499,0
5165,1,0.9999938011169434,1
5166,0,0.0026706578209996223,0
5167,1,0.9975996613502502,1
5168,0,0.10746466368436813,0
5169,1,0.9999994039535522,1
5170,1,0.9965155124664307,1
5171,0,0.34075286984443665,0
5172,0,3.9627368096262217e-05,0
5173,1,0.9999879598617554,1
5174,1,0.8994151949882507,1
5175,1,0.9996228218078613,1
5176,0,0.0006742801633663476,0
5177,1,0.9884840846061707,1
5178,1,0.8559257984161377,1
5179,0,0.009359536692500114,0
5180,1,0.9921362400054932,1
5181,0,0.00022664885909762233,0
5182,0,0.002936903154477477,0
5183,1,0.9991244673728943,1
5184,1,0.998521625995636,1
5185,0,0.00132703164126724,0
5186,1,0.990500807762146,1
5187,1,0.9980806112289429,1
5188,1,0.866364061832428,1
5189,0,0.10705289989709854,0
5190,1,0.9998224377632141,1
5191,1,0.9961326122283936,1
5192,0,0.6082897782325745,1
5193,1,0.5021470189094543,1
5194,0,0.001071849255822599,0
5195,0,0.0018354285275563598,0
5196,1,0.9997519850730896,1
5197,0,0.00035612579085864127,0
5198,1,0.9965618252754211,1
5199,1,0.996246874332428,1
5200,1,0.4423578977584839,0
5201,1,0.9992983341217041,1
5202,1,0.9215807914733887,1
5203,0,0.06692361831665039,0
5204,1,0.9993661046028137,1
5205,1,0.9826402068138123,1
5206,0,0.2275005578994751,0
5207,1,0.9991704225540161,1
5208,1,0.9998888969421387,1
5209,0,0.033956751227378845,0
5210,0,0.007835707627236843,0
5211,0,0.0009825793094933033,0
5212,0,0.0034474716521799564,0
5213,1,0.9999665021896362,1
5214,0,0.0014599943533539772,0
5215,1,0.9993465542793274,1
5216,1,0.9998655319213867,1
5217,1,0.9998142123222351,1
5218,1,0.9925773739814758,1
5219,1,0.9999488592147827,1
5220,1,0.9996604919433594,1
5221,0,0.030348757281899452,0
5222,0,0.00044968564179725945,0
5223,0,0.0012811115011572838,0
5224,1,0.7919466495513916,1
5225,0,0.0003115967265330255,0
5226,0,0.019780438393354416,0
5227,1,0.9989858269691467,1
5228,0,0.0044923704117536545,0
5229,1,0.9997406601905823,1
5230,1,0.9996559619903564,1
5231,0,0.03699136897921562,0
5232,1,0.999887228012085,1
5233,0,2.9320963221834973e-06,0
5234,1,0.9714658856391907,1
5235,1,0.9990710020065308,1
5236,0,0.0023961826227605343,0
5237,0,0.06275469064712524,0
5238,0,0.32343554496765137,0
5239,1,0.9999480247497559,1
5240,0,0.00022581258963327855,0
5241,0,0.038400664925575256,0
5242,0,0.00025355664547532797,0
5243,1,0.9997320771217346,1
5244,0,0.8449313044548035,1
5245,0,0.0032097187358886003,0
5246,1,0.9882950782775879,1
5247,1,0.9999963045120239,1
5248,1,0.9997593760490417,1
5249,0,0.0010122797684744,0
5250,0,2.3379548963475827e-07,0
5251,0,0.0461919941008091,0
5252,0,0.00015322788385674357,0
5253,0,1.0097371614392614e-06,0
5254,1,1.0,1
5255,0,0.003952815663069487,0
5256,0,0.0013018518220633268,0
5257,0,0.0007714094244875014,0
5258,0,0.010994156822562218,0
5259,1,0.011082016862928867,0
5260,0,0.00012038728164043278,0
5261,0,0.15777382254600525,0
5262,1,0.6768271327018738,1
5263,1,0.9981058835983276,1
5264,1,0.9997780919075012,1
5265,1,0.9938327074050903,1
5266,0,0.007774283643811941,0
5267,1,0.7945072650909424,1
5268,0,0.02285202592611313,0
5269,0,0.883323609828949,1
5270,0,0.15891355276107788,0
5271,1,0.7730666399002075,1
5272,1,0.9999995231628418,1
5273,0,0.0001120836241170764,0
5274,1,0.49135515093803406,0
5275,1,0.9995052814483643,1
5276,0,0.0016045956872403622,0
5277,0,3.50544614775572e-05,0
5278,0,0.1219455897808075,0
5279,1,0.9999772310256958,1
5280,1,0.9999521970748901,1
5281,1,0.9854493737220764,1
5282,0,0.0008042273111641407,0
5283,1,0.997559666633606,1
5284,0,0.03815699741244316,0
5285,0,0.00010855610889848322,0
5286,1,0.9999978542327881,1
5287,0,0.29815322160720825,0
5288,0,0.1619056910276413,0
5289,1,0.9769922494888306,1
5290,1,0.9996129870414734,1
5291,1,0.9995688796043396,1
5292,1,0.8634936809539795,1
5293,1,0.9951134324073792,1
5294,0,0.0010565866250544786,0
5295,0,0.6195129156112671,1
5296,0,0.027845801785588264,0
5297,1,0.997226893901825,1
5298,0,0.00034768605837598443,0
5299,1,0.9288394451141357,1
5300,0,0.1393287032842636,0
5301,0,0.009346750564873219,0
5302,0,0.0032200573477894068,0
5303,0,1.064055688004828e-08,0
5304,1,0.9964558482170105,1
5305,0,4.650087703339523e-06,0
5306,1,0.9905593395233154,1
5307,1,0.9999990463256836,1
5308,0,0.03033399023115635,0
5309,1,0.8919988870620728,1
5310,0,0.6423976421356201,1
5311,1,0.9993765950202942,1
5312,0,0.004437504801899195,0
5313,0,0.024329625070095062,0
5314,0,0.0006532316328957677,0
5315,1,0.8512586951255798,1
5316,1,0.9969369173049927,1
5317,1,0.9961836934089661,1
5318,1,0.8358510732650757,1
5319,1,0.8630288243293762,1
5320,1,0.999685525894165,1
5321,0,0.0004767380596604198,0
5322,0,0.00019567899289540946,0
5323,1,0.9995754361152649,1
5324,0,2.1915147954132408e-05,0
5325,0,0.0005582906887866557,0
5326,0,0.8896830677986145,1
5327,1,0.9957181811332703,1
5328,1,0.9979931116104126,1
5329,0,0.006317156367003918,0
5330,0,0.02307123877108097,0
5331,1,0.9825316667556763,1
5332,0,1.1896515417220144e-07,0
5333,0,0.07901427149772644,0
5334,1,0.9975506663322449,1
5335,1,0.5774765610694885,1
5336,0,0.19005464017391205,0
5337,0,0.0011082339333370328,0
5338,0,0.10705560445785522,0
5339,1,0.8299093842506409,1
5340,1,0.999659538269043,1
5341,1,0.9549806118011475,1
5342,1,0.9999862909317017,1
5343,0,0.05109475553035736,0
5344,1,0.9988263249397278,1
5345,0,0.0001291556836804375,0
5346,0,0.0003326965670567006,0
5347,0,0.7831127047538757,1
5348,0,7.336502312682569e-05,0
5349,0,0.09727449715137482,0
5350,0,2.964676241390407e-06,0
5351,1,0.9923362135887146,1
5352,1,0.9977235198020935,1
5353,0,0.0027824011631309986,0
5354,0,0.0014961822889745235,0
5355,0,0.07968437671661377,0
5356,0,0.0003789459296967834,0
5357,0,9.232643787981942e-05,0
5358,0,0.007275640498846769,0
5359,0,6.585509981960058e-05,0
5360,1,0.9797629714012146,1
5361,0,0.4740316867828369,0
5362,0,0.2541744112968445,0
5363,1,0.9905527830123901,1
5364,1,0.9991297125816345,1
5365,1,0.9978417158126831,1
5366,1,0.9296534657478333,1
5367,0,0.0323634035885334,0
5368,1,0.9999148845672607,1
5369,1,0.9969473481178284,1
5370,1,0.7808287739753723,1
5371,0,0.010735426098108292,0
5372,1,0.9027135372161865,1
5373,0,8.551994687877595e-05,0
5374,1,0.36325937509536743,0
5375,1,0.9997474551200867,1
5376,0,0.19872578978538513,0
5377,1,0.9933869242668152,1
5378,1,0.9998636245727539,1
5379,1,0.37836501002311707,0
5380,1,0.9953666925430298,1
5381,1,0.9999216794967651,1
5382,1,0.7819584608078003,1
5383,1,0.998823344707489,1
5384,1,0.9996030926704407,1
5385,1,0.9979665279388428,1
5386,1,0.9451143145561218,1
5387,1,0.5092513561248779,1
5388,1,0.9999961853027344,1
5389,1,0.9999802112579346,1
5390,0,7.664250733796507e-05,0
5391,1,0.99993896484375,1
5392,1,0.9990808963775635,1
5393,1,0.7779345512390137,1
5394,0,0.5444101691246033,1
5395,1,0.03275509178638458,0
5396,1,0.5425238609313965,1
5397,0,0.07682627439498901,0
5398,1,0.9889476299285889,1
5399,0,0.018090013414621353,0
5400,1,0.9989708662033081,1
5401,0,0.0006855459068901837,0
5402,0,0.00015621409693267196,0
5403,1,0.9999703168869019,1
5404,1,0.9999423027038574,1
5405,0,0.003737983526661992,0
5406,0,2.840039633156266e-05,0
5407,1,0.9996800422668457,1
5408,1,0.83333420753479,1
5409,1,0.9990598559379578,1
5410,1,0.9971638321876526,1
5411,0,0.0035705447662621737,0
5412,1,0.5828174352645874,1
5413,0,0.3084631860256195,0
5414,1,0.9999994039535522,1
5415,1,0.9999779462814331,1
5416,1,0.9999996423721313,1
5417,1,0.9929590225219727,1
5418,1,0.9998708963394165,1
5419,1,0.9999756813049316,1
5420,0,0.0015558943850919604,0
5421,0,0.0002643696207087487,0
5422,0,0.0038454949390143156,0
5423,0,0.0018022251315414906,0
5424,1,0.9982877373695374,1
5425,1,0.07497058808803558,0
5426,1,0.9977357387542725,1
5427,1,0.9999730587005615,1
5428,0,0.0007493036100640893,0
5429,0,0.5617964863777161,1
5430,1,0.9526999592781067,1
5431,1,0.9995075464248657,1
5432,1,0.9999995231628418,1
5433,0,0.0003754819044843316,0
5434,0,0.9018910527229309,1
5435,1,0.9995802044868469,1
5436,0,1.2911644262203481e-05,0
5437,0,7.594067483296385e-06,0
5438,0,1.9677729596878635e-06,0
5439,1,0.9999897480010986,1
5440,0,0.00019790152146015316,0
5441,1,0.9909732937812805,1
5442,1,0.9999741315841675,1
5443,0,1.739537765388377e-05,0
5444,1,0.998649537563324,1
5445,0,0.00029340977198444307,0
5446,0,0.0023453091271221638,0
5447,1,0.9996576309204102,1
5448,1,0.9996445178985596,1
5449,1,0.975543737411499,1
5450,1,0.9999902248382568,1
5451,1,0.9810036420822144,1
5452,0,0.00216977228410542,0
5453,0,0.00018598850874695927,0
5454,1,0.9999650716781616,1
5455,0,0.0006210831925272942,0
5456,1,0.9991186261177063,1
5457,1,0.9988850951194763,1
5458,0,0.06636002659797668,0
5459,0,0.0022946365643292665,0
5460,0,0.04230184108018875,0
5461,0,0.006814469583332539,0
5462,1,0.9875056743621826,1
5463,1,0.9974610805511475,1
5464,0,0.07589457184076309,0
5465,1,0.9637224078178406,1
5466,1,0.9982061386108398,1
5467,0,0.0011201489251106977,0
5468,1,0.7718465328216553,1
5469,1,0.9918447136878967,1
5470,0,3.812760769505985e-05,0
5471,0,0.005673487205058336,0
5472,1,0.996764063835144,1
5473,0,5.734628939535469e-05,0
5474,1,0.9939022064208984,1
5475,1,0.9998652935028076,1
5476,1,0.9985927939414978,1
5477,1,0.9650395512580872,1
5478,1,0.9904532432556152,1
5479,0,0.0008016675128601491,0
5480,0,0.05416306480765343,0
5481,0,0.0033666715025901794,0
5482,1,0.9999680519104004,1
5483,0,0.0845593586564064,0
5484,0,0.5765264630317688,1
5485,0,0.8893000483512878,1
5486,0,1.4332688635931845e-07,0
5487,0,0.01832793839275837,0
5488,1,0.9742917418479919,1
5489,1,0.9183167815208435,1
5490,0,0.0003319339593872428,0
5491,0,0.00787459034472704,0
5492,0,0.0004384354979265481,0
5493,0,0.008514530956745148,0
5494,1,0.9954144954681396,1
5495,1,0.9672159552574158,1
5496,1,0.9694278240203857,1
5497,0,9.998361605312311e-08,0
5498,0,3.234585892641917e-05,0
5499,0,0.00017696165014058352,0
5500,1,0.99998939037323,1
5501,1,0.9776867628097534,1
5502,1,0.9932542443275452,1
5503,0,0.0015991171821951866,0
5504,1,0.9211618900299072,1
5505,1,0.9990907907485962,1
5506,0,0.0003385521413292736,0
5507,0,8.606171491010173e-07,0
5508,1,0.9999516010284424,1
5509,0,1.1798430023191031e-05,0
5510,0,0.3194339871406555,0
5511,0,0.1511203795671463,0
5512,1,0.9997887015342712,1
5513,0,0.1320306360721588,0
5514,1,0.9996809959411621,1
5515,0,1.4605982869397849e-05,0
5516,0,0.043275367468595505,0
5517,0,0.006853319704532623,0
5518,1,0.9999535083770752,1
5519,0,0.017076032236218452,0
5520,1,0.9971664547920227,1
5521,0,6.989229586906731e-05,0
5522,0,0.012149951420724392,0
5523,1,0.9760377407073975,1
5524,1,0.18919681012630463,0
5525,0,0.0001685527531662956,0
5526,1,0.9998216032981873,1
5527,1,0.9999810457229614,1
5528,1,0.9999998807907104,1
5529,0,0.0005288210231810808,0
5530,0,0.0007620338001288474,0
5531,0,8.594949031248689e-05,0
5532,0,5.592676825472154e-05,0
5533,1,0.9819856882095337,1
5534,0,0.004284095484763384,0
5535,0,7.79245874582557e-06,0
5536,0,0.0023804903030395508,0
5537,0,0.017200713977217674,0
5538,1,0.9922993779182434,1
5539,1,0.9995220899581909,1
5540,1,0.9999651908874512,1
5541,1,0.9747997522354126,1
5542,0,0.007647730875760317,0
5543,1,0.9999717473983765,1
5544,1,0.9963009357452393,1
5545,1,0.9992831349372864,1
5546,1,0.9996757507324219,1
5547,0,0.00010933382145594805,0
5548,1,0.9997217059135437,1
5549,1,0.9999139308929443,1
5550,1,0.6271267533302307,1
5551,0,0.00021963650942780077,0
5552,0,0.004949298221617937,0
5553,0,0.00996046606451273,0
5554,0,0.004402210470288992,0
5555,1,0.9998806715011597,1
5556,0,0.04093955084681511,0
5557,1,0.997433602809906,1
5558,1,0.9986017346382141,1
5559,1,0.9567531943321228,1
5560,0,0.0008946079178713262,0
5561,0,0.00016757426783442497,0
5562,1,0.9965623021125793,1
5563,1,0.9948875308036804,1
5564,1,0.8972746133804321,1
5565,0,0.00366371707059443,0
5566,1,0.9774724841117859,1
5567,0,0.004461535718291998,0
5568,0,0.021885614842176437,0
5569,1,0.9999953508377075,1
5570,0,0.0018683376256376505,0
5571,1,0.9719094634056091,1
5572,1,0.9992757439613342,1
5573,0,0.04092608392238617,0
5574,1,0.7867860794067383,1
5575,0,0.0013874102151021361,0
5576,1,0.9760026335716248,1
5577,0,0.6832444667816162,1
5578,1,0.9889561533927917,1
5579,0,0.00045519310515373945,0
5580,0,0.010288738645613194,0
5581,0,6.3834630736892e-07,0
5582,1,0.9910224676132202,1
5583,0,0.03778465464711189,0
5584,1,0.9999701976776123,1
5585,0,0.012167681939899921,0
5586,0,0.0030904703307896852,0
5587,0,0.15885603427886963,0
5588,1,0.9981828331947327,1
5589,1,0.9998107552528381,1
5590,0,0.0005696046282537282,0
5591,1,0.999937891960144,1
5592,0,0.0020509592723101377,0
5593,1,0.9999819993972778,1
5594,1,0.9947633147239685,1
5595,1,0.9866771697998047,1
5596,1,0.9985935091972351,1
5597,1,0.9993059635162354,1
5598,1,0.9975663423538208,1
5599,0,0.1982208490371704,0
5600,1,0.9850360155105591,1
5601,1,0.993482768535614,1
5602,0,0.26411521434783936,0
5603,0,0.21473033726215363,0
5604,1,0.9999985694885254,1
5605,1,0.999893069267273,1
5606,1,0.9999992847442627,1
5607,0,4.380783502710983e-05,0
5608,0,0.001563640427775681,0
5609,0,0.0003163382934872061,0
5610,1,0.9669012427330017,1
5611,0,8.295904081023764e-06,0
5612,1,0.8885282874107361,1
5613,1,0.9880601763725281,1
5614,0,0.04264418035745621,0
5615,1,0.99997878074646,1
5616,1,0.9880169630050659,1
5617,1,0.007999259047210217,0
5618,1,0.23438221216201782,0
5619,0,0.9478031992912292,1
5620,1,0.8926869630813599,1
5621,0,0.00942578911781311,0
5622,1,0.999803364276886,1
5623,1,0.9986152648925781,1
5624,1,0.9899985194206238,1
5625,1,0.9847890138626099,1
5626,0,1.047179102897644e-05,0
5627,0,0.00042406481225043535,0
5628,0,0.00027578085428103805,0
5629,0,0.0027143913321197033,0
5630,1,0.9999780654907227,1
5631,0,5.9038052313553635e-06,0
5632,1,0.9992294311523438,1
5633,1,0.9994169473648071,1
5634,0,0.024178290739655495,0
5635,1,0.95086669921875,1
5636,1,0.9999949932098389,1
5637,0,0.003941806498914957,0
5638,0,3.227460751986655e-07,0
5639,1,0.9998151659965515,1
5640,0,0.00011810274008894339,0
5641,0,0.013005717657506466,0
5642,1,0.8442409038543701,1
5643,1,0.997893750667572,1
5644,0,1.667603646637872e-05,0
5645,1,0.9964082837104797,1
5646,0,0.0006987182423472404,0
5647,0,3.0689756385982037e-05,0
5648,1,0.9944853186607361,1
5649,0,0.2092965692281723,0
5650,1,0.9990969896316528,1
5651,1,0.9989041090011597,1
5652,0,0.012531737796962261,0
5653,1,0.9996418952941895,1
5654,1,0.9996117949485779,1
5655,0,0.0003427421033848077,0
5656,1,0.9999593496322632,1
5657,0,5.991837042529369e-06,0
5658,1,0.9999988079071045,1
5659,0,3.44659861184482e-06,0
5660,0,4.29584615631029e-05,0
5661,0,0.026736082509160042,0
5662,1,0.9999833106994629,1
5663,1,0.9997923970222473,1
5664,0,4.912104122922756e-05,0
5665,0,0.9948092699050903,1
5666,0,6.3031611716724e-06,0
5667,0,0.07440461963415146,0
5668,1,0.9999697208404541,1
5669,1,0.9988076686859131,1
5670,0,0.0007933581946417689,0
5671,1,0.9999257326126099,1
5672,0,0.07521960884332657,0
5673,0,9.989915270125493e-05,0
5674,0,0.03593762218952179,0
5675,0,0.0012840958079323173,0
5676,1,0.9999988079071045,1
5677,0,0.00016656728985253721,0
5678,1,0.9827588200569153,1
5679,1,0.3102128207683563,0
5680,1,0.977342426776886,1
5681,1,0.9992578625679016,1
5682,1,0.9999121427536011,1
5683,0,0.24523547291755676,0
5684,0,2.3089621663530124e-06,0
5685,1,0.9999853372573853,1
5686,0,0.003188875038176775,0
5687,0,0.00034760599373839796,0
5688,1,0.9930121302604675,1
5689,0,1.9350909497006796e-05,0
5690,1,0.9995306730270386,1
5691,0,0.015469121746718884,0
5692,0,0.00018914429529104382,0
5693,1,0.9990142583847046,1
5694,0,0.00024626313825137913,0
5695,0,0.033279839903116226,0
5696,1,0.999749481678009,1
5697,0,0.00036348504363559186,0
5698,0,0.4806864261627197,0
5699,0,0.006009315140545368,0
5700,0,0.07756572961807251,0
5701,0,0.14495284855365753,0
5702,0,0.002204608405008912,0
5703,0,0.018789587542414665,0
5704,1,0.999915361404419,1
5705,1,0.9999350309371948,1
5706,1,0.9814319610595703,1
5707,0,0.0017489916644990444,0
5708,0,0.0017728505190461874,0
5709,0,7.650734187336639e-05,0
5710,1,0.9988723397254944,1
5711,1,0.9921024441719055,1
5712,0,0.001702181063592434,0
5713,0,0.0006714166374877095,0
5714,0,0.09095878154039383,0
5715,0,1.4371192264661659e-05,0
5716,1,0.9892801642417908,1
5717,1,0.9789605140686035,1
5718,1,0.9969831109046936,1
5719,1,0.9977473616600037,1
5720,0,0.11180055141448975,0
5721,0,0.0021619927138090134,0
5722,1,0.9897634983062744,1
5723,0,3.106474468950182e-05,0
5724,0,0.00307783717289567,0
5725,1,0.9930620789527893,1
5726,1,0.9741411209106445,1
5727,0,0.5527385473251343,1
5728,1,0.9984506368637085,1
5729,0,0.00019674611394293606,0
5730,0,0.005026737228035927,0
5731,1,0.7249100208282471,1
5732,1,0.9989628791809082,1
5733,1,0.8313121795654297,1
5734,1,0.9998806715011597,1
5735,0,2.52161844400689e-05,0
5736,0,0.0002525100717321038,0
5737,1,0.9952242374420166,1
5738,1,0.9069468379020691,1
5739,0,5.258854434941895e-05,0
5740,0,4.940624785376713e-05,0
5741,0,0.00023394814343191683,0
5742,1,0.9995403289794922,1
5743,1,0.9888817667961121,1
5744,1,0.9994774460792542,1
5745,1,0.9956421852111816,1
5746,0,0.09377610683441162,0
5747,1,0.9989815354347229,1
5748,1,0.9934189915657043,1
5749,0,0.0033799228258430958,0
5750,1,0.9996830224990845,1
5751,1,0.9963836669921875,1
5752,1,0.9999896287918091,1
5753,1,0.9999861717224121,1
5754,0,0.6991614103317261,1
5755,0,0.022843169048428535,0
5756,0,0.5252237915992737,1
5757,1,0.9990081191062927,1
5758,0,0.38574597239494324,0
5759,1,0.9994496703147888,1
5760,1,0.9992302656173706,1
5761,1,0.9354729652404785,1
5762,1,0.9800887703895569,1
5763,1,0.9982837438583374,1
5764,1,0.9932832717895508,1
5765,0,2.593760655145161e-06,0
5766,1,0.9865580201148987,1
5767,0,6.068495713407174e-05,0
5768,0,7.691757491556928e-05,0
5769,0,0.0012331183534115553,0
5770,0,0.014041455462574959,0
5771,1,0.9999955892562866,1
5772,0,0.7150530219078064,1
5773,0,0.10030896216630936,0
5774,1,0.9160096049308777,1
5775,0,0.3067246973514557,0
5776,0,0.002095620846375823,0
5777,1,0.9998438358306885,1
5778,1,0.32005810737609863,0
5779,0,0.00011103695578640327,0
5780,1,0.999570906162262,1
5781,1,0.9986681938171387,1
5782,1,0.9910269379615784,1
5783,1,0.9998915195465088,1
5784,1,0.8583092093467712,1
5785,0,0.1159682646393776,0
5786,1,0.9790220856666565,1
5787,1,0.9973798394203186,1
5788,1,0.9997256398200989,1
5789,1,0.9999150037765503,1
5790,1,0.9664849638938904,1
5791,0,1.041541872837115e-05,0
5792,1,0.9999973773956299,1
5793,0,0.48734050989151,0
5794,1,0.999954104423523,1
5795,1,0.9992485642433167,1
5796,1,0.99972003698349,1
5797,1,0.9128175377845764,1
5798,0,0.03219733387231827,0
5799,0,0.5071380138397217,1
5800,0,1.0649033583831624e-06,0
5801,0,0.00038074725307524204,0
5802,0,0.09696733951568604,0
5803,1,0.9999445676803589,1
5804,1,0.18605783581733704,0
5805,0,0.02321843057870865,0
5806,1,0.9998692274093628,1
5807,1,0.99989914894104,1
5808,1,0.7581546306610107,1
5809,1,0.9948275685310364,1
5810,1,0.9999676942825317,1
5811,1,0.9950714111328125,1
5812,1,0.996651828289032,1
5813,0,0.2941491901874542,0
5814,1,0.9991519451141357,1
5815,0,0.5624156594276428,1
5816,1,0.9996377229690552,1
5817,0,1.1982020623690914e-05,0
5818,0,0.0014259469462558627,0
5819,0,0.9899141788482666,1
5820,1,0.295244425535202,0
5821,1,0.999998927116394,1
5822,1,0.9999324083328247,1
5823,1,0.5526396036148071,1
5824,1,0.9662970304489136,1
5825,1,0.9968376159667969,1
5826,0,0.0004260932910256088,0
5827,1,0.9281746745109558,1
5828,1,0.9998475313186646,1
5829,1,0.9691638350486755,1
5830,1,0.9437369704246521,1
5831,1,0.9995935559272766,1
5832,0,0.18610793352127075,0
5833,1,0.4018544852733612,0
5834,1,0.9993312358856201,1
5835,0,0.202010378241539,0
5836,1,0.9999616146087646,1
5837,1,0.9999994039535522,1
5838,1,0.36533287167549133,0
5839,0,2.484581091266591e-05,0
5840,1,0.8397302627563477,1
5841,1,0.9994358420372009,1
5842,0,0.001891552354209125,0
5843,0,0.020054884254932404,0
5844,0,0.19843731820583344,0
5845,1,0.9942315816879272,1
5846,1,0.9784481525421143,1
5847,0,0.006500301882624626,0
5848,0,0.040582314133644104,0
5849,1,1.0,1
5850,1,0.999488353729248,1
5851,0,0.00010566992568783462,0
5852,1,0.9998904466629028,1
5853,1,0.9971631169319153,1
5854,0,0.03975263610482216,0
5855,0,6.316178655652038e-07,0
5856,1,0.9840713739395142,1
5857,0,0.04968591406941414,0
5858,1,0.9999740123748779,1
5859,1,0.9998136162757874,1
5860,0,0.001151791773736477,0
5861,1,0.9998282194137573,1
5862,1,0.9374834895133972,1
5863,0,0.011381393298506737,0
5864,0,2.9469990892039277e-08,0
5865,0,0.0020283591002225876,0
5866,0,0.476017564535141,0
5867,1,0.9976296424865723,1
5868,0,0.0001874403387773782,0
5869,1,0.9989275336265564,1
5870,0,0.004238615743815899,0
5871,1,0.9983886480331421,1
5872,1,0.9310770034790039,1
5873,0,0.06410917639732361,0
5874,1,0.9999963045120239,1
5875,1,0.01586497388780117,0
5876,0,0.0038104155100882053,0
5877,0,0.0032985631842166185,0
5878,1,0.5334866046905518,1
5879,0,0.00018247375555802137,0
5880,0,1.320351930189645e-05,0
5881,1,0.9994307160377502,1
5882,1,0.9993755221366882,1
5883,0,0.015299334190785885,0
5884,0,0.09630692005157471,0
5885,0,1.9435150534263812e-05,0
5886,1,0.9990490078926086,1
5887,0,5.681768925569486e-06,0
5888,1,0.9999971389770508,1
5889,0,0.020283974707126617,0
5890,1,0.9995309114456177,1
5891,0,0.0031066786032170057,0
5892,1,0.9999381303787231,1
5893,0,0.1523115336894989,0
5894,0,0.0007846677908673882,0
5895,0,0.008225884288549423,0
5896,1,0.9994162321090698,1
5897,1,0.9866787791252136,1
5898,0,0.008882707916200161,0
5899,1,0.989763617515564,1
5900,1,0.9949195981025696,1
5901,1,0.975927472114563,1
5902,1,0.9245588779449463,1
5903,0,0.37404966354370117,0
5904,0,0.04216868802905083,0
5905,1,0.9999947547912598,1
5906,1,0.971592128276825,1
5907,0,0.9999457597732544,1
5908,0,0.0014639922883361578,0
5909,1,0.9997681975364685,1
5910,1,0.9997977614402771,1
5911,1,0.999955415725708,1
5912,0,0.0011066277511417866,0
5913,1,0.9565120935440063,1
5914,1,0.9999138116836548,1
5915,0,0.040334396064281464,0
5916,0,0.5108969807624817,1
5917,0,0.006344263907521963,0
5918,0,0.19839926064014435,0
5919,1,0.9094346761703491,1
5920,1,0.9988383650779724,1
5921,0,0.01936396025121212,0
5922,1,0.8837863802909851,1
5923,0,0.5247210264205933,1
5924,1,0.04244929552078247,0
5925,1,0.23587636649608612,0
5926,1,0.9408880472183228,1
5927,0,0.2562389075756073,0
5928,0,0.06485845148563385,0
5929,0,0.0002729414263740182,0
5930,0,0.016425011679530144,0
5931,1,0.896290123462677,1
5932,1,0.986586332321167,1
5933,0,0.011525910347700119,0
5934,0,1.8178892560172244e-06,0
5935,1,0.998944103717804,1
5936,0,0.010275806300342083,0
5937,1,0.9753657579421997,1
5938,1,0.9934905767440796,1
5939,0,0.000979105825535953,0
5940,0,0.04228360578417778,0
5941,1,0.9995296001434326,1
5942,1,0.9999994039535522,1
5943,0,0.06180592626333237,0
5944,0,0.5513302683830261,1
5945,1,0.9993950128555298,1
5946,1,0.29835984110832214,0
5947,0,0.0006993607967160642,0
5948,1,0.9995355606079102,1
5949,0,0.008695562370121479,0
5950,0,0.18880462646484375,0
5951,0,0.10608580708503723,0
5952,1,0.8302133083343506,1
5953,1,0.9999994039535522,1
5954,0,0.030981019139289856,0
5955,0,0.019334083423018456,0
5956,1,0.9893679022789001,1
5957,1,0.9977387189865112,1
5958,1,0.9946916699409485,1
5959,0,3.81376565883329e-08,0
5960,0,0.09734402596950531,0
5961,1,0.9978225231170654,1
5962,0,0.06631036847829819,0
5963,0,7.748622010694817e-05,0
5964,1,0.9999788999557495,1
5965,1,0.9998524188995361,1
5966,0,0.009924341924488544,0
5967,0,0.08909903466701508,0
5968,1,0.97749924659729,1
5969,0,0.012125239707529545,0
5970,1,0.9999194145202637,1
5971,0,3.621694122557528e-05,0
5972,1,0.9999110698699951,1
5973,0,0.0005290219560265541,0
5974,0,0.28236424922943115,0
5975,0,0.0011617833515629172,0
5976,0,0.000940303027164191,0
5977,0,0.005506471265107393,0
5978,1,0.970797061920166,1
5979,0,0.1186719536781311,0
5980,0,0.0005952251958660781,0
5981,0,2.331080622752779e-06,0
5982,1,0.5237795114517212,1
5983,0,0.015165843069553375,0
5984,0,0.6628403663635254,1
5985,0,0.0173368901014328,0
5986,0,0.0005547651089727879,0
5987,1,0.8591051697731018,1
5988,0,0.0004685260937549174,0
5989,0,1.9842826077365316e-05,0
5990,0,0.03663971275091171,0
5991,1,0.9734825491905212,1
5992,1,0.9991121888160706,1
5993,0,1.2177266398794018e-05,0
5994,0,0.6006033420562744,1
5995,0,0.0015518596628680825,0
5996,0,0.028810879215598106,0
5997,0,0.003177217673510313,0
5998,1,0.9999178647994995,1
5999,0,0.0014519423712044954,0
6000,1,0.893044650554657,1
6001,0,0.0035395424347370863,0
6002,1,0.9978259205818176,1
6003,1,0.9819597005844116,1
6004,1,0.841545581817627,1
6005,0,0.0008576109539717436,0
6006,0,0.21021340787410736,0
6007,1,0.8775181770324707,1
6008,1,0.994150698184967,1
6009,0,2.5687559173093177e-05,0
6010,1,0.9999667406082153,1
6011,0,0.7664856314659119,1
6012,1,0.9999334812164307,1
6013,0,0.0021066071931272745,0
6014,1,0.9981753826141357,1
6015,1,0.690816342830658,1
6016,1,0.9998743534088135,1
6017,1,0.9968506693840027,1
6018,1,0.9659895896911621,1
6019,0,0.0014738088939338923,0
6020,1,0.9994484782218933,1
6021,1,0.9387335181236267,1
6022,0,0.0033308626152575016,0
6023,1,0.9099918603897095,1
6024,0,0.007118347566574812,0
6025,1,0.999550998210907,1
6026,0,0.0006190408021211624,0
6027,0,0.11341533064842224,0
6028,0,0.0007462436915375292,0
6029,1,0.9944484233856201,1
6030,1,0.9987970590591431,1
6031,1,0.9828185439109802,1
6032,1,0.9997656941413879,1
6033,0,0.3024028539657593,0
6034,0,0.8415408730506897,1
6035,1,0.9999953508377075,1
6036,0,0.00011491572513477877,0
6037,1,0.999417781829834,1
6038,0,0.0008507500751875341,0
6039,1,0.995636522769928,1
6040,1,0.9999991655349731,1
6041,0,0.7956812381744385,1
6042,0,0.0002302356733707711,0
6043,1,0.9607970118522644,1
6044,1,0.9994022846221924,1
6045,0,0.9994279742240906,1
6046,1,0.9380695223808289,1
6047,0,3.6052892937732395e-06,0
6048,1,0.9999992847442627,1
6049,1,0.9977015852928162,1
6050,0,0.2757205367088318,0
6051,0,0.04199414700269699,0
6052,0,1.6158415746758692e-05,0
6053,1,0.956464409828186,1
6054,0,0.5709726214408875,1
6055,0,0.014419695362448692,0
6056,1,0.9999058246612549,1
6057,1,0.9388847947120667,1
6058,0,0.975816011428833,1
6059,1,0.9916410446166992,1
6060,0,0.3887852430343628,0
6061,1,0.9999634027481079,1
6062,1,0.021754568442702293,0
6063,1,0.9957520961761475,1
6064,1,0.9996685981750488,1
6065,1,0.9966637492179871,1
6066,0,0.0018002267461270094,0
6067,0,0.00014105810259934515,0
6068,0,0.37879931926727295,0
6069,1,0.9302533268928528,1
6070,0,0.004122589714825153,0
6071,0,0.006915758363902569,0
6072,0,0.0017024170374497771,0
6073,1,0.9999951124191284,1
6074,0,5.359676833904814e-06,0
6075,1,0.999716579914093,1
6076,0,0.13668382167816162,0
6077,1,0.7608146667480469,1
6078,0,0.7580904960632324,1
6079,1,0.9983277916908264,1
6080,1,0.6242316365242004,1
6081,1,0.7780700922012329,1
6082,1,0.9997439980506897,1
6083,1,0.9997313618659973,1
6084,0,0.004189840983599424,0
6085,1,0.9999092817306519,1
6086,0,0.007954800501465797,0
6087,0,3.704109985847026e-05,0
6088,1,0.9999880790710449,1
6089,0,0.019278688356280327,0
6090,0,0.0007903787773102522,0
6091,0,3.5321907489560544e-05,0
6092,0,0.06284048408269882,0
6093,1,0.9999415874481201,1
6094,1,0.3982963263988495,0
6095,0,0.6833782196044922,1
6096,0,0.0014499741373583674,0
6097,1,0.9998897314071655,1
6098,0,0.0058997818268835545,0
6099,0,0.007237538695335388,0
6100,1,0.9674896001815796,1
6101,1,0.9988521337509155,1
6102,1,0.9886489510536194,1
6103,1,0.9420098662376404,1
6104,0,0.000213973835343495,0
6105,1,0.9179717898368835,1
6106,1,0.68988037109375,1
6107,0,3.6934929084964097e-05,0
6108,1,0.9324443936347961,1
6109,0,0.5057947635650635,1
6110,0,0.04822168126702309,0
6111,1,0.9993844032287598,1
6112,1,0.9999983310699463,1
6113,1,0.9943767786026001,1
6114,1,0.9952605366706848,1
6115,1,0.9785077571868896,1
6116,0,0.0005389140569604933,0
6117,1,0.949250340461731,1
6118,1,0.9998071789741516,1
6119,1,0.9992832541465759,1
6120,0,0.00018424427253194153,0
6121,1,0.9999997615814209,1
6122,0,0.005840442609041929,0
6123,1,0.546136736869812,1
6124,1,0.9874370098114014,1
6125,0,4.04356251237914e-05,0
6126,1,0.9997788071632385,1
6127,0,5.067308848083485e-06,0
6128,0,0.0010128205176442862,0
6129,0,4.304117101128213e-05,0
6130,0,4.9138605390908197e-05,0
6131,1,0.9806616306304932,1
6132,1,0.9999995231628418,1
6133,0,0.002946634544059634,0
6134,1,0.9935634136199951,1
6135,0,6.237733759917319e-05,0
6136,1,0.9998619556427002,1
6137,0,0.016631409525871277,0
6138,0,0.04658111557364464,0
6139,0,1.7931600950760185e-06,0
6140,0,0.00011084832658525556,0
6141,0,0.03819330036640167,0
6142,0,0.004209213424474001,0
6143,0,0.00022264209110289812,0
6144,1,0.9999982118606567,1
6145,0,0.8569462895393372,1
6146,1,0.9999895095825195,1
6147,0,0.0021046926267445087,0
6148,1,0.9998654127120972,1
6149,1,0.9949790835380554,1
6150,0,6.782300624763593e-05,0
6151,1,0.9976699948310852,1
6152,1,0.9999575614929199,1
6153,0,0.013844013214111328,0
6154,0,0.00010101168300025165,0
6155,1,0.9999970197677612,1
6156,1,0.9999548196792603,1
6157,1,0.8331500291824341,1
6158,1,0.9995542168617249,1
6159,0,0.0024928285274654627,0
6160,0,0.0343925841152668,0
6161,1,0.9999175071716309,1
6162,0,0.00010299451241735369,0
6163,0,0.6052630543708801,1
6164,0,0.0008144528255797923,0
6165,1,0.9999213218688965,1
6166,1,0.9988077878952026,1
6167,1,0.9445538520812988,1
6168,0,0.00023669438087381423,0
6169,1,0.9905761480331421,1
6170,1,0.3285859227180481,0
6171,0,0.0001573274639667943,0
6172,0,7.4324191245978e-08,0
6173,1,0.9993336796760559,1
6174,0,0.002077510580420494,0
6175,0,0.00016167262219823897,0
6176,1,0.9994215965270996,1
6177,1,0.98521488904953,1
6178,1,0.9993094205856323,1
6179,1,0.9972104430198669,1
6180,0,0.001616720692254603,0
6181,1,0.999566376209259,1
6182,0,0.3215695023536682,0
6183,1,0.9998107552528381,1
6184,1,0.9957761168479919,1
6185,1,0.9909398555755615,1
6186,0,0.01661032810807228,0
6187,1,0.995469331741333,1
6188,0,6.87168767399271e-06,0
6189,1,0.9998810291290283,1
6190,0,0.015406856313347816,0
6191,1,0.9997612833976746,1
6192,1,0.9962670207023621,1
6193,0,0.01838451623916626,0
6194,0,0.10087291151285172,0
6195,1,0.9999969005584717,1
6196,1,0.9963588118553162,1
6197,1,0.9521226286888123,1
6198,1,0.9996151924133301,1
6199,0,0.0004170296306256205,0
6200,0,0.0018240450881421566,0
6201,0,0.9103232622146606,1
6202,0,5.098625479149632e-05,0
6203,1,0.9993402361869812,1
6204,0,0.0035552310291677713,0
6205,0,2.014163874264341e-05,0
6206,0,3.5857607144862413e-05,0
6207,0,0.36657315492630005,0
6208,1,0.7778920531272888,1
6209,0,0.0008909544558264315,0
6210,1,0.9970484375953674,1
6211,0,0.0037338854745030403,0
6212,1,0.7632989287376404,1
6213,1,0.9999792575836182,1
6214,0,6.718910583458637e-08,0
6215,0,0.00018293471657671034,0
6216,1,0.9842081665992737,1
6217,1,0.0940779447555542,0
6218,0,0.7942823171615601,1
6219,1,0.9992663264274597,1
6220,0,2.0392140868352726e-05,0
6221,0,4.497119789448334e-06,0
6222,0,0.07155401259660721,0
6223,0,0.055409111082553864,0
6224,1,0.9998819828033447,1
6225,0,0.01517402846366167,0
6226,0,0.0006179841002449393,0
6227,0,0.0014171293005347252,0
6228,1,0.996605396270752,1
6229,0,0.03201845660805702,0
6230,0,0.9668078422546387,1
6231,1,0.9986205101013184,1
6232,1,0.9999128580093384,1
6233,1,0.9997301697731018,1
6234,1,0.9998553991317749,1
6235,1,0.9745964407920837,1
6236,0,1.3687501450476702e-05,0
6237,0,5.724212314817123e-06,0
6238,0,0.0021036372054368258,0
6239,1,0.9999994039535522,1
6240,1,0.999901294708252,1
6241,1,0.29741284251213074,0
6242,0,0.022565757855772972,0
6243,1,0.9871200323104858,1
6244,1,0.8265734314918518,1
6245,1,0.9999361038208008,1
6246,1,0.9998624324798584,1
6247,1,0.9972578883171082,1
6248,1,0.9996262788772583,1
6249,0,0.5437831282615662,1
6250,0,0.02044363133609295,0
6251,0,0.2808662950992584,0
6252,0,0.020786885172128677,0
6253,0,1.3718675972995698e-06,0
6254,0,0.0033378731459379196,0
6255,0,0.0018784747226163745,0
6256,0,0.00011083257413702086,0
6257,1,0.9999910593032837,1
6258,0,0.0012196294264867902,0
6259,0,0.09527013450860977,0
6260,1,0.9999953508377075,1
6261,0,0.000682248966768384,0
6262,0,0.048959001898765564,0
6263,0,0.0005638024304062128,0
6264,1,0.9996154308319092,1
6265,1,0.9994925260543823,1
6266,1,0.9970893263816833,1
6267,1,0.2376728504896164,0
6268,1,0.9955497980117798,1
6269,1,0.9999985694885254,1
6270,1,0.9984362721443176,1
6271,1,0.961834728717804,1
6272,0,0.002121108351275325,0
6273,0,8.657241323817289e-07,0
6274,0,7.370954335783608e-06,0
6275,0,7.908087695795984e-08,0
6276,0,8.736617746762931e-05,0
6277,1,0.9597297310829163,1
6278,1,0.9967743754386902,1
6279,1,0.9513910412788391,1
6280,1,0.995612382888794,1
6281,0,0.011250928975641727,0
6282,1,0.9817076921463013,1
6283,0,0.2807200253009796,0
6284,1,0.9996788501739502,1
6285,1,0.9983407258987427,1
6286,1,0.979623019695282,1
6287,1,0.9522152543067932,1
6288,1,0.9774919152259827,1
6289,0,2.791597944451496e-05,0
6290,0,0.3438079357147217,0
6291,1,0.9676259756088257,1
6292,1,0.9904499650001526,1
6293,1,0.9999938011169434,1
6294,1,0.9999998807907104,1
6295,0,0.14706894755363464,0
6296,0,0.08949226886034012,0
6297,0,0.04543384909629822,0
6298,1,0.9994045495986938,1
6299,0,0.0005877373623661697,0
6300,0,8.923740892896603e-07,0
6301,1,0.9964465498924255,1
6302,0,0.20768985152244568,0
6303,1,0.9983174800872803,1
6304,0,0.0004198339593131095,0
6305,0,8.115315722534433e-06,0
6306,0,6.577752355951816e-05,0
6307,0,0.1248365268111229,0
6308,0,0.8030903339385986,1
6309,0,0.00260141771286726,0
6310,0,0.9405952095985413,1
6311,1,0.9994658827781677,1
6312,1,0.9923868179321289,1
6313,1,0.8944950103759766,1
6314,0,0.002740798518061638,0
6315,0,0.30339282751083374,0
6316,0,6.124925130279735e-05,0
6317,0,0.02108990028500557,0
6318,0,0.3877204358577728,0
6319,0,0.013108341954648495,0
6320,1,0.9999916553497314,1
6321,0,1.199783400807064e-05,0
6322,1,0.999941349029541,1
6323,0,0.8209982514381409,1
6324,1,0.9991693496704102,1
6325,0,0.00013060044148005545,0
6326,0,0.934136688709259,1
6327,0,8.761396020418033e-05,0
6328,0,0.04305757209658623,0
6329,1,0.9989217519760132,1
6330,0,0.0022670773323625326,0
6331,1,0.9997257590293884,1
6332,1,0.9947823882102966,1
6333,1,0.9999678134918213,1
6334,0,0.00039019095129333436,0
6335,1,0.9997766613960266,1
6336,0,0.0003632607404142618,0
6337,1,0.9999480247497559,1
6338,1,0.9932130575180054,1
6339,0,1.4512527741317172e-05,0
6340,1,0.9999377727508545,1
6341,0,0.01351633295416832,0
6342,1,0.9998630285263062,1
6343,1,0.9984785914421082,1
6344,0,1.9668594177346677e-05,0
6345,0,0.010622831992805004,0
6346,1,0.9997656941413879,1
6347,1,0.9912732243537903,1
6348,0,0.1536688655614853,0
6349,0,0.0026237345300614834,0
6350,1,0.999944806098938,1
6351,1,0.8910584449768066,1
6352,1,0.35455259680747986,0
6353,1,0.9902835488319397,1
6354,0,0.021341906860470772,0
6355,0,3.537830707500689e-05,0
6356,1,0.9993388056755066,1
6357,1,0.9981659054756165,1
6358,1,0.9945340156555176,1
6359,0,0.0011010655434802175,0
6360,1,0.9976301193237305,1
6361,0,6.050320735084824e-06,0
6362,0,0.025279099121689796,0
6363,1,0.984260618686676,1
6364,0,0.0008523984579369426,0
6365,0,0.000667927844915539,0
6366,1,0.9999972581863403,1
6367,0,0.056465573608875275,0
6368,0,0.00017943349666893482,0
6369,0,0.30817922949790955,0
6370,0,1.9486019482428674e-06,0
6371,0,0.0020670020021498203,0
6372,0,0.07374708354473114,0
6373,1,0.9813759326934814,1
6374,0,0.0015243864618241787,0
6375,0,0.03593709319829941,0
6376,1,0.688746452331543,1
6377,1,0.9963512420654297,1
6378,1,0.9827529191970825,1
6379,0,0.0007898422772996128,0
6380,0,1.8374050725356028e-08,0
6381,0,1.0744304745458066e-05,0
6382,0,0.000630875350907445,0
6383,1,0.9779180288314819,1
6384,0,0.0023460767697542906,0
6385,1,0.9967796206474304,1
6386,1,0.9982022047042847,1
6387,1,0.9990873336791992,1
6388,0,0.0032977405935525894,0
6389,1,0.9286490678787231,1
6390,0,0.021152982488274574,0
6391,0,0.035617005079984665,0
6392,1,0.9999516010284424,1
6393,1,0.9999996423721313,1
6394,0,0.1460307091474533,0
6395,0,0.9969403743743896,1
6396,1,0.9999980926513672,1
6397,1,0.6263275146484375,1
6398,1,0.999510645866394,1
6399,0,0.010553576052188873,0
6400,1,0.9981743097305298,1
6401,0,0.6023837327957153,1
6402,1,0.5985003113746643,1
6403,0,8.870169403962791e-05,0
6404,1,0.9991801381111145,1
6405,0,0.0007743262685835361,0
6406,1,0.9991483688354492,1
6407,0,9.489951480645686e-05,0
6408,0,0.05551718920469284,0
6409,1,0.9216440916061401,1
6410,1,0.8330332040786743,1
6411,1,0.9434879422187805,1
6412,0,0.06816291064023972,0
6413,0,0.025907281786203384,0
6414,1,0.999245285987854,1
6415,0,0.6088851690292358,1
6416,0,0.004373345524072647,0
6417,0,0.004428367130458355,0
6418,0,0.007422971073538065,0
6419,0,0.9899135828018188,1
6420,0,0.02658577635884285,0
6421,1,0.7209228873252869,1
6422,1,0.9994916915893555,1
6423,0,0.6141988635063171,1
6424,0,0.00042471938650123775,0
6425,1,0.9999878406524658,1
6426,0,2.386364940321073e-05,0
6427,0,0.0007563975523225963,0
6428,0,0.0003971610276494175,0
6429,0,0.024001864716410637,0
6430,0,0.012430994771420956,0
6431,0,7.40156538086012e-05,0
6432,0,0.6468328237533569,1
6433,0,0.7703720331192017,1
6434,1,0.9999051094055176,1
6435,1,0.8902732729911804,1
6436,0,0.2226579785346985,0
6437,1,0.9999725818634033,1
6438,0,0.8553075194358826,1
6439,1,0.9997444748878479,1
6440,0,0.011368678882718086,0
6441,0,0.5425736904144287,1
6442,0,0.002567578572779894,0
6443,1,0.998930037021637,1
6444,1,0.9927898049354553,1
6445,1,0.9999983310699463,1
6446,0,0.040661171078681946,0
6447,0,4.045251989737153e-05,0
6448,0,0.0016665292205289006,0
6449,0,0.005303801503032446,0
6450,0,1.0858831046789419e-05,0
6451,0,0.0048774536699056625,0
6452,0,0.003754846751689911,0
6453,1,0.9998880624771118,1
6454,1,0.7035399675369263,1
6455,1,0.9961611032485962,1
6456,1,0.9971633553504944,1
6457,1,0.9999946355819702,1
6458,0,0.00045510518248192966,0
6459,0,0.9260629415512085,1
6460,0,0.002082417719066143,0
6461,1,0.5051034688949585,1
6462,1,0.9999134540557861,1
6463,1,0.9999908208847046,1
6464,1,0.6667105555534363,1
6465,1,0.9999805688858032,1
6466,1,0.999998927116394,1
6467,0,0.07813780754804611,0
6468,1,0.9901531338691711,1
6469,1,0.9080844521522522,1
6470,0,0.13194522261619568,0
6471,1,0.0016483896179124713,0
6472,1,0.9982113838195801,1
6473,0,0.002594730583950877,0
6474,0,3.11920048261527e-05,0
6475,0,0.00011301486665615812,0
6476,1,0.6530600786209106,1
6477,1,0.9569724202156067,1
6478,1,0.9892637133598328,1
6479,1,0.9999321699142456,1
6480,1,0.9999927282333374,1
6481,0,0.00012470032379496843,0
6482,0,0.001546254614368081,0
6483,1,0.9954860806465149,1
6484,1,0.9998745918273926,1
6485,1,0.652215838432312,1
6486,1,0.8115299940109253,1
6487,0,0.05163285508751869,0
6488,0,5.827767381560989e-06,0
6489,0,2.117356643793755e-06,0
6490,0,0.0022456098813563585,0
6491,0,0.002526478376239538,0
6492,1,0.9987471103668213,1
6493,1,0.9961403012275696,1
6494,0,9.11529355107632e-07,0
6495,0,4.9317467443188434e-08,0
6496,1,0.9999957084655762,1
6497,0,0.003061224240809679,0
6498,0,0.007848640903830528,0
6499,1,0.9998854398727417,1
6500,1,0.996624231338501,1
6501,0,0.002981714438647032,0
6502,0,0.0002971680951304734,0
6503,0,0.005531005561351776,0
6504,1,0.22192569077014923,0
6505,0,0.005668453872203827,0
6506,0,0.0001141442553489469,0
6507,0,0.0015648588305339217,0
6508,1,0.9370625019073486,1
6509,1,0.9994561076164246,1
6510,1,1.0,1
6511,0,0.003640226786956191,0
6512,1,0.8621711730957031,1
6513,0,0.0024401843547821045,0
6514,1,0.9940153956413269,1
6515,0,5.9610672906273976e-05,0
6516,0,0.009200663305819035,0
6517,0,0.012614894658327103,0
6518,0,0.0006017995183356106,0
6519,0,9.654141649662051e-06,0
6520,1,0.9994001388549805,1
6521,1,0.9987465143203735,1
6522,0,0.0006836795364506543,0
6523,1,0.9997366070747375,1
6524,0,0.07872076332569122,0
6525,1,0.7800120115280151,1
6526,0,0.0002826620766427368,0
6527,1,0.9999895095825195,1
6528,1,0.9994077682495117,1
6529,0,0.008075138553977013,0
6530,0,1.7401782315573655e-05,0
6531,1,0.9850769639015198,1
6532,1,0.9972255229949951,1
6533,1,0.9896412491798401,1
6534,0,0.01419779658317566,0
6535,1,0.9999135732650757,1
6536,0,0.06577682495117188,0
6537,1,0.9951449036598206,1
6538,1,0.23976154625415802,0
6539,0,0.0003693497565109283,0
6540,0,0.0006849623750895262,0
6541,0,0.5875797271728516,1
6542,0,2.6511568648857065e-05,0
6543,1,0.9660997986793518,1
6544,1,0.9975990653038025,1
6545,1,0.9550071358680725,1
6546,0,0.004029793664813042,0
6547,0,0.009068144485354424,0
6548,0,0.08092261850833893,0
6549,0,0.002817656612023711,0
6550,1,0.9996966123580933,1
6551,0,0.8117722272872925,1
6552,1,0.9995421171188354,1
6553,1,0.9293389916419983,1
6554,0,0.003267404157668352,0
6555,1,0.9989909529685974,1
6556,1,0.9999657869338989,1
6557,0,0.021124811843037605,0
6558,1,0.9999974966049194,1
6559,0,0.001155951409600675,0
6560,1,0.9707006812095642,1
6561,1,0.998661994934082,1
6562,0,8.582004738855176e-06,0
6563,0,4.5970402425155044e-05,0
6564,0,0.0008119998383335769,0
6565,1,0.999875545501709,1
6566,1,0.9999951124191284,1
6567,1,0.5021796822547913,1
6568,0,0.12634634971618652,0
6569,1,0.9963078498840332,1
6570,0,0.0019575990736484528,0
6571,1,0.9950548410415649,1
6572,1,0.020284514874219894,0
6573,1,0.7985662817955017,1
6574,1,0.9993957281112671,1
6575,1,0.9999886751174927,1
6576,0,0.00026950612664222717,0
6577,1,0.99973064661026,1
6578,0,0.00010801752796396613,0
6579,0,0.29953494668006897,0
6580,0,0.12056358903646469,0
6581,1,0.9999841451644897,1
6582,1,0.9999880790710449,1
6583,1,0.9882959723472595,1
6584,1,0.4944365322589874,0
6585,1,0.9999903440475464,1
6586,1,0.99996018409729,1
6587,0,0.00010231244232272729,0
6588,0,6.0851041780551895e-05,0
6589,1,0.4335309565067291,0
6590,1,0.9997300505638123,1
6591,0,0.02665889635682106,0
6592,1,0.9999969005584717,1
6593,0,0.1786569356918335,0
6594,1,0.8702099323272705,1
6595,1,0.9997915625572205,1
6596,1,0.9421489834785461,1
6597,0,0.4229106605052948,0
6598,0,0.7098226547241211,1
6599,1,0.9996321201324463,1
6600,0,0.0016329693607985973,0
6601,1,0.9999728202819824,1
6602,0,0.009605927392840385,0
6603,0,0.002687989268451929,0
6604,0,0.0010294723324477673,0
6605,1,0.9999978542327881,1
6606,0,0.0009868564084172249,0
6607,1,0.9997711777687073,1
6608,1,0.998745322227478,1
6609,0,0.0008003394468687475,0
6610,0,0.8824582099914551,1
6611,1,1.0,1
6612,1,0.9688845276832581,1
6613,0,0.0074845654889941216,0
6614,0,0.008468554355204105,0
6615,1,0.9996563196182251,1
6616,1,0.995107889175415,1
6617,1,0.4123876392841339,0
6618,0,0.49184584617614746,0
6619,0,0.016942093148827553,0
6620,1,0.9943732023239136,1
6621,0,0.00530892051756382,0
6622,1,0.9995562434196472,1
6623,0,5.460338343254989e-06,0
6624,1,0.5115984678268433,1
6625,1,0.9999880790710449,1
6626,0,4.072365481988527e-05,0
6627,1,0.9991075396537781,1
6628,0,1.4949554497434292e-05,0
6629,0,0.00014067890879232436,0
6630,1,0.9880457520484924,1
6631,1,0.6399860978126526,1
6632,1,0.9963154196739197,1
6633,1,0.999845027923584,1
6634,1,0.9992389678955078,1
6635,0,0.3709997832775116,0
6636,1,0.9673017263412476,1
6637,1,0.9815562963485718,1
6638,1,0.9999616146087646,1
6639,1,0.9999690055847168,1
6640,0,0.0015002647414803505,0
6641,0,0.3866055905818939,0
6642,0,0.4160959720611572,0
6643,0,0.13539691269397736,0
6644,0,0.001209740643389523,0
6645,1,0.9998170733451843,1
6646,1,0.852523922920227,1
6647,0,0.005647033452987671,0
6648,0,0.12824469804763794,0
6649,0,1.750726551108528e-05,0
6650,0,1.3262515494716354e-06,0
6651,1,0.9979453682899475,1
6652,1,0.9995952248573303,1
6653,1,0.9999909400939941,1
6654,0,0.0004651057824958116,0
6655,0,0.8190538883209229,1
6656,0,0.1569681614637375,0
6657,1,0.9996689558029175,1
6658,1,0.9999619722366333,1
6659,1,0.9999948740005493,1
6660,0,0.001676845015026629,0
6661,0,2.790093958537909e-06,0
6662,0,2.1504067717614817e-06,0
6663,1,0.9999622106552124,1
6664,0,0.004657277837395668,0
6665,0,0.0026823526713997126,0
6666,0,0.0023498879745602608,0
6667,1,0.9756003618240356,1
6668,0,0.00039207859663292766,0
6669,1,0.9998899698257446,1
6670,1,0.9933053851127625,1
6671,0,0.027008304372429848,0
6672,0,0.003305768361315131,0
6673,0,0.0031550813000649214,0
6674,0,1.7655821693551843e-06,0
6675,1,0.9976048469543457,1
6676,0,0.006372444331645966,0
6677,0,0.0028631440363824368,0
6678,0,0.4719243347644806,0
6679,1,0.9967952370643616,1
6680,1,0.9993888139724731,1
6681,0,0.005138494540005922,0
6682,0,7.320232543861493e-05,0
6683,0,0.00011875230120494962,0
6684,1,0.9999998807907104,1
6685,0,6.701391248498112e-05,0
6686,0,0.0009634790476411581,0
6687,1,0.4954497218132019,0
6688,0,0.04783087223768234,0
6689,1,0.01415898185223341,0
6690,0,0.0007531726732850075,0
6691,0,0.43299227952957153,0
6692,0,0.06607939302921295,0
6693,0,0.0002118144475389272,0
6694,0,0.0006058351718820632,0
6695,0,0.21851159632205963,0
6696,1,0.9995290040969849,1
6697,1,0.9996869564056396,1
6698,0,0.47431355714797974,0
6699,1,0.9114680886268616,1
6700,1,0.9992628693580627,1
6701,0,0.0008098253747448325,0
6702,0,0.0007367405341938138,0
6703,1,0.7272378206253052,1
6704,1,0.9997636675834656,1
6705,1,0.9999216794967651,1
6706,0,0.009845021180808544,0
6707,0,0.14138872921466827,0
6708,1,0.9995805621147156,1
6709,0,0.6600732803344727,1
6710,1,0.9980340600013733,1
6711,0,0.09435445815324783,0
6712,1,0.9867665767669678,1
6713,1,0.9933872818946838,1
6714,1,0.990211546421051,1
6715,1,0.7407907843589783,1
6716,0,0.00664862897247076,0
6717,1,0.9981889128684998,1
6718,0,0.00137794716283679,0
6719,1,0.9999607801437378,1
6720,0,0.04893503710627556,0
6721,1,0.09136421233415604,0
6722,1,0.936809241771698,1
6723,1,0.9997041821479797,1
6724,0,0.01701587811112404,0
6725,0,2.0637786292354576e-05,0
6726,1,0.5694034695625305,1
6727,0,0.00034732313361018896,0
6728,0,0.26374900341033936,0
6729,0,0.9819876551628113,1
6730,0,0.004078327678143978,0
6731,1,0.9923410415649414,1
6732,1,0.9996469020843506,1
6733,1,0.9950697422027588,1
6734,1,0.999992847442627,1
6735,0,3.173825825797394e-05,0
6736,1,0.9998759031295776,1
6737,1,0.9999778270721436,1
6738,0,1.2227994375280105e-05,0
6739,0,8.322671055793762e-05,0
6740,0,0.8918775916099548,1
6741,1,0.9974397420883179,1
6742,0,0.9025911092758179,1
6743,0,0.017542250454425812,0
6744,1,0.9990323781967163,1
6745,0,0.0008377913618460298,0
6746,1,0.967499852180481,1
6747,1,0.9481702446937561,1
6748,1,0.9997377991676331,1
6749,1,0.8430283665657043,1
6750,0,0.0006266345153562725,0
6751,0,0.25733086466789246,0
6752,1,0.999937891960144,1
6753,0,0.07472972571849823,0
6754,1,0.954512357711792,1
6755,1,0.9999858140945435,1
6756,1,0.6610756516456604,1
6757,1,0.9820283651351929,1
6758,1,0.97226881980896,1
6759,0,0.005073781590908766,0
6760,0,0.4792657196521759,0
6761,1,0.9925704598426819,1
6762,1,0.8818930387496948,1
6763,0,1.5085107406775933e-05,0
6764,0,0.08219173550605774,0
6765,0,7.048996053526935e-07,0
6766,0,0.45058539509773254,0
6767,0,0.0067435456439852715,0
6768,1,0.9999078512191772,1
6769,0,0.004597288090735674,0
6770,1,0.999998927116394,1
6771,0,0.001016915193758905,0
6772,1,0.9998880624771118,1
6773,0,4.768996950588189e-05,0
6774,0,0.4710225760936737,0
6775,1,0.9999963045120239,1
6776,1,0.9956216216087341,1
6777,1,0.8787957429885864,1
6778,0,0.2021297961473465,0
6779,0,2.161112024623435e-05,0
6780,0,0.012063516303896904,0
6781,1,0.9919759631156921,1
6782,1,0.9595835208892822,1
6783,1,0.7020072937011719,1
6784,1,0.4951724708080292,0
6785,1,0.9998863935470581,1
6786,0,0.1373824030160904,0
6787,0,0.0356748104095459,0
6788,0,0.021679898723959923,0
6789,0,0.032000377774238586,0
6790,0,0.00451100617647171,0
6791,0,6.169094558572397e-05,0
6792,1,0.991671085357666,1
6793,1,0.9857988357543945,1
6794,1,0.9987674951553345,1
6795,0,2.0443383164092666e-06,0
6796,1,0.9999922513961792,1
6797,0,0.029786864295601845,0
6798,1,0.9840245842933655,1
6799,1,0.2013876736164093,0
6800,0,0.009328779764473438,0
6801,0,0.8585947155952454,1
6802,0,0.10169516503810883,0
6803,0,0.7889710068702698,1
6804,1,0.9992413520812988,1
6805,1,0.9989319443702698,1
6806,1,0.9995161294937134,1
6807,1,0.9946408271789551,1
6808,0,1.1072483175667003e-05,0
6809,1,0.9999967813491821,1
6810,0,0.00012108979717595503,0
6811,0,0.003663701470941305,0
6812,1,0.9988251328468323,1
6813,0,0.013676272705197334,0
6814,0,0.00027399975806474686,0
6815,1,0.8608684539794922,1
6816,1,0.2761593759059906,0
6817,1,0.9772149920463562,1
6818,0,0.000782497925683856,0
6819,1,0.11114449054002762,0
6820,1,0.9951565861701965,1
6821,1,0.9955679774284363,1
6822,1,0.9999701976776123,1
6823,1,0.9988049268722534,1
6824,1,0.9994161128997803,1
6825,0,0.00040070581599138677,0
6826,0,1.7438496797694825e-06,0
6827,0,0.00012228415289428085,0
6828,1,0.9999203681945801,1
6829,1,0.6437572836875916,1
6830,1,0.9996541738510132,1
6831,0,0.0016838840674608946,0
6832,1,0.9999681711196899,1
6833,0,7.763155008433387e-05,0
6834,1,0.999869704246521,1
6835,0,1.94710287360067e-06,0
6836,0,0.031669504940509796,0
6837,0,0.005144885275512934,0
6838,1,0.9894116520881653,1
6839,1,0.9999974966049194,1
6840,0,0.00016103690722957253,0
6841,1,0.9989343285560608,1
6842,0,0.0003580524353310466,0
6843,0,5.766715912614018e-05,0
6844,1,0.9999988079071045,1
6845,0,0.0251303818076849,0
6846,0,0.7264057993888855,1
6847,0,1.9517116015776992e-05,0
6848,0,0.006252759136259556,0
6849,0,0.0008091847994364798,0
6850,0,0.029484856873750687,0
6851,0,4.23298442910891e-05,0
6852,1,0.999265730381012,1
6853,0,0.024182869121432304,0
6854,0,0.014775130897760391,0
6855,1,0.987365186214447,1
6856,0,6.859985296614468e-05,0
6857,1,0.9999998807907104,1
6858,0,0.12372507899999619,0
6859,1,0.9966061115264893,1
6860,1,0.9999451637268066,1
6861,1,0.9937631487846375,1
6862,0,0.2424774467945099,0
6863,0,0.2540163993835449,0
6864,0,8.18881517261616e-07,0
6865,0,0.22883255779743195,0
6866,1,0.9999985694885254,1
6867,0,0.002292446792125702,0
6868,1,0.9999716281890869,1
6869,0,0.00030351142049767077,0
6870,1,0.9859029054641724,1
6871,1,0.9987534284591675,1
6872,1,0.9873170256614685,1
6873,1,0.9999616146087646,1
6874,0,0.003900335868820548,0
6875,1,0.9998737573623657,1
6876,0,0.00017610052600502968,0
6877,0,0.00056189124006778,0
6878,1,0.9984006285667419,1
6879,0,0.011613617651164532,0
6880,1,0.929596483707428,1
6881,0,0.3337278664112091,0
6882,1,0.9999963045120239,1
6883,0,0.005533330142498016,0
6884,1,0.9968132376670837,1
6885,1,0.03182481601834297,0
6886,1,0.998083233833313,1
6887,0,0.0024316043127328157,0
6888,0,6.342068081721663e-05,0
6889,1,0.9999759197235107,1
6890,0,0.003781205276027322,0
6891,1,0.9999048709869385,1
6892,1,0.9988069534301758,1
6893,1,0.7428604960441589,1
6894,1,0.8530023694038391,1
6895,0,0.022384002804756165,0
6896,1,0.997308611869812,1
6897,1,0.9999037981033325,1
6898,0,0.07039444148540497,0
6899,0,0.06532769650220871,0
6900,1,0.9993595480918884,1
6901,0,0.04817844554781914,0
6902,1,0.9999895095825195,1
6903,0,0.002981501864269376,0
6904,1,0.9830611348152161,1
6905,0,0.0005272431881166995,0
6906,1,0.9993242025375366,1
6907,1,0.9983108043670654,1
6908,1,0.9771903157234192,1
6909,0,0.04104909673333168,0
6910,1,0.9993799924850464,1
6911,1,0.9995348453521729,1
6912,0,2.6640469513949938e-05,0
6913,1,0.9779518842697144,1
6914,0,3.916815956017672e-07,0
6915,0,0.049165885895490646,0
6916,0,0.000208191922865808,0
6917,0,0.0003724949201568961,0
6918,0,0.0009211637079715729,0
6919,0,9.727002179715782e-06,0
6920,1,0.9773491024971008,1
6921,1,0.9982798099517822,1
6922,1,0.9726041555404663,1
6923,1,0.9987069368362427,1
6924,0,3.067668785661226e-06,0
6925,0,0.08560372143983841,0
6926,1,0.5035294890403748,1
6927,0,0.0039015307556837797,0
6928,0,0.0014810037100687623,0
6929,1,0.9997879862785339,1
6930,1,0.9999994039535522,1
6931,1,0.9973158240318298,1
6932,1,0.7537634968757629,1
6933,1,0.9985567927360535,1
6934,1,0.9790905714035034,1
6935,1,0.9950247406959534,1
6936,0,0.005673611536622047,0
6937,0,0.07121595740318298,0
6938,0,0.022417660802602768,0
6939,1,0.9841209053993225,1
6940,1,0.9924502372741699,1
6941,1,0.9989638328552246,1
6942,0,0.01370243076235056,0
6943,0,0.2878432273864746,0
6944,0,7.973342871991917e-05,0
6945,0,0.0008951494819484651,0
6946,0,0.0004803954507224262,0
6947,1,0.9994004964828491,1
6948,0,0.0026465770788490772,0
6949,1,0.9989651441574097,1
6950,0,0.9521764516830444,1
6951,0,0.0003270731249358505,0
6952,0,0.0031098935287445784,0
6953,1,0.991298496723175,1
6954,1,0.999936580657959,1
6955,0,0.5564699769020081,1
6956,1,0.9990978240966797,1
6957,1,0.9999866485595703,1
6958,1,0.9999994039535522,1
6959,0,0.8895372748374939,1
6960,0,0.006169246044009924,0
6961,0,0.0004917591577395797,0
6962,1,0.9821369051933289,1
6963,1,0.9951434135437012,1
6964,1,0.9963098168373108,1
6965,1,0.9001574516296387,1
6966,0,0.0003327073063701391,0
6967,0,0.045119624584913254,0
6968,1,0.9674669504165649,1
6969,1,0.9862672090530396,1
6970,1,0.9999266862869263,1
6971,0,0.8550279140472412,1
6972,0,0.21967044472694397,0
6973,1,0.9942448735237122,1
6974,0,0.0044738431461155415,0
6975,1,0.8641446232795715,1
6976,1,0.9999630451202393,1
6977,1,0.9992177486419678,1
6978,1,0.999697208404541,1
6979,1,0.9999997615814209,1
6980,0,0.0004157271177973598,0
6981,1,0.9988671541213989,1
6982,1,0.9845297336578369,1
6983,1,0.9320911765098572,1
6984,0,0.9331939220428467,1
6985,1,0.9916096329689026,1
6986,1,0.9185788631439209,1
6987,0,0.06443778425455093,0
6988,1,0.9928538203239441,1
6989,0,0.13744568824768066,0
6990,1,0.9946118593215942,1
6991,0,0.004156170878559351,0
6992,1,0.9907960891723633,1
6993,1,0.9998396635055542,1
6994,1,0.9859806299209595,1
6995,0,9.108766789722722e-06,0
6996,1,0.9999998807907104,1
6997,0,0.0035028625279664993,0
6998,1,0.9996559619903564,1
6999,1,0.999972939491272,1
7000,0,0.00115341623313725,0
7001,1,0.999225378036499,1
7002,1,0.9858507513999939,1
7003,1,0.9999995231628418,1
7004,1,0.9999991655349731,1
7005,1,0.9999074935913086,1
7006,1,0.9934545755386353,1
7007,0,0.00759515818208456,0
7008,1,0.9984915256500244,1
7009,1,0.9999508857727051,1
7010,1,0.9990010857582092,1
7011,0,0.00550144724547863,0
7012,1,0.9997822642326355,1
7013,0,0.08169355988502502,0
7014,1,0.9987998008728027,1
7015,0,0.0003057963913306594,0
7016,1,0.9999537467956543,1
7017,1,0.999737560749054,1
7018,0,0.0714234858751297,0
7019,1,0.9999775886535645,1
7020,0,0.011226783506572247,0
7021,1,0.6491492390632629,1
7022,1,0.9997373223304749,1
7023,1,0.999967098236084,1
7024,1,0.9914257526397705,1
7025,1,0.999553382396698,1
7026,1,0.9490063786506653,1
7027,0,0.11164159327745438,0
7028,0,0.31715601682662964,0
7029,0,1.2391165910230484e-05,0
7030,0,0.0013382311444729567,0
7031,0,0.19071803987026215,0
7032,1,0.39555683732032776,0
7033,0,0.00034894325654022396,0
7034,1,0.9709234833717346,1
7035,1,0.9665115475654602,1
7036,0,0.05421033129096031,0
7037,0,0.0022222192492336035,0
7038,0,1.6315208995365538e-05,0
7039,1,0.9999262094497681,1
7040,1,0.9152564406394958,1
7041,0,0.07894864678382874,0
7042,1,0.9983568787574768,1
7043,1,0.35393768548965454,0
7044,0,0.01984105445444584,0
7045,0,1.4824067875451874e-05,0
7046,1,0.9987342953681946,1
7047,0,0.019328556954860687,0
7048,0,0.0010089768329635262,0
7049,0,0.01823262870311737,0
7050,1,0.9983739852905273,1
7051,1,0.9940493106842041,1
7052,0,0.001387969241477549,0
7053,1,0.9939723610877991,1
7054,0,0.437124103307724,0
7055,0,2.9849903512513265e-05,0
7056,1,0.997490406036377,1
7057,0,0.5180139541625977,1
7058,0,8.871377940522507e-05,0
7059,0,0.0004680819110944867,0
7060,1,0.9995660185813904,1
7061,0,0.5748074054718018,1
7062,1,0.9998760223388672,1
7063,0,0.009038165211677551,0
7064,1,0.9999796152114868,1
7065,0,4.994532787350181e-07,0
7066,0,0.0002770463761407882,0
7067,0,0.007371252402663231,0
7068,1,0.998865008354187,1
7069,1,0.9995027780532837,1
7070,1,0.9999476671218872,1
7071,1,0.9991061091423035,1
7072,1,0.812501847743988,1
7073,0,0.003915126901119947,0
7074,1,0.9233672618865967,1
7075,1,0.15076257288455963,0
7076,1,0.8223651647567749,1
7077,0,0.011734825558960438,0
7078,1,0.9915305376052856,1
7079,0,0.005970487371087074,0
7080,0,0.00032000953797250986,0
7081,1,0.7799564599990845,1
7082,1,0.9999926090240479,1
7083,1,0.999895453453064,1
7084,1,0.9393224716186523,1
7085,0,0.04038000479340553,0
7086,0,9.197182748721389e-07,0
7087,1,0.9068063497543335,1
7088,0,0.00016931175196077675,0
7089,0,0.18344509601593018,0
7090,1,0.9997939467430115,1
7091,1,0.9907700419425964,1
7092,0,0.0019837154541164637,0
7093,0,0.007612894754856825,0
7094,0,7.246153472806327e-06,0
7095,1,0.9806278944015503,1
7096,0,0.24630418419837952,0
7097,0,0.007394938264042139,0
7098,0,0.9858477115631104,1
7099,1,0.5334919095039368,1
7100,1,0.9999831914901733,1
7101,1,0.9971306920051575,1
7102,0,0.010050213895738125,0
7103,1,0.8944432735443115,1
7104,0,0.2843969464302063,0
7105,1,0.6764853596687317,1
7106,1,0.36744970083236694,0
7107,1,0.9930188059806824,1
7108,0,5.9898152358073276e-06,0
7109,0,6.771514745196328e-05,0
7110,1,0.9540866017341614,1
7111,0,0.06052335724234581,0
7112,1,0.9999109506607056,1
7113,1,0.0941920205950737,0
7114,1,0.9998830556869507,1
7115,0,0.007626831065863371,0
7116,0,0.001491129631176591,0
7117,0,0.0029216560069471598,0
7118,0,0.0018533609108999372,0
7119,1,0.9999927282333374,1
7120,0,0.027002478018403053,0
7121,0,0.00022578822972718626,0
7122,1,0.3812047243118286,0
7123,1,0.9834061861038208,1
7124,0,0.0008114954107441008,0
7125,1,0.9952076077461243,1
7126,1,0.9792947173118591,1
7127,0,0.2800132930278778,0
7128,0,0.021728605031967163,0
7129,1,0.9699195027351379,1
7130,0,0.012637479230761528,0
7131,0,0.04229450225830078,0
7132,1,0.9995463490486145,1
7133,1,0.966501772403717,1
7134,1,0.9864764213562012,1
7135,1,0.9986503720283508,1
7136,0,0.001193892676383257,0
7137,0,3.1042939099279465e-06,0
7138,1,0.981532871723175,1
7139,0,0.004115540534257889,0
7140,1,0.9998961687088013,1
7141,0,0.0022005129139870405,0
7142,0,2.180588808187167e-06,0
7143,1,0.9999974966049194,1
7144,0,2.758224809440435e-06,0
7145,0,0.02700539119541645,0
7146,0,0.006110606715083122,0
7147,0,1.3126531484886073e-05,0
7148,1,0.9999761581420898,1
7149,1,0.9995933175086975,1
7150,1,0.9936555624008179,1
7151,0,0.0029251500964164734,0
7152,0,0.018948109820485115,0
7153,0,0.005070345476269722,0
7154,1,0.9999970197677612,1
7155,0,0.06036156415939331,0
7156,0,0.0010620594257488847,0
7157,1,0.9999586343765259,1
7158,1,0.9960709810256958,1
7159,1,0.6954667568206787,1
7160,1,0.9758992195129395,1
7161,0,3.54966147142477e-07,0
7162,1,0.9982709884643555,1
7163,0,0.9399649500846863,1
7164,0,0.005559684243053198,0
7165,0,0.09114895015954971,0
7166,0,0.003230349626392126,0
7167,1,0.999983549118042,1
7168,1,0.044503409415483475,0
7169,1,0.999442994594574,1
7170,0,0.007967835292220116,0
7171,0,0.004713105503469706,0
7172,0,0.0004164730489719659,0
7173,0,8.242616786446888e-06,0
7174,1,0.999268114566803,1
7175,1,0.9845066666603088,1
7176,0,0.0009857678087428212,0
7177,0,0.0005182886379770935,0
7178,0,0.036435071378946304,0
7179,1,0.9999886751174927,1
7180,1,0.9989031553268433,1
7181,0,0.30881524085998535,0
7182,1,0.9659727811813354,1
7183,1,0.9978272318840027,1
7184,0,0.000726242084056139,0
7185,0,0.011255556717514992,0
7186,0,0.00013597020006272942,0
7187,0,0.014696188271045685,0
7188,1,0.9996169805526733,1
7189,1,0.9948797225952148,1
7190,1,0.7819836139678955,1
7191,1,0.984567403793335,1
7192,1,0.9989756345748901,1
7193,1,0.9999033212661743,1
7194,0,0.0005476447404362261,0
7195,0,0.00017707761435303837,0
7196,1,0.9960559606552124,1
7197,0,0.005220380611717701,0
7198,1,0.8763594031333923,1
7199,0,0.007953242398798466,0
7200,0,0.0005701241316273808,0
7201,1,0.9980878233909607,1
7202,1,0.9944263696670532,1
7203,0,0.17153862118721008,0
7204,1,0.9316799640655518,1
7205,0,0.002743963385000825,0
7206,1,0.9999985694885254,1
7207,1,0.9999955892562866,1
7208,1,0.414652943611145,0
7209,1,0.9997664093971252,1
7210,1,0.9689470529556274,1
7211,1,0.9999600648880005,1
7212,0,0.0006226208643056452,0
7213,0,0.010424052365124226,0
7214,0,0.0031486826483160257,0
7215,0,0.0023394234012812376,0
7216,0,0.040553487837314606,0
7217,1,0.9497556090354919,1
7218,1,0.9931788444519043,1
7219,1,0.7617679238319397,1
7220,1,0.9972161054611206,1
7221,1,0.997683048248291,1
7222,1,0.9771487712860107,1
7223,0,0.0002712588175199926,0
7224,1,0.745332658290863,1
7225,0,0.0005245240754447877,0
7226,1,0.9997542500495911,1
7227,1,0.9998018145561218,1
7228,1,0.9116789698600769,1
7229,1,0.990387499332428,1
7230,0,0.2302364557981491,0
7231,0,0.0011885976418852806,0
7232,0,0.003958540037274361,0
7233,0,0.19478489458560944,0
7234,1,0.7842063307762146,1
7235,0,0.01701730489730835,0
7236,0,0.005760828033089638,0
7237,1,0.031162137165665627,0
7238,0,0.006813263054937124,0
7239,0,0.003299620235338807,0
7240,1,0.9999783039093018,1
7241,0,0.04346969351172447,0
7242,1,0.9937633872032166,1
7243,1,0.7313298583030701,1
7244,1,0.9548255205154419,1
7245,0,0.00048229587264359,0
7246,1,0.999958872795105,1
7247,1,0.9754356145858765,1
7248,1,0.999426007270813,1
7249,1,0.9319686889648438,1
7250,1,0.9990523457527161,1
7251,1,0.1611180603504181,0
7252,0,3.948067023884505e-05,0
7253,0,0.02415419928729534,0
7254,1,0.9621506929397583,1
7255,1,0.9998257756233215,1
7256,0,0.005124018527567387,0
7257,0,0.000821598747279495,0
7258,0,0.04888211563229561,0
7259,0,0.043019142001867294,0
7260,0,0.00047344775521196425,0
7261,1,0.9441238045692444,1
7262,0,0.8273833990097046,1
7263,1,0.9997441172599792,1
7264,0,0.0001136442442657426,0
7265,1,0.9998766183853149,1
7266,0,0.0008413842879235744,0
7267,0,0.0012210644781589508,0
7268,1,0.9999992847442627,1
7269,0,0.00023810542188584805,0
7270,0,0.1938646137714386,0
7271,1,0.9999901056289673,1
7272,1,0.9999316930770874,1
7273,1,0.9996260404586792,1
7274,0,0.3300539255142212,0
7275,1,0.9923215508460999,1
7276,1,0.9999624490737915,1
7277,0,0.1670125126838684,0
7278,1,0.9458308815956116,1
7279,0,0.026180632412433624,0
7280,1,0.800771176815033,1
7281,0,0.00014367369294632226,0
7282,1,0.9999755620956421,1
7283,1,0.9971715807914734,1
7284,1,0.999995231628418,1
7285,0,0.042768217623233795,0
7286,1,0.9909722805023193,1
7287,1,0.9998167157173157,1
7288,0,0.9161197543144226,1
7289,0,2.4875374947441742e-05,0
7290,0,0.012199240736663342,0
7291,1,0.9953279495239258,1
7292,0,6.007829142617993e-05,0
7293,1,0.9999922513961792,1
7294,0,0.0006721083773300052,0
7295,1,0.9925717711448669,1
7296,1,0.9830901622772217,1
7297,0,0.010499346069991589,0
7298,1,0.9999940395355225,1
7299,1,0.9876952171325684,1
7300,1,0.9982996582984924,1
7301,0,1.350737477423536e-07,0
7302,0,0.0020208132918924093,0
7303,1,0.997099757194519,1
7304,1,0.9372383952140808,1
7305,1,0.9997866749763489,1
7306,1,0.9976673126220703,1
7307,0,0.39343106746673584,0
7308,1,0.999969482421875,1
7309,0,0.0013740453869104385,0
7310,1,0.9634035229682922,1
7311,0,0.27683281898498535,0
7312,1,0.9995934367179871,1
7313,0,0.5229347348213196,1
7314,0,0.0001354924897896126,0
7315,0,0.3465309739112854,0
7316,0,5.2923907787771896e-05,0
7317,0,0.0031206016428768635,0
7318,0,0.010123873129487038,0
7319,0,0.13265486061573029,0
7320,1,0.9999359846115112,1
7321,0,0.5189139246940613,1
7322,0,0.1076410710811615,0
7323,1,0.99770587682724,1
7324,1,0.6489370465278625,1
7325,0,3.2812760764500126e-05,0
7326,0,0.017297232523560524,0
7327,0,0.006237858906388283,0
7328,1,0.9765287041664124,1
7329,1,0.9994853734970093,1
7330,1,0.8810349702835083,1
7331,0,0.00044494940084405243,0
7332,1,0.9968034029006958,1
7333,0,0.9271253347396851,1
7334,1,0.9999634027481079,1
7335,0,0.9840169548988342,1
7336,1,0.9857358336448669,1
7337,0,0.5403002500534058,1
7338,1,0.9670992493629456,1
7339,0,1.3070417708149762e-06,0
7340,0,0.7512819170951843,1
7341,1,0.9874765276908875,1
7342,0,0.007854469120502472,0
7343,0,0.031494688242673874,0
7344,0,0.014032070524990559,0
7345,0,0.0002366925764363259,0
7346,0,0.05458249896764755,0
7347,0,0.00016986916307359934,0
7348,0,3.693116013891995e-05,0
7349,0,0.4650084972381592,0
7350,0,8.775493915891275e-05,0
7351,0,0.14112645387649536,0
7352,0,0.06724552065134048,0
7353,1,0.9526978135108948,1
7354,1,0.9987364411354065,1
7355,1,0.9672369360923767,1
7356,0,0.0024098323192447424,0
7357,1,0.9998588562011719,1
7358,1,0.9986234903335571,1
7359,1,0.9865162372589111,1
7360,1,0.9918296933174133,1
7361,0,0.17268790304660797,0
7362,1,0.9998859167098999,1
7363,1,0.9972261786460876,1
7364,1,0.9999988079071045,1
7365,0,0.0003788303292822093,0
7366,1,0.9998446702957153,1
7367,0,0.11049436777830124,0
7368,0,0.022820791229605675,0
7369,1,0.750675618648529,1
7370,1,0.2853768467903137,0
7371,0,2.0623421733034775e-05,0
7372,1,0.9999974966049194,1
7373,0,0.7839337587356567,1
7374,0,0.9973093271255493,1
7375,0,0.00045157765271142125,0
7376,0,0.000738402537535876,0
7377,0,4.6878770376679313e-07,0
7378,1,0.9986445307731628,1
7379,0,0.002903910120949149,0
7380,1,0.9998929500579834,1
7381,1,0.9987478256225586,1
7382,1,0.9992961883544922,1
7383,1,0.945375382900238,1
7384,1,0.9303810596466064,1
7385,1,0.9823019504547119,1
7386,1,0.9999887943267822,1
7387,0,0.00031039767782203853,0
7388,0,3.4465626868041e-06,0
7389,1,0.999575674533844,1
7390,0,5.215474448050372e-05,0
7391,0,0.3215409517288208,0
7392,0,0.00022381740564014763,0
7393,1,0.9999643564224243,1
7394,1,0.9999368190765381,1
7395,0,0.1534404158592224,0
7396,1,0.9999974966049194,1
7397,1,0.9772623777389526,1
7398,0,0.04148878529667854,0
7399,0,7.796324644004926e-05,0
7400,0,2.105945532093756e-05,0
7401,1,0.9995793700218201,1
7402,1,0.9995734095573425,1
7403,1,0.997887909412384,1
7404,0,0.10994748771190643,0
7405,1,0.9994102716445923,1
7406,0,3.777434540097602e-05,0
7407,1,0.9879621863365173,1
7408,1,0.37300580739974976,0
7409,0,8.410945883952081e-05,0
7410,0,0.7254732251167297,1
7411,1,0.9999749660491943,1
7412,0,0.0032943522091954947,0
7413,0,9.039788710651919e-05,0
7414,1,0.9938560128211975,1
7415,1,0.9999725818634033,1
7416,1,0.9986740350723267,1
7417,1,0.9706592559814453,1
7418,1,0.9997593760490417,1
7419,0,0.00012718740617856383,0
7420,0,5.6463082728441805e-05,0
7421,0,7.359007577179e-05,0
7422,1,0.9998677968978882,1
7423,1,0.9680703282356262,1
7424,1,0.9860014915466309,1
7425,1,0.9955087900161743,1
7426,1,0.4868882894515991,0
7427,1,0.9999454021453857,1
7428,0,0.006434279028326273,0
7429,0,0.00012520265590865165,0
7430,0,8.574540697736666e-05,0
7431,0,0.07555797696113586,0
7432,1,0.9962724447250366,1
7433,0,0.14368730783462524,0
7434,0,0.030798165127635002,0
7435,0,0.007919798605144024,0
7436,0,0.03433867543935776,0
7437,0,3.972145805164473e-06,0
7438,0,0.00592133030295372,0
7439,1,0.9997183680534363,1
7440,1,0.8389348983764648,1
7441,1,0.9949583411216736,1
7442,0,0.9771841764450073,1
7443,0,0.00022669273312203586,0
7444,0,0.000524190254509449,0
7445,0,0.002550690434873104,0
7446,0,0.2194911539554596,0
7447,0,0.0011961261043325067,0
7448,1,0.9999481439590454,1
7449,1,0.07413765788078308,0
7450,0,0.000499664107337594,0
7451,1,0.9892756342887878,1
7452,0,0.1163335070014,0
7453,1,0.9996615648269653,1
7454,0,0.016030915081501007,0
7455,1,0.9999877214431763,1
7456,0,0.00839679129421711,0
7457,1,0.9999593496322632,1
7458,1,0.9538604021072388,1
7459,1,0.9993182420730591,1
7460,1,0.9999990463256836,1
7461,1,0.9999998807907104,1
7462,1,0.8635222315788269,1
7463,0,0.0002280907065141946,0
7464,0,0.0001534173497930169,0
7465,0,1.3774831131740939e-05,0
7466,1,0.9944308400154114,1
7467,1,0.9993211030960083,1
7468,0,0.00013701544958166778,0
7469,1,0.9892606735229492,1
7470,1,0.9999816417694092,1
7471,1,0.9999997615814209,1
7472,0,0.008101574145257473,0
7473,0,0.0023197378031909466,0
7474,1,0.9991815686225891,1
7475,0,0.3834971785545349,0
7476,0,0.592925488948822,1
7477,1,0.997730553150177,1
7478,0,0.0015109536470845342,0
7479,1,0.9999442100524902,1
7480,1,0.9928829669952393,1
7481,1,0.9997403025627136,1
7482,0,0.009623539634048939,0
7483,0,0.03657917678356171,0
7484,0,5.2312684601929504e-06,0
7485,1,0.9992644190788269,1
7486,0,0.00022444526257459074,0
7487,1,0.9596651792526245,1
7488,0,0.005572466179728508,0
7489,0,0.5738531351089478,1
7490,1,0.9977437257766724,1
7491,1,0.9993560910224915,1
7492,0,0.00430937297642231,0
7493,0,0.02166811190545559,0
7494,0,0.0332530178129673,0
7495,0,0.15450620651245117,0
7496,0,0.00011619446740951389,0
7497,0,5.4905362958379555e-06,0
7498,0,0.0011132354848086834,0
7499,1,0.9994720816612244,1
7500,1,0.5237534046173096,1
7501,1,0.9998667240142822,1
7502,1,0.9859166741371155,1
7503,1,0.9679914116859436,1
7504,1,0.9995808005332947,1
7505,0,2.7986534405499697e-06,0
7506,0,0.005065582692623138,0
7507,1,0.9997246861457825,1
7508,0,0.00030936303664930165,0
7509,0,0.004257856402546167,0
7510,1,0.9999945163726807,1
7511,1,0.9961024522781372,1
7512,0,0.005905806086957455,0
7513,0,0.7652851343154907,1
7514,0,0.0032256317790597677,0
7515,1,0.9999769926071167,1
7516,0,0.05276796594262123,0
7517,1,0.9928714632987976,1
7518,1,0.21383629739284515,0
7519,0,0.003906299825757742,0
7520,1,0.9999649524688721,1
7521,1,0.9774725437164307,1
7522,0,0.011898965574800968,0
7523,1,0.998941957950592,1
7524,0,0.6352510452270508,1
7525,0,0.025510255247354507,0
7526,1,0.999997615814209,1
7527,1,0.9780035018920898,1
7528,1,0.882398247718811,1
7529,0,0.043071091175079346,0
7530,1,0.8731693625450134,1
7531,0,0.008182761259377003,0
7532,1,0.9999889135360718,1
7533,1,0.9999241828918457,1
7534,1,0.9958357810974121,1
7535,1,1.0,1
7536,0,0.013532696291804314,0
7537,0,0.0258907750248909,0
7538,1,0.9999523162841797,1
7539,1,0.9997398257255554,1
7540,1,0.9989100694656372,1
7541,1,0.9987059831619263,1
7542,1,0.9999841451644897,1
7543,0,0.045973267406225204,0
7544,0,4.831305705010891e-05,0
7545,1,0.998556911945343,1
7546,0,0.46684545278549194,0
7547,1,0.9970051646232605,1
7548,0,0.00013823379413224757,0
7549,0,0.005579970311373472,0
7550,0,0.8088022470474243,1
7551,1,0.6919013261795044,1
7552,1,0.9551354646682739,1
7553,0,0.0004830120305996388,0
7554,1,0.9995457530021667,1
7555,1,0.9948187470436096,1
7556,0,0.0018337692599743605,0
7557,0,0.01661117747426033,0
7558,1,0.9974496960639954,1
7559,1,0.6462910175323486,1
7560,1,0.9997331500053406,1
7561,1,0.989349901676178,1
7562,1,0.9876013398170471,1
7563,1,0.997394323348999,1
7564,1,0.9995152950286865,1
7565,1,0.11214913427829742,0
7566,0,0.0013502873480319977,0
7567,0,0.018684783950448036,0
7568,0,0.014717532321810722,0
7569,0,0.29790395498275757,0
7570,0,0.07229495793581009,0
7571,1,0.999881386756897,1
7572,1,0.9999946355819702,1
7573,0,2.4264025341835804e-05,0
7574,0,8.026928117033094e-05,0
7575,0,0.005374059081077576,0
7576,1,0.9923794269561768,1
7577,0,1.7082076738006435e-05,0
7578,0,0.002816550200805068,0
7579,0,3.877242988892249e-07,0
7580,1,0.5280896425247192,1
7581,0,0.9833722710609436,1
7582,0,0.7887694239616394,1
7583,1,0.9999938011169434,1
7584,0,0.00024348412989638746,0
7585,0,0.6647109985351562,1
7586,1,0.5394889712333679,1
7587,1,0.9999967813491821,1
7588,1,0.9868985414505005,1
7589,1,0.12491627037525177,0
7590,0,3.7345268992794445e-06,0
7591,1,0.9999991655349731,1
7592,1,0.9999775886535645,1
7593,0,0.0001610860344953835,0
7594,1,0.9848077297210693,1
7595,1,0.9870530962944031,1
7596,1,0.03862672671675682,0
7597,1,0.9999181032180786,1
7598,1,0.9998918771743774,1
7599,1,0.004115141928195953,0
7600,1,0.9998912811279297,1
7601,0,0.810089111328125,1
7602,1,0.999963641166687,1
7603,1,0.9999924898147583,1
7604,0,0.32051342725753784,0
7605,0,0.016831636428833008,0
7606,0,0.022951146587729454,0
7607,1,0.12540559470653534,0
7608,0,0.008094629272818565,0
7609,1,0.9944124817848206,1
7610,0,0.02364407666027546,0
7611,0,1.2504068763519172e-05,0
7612,1,0.9963527917861938,1
7613,0,1.6324280522894696e-06,0
7614,0,0.8042523860931396,1
7615,0,0.0036616623401641846,0
7616,0,0.6674131751060486,1
7617,0,0.00022121064830571413,0
7618,1,0.005453940946608782,0
7619,1,0.9997121691703796,1
7620,0,0.055322788655757904,0
7621,0,0.002986432984471321,0
7622,1,0.9974672794342041,1
7623,0,0.007135535590350628,0
7624,0,0.00023196602705866098,0
7625,1,0.9861314296722412,1
7626,0,0.13112452626228333,0
7627,0,0.00011650366650428623,0
7628,1,0.9978895783424377,1
7629,0,0.046658705919981,0
7630,1,0.9991211295127869,1
7631,0,8.376719051739201e-05,0
7632,1,0.9956561326980591,1
7633,1,0.9999794960021973,1
7634,1,0.7289329171180725,1
7635,1,0.999204695224762,1
7636,1,0.9393422603607178,1
7637,0,0.0109238987788558,0
7638,1,0.9999707937240601,1
7639,0,0.12792594730854034,0
7640,0,0.0002046075533144176,0
7641,1,0.9998489618301392,1
7642,0,0.0070739625953137875,0
7643,0,2.0859537471551448e-05,0
7644,1,0.9999370574951172,1
7645,0,0.6918583512306213,1
7646,0,0.7616532444953918,1
7647,1,0.9423985481262207,1
7648,1,0.9999654293060303,1
7649,0,4.922044536215253e-05,0
7650,0,0.0749998465180397,0
7651,0,0.0011252985568717122,0
7652,1,0.987933337688446,1
7653,1,0.9999687671661377,1
7654,0,6.211567961145192e-05,0
7655,1,0.9989633560180664,1
7656,0,0.11778425425291061,0
7657,1,0.986445963382721,1
7658,0,0.0001601953263161704,0
7659,1,0.9998169541358948,1
7660,0,0.00036904655280523,0
7661,0,1.609347054909449e-05,0
7662,0,0.00030007801251485944,0
7663,0,5.599643372988794e-06,0
7664,0,0.003770271083340049,0
7665,0,1.363429782941239e-05,0
7666,1,0.7833738923072815,1
7667,1,0.9999507665634155,1
7668,0,0.004214639309793711,0
7669,1,0.9935535192489624,1
7670,1,0.9996129870414734,1
7671,0,0.002215315354987979,0
7672,0,0.0002679841418284923,0
7673,1,0.99652498960495,1
7674,1,0.10306718200445175,0
7675,0,0.0003123712376691401,0
7676,1,0.9980023503303528,1
7677,0,7.854664727346972e-05,0
7678,0,5.780281571787782e-05,0
7679,1,0.999692440032959,1
7680,0,0.21768444776535034,0
7681,0,0.0026717667933553457,0
7682,1,0.999891996383667,1
7683,1,0.10340508818626404,0
7684,1,0.9916862845420837,1
7685,1,0.9998781681060791,1
7686,0,0.017501553520560265,0
7687,0,0.6807501912117004,1
7688,0,0.0204906165599823,0
7689,0,0.017245816066861153,0
7690,1,0.9979124665260315,1
7691,1,0.9999654293060303,1
7692,1,0.9763509035110474,1
7693,0,0.0685163363814354,0
7694,0,0.014480146579444408,0
7695,1,0.997005045413971,1
7696,0,0.004937914665788412,0
7697,0,0.8525519371032715,1
7698,0,0.0004627581511158496,0
7699,0,0.05908093601465225,0
7700,0,0.0012498944997787476,0
7701,0,0.17254729568958282,0
7702,1,0.8773396611213684,1
7703,0,0.00622533867135644,0
7704,0,0.0545172244310379,0
7705,0,6.0994421801296994e-05,0
7706,1,0.27717310190200806,0
7707,0,0.5093186497688293,1
7708,1,0.9979199767112732,1
7709,1,0.7718285918235779,1
7710,0,0.004059957806020975,0
7711,1,0.9999911785125732,1
7712,0,0.0044774143025279045,0
7713,1,0.9999576807022095,1
7714,0,0.02765296772122383,0
7715,0,0.09608636051416397,0
7716,1,0.9997005462646484,1
7717,0,0.017684468999505043,0
7718,1,0.9999086856842041,1
7719,0,0.02597632259130478,0
7720,1,0.99808669090271,1
7721,0,0.06504639238119125,0
7722,0,3.87752334063407e-05,0
7723,0,0.2426074892282486,0
7724,0,0.007626481354236603,0
7725,1,0.999996542930603,1
7726,0,0.16479453444480896,0
7727,1,0.8810363411903381,1
7728,1,0.9982068538665771,1
7729,1,0.992102324962616,1
7730,1,0.9995935559272766,1
7731,1,0.9999338388442993,1
7732,0,0.12469116598367691,0
7733,0,0.10489790141582489,0
7734,0,8.017268555704504e-06,0
7735,1,0.99880051612854,1
7736,0,0.9114362597465515,1
7737,1,0.9993252754211426,1
7738,1,0.9851047396659851,1
7739,1,0.9970394968986511,1
7740,1,0.992449164390564,1
7741,1,0.9999954700469971,1
7742,1,0.7331311106681824,1
7743,0,0.003093273378908634,0
7744,0,0.29864367842674255,0
7745,1,0.942111074924469,1
7746,0,0.0018030720530077815,0
7747,0,0.004747758153825998,0
7748,0,0.0050030057318508625,0
7749,0,1.1193831994660286e-07,0
7750,0,2.7147220862389077e-06,0
7751,1,0.9994791150093079,1
7752,0,0.010619574226439,0
7753,1,0.9988120794296265,1
7754,1,0.996623158454895,1
7755,0,0.00013237580424174666,0
7756,0,0.01160640548914671,0
7757,0,0.005507743451744318,0
7758,0,0.00040861687739379704,0
7759,1,0.9999146461486816,1
7760,1,0.9999974966049194,1
7761,1,0.9995158910751343,1
7762,0,0.0003909790248144418,0
7763,0,0.015366126783192158,0
7764,1,0.9991369843482971,1
7765,0,0.0018852701177820563,0
7766,0,0.11672976613044739,0
7767,1,0.9999890327453613,1
7768,0,7.747181371087208e-05,0
7769,1,0.9990523457527161,1
7770,1,0.8957050442695618,1
7771,1,0.999997615814209,1
7772,1,0.9999361038208008,1
7773,1,0.9999258518218994,1
7774,0,0.0008889738819561899,0
7775,1,0.9998611211776733,1
7776,1,0.9999616146087646,1
7777,1,0.9716615676879883,1
7778,1,0.994012176990509,1
7779,1,0.9995076656341553,1
7780,1,0.9992334842681885,1
7781,0,3.705446715684957e-06,0
7782,0,0.012730964459478855,0
7783,1,0.9965047836303711,1
7784,1,0.9993547797203064,1
7785,0,0.0036725543905049562,0
7786,1,0.999774158000946,1
7787,0,0.0005870213499292731,0
7788,0,0.005209627095609903,0
7789,1,0.9576711058616638,1
7790,1,0.7411535382270813,1
7791,0,0.17228193581104279,0
7792,1,0.9998878240585327,1
7793,0,1.4516543842546525e-06,0
7794,1,0.9575701951980591,1
7795,1,0.9983071088790894,1
7796,0,6.55866097076796e-05,0
7797,0,4.268000338925049e-06,0
7798,0,0.001987011870369315,0
7799,0,0.0013694369699805975,0
7800,0,0.9949740171432495,1
7801,0,4.118635115446523e-05,0
7802,1,0.999988317489624,1
7803,0,0.17951145768165588,0
7804,1,0.9942594766616821,1
7805,1,0.9988429546356201,1
7806,0,0.0003502717590890825,0
7807,1,0.9966042041778564,1
7808,1,0.6467788815498352,1
7809,1,0.9999785423278809,1
7810,0,0.0008902284898795187,0
7811,0,0.001477155601605773,0
7812,0,0.02359101176261902,0
7813,1,0.9997350573539734,1
7814,0,0.009639404714107513,0
7815,1,0.9953396320343018,1
7816,1,0.9999996423721313,1
7817,1,0.9713113307952881,1
7818,1,0.986677885055542,1
7819,0,2.900754338952538e-07,0
7820,0,0.00029512305627577007,0
7821,0,0.0010008119279518723,0
7822,0,0.048658587038517,0
7823,0,6.680648220935836e-05,0
7824,1,0.9999825954437256,1
7825,0,0.028339646756649017,0
7826,1,0.9975743889808655,1
7827,0,0.4247594177722931,0
7828,1,0.9953472018241882,1
7829,1,0.9880600571632385,1
7830,1,0.9999597072601318,1
7831,0,0.01528356596827507,0
7832,1,0.9884296655654907,1
7833,1,0.9948858618736267,1
7834,1,0.6055283546447754,1
7835,0,0.02231556735932827,0
7836,1,0.9999978542327881,1
7837,0,0.009247439913451672,0
7838,0,0.023667970672249794,0
7839,0,0.18919064104557037,0
7840,1,0.9998767375946045,1
7841,0,0.05731168016791344,0
7842,1,0.5509145259857178,1
7843,1,0.9999182224273682,1
7844,0,5.018893352826126e-05,0
7845,0,0.0005946063320152462,0
7846,1,0.9955092668533325,1
7847,1,0.992875337600708,1
7848,1,0.9992395639419556,1
7849,0,0.0074353585951030254,0
7850,1,0.9999697208404541,1
7851,0,0.0009314495255239308,0
7852,0,0.00868760421872139,0
7853,0,0.00626363093033433,0
7854,1,0.9813327789306641,1
7855,1,0.9972485899925232,1
7856,1,0.9999817609786987,1
7857,0,0.0016171162715181708,0
7858,0,0.021608659997582436,0
7859,1,0.9797873497009277,1
7860,0,0.0042077405378222466,0
7861,0,0.08476406335830688,0
7862,1,0.999845027923584,1
7863,0,0.000761046539992094,0
7864,0,0.009638266637921333,0
7865,1,0.9551182985305786,1
7866,1,0.995665967464447,1
7867,1,0.9994609951972961,1
7868,1,0.9999808073043823,1
7869,1,0.9953800439834595,1
7870,0,0.0015633649891242385,0
7871,0,0.001143774250522256,0
7872,1,0.9992018342018127,1
7873,1,0.9999971389770508,1
7874,1,0.9991545677185059,1
7875,0,0.8997557163238525,1
7876,0,0.004831505008041859,0
7877,1,0.38729792833328247,0
7878,0,1.0932797067653155e-07,0
7879,1,0.600696325302124,1
7880,0,0.008857173845171928,0
7881,1,0.9993749260902405,1
7882,0,3.208503403584473e-05,0
7883,1,0.999996542930603,1
7884,0,2.031491703746724e-06,0
7885,0,0.0008474025526084006,0
7886,0,0.0006556528969667852,0
7887,0,0.024715078994631767,0
7888,0,7.396762612188468e-06,0
7889,1,0.9886404275894165,1
7890,0,0.20073994994163513,0
7891,1,0.9735249876976013,1
7892,0,0.020120976492762566,0
7893,1,0.3826250731945038,0
7894,0,0.05580827593803406,0
7895,0,8.254967724496964e-06,0
7896,1,0.9951654672622681,1
7897,0,0.024108249694108963,0
7898,0,2.424757622065954e-05,0
7899,0,0.00011613409878918901,0
7900,1,0.9995518326759338,1
7901,1,0.6372588872909546,1
7902,1,0.9999232292175293,1
7903,1,0.9119557738304138,1
7904,1,0.6597544550895691,1
7905,0,3.4869717637775466e-05,0
7906,0,0.2414627969264984,0
7907,1,0.9959220886230469,1
7908,1,0.9956733584403992,1
7909,1,0.9999433755874634,1
7910,1,0.5609322190284729,1
7911,1,0.99972003698349,1
7912,1,0.999527096748352,1
7913,0,0.0017558885738253593,0
7914,0,0.004743229132145643,0
7915,0,0.3236801028251648,0
7916,1,0.9999955892562866,1
7917,1,0.9983162879943848,1
7918,0,0.026531625539064407,0
7919,0,0.04102306067943573,0
7920,0,0.0002795795735437423,0
7921,1,0.8556665182113647,1
7922,0,0.8086488842964172,1
7923,1,0.9996806383132935,1
7924,1,0.999383807182312,1
7925,0,1.6312765183101874e-06,0
7926,0,0.0006166567327454686,0
7927,0,0.0015232764417305589,0
7928,0,0.015380583703517914,0
7929,0,0.0007909261039458215,0
7930,0,0.014478995464742184,0
7931,0,0.006440653465688229,0
7932,0,0.00021785410353913903,0
7933,1,0.9999581575393677,1
7934,0,1.369654455629643e-06,0
7935,0,0.015083037316799164,0
7936,0,0.13627402484416962,0
7937,0,0.0013727032346650958,0
7938,0,0.015593966469168663,0
7939,0,0.014259757474064827,0
7940,0,0.0097997160628438,0
7941,1,0.9858633875846863,1
7942,0,0.007748282048851252,0
7943,0,1.4905353054928128e-05,0
7944,1,0.9386268854141235,1
7945,0,0.0008348519913852215,0
7946,0,0.10443232208490372,0
7947,1,0.9997420907020569,1
7948,1,0.5452806353569031,1
7949,0,0.0025230413302779198,0
7950,0,1.5856634490774013e-05,0
7951,1,0.9108967185020447,1
7952,1,0.9999905824661255,1
7953,1,0.9011372923851013,1
7954,1,0.9538472890853882,1
7955,1,0.9997707009315491,1
7956,1,0.9997852444648743,1
7957,0,0.056916315108537674,0
7958,1,0.9999934434890747,1
7959,0,1.941092023116653e-06,0
7960,0,0.0010105939581990242,0
7961,1,0.033367570489645004,0
7962,1,0.9999797344207764,1
7963,1,0.9998077750205994,1
7964,1,0.9995428323745728,1
7965,0,0.2178066223859787,0
7966,1,0.9997790455818176,1
7967,1,0.9983079433441162,1
7968,0,0.09758328646421432,0
7969,0,0.002291837241500616,0
7970,1,0.9985854625701904,1
7971,0,0.44898027181625366,0
7972,0,0.01840914599597454,0
7973,1,0.9988107681274414,1
7974,1,0.9999954700469971,1
7975,0,0.003680223599076271,0
7976,0,0.4332416355609894,0
7977,0,0.010151751339435577,0
7978,0,1.1260219253017567e-05,0
7979,0,0.0028345235623419285,0
7980,0,7.68104218877852e-05,0
7981,0,0.00027491821674630046,0
7982,1,0.9998617172241211,1
7983,0,0.12853901088237762,0
7984,0,0.0023999810218811035,0
7985,1,0.9968675971031189,1
7986,1,0.5179036855697632,1
7987,0,0.005842981860041618,0
7988,0,0.00021866883616894484,0
7989,1,0.9360882639884949,1
7990,1,0.999767005443573,1
7991,0,0.2601473331451416,0
7992,0,0.009983259253203869,0
7993,1,0.9792906641960144,1
7994,0,0.0006236117915250361,0
7995,1,0.9995513558387756,1
7996,1,0.9148479700088501,1
7997,0,0.0001764514745445922,0
7998,1,0.9990302324295044,1
7999,0,0.02207001857459545,0
8000,1,0.9981788396835327,1
8001,1,0.9991658926010132,1
8002,1,0.9927864670753479,1
8003,0,0.00014133019431028515,0
8004,0,0.0008591616642661393,0
8005,0,0.004909515380859375,0
8006,1,0.999903678894043,1
8007,1,0.9045681953430176,1
8008,1,0.9999946355819702,1
8009,0,0.36962056159973145,0
8010,0,0.006332545541226864,0
8011,1,0.9955704808235168,1
8012,0,0.000886865658685565,0
8013,1,0.9999476671218872,1
8014,0,0.16029517352581024,0
8015,0,0.0026512923650443554,0
8016,1,0.9998264908790588,1
8017,1,0.8690189123153687,1
8018,1,0.9891241788864136,1
8019,0,0.17434164881706238,0
8020,0,0.5193014144897461,1
8021,1,0.9994242191314697,1
8022,0,0.021316105499863625,0
8023,1,0.9760317206382751,1
8024,0,0.5771467089653015,1
8025,0,0.18975263833999634,0
8026,1,0.9996527433395386,1
8027,1,0.9941955208778381,1
8028,1,0.9999923706054688,1
8029,1,0.9998277425765991,1
8030,0,0.5254635214805603,1
8031,0,7.994355655682739e-06,0
8032,1,0.9975783228874207,1
8033,0,9.357887756777927e-05,0
8034,1,0.9997941851615906,1
8035,1,0.9958100318908691,1
8036,0,0.06654410809278488,0
8037,0,0.0898793414235115,0
8038,0,0.25180044770240784,0
8039,1,0.9475710988044739,1
8040,0,0.02971961535513401,0
8041,1,0.9999947547912598,1
8042,1,0.9999947547912598,1
8043,1,0.9999270439147949,1
8044,0,2.0319808754720725e-05,0
8045,1,0.0002499423862900585,0
8046,1,0.33403101563453674,0
8047,0,0.04374910145998001,0
8048,0,0.005544884596019983,0
8049,0,0.15546613931655884,0
8050,1,0.9999964237213135,1
8051,0,0.0002173634129576385,0
8052,0,0.0325915701687336,0
8053,1,0.055871184915304184,0
8054,1,0.9899156093597412,1
8055,1,0.9999779462814331,1
8056,1,0.9999645948410034,1
8057,0,0.0009534295531921089,0
8058,0,0.0031074939761310816,0
8059,0,0.2850549817085266,0
8060,0,5.078230606159195e-05,0
8061,1,0.9981179237365723,1
8062,1,0.8882977962493896,1
8063,0,0.0013021990889683366,0
8064,0,0.028580473735928535,0
8065,1,0.9999966621398926,1
8066,1,0.9228125810623169,1
8067,0,0.013127107173204422,0
8068,0,0.24026325345039368,0
8069,1,0.9997159838676453,1
8070,1,0.9993360638618469,1
8071,1,0.9542601704597473,1
8072,0,0.022742807865142822,0
8073,1,0.999860405921936,1
8074,1,0.9998241066932678,1
8075,1,0.9943597912788391,1
8076,1,0.5380023121833801,1
8077,1,0.999690055847168,1
8078,1,0.966386079788208,1
8079,0,0.042581707239151,0
8080,0,3.145859227515757e-05,0
8081,1,0.9041616320610046,1
8082,1,0.5471710562705994,1
8083,1,0.9970273375511169,1
8084,0,1.1233866644033697e-05,0
8085,0,0.002368743298575282,0
8086,0,0.004506490658968687,0
8087,0,0.00012063664325978607,0
8088,1,0.994834303855896,1
8089,0,0.41252732276916504,0
8090,1,0.7935178875923157,1
8091,1,0.46059364080429077,0
8092,1,0.9999744892120361,1
8093,1,0.9987682700157166,1
8094,1,0.9993826150894165,1
8095,1,0.9646875262260437,1
8096,0,5.424835762823932e-06,0
8097,1,0.7783664464950562,1
8098,0,3.435457983869128e-05,0
8099,1,0.9999955892562866,1
8100,1,0.9997250437736511,1
8101,0,0.0042268880642950535,0
8102,0,0.003637334331870079,0
8103,1,0.9978477954864502,1
8104,0,0.00042680796468630433,0
8105,1,0.9998366832733154,1
8106,0,2.412611138424836e-05,0
8107,0,0.22233404219150543,0
8108,0,0.18064677715301514,0
8109,0,0.0047093466855585575,0
8110,0,0.0049574775621294975,0
8111,0,0.0002730911073740572,0
8112,0,0.44356676936149597,0
8113,1,0.9745987057685852,1
8114,1,0.9912055134773254,1
8115,0,9.58365635597147e-05,0
8116,0,0.20375624299049377,0
8117,1,0.9959954023361206,1
8118,1,0.9958701729774475,1
8119,0,0.8427225947380066,1
8120,1,0.9997742772102356,1
8121,0,0.0035531760659068823,0
8122,1,0.974888801574707,1
8123,0,0.056494858115911484,0
8124,0,1.5533183841398568e-06,0
8125,1,0.2703803479671478,0
8126,0,0.012428306974470615,0
8127,1,0.9999138116836548,1
8128,0,0.6122105717658997,1
8129,1,0.9999676942825317,1
8130,0,0.8393929600715637,1
8131,1,0.9998310804367065,1
8132,0,0.5762908458709717,1
8133,1,0.9999986886978149,1
8134,1,0.9999966621398926,1
8135,0,0.04046201333403587,0
8136,1,0.9343887567520142,1
8137,1,0.9999246597290039,1
8138,0,0.8151737451553345,1
8139,1,0.999488115310669,1
8140,0,0.0244318675249815,0
8141,1,0.9926708936691284,1
8142,1,0.9998701810836792,1
8143,0,0.005171888042241335,0
8144,1,0.9123467803001404,1
8145,0,0.0002801476512104273,0
8146,0,0.8337031006813049,1
8147,0,0.0036010064650326967,0
8148,0,0.0017801605863496661,0
8149,0,7.070470746839419e-05,0
8150,1,0.9997597336769104,1
8151,0,0.0035268436186015606,0
8152,1,0.9585143327713013,1
8153,1,0.9993763566017151,1
8154,0,0.0004980927333235741,0
8155,1,0.9951979517936707,1
8156,1,0.8010982275009155,1
8157,0,0.0017318123718723655,0
8158,1,0.999496340751648,1
8159,0,0.0071152676828205585,0
8160,0,0.0009575188742019236,0
8161,1,0.999826967716217,1
8162,1,0.9999616146087646,1
8163,0,1.696533217909746e-05,0
8164,1,0.9983296990394592,1
8165,1,0.9791313409805298,1
8166,0,0.004437165800482035,0
8167,1,0.9891209006309509,1
8168,1,0.9999724626541138,1
8169,1,0.12850400805473328,0
8170,1,0.9613581895828247,1
8171,0,0.1548939198255539,0
8172,0,0.007301902864128351,0
8173,1,0.9999426603317261,1
8174,1,0.9225524663925171,1
8175,1,0.9957037568092346,1
8176,1,0.9930405616760254,1
8177,1,0.9992232322692871,1
8178,1,0.9997897744178772,1
8179,1,0.9853342771530151,1
8180,0,0.0001579428353579715,0
8181,0,0.00021210950217209756,0
8182,1,0.9971768856048584,1
8183,0,0.00015839934349060059,0
8184,0,0.00034955955925397575,0
8185,1,0.9990027546882629,1
8186,0,0.010800394229590893,0
8187,0,0.0008429153240285814,0
8188,1,0.9985803365707397,1
8189,1,0.9998388290405273,1
8190,1,0.9996840953826904,1
8191,1,0.6082213521003723,1
8192,1,0.9979222416877747,1
8193,1,0.8388054370880127,1
8194,1,0.9985878467559814,1
8195,1,0.9212900996208191,1
8196,1,0.9970831274986267,1
8197,1,0.9881393909454346,1
8198,0,0.0003842422738671303,0
8199,1,0.9999903440475464,1
8200,0,0.5031687617301941,1
8201,1,0.9992126226425171,1
8202,0,1.1662310498650186e-05,0
8203,1,0.9999408721923828,1
8204,1,0.9814656972885132,1
8205,1,0.997489333152771,1
8206,0,0.012576602399349213,0
8207,0,2.5577497808626504e-07,0
8208,1,0.9995269775390625,1
8209,1,0.9995423555374146,1
8210,0,0.03251056373119354,0
8211,0,0.05203418806195259,0
8212,1,0.9984951019287109,1
8213,1,0.9881021976470947,1
8214,1,0.999829888343811,1
8215,1,0.9998735189437866,1
8216,1,0.9999067783355713,1
8217,0,1.7017297068377957e-05,0
8218,1,0.9931594133377075,1
8219,1,0.998046875,1
8220,1,0.9998533725738525,1
8221,1,0.9921138286590576,1
8222,0,0.1903468668460846,0
8223,1,0.9980497360229492,1
8224,1,0.6510262489318848,1
8225,1,0.9897992610931396,1
8226,1,0.9999676942825317,1
8227,0,0.13366669416427612,0
8228,1,0.992284893989563,1
8229,0,0.1402549296617508,0
8230,0,0.0029938905499875546,0
8231,0,0.014776449650526047,0
8232,1,0.9977654218673706,1
8233,0,0.01163259893655777,0
8234,0,0.0009857312543317676,0
8235,0,0.0012096853461116552,0
8236,0,0.1728060245513916,0
8237,0,0.005000115372240543,0
8238,1,0.9826211333274841,1
8239,0,0.3421206474304199,0
8240,0,0.152714803814888,0
8241,1,0.9996618032455444,1
8242,0,0.5962170362472534,1
8243,1,0.8315466046333313,1
8244,0,0.062036219984292984,0
8245,1,0.9344051480293274,1
8246,0,1.0411715265945531e-05,0
8247,1,0.8531364798545837,1
8248,1,0.470746248960495,0
8249,1,0.9997405409812927,1
8250,1,0.997495174407959,1
8251,1,0.9882938861846924,1
8252,1,0.99958735704422,1
8253,0,0.033306512981653214,0
8254,0,0.21877171099185944,0
8255,0,0.0287004504352808,0
8256,1,0.989250898361206,1
8257,1,0.9794812798500061,1
8258,1,0.926598846912384,1
8259,1,0.999650239944458,1
8260,1,0.9935628175735474,1
8261,1,0.007101049646735191,0
8262,0,0.004650529939681292,0
8263,1,0.6440863013267517,1
8264,1,0.8528268337249756,1
8265,0,8.131561116897501e-06,0
8266,1,0.9939510822296143,1
8267,1,0.5083410739898682,1
8268,0,0.151815727353096,0
8269,1,0.9722832441329956,1
8270,1,0.9971043467521667,1
8271,0,0.25874125957489014,0
8272,1,0.9995105266571045,1
8273,1,0.992669939994812,1
8274,1,0.9985009431838989,1
8275,1,0.9999572038650513,1
8276,1,0.8882997632026672,1
8277,1,0.06476849317550659,0
8278,1,0.9998990297317505,1
8279,0,4.681713835452683e-05,0
8280,0,6.4444488089066e-05,0
8281,0,2.7694384698406793e-05,0
8282,0,0.940887987613678,1
8283,1,0.9293982982635498,1
8284,1,0.6402180194854736,1
8285,0,0.00018396391533315182,0
8286,1,0.9871926307678223,1
8287,1,0.9952824711799622,1
8288,1,0.9755637049674988,1
8289,0,0.023800887167453766,0
8290,0,0.5203289985656738,1
8291,0,0.00967870932072401,0
8292,0,0.001602507778443396,0
8293,0,0.0001342347968602553,0
8294,0,0.9150869846343994,1
8295,1,0.4666455090045929,0
8296,0,7.108498539309949e-05,0
8297,0,0.1531844437122345,0
8298,0,0.9759926199913025,1
8299,0,0.9816274046897888,1
8300,1,0.9925162196159363,1
8301,0,0.09628179669380188,0
8302,1,0.9885740280151367,1
8303,0,0.07070612162351608,0
8304,0,0.05501938238739967,0
8305,0,0.08951134234666824,0
8306,0,0.14179977774620056,0
8307,0,0.00955290999263525,0
8308,0,0.17551307380199432,0
8309,1,0.9972055554389954,1
8310,0,0.0005901482654735446,0
8311,0,0.0004500778450164944,0
8312,0,0.02596430480480194,0
8313,0,7.214455699511291e-09,0
8314,1,0.9997761845588684,1
8315,0,0.0007724009337835014,0
8316,1,0.9836664199829102,1
8317,0,0.002299166051670909,0
8318,1,0.9995748400688171,1
8319,1,0.9997318387031555,1
8320,0,0.032001715153455734,0
8321,1,0.9998611211776733,1
8322,1,0.9999983310699463,1
8323,0,0.15936407446861267,0
8324,0,0.025782953947782516,0
8325,0,0.0011798987397924066,0
8326,1,0.9999995231628418,1
8327,1,0.9999992847442627,1
8328,1,0.9201164841651917,1
8329,1,0.9999969005584717,1
8330,1,0.9995230436325073,1
8331,1,0.8805186748504639,1
8332,0,2.146659608115442e-05,0
8333,1,0.9123130440711975,1
8334,1,0.9517545104026794,1
8335,0,0.0004259882844053209,0
8336,0,0.0072809867560863495,0
8337,0,0.007602885831147432,0
8338,0,0.0001322539319517091,0
8339,0,0.9930126070976257,1
8340,1,0.9723697900772095,1
8341,0,0.0010390056995674968,0
8342,1,0.998925507068634,1
8343,0,0.0044064573012292385,0
8344,0,0.04601449519395828,0
8345,1,0.9984095692634583,1
8346,0,0.00019947619875892997,0
8347,0,9.116053843172267e-05,0
8348,0,0.4035094380378723,0
8349,0,3.0233133657020517e-05,0
8350,1,0.8934475779533386,1
8351,1,0.9999483823776245,1
8352,0,0.00019193318439647555,0
8353,0,0.760344922542572,1
8354,0,0.8095772862434387,1
8355,1,0.998275637626648,1
8356,1,0.9999080896377563,1
8357,1,0.8615959882736206,1
8358,0,0.4891124963760376,0
8359,0,0.3771711587905884,0
8360,0,0.0008611066150479019,0
8361,1,0.9978713989257812,1
8362,0,0.3771260976791382,0
8363,1,0.034834686666727066,0
8364,1,0.9653757214546204,1
8365,1,0.946905791759491,1
8366,0,0.004082119558006525,0
8367,1,0.9826985597610474,1
8368,0,0.00015961792087182403,0
8369,0,0.020683368667960167,0
8370,0,0.03022192418575287,0
8371,1,0.9999856948852539,1
8372,0,0.002183714648708701,0
8373,0,0.019721368327736855,0
8374,0,9.878861106926706e-08,0
8375,0,9.002497972687706e-05,0
8376,0,2.546432824601652e-06,0
8377,0,0.00010411877156002447,0
8378,1,0.9983847141265869,1
8379,0,0.020670849829912186,0
8380,1,0.999943733215332,1
8381,1,0.059445906430482864,0
8382,0,0.006380429491400719,0
8383,1,0.9999469518661499,1
8384,0,0.61067795753479,1
8385,0,0.00011296874436084181,0
8386,1,0.9988895058631897,1
8387,0,3.376944368937984e-05,0
8388,1,0.8438725471496582,1
8389,0,4.6162465878296643e-05,0
8390,0,0.00013596852659247816,0
8391,1,0.8535700440406799,1
8392,0,0.0016738995909690857,0
8393,0,0.3599017560482025,0
8394,0,0.9904986023902893,1
8395,0,0.0021346185822039843,0
8396,0,1.6807184977096767e-07,0
8397,0,0.8726478815078735,1
8398,0,0.9180219173431396,1
8399,1,0.9808932542800903,1
8400,1,0.9999905824661255,1
8401,0,0.00010099068458657712,0
8402,0,0.003095644759014249,0
8403,0,0.00023969235189724714,0
8404,1,0.9987408518791199,1
8405,0,0.0006338040111586452,0
8406,0,0.00012113715638406575,0
8407,1,0.9998846054077148,1
8408,0,0.006131387781351805,0
8409,0,8.08439654065296e-05,0
8410,0,0.028704067692160606,0
8411,0,1.4853538914394449e-06,0
8412,0,0.8438475728034973,1
8413,0,0.01762061007320881,0
8414,0,3.568108513718471e-05,0
8415,1,0.9999415874481201,1
8416,0,0.0003671932499855757,0
8417,1,0.9948689937591553,1
8418,1,0.9999939203262329,1
8419,1,0.9864369034767151,1
8420,1,0.9999885559082031,1
8421,0,0.0372762456536293,0
8422,0,0.03909597545862198,0
8423,0,0.04708132892847061,0
8424,1,0.9765259623527527,1
8425,1,0.9999686479568481,1
8426,1,0.997115969657898,1
8427,1,0.9999686479568481,1
8428,0,0.002989833941683173,0
8429,1,0.9995513558387756,1
8430,0,0.0046194917522370815,0
8431,0,0.005715177394449711,0
8432,1,0.9933515191078186,1
8433,0,0.012437799014151096,0
8434,0,0.020014174282550812,0
8435,1,0.9999719858169556,1
8436,1,0.9999982118606567,1
8437,1,0.999858021736145,1
8438,0,8.668950613355264e-06,0
8439,1,0.9789401888847351,1
8440,1,0.9993570446968079,1
8441,1,0.9995469450950623,1
8442,1,0.9999350309371948,1
8443,1,0.9998762607574463,1
8444,1,0.9929736852645874,1
8445,1,0.9999011754989624,1
8446,0,0.00028122292133048177,0
8447,1,0.99483722448349,1
8448,1,0.9888584613800049,1
8449,1,0.6762223839759827,1
8450,1,0.16977834701538086,0
8451,1,0.9999630451202393,1
8452,0,4.155903297942132e-05,0
8453,0,0.00026173924561589956,0
8454,1,0.9999803304672241,1
8455,0,0.008409716188907623,0
8456,1,0.9661546945571899,1
8457,1,0.9245402812957764,1
8458,1,0.9999998807907104,1
8459,0,0.012910984456539154,0
8460,1,0.9912177920341492,1
8461,1,0.9999903440475464,1
8462,1,0.9950684309005737,1
8463,1,0.2557438015937805,0
8464,0,0.9553393125534058,1
8465,1,0.9178760647773743,1
8466,0,0.0009579015313647687,0
8467,0,0.3346821665763855,0
8468,1,0.9998873472213745,1
8469,1,0.9997721314430237,1
8470,1,0.9978722333908081,1
8471,0,0.01355051901191473,0
8472,0,0.0011149346828460693,0
8473,0,0.042187489569187164,0
8474,0,0.0003301032993476838,0
8475,1,0.9979161620140076,1
8476,1,0.9841403961181641,1
8477,1,0.9991549253463745,1
8478,0,0.00023769352992530912,0
8479,0,0.005474690347909927,0
8480,1,0.9998809099197388,1
8481,0,0.0003650334838312119,0
8482,0,4.685349631472491e-05,0
8483,0,1.2707034329650924e-05,0
8484,0,0.012899406254291534,0
8485,1,0.9273453950881958,1
8486,0,2.8317021133261733e-05,0
8487,0,0.057144712656736374,0
8488,0,0.0020220503211021423,0
8489,0,0.0011031375033780932,0
8490,1,0.9966037273406982,1
8491,1,0.9999847412109375,1
8492,1,0.9982389211654663,1
8493,0,1.998171501327306e-05,0
8494,0,0.11957621574401855,0
8495,1,0.9946421384811401,1
8496,0,0.21886585652828217,0
8497,1,0.9983376264572144,1
8498,1,0.9986149072647095,1
8499,0,0.0473700575530529,0
8500,1,0.9999594688415527,1
8501,0,0.2211238145828247,0
8502,0,3.705626738792489e-07,0
8503,1,0.9935265779495239,1
8504,0,0.026775121688842773,0
8505,0,0.0036941603757441044,0
8506,0,0.00011984117008978501,0
8507,1,0.9959079027175903,1
8508,1,0.950591504573822,1
8509,1,0.9816275238990784,1
8510,0,0.0001337360154138878,0
8511,0,0.00013656687224283814,0
8512,0,0.000510895682964474,0
8513,1,0.9994970560073853,1
8514,0,0.1595638394355774,0
8515,1,0.9143356680870056,1
8516,0,0.00014184242172632366,0
8517,1,0.999991774559021,1
8518,0,0.004755903966724873,0
8519,1,0.9884271025657654,1
8520,1,0.9989787340164185,1
8521,0,0.0010118805803358555,0
8522,1,0.8254787921905518,1
8523,0,0.00038010228308849037,0
8524,1,0.9999961853027344,1
8525,1,0.9999703168869019,1
8526,1,0.9918389916419983,1
8527,1,0.9999220371246338,1
8528,0,7.332074892474338e-05,0
8529,0,0.023658031597733498,0
8530,0,0.00012463696475606412,0
8531,1,0.02436838112771511,0
8532,1,0.9999984502792358,1
8533,1,0.9974363446235657,1
8534,1,0.941569983959198,1
8535,0,5.280845653032884e-05,0
8536,0,0.007402464281767607,0
8537,1,0.9996799230575562,1
8538,0,0.067041777074337,0
8539,0,4.172282842773711e-06,0
8540,1,0.986237645149231,1
8541,0,0.007734963204711676,0
8542,0,3.140415856250911e-06,0
8543,0,0.041799820959568024,0
8544,1,0.9925354719161987,1
8545,1,0.9999778270721436,1
8546,1,0.9547476768493652,1
8547,0,1.824476021283772e-05,0
8548,0,0.0005911252228543162,0
8549,0,0.0007521573570556939,0
8550,1,0.9997037053108215,1
8551,1,0.9975245594978333,1
8552,0,6.658553388660948e-07,0
8553,0,0.16208922863006592,0
8554,0,0.00043626679689623415,0
8555,1,0.9995341300964355,1
8556,1,0.9998834133148193,1
8557,1,0.8610109686851501,1
8558,1,0.9999817609786987,1
8559,0,0.003931582905352116,0
8560,1,0.9992856383323669,1
8561,1,0.9999841451644897,1
8562,0,0.020529715344309807,0
8563,0,0.00034997586044482887,0
8564,0,0.002952082548290491,0
8565,0,0.00011876827193191275,0
8566,0,0.0006187048275023699,0
8567,0,0.39122503995895386,0
8568,0,0.0049611362628638744,0
8569,0,0.010958299972116947,0
8570,0,0.049864888191223145,0
8571,1,0.04355364665389061,0
8572,0,0.0001931529404828325,0
8573,1,0.9999459981918335,1
8574,1,0.9999996423721313,1
8575,1,0.03909413143992424,0
8576,0,0.006649794057011604,0
8577,1,0.912773072719574,1
8578,0,0.0033159225713461637,0
8579,1,0.9335631132125854,1
8580,1,0.998502254486084,1
8581,0,0.00011863854160765186,0
8582,0,0.009993274696171284,0
8583,0,0.0055486904457211494,0
8584,0,0.028757816180586815,0
8585,0,0.002404091414064169,0
8586,0,0.032965030521154404,0
8587,0,0.0020142807625234127,0
8588,0,0.32576608657836914,0
8589,0,0.12545746564865112,0
8590,1,0.9998438358306885,1
8591,1,0.995699405670166,1
8592,1,0.9345093369483948,1
8593,1,0.01965496316552162,0
8594,0,0.48094263672828674,0
8595,1,0.9934924244880676,1
8596,0,3.329582614242099e-05,0
8597,1,0.9998983144760132,1
8598,1,0.974381685256958,1
8599,1,0.999841570854187,1
8600,1,0.26866206526756287,0
8601,1,0.9999551773071289,1
8602,0,0.42747604846954346,0
8603,1,0.9999991655349731,1
8604,1,0.9990743398666382,1
8605,1,0.9999773502349854,1
8606,1,0.9999964237213135,1
8607,0,2.394500916125253e-05,0
8608,1,0.9999381303787231,1
8609,0,0.22953277826309204,0
8610,0,2.758436676231213e-05,0
8611,0,0.0007025281083770096,0
8612,1,0.9999698400497437,1
8613,1,0.9999945163726807,1
8614,0,0.8899524211883545,1
8615,1,0.9554156064987183,1
8616,1,0.9998682737350464,1
8617,0,0.007774758618324995,0
8618,1,0.999114453792572,1
8619,1,0.9995232820510864,1
8620,1,0.9947484135627747,1
8621,1,0.9999314546585083,1
8622,1,0.7277873754501343,1
8623,1,0.2670603394508362,0
8624,0,0.00033914021332748234,0
8625,1,0.9943055510520935,1
8626,0,0.017983390018343925,0
8627,0,0.2630750238895416,0
8628,1,0.9985149502754211,1
8629,0,0.0013537844642996788,0
8630,1,0.9985363483428955,1
8631,0,0.00035098742228001356,0
8632,0,0.00031358294654637575,0
8633,1,0.958052933216095,1
8634,1,0.9987911581993103,1
8635,0,0.8866525292396545,1
8636,1,0.9999755620956421,1
8637,1,0.9973752498626709,1
8638,0,0.001275185844860971,0
8639,1,0.9788147807121277,1
8640,0,0.08540938794612885,0
8641,0,0.00010664646833902225,0
8642,1,0.9978748559951782,1
8643,0,0.005434553604573011,0
8644,1,0.8053275942802429,1
8645,1,0.9951995611190796,1
8646,0,0.0014670724049210548,0
8647,0,3.4915537980850786e-05,0
8648,1,0.9999796152114868,1
8649,1,0.9999793767929077,1
8650,0,0.004306981805711985,0
8651,1,0.997718334197998,1
8652,0,0.6015693545341492,1
8653,0,0.28596410155296326,0
8654,0,5.201361545914551e-06,0
8655,1,0.9958630800247192,1
8656,1,0.9837155938148499,1
8657,0,0.019648270681500435,0
8658,1,0.9854119420051575,1
8659,1,0.9987732768058777,1
8660,1,0.9459899067878723,1
8661,0,0.00018528438522480428,0
8662,0,0.0010670536430552602,0
8663,0,0.09336137026548386,0
8664,1,0.9980654120445251,1
8665,0,0.016436254605650902,0
8666,0,0.17987018823623657,0
8667,0,0.04962083324790001,0
8668,1,0.999672532081604,1
8669,1,0.9998714923858643,1
8670,1,0.9997472167015076,1
8671,1,0.9999998807907104,1
8672,0,0.06061158701777458,0
8673,1,0.9997276663780212,1
8674,0,0.001674958155490458,0
8675,0,0.0002704244980122894,0
8676,1,0.9160414338111877,1
8677,1,0.9999066591262817,1
8678,1,0.541856050491333,1
8679,0,0.03405389562249184,0
8680,1,0.9899601936340332,1
8681,0,0.003482027677819133,0
8682,1,0.9913357496261597,1
8683,1,0.9688312411308289,1
8684,0,1.2152938325016294e-05,0
8685,1,0.9996778964996338,1
8686,1,0.9791624546051025,1
8687,1,0.9999711513519287,1
8688,1,0.9973752498626709,1
8689,1,0.9324521422386169,1
8690,0,0.0005637357826344669,0
8691,1,0.9699136018753052,1
8692,0,0.0005207661306485534,0
8693,1,0.9692051410675049,1
8694,1,0.8602825403213501,1
8695,0,2.9696468118345365e-05,0
8696,1,0.9593102335929871,1
8697,1,0.6541184782981873,1
8698,1,0.9991326928138733,1
8699,0,0.043427255004644394,0
8700,1,0.9954037666320801,1
8701,1,0.9999557733535767,1
8702,1,0.9997263550758362,1
8703,0,0.0008906692382879555,0
8704,0,5.239411621005274e-06,0
8705,1,0.9990020394325256,1
8706,0,0.000951112771872431,0
8707,0,5.124719245941378e-05,0
8708,1,0.999945878982544,1
8709,0,0.007192626595497131,0
8710,1,0.739848256111145,1
8711,1,0.9998754262924194,1
8712,1,0.1289093941450119,0
8713,1,0.9999985694885254,1
8714,0,0.000593333097640425,0
8715,1,0.9999992847442627,1
8716,0,3.3243348298128694e-05,0
8717,0,0.2579028010368347,0
8718,1,0.9814280271530151,1
8719,1,0.9999662637710571,1
8720,0,0.00485410587862134,0
8721,1,0.9977110624313354,1
8722,1,0.9999674558639526,1
8723,0,0.05739002302289009,0
8724,1,0.9792719483375549,1
8725,0,0.32057639956474304,0
8726,1,0.9779099225997925,1
8727,0,0.0007507949485443532,0
8728,1,0.9995608925819397,1
8729,1,0.9998260140419006,1
8730,1,0.9999990463256836,1
8731,0,0.0020548119209706783,0
8732,1,0.9950248599052429,1
8733,1,0.12088245153427124,0
8734,0,0.0007309754728339612,0
8735,0,8.667857400723733e-07,0
8736,0,0.021637480705976486,0
8737,0,8.52253106131684e-06,0
8738,1,0.982602596282959,1
8739,0,0.0006933202384971082,0
8740,0,0.05568814277648926,0
8741,0,0.0422118678689003,0
8742,0,3.0206072551663965e-05,0
8743,1,0.9996775388717651,1
8744,0,0.0010789184598252177,0
8745,1,0.9483526945114136,1
8746,1,0.9998059868812561,1
8747,1,0.9999881982803345,1
8748,0,0.00043112572166137397,0
8749,1,0.9999973773956299,1
8750,1,0.9998435974121094,1
8751,0,0.0008774327579885721,0
8752,1,0.8149615526199341,1
8753,0,0.2879985272884369,0
8754,1,0.9920080900192261,1
8755,1,0.9999974966049194,1
8756,0,1.250942386832321e-05,0
8757,1,0.9996461868286133,1
8758,0,0.6914618015289307,1
8759,0,0.15891224145889282,0
8760,1,0.9999799728393555,1
8761,0,0.004997589625418186,0
8762,1,0.9998904466629028,1
8763,0,0.006667515728622675,0
8764,1,0.9964249730110168,1
8765,1,0.9999992847442627,1
8766,0,0.000559907522983849,0
8767,1,0.9999343156814575,1
8768,1,0.8654541969299316,1
8769,0,0.0014188685454428196,0
8770,0,0.05779937282204628,0
8771,1,0.999620795249939,1
8772,1,0.9645927548408508,1
8773,1,0.9973922967910767,1
8774,0,0.035589106380939484,0
8775,1,0.1252753883600235,0
8776,1,0.36128392815589905,0
8777,0,0.04215473681688309,0
8778,1,0.9837644696235657,1
8779,0,0.04212470352649689,0
8780,1,0.9998095631599426,1
8781,1,0.7763555645942688,1
8782,0,0.3741840720176697,0
8783,1,0.9999996423721313,1
8784,0,0.0042391750030219555,0
8785,1,0.990777850151062,1
8786,1,0.9972135424613953,1
8787,1,0.7126476168632507,1
8788,1,0.9974682331085205,1
8789,1,0.9977413415908813,1
8790,1,0.9969933032989502,1
8791,1,0.9936681389808655,1
8792,0,0.9953358769416809,1
8793,0,0.00043046349310316145,0
8794,0,0.16684284806251526,0
8795,1,0.9999916553497314,1
8796,0,0.17649385333061218,0
8797,0,0.016277559101581573,0
8798,1,0.9962685108184814,1
8799,0,0.003837626427412033,0
8800,1,0.9999723434448242,1
8801,1,0.9997175335884094,1
8802,1,0.9969367980957031,1
8803,0,4.838614700020116e-07,0
8804,1,0.9999125003814697,1
8805,1,0.7535164952278137,1
8806,1,0.9989853501319885,1
8807,1,0.999480664730072,1
8808,1,0.033296242356300354,0
8809,0,0.001762446598149836,0
8810,1,0.9999597072601318,1
8811,0,0.05406506732106209,0
8812,0,0.026907552033662796,0
8813,0,0.005451202858239412,0
8814,1,0.9879124760627747,1
8815,0,0.007916020229458809,0
8816,0,2.1593918063445017e-05,0
8817,0,0.000511137826833874,0
8818,0,0.20076847076416016,0
8819,0,0.008470332249999046,0
8820,0,2.629412483656779e-05,0
8821,0,0.0206246729940176,0
8822,1,0.9999803304672241,1
8823,1,0.7398017644882202,1
8824,0,3.93874324799981e-06,0
8825,0,0.003703565103933215,0
8826,0,0.03453941270709038,0
8827,1,0.997199296951294,1
8828,1,0.999944806098938,1
8829,0,4.3214564357185736e-05,0
8830,1,0.9998550415039062,1
8831,1,0.9999222755432129,1
8832,0,0.041157979518175125,0
8833,1,0.9420108795166016,1
8834,1,0.9966511130332947,1
8835,1,0.9937406182289124,1
8836,0,0.0002603181928861886,0
8837,1,0.9932303428649902,1
8838,0,0.9699344635009766,1
8839,1,0.9959850311279297,1
8840,0,0.008606726303696632,0
8841,1,0.9634743332862854,1
8842,0,0.12196265161037445,0
8843,0,1.05337903733016e-05,0
8844,0,0.011307110078632832,0
8845,0,0.25254493951797485,0
8846,0,0.001158840605057776,0
8847,0,3.38334939442575e-05,0
8848,0,0.0005091147613711655,0
8849,0,0.004838870372623205,0
8850,0,0.0012572237756103277,0
8851,0,0.02232052944600582,0
8852,1,0.9999642372131348,1
8853,1,0.9999990463256836,1
8854,1,0.9757276773452759,1
8855,1,0.9316062927246094,1
8856,0,7.918272604001686e-05,0
8857,1,0.956365704536438,1
8858,0,0.0010819409508258104,0
8859,0,0.00377422827295959,0
8860,1,0.9998319149017334,1
8861,1,0.4205091595649719,0
8862,0,0.044159989804029465,0
8863,0,0.00030525546753779054,0
8864,0,0.00170626409817487,0
8865,1,0.991119921207428,1
8866,1,0.9989290833473206,1
8867,0,0.06413011997938156,0
8868,1,0.9730121493339539,1
8869,0,0.06765251606702805,0
8870,0,0.04828164726495743,0
8871,0,3.673396165027043e-08,0
8872,0,0.07556358724832535,0
8873,1,0.999796450138092,1
8874,1,0.9999767541885376,1
8875,1,0.9950624108314514,1
8876,1,0.8329625725746155,1
8877,0,0.16211237013339996,0
8878,1,0.4642174541950226,0
8879,0,0.12278436124324799,0
8880,0,0.010027648881077766,0
8881,1,0.9997261166572571,1
8882,1,0.9991330504417419,1
8883,0,0.015765808522701263,0
8884,1,0.7780892252922058,1
8885,1,0.9688504934310913,1
8886,0,0.07673531770706177,0
8887,1,0.7646689414978027,1
8888,0,0.8555753231048584,1
8889,0,0.2486594170331955,0
8890,1,0.9630998969078064,1
8891,1,0.9517508149147034,1
8892,0,0.20244039595127106,0
8893,1,0.9947973489761353,1
8894,1,0.9996906518936157,1
8895,1,0.9977757334709167,1
8896,1,0.9714571237564087,1
8897,0,0.000942330458201468,0
8898,1,0.9967346787452698,1
8899,0,0.10815230756998062,0
8900,0,1.4185175700731634e-07,0
8901,0,3.966021267842734e-06,0
8902,0,0.6596451997756958,1
8903,0,6.932178075658157e-05,0
8904,0,0.02965056151151657,0
8905,0,0.8162240386009216,1
8906,1,0.6928461790084839,1
8907,0,0.0009611108107492328,0
8908,1,0.9999984502792358,1
8909,1,0.9996834993362427,1
8910,0,0.024249449372291565,0
8911,1,0.9999831914901733,1
8912,0,0.06139155477285385,0
8913,0,0.0014939038082957268,0
8914,1,0.9909355044364929,1
8915,0,0.4060516953468323,0
8916,1,0.9999988079071045,1
8917,1,1.0,1
8918,1,0.9225464463233948,1
8919,1,0.9982163310050964,1
8920,0,0.003301918273791671,0
8921,1,0.6288121342658997,1
8922,1,0.9999831914901733,1
8923,1,0.9473056793212891,1
8924,0,0.0028151979204267263,0
8925,1,0.9999991655349731,1
8926,0,0.0005799493519589305,0
8927,0,0.0408029668033123,0
8928,0,0.0001075613618013449,0
8929,0,0.004623066633939743,0
8930,0,0.0006282697431743145,0
8931,0,0.00018065079348161817,0
8932,0,0.022831490263342857,0
8933,1,0.7023201584815979,1
8934,0,4.144910235481802e-06,0
8935,0,0.002542321104556322,0
8936,1,0.9750076532363892,1
8937,0,0.16561664640903473,0
8938,0,1.060036174749257e-05,0
8939,0,0.5403058528900146,1
8940,1,0.5636110901832581,1
8941,1,0.9947056174278259,1
8942,1,0.5795566439628601,1
8943,1,0.5711686611175537,1
8944,1,0.9999948740005493,1
8945,0,0.012134142220020294,0
8946,0,0.11413060873746872,0
8947,1,0.9844672679901123,1
8948,0,0.00026173749938607216,0
8949,0,0.0001751839299686253,0
8950,1,0.9818011522293091,1
8951,1,0.9999890327453613,1
8952,1,0.9998059868812561,1
8953,1,0.9802415370941162,1
8954,0,3.886656941176625e-06,0
8955,1,0.9981603026390076,1
8956,0,0.0071266223676502705,0
8957,0,0.012827540747821331,0
8958,0,5.419677108875476e-05,0
8959,0,0.0003310557221993804,0
8960,1,0.9963642954826355,1
8961,0,0.7501440644264221,1
8962,0,0.006259693764150143,0
8963,1,0.40528616309165955,0
8964,1,0.8824428915977478,1
8965,0,0.002910561626777053,0
8966,0,0.37934932112693787,0
8967,0,4.4898439227836207e-05,0
8968,1,0.9666759371757507,1
8969,0,1.7294181816396303e-05,0
8970,0,0.000814103230368346,0
8971,1,0.9996234178543091,1
8972,0,0.0002883924462366849,0
8973,1,0.9999316930770874,1
8974,0,0.0770813599228859,0
8975,1,0.9980629086494446,1
8976,0,0.0008075174991972744,0
8977,0,0.00746003957465291,0
8978,0,0.00018678147171158344,0
8979,1,0.6178542971611023,1
8980,0,0.09437450766563416,0
8981,1,0.9999984502792358,1
8982,1,0.9995229244232178,1
8983,0,0.3300338387489319,0
8984,0,0.10807652026414871,0
8985,0,0.058180585503578186,0
8986,0,0.0062910704873502254,0
8987,1,0.9982549548149109,1
8988,0,4.78336096421117e-06,0
8989,1,0.9999836683273315,1
8990,0,3.317684240755625e-05,0
8991,1,0.999996542930603,1
8992,1,0.9999451637268066,1
8993,0,6.863644557597581e-06,0
8994,1,0.9654667973518372,1
8995,1,0.9999991655349731,1
8996,1,0.6316747665405273,1
8997,0,0.0902230516076088,0
8998,0,0.0011918139643967152,0
8999,1,0.227648064494133,0
9000,0,0.009641430340707302,0
9001,0,2.5673380150692537e-05,0
9002,1,0.9998632669448853,1
9003,0,0.003295476548373699,0
9004,1,0.9999408721923828,1
9005,1,0.9997943043708801,1
9006,0,0.009793905541300774,0
9007,1,0.9916566610336304,1
9008,1,0.9999841451644897,1
9009,1,0.9998624324798584,1
9010,0,5.5076878197724e-05,0
9011,0,1.7277119695791043e-05,0
9012,0,0.0008105070446617901,0
9013,1,0.7542746067047119,1
9014,0,0.0024232675787061453,0
9015,0,0.02040250599384308,0
9016,0,0.00840781256556511,0
9017,0,0.43031513690948486,0
9018,1,0.9999591112136841,1
9019,0,0.00013317000411916524,0
9020,0,0.0012908057542517781,0
9021,1,0.9995824694633484,1
9022,0,0.0007177687948569655,0
9023,1,0.972947895526886,1
9024,0,0.0044276779517531395,0
9025,1,0.8738673329353333,1
9026,1,0.9999408721923828,1
9027,0,0.0001716183323878795,0
9028,0,0.00896765012294054,0
9029,0,0.00020931473409291357,0
9030,1,0.279638409614563,0
9031,0,0.0013327269116416574,0
9032,1,0.9357410669326782,1
9033,1,0.9999971389770508,1
9034,1,0.9999998807907104,1
9035,0,0.004146861843764782,0
9036,1,0.99952232837677,1
9037,1,0.9999998807907104,1
9038,0,0.01435128878802061,0
9039,0,0.00018135408754460514,0
9040,1,0.9990043044090271,1
9041,0,0.56196129322052,1
9042,1,0.9959318041801453,1
9043,0,0.003153931349515915,0
9044,0,0.016766415908932686,0
9045,1,0.9999995231628418,1
9046,0,4.015960257675033e-06,0
9047,0,7.898228432168253e-06,0
9048,1,0.9998711347579956,1
9049,0,0.0010393343400210142,0
9050,1,0.7835726141929626,1
9051,1,0.9988829493522644,1
9052,1,0.9962471127510071,1
9053,0,0.005497496109455824,0
9054,1,0.9632653594017029,1
9055,1,0.9715228080749512,1
9056,0,0.02198200300335884,0
9057,1,0.9986687898635864,1
9058,0,0.11597335338592529,0
9059,0,0.023945080116391182,0
9060,1,0.9972865581512451,1
9061,0,0.04073832929134369,0
9062,0,0.9836589097976685,1
9063,0,0.0001840939512476325,0
9064,0,0.00478772446513176,0
9065,0,0.0055755190551280975,0
9066,0,0.08264242857694626,0
9067,0,0.00011853145406348631,0
9068,1,0.9845410585403442,1
9069,1,0.9999880790710449,1
9070,1,0.9996762275695801,1
9071,0,0.0009868183406069875,0
9072,0,0.009273076429963112,0
9073,0,0.00030320571386255324,0
9074,0,3.062490941374563e-05,0
9075,1,0.9993119239807129,1
9076,0,1.322291063843295e-05,0
9077,1,0.9999936819076538,1
9078,1,0.9117886424064636,1
9079,0,0.9991082549095154,1
9080,1,0.9997798800468445,1
9081,1,0.9780283570289612,1
9082,0,0.0029733215924352407,0
9083,1,0.999969482421875,1
9084,1,0.9983882904052734,1
9085,0,0.008257399313151836,0
9086,1,0.9999563694000244,1
9087,0,0.004487185273319483,0
9088,1,0.9887025356292725,1
9089,0,4.535723201115616e-05,0
9090,0,0.769015371799469,1
9091,1,0.9999996423721313,1
9092,1,0.9994168281555176,1
9093,1,0.9999414682388306,1
9094,0,0.0733097642660141,0
9095,0,0.02333817258477211,0
9096,0,3.239775833208114e-05,0
9097,0,0.060555968433618546,0
9098,1,0.25713062286376953,0
9099,1,0.5959737300872803,1
9100,0,3.677393351608771e-06,0
9101,0,0.05237410217523575,0
9102,0,0.0007356870919466019,0
9103,0,0.014173684641718864,0
9104,1,0.7369289994239807,1
9105,1,0.9999998807907104,1
9106,1,0.9972100853919983,1
9107,1,0.997585654258728,1
9108,0,9.12140094442293e-05,0
9109,0,0.4300815463066101,0
9110,1,0.9993315935134888,1
9111,0,0.0023229746147990227,0
9112,1,0.990813672542572,1
9113,1,0.9983466863632202,1
9114,1,0.15815120935440063,0
9115,0,2.0936029159202008e-06,0
9116,0,0.0017442080425098538,0
9117,0,1.7123455108958296e-05,0
9118,1,0.9980631470680237,1
9119,1,0.9146183729171753,1
9120,0,0.000287936651147902,0
9121,1,0.9987786412239075,1
9122,1,0.997098445892334,1
9123,1,0.9998419284820557,1
9124,0,0.001303271041251719,0
9125,0,0.05782030150294304,0
9126,0,2.3285887436941266e-05,0
9127,1,0.9954244494438171,1
9128,0,0.027235647663474083,0
9129,1,0.9976455569267273,1
9130,1,0.9985291957855225,1
9131,0,1.0452026799612213e-05,0
9132,0,0.019489780068397522,0
9133,1,0.8865572214126587,1
9134,1,0.007617536000907421,0
9135,1,0.9999972581863403,1
9136,1,0.999988317489624,1
9137,1,0.765519917011261,1
9138,1,0.9997158646583557,1
9139,1,0.9884471297264099,1
9140,1,0.9999728202819824,1
9141,0,0.02912776730954647,0
9142,0,0.005135141313076019,0
9143,0,0.1153034120798111,0
9144,1,0.999433696269989,1
9145,0,0.6727777719497681,1
9146,0,0.00017798766202758998,0
9147,1,0.9805281758308411,1
9148,1,0.9999998807907104,1
9149,1,0.9967570900917053,1
9150,1,0.9999701976776123,1
9151,1,0.8751375079154968,1
9152,0,0.7176992893218994,1
9153,1,0.999921441078186,1
9154,1,0.7956681251525879,1
9155,0,4.353140070634254e-08,0
9156,1,0.9980552196502686,1
9157,1,0.5794910788536072,1
9158,0,0.002180081093683839,0
9159,1,0.9993481040000916,1
9160,1,0.9999847412109375,1
9161,0,0.8884428143501282,1
9162,1,0.9983003735542297,1
9163,1,0.9233372211456299,1
9164,0,4.177913433522917e-05,0
9165,0,0.15131250023841858,0
9166,1,0.9480165839195251,1
9167,1,0.9674733281135559,1
9168,0,0.03379341959953308,0
9169,0,0.2321453094482422,0
9170,1,0.9998681545257568,1
9171,0,0.09012560546398163,0
9172,0,5.667940513376379e-06,0
9173,1,0.9618651866912842,1
9174,0,0.34567129611968994,0
9175,1,0.9997993111610413,1
9176,0,0.2290855199098587,0
9177,1,0.9913540482521057,1
9178,0,2.656899596331641e-05,0
9179,1,0.9849286675453186,1
9180,0,0.00010649656906025484,0
9181,0,0.01295557338744402,0
9182,1,0.9716371297836304,1
9183,1,0.9999923706054688,1
9184,0,0.020735060796141624,0
9185,0,0.0029161630664020777,0
9186,0,0.04425005987286568,0
9187,1,0.9991931319236755,1
9188,1,0.9965375661849976,1
9189,0,0.00030752515885978937,0
9190,0,0.2353798896074295,0
9191,1,0.99285888671875,1
9192,1,0.9997798800468445,1
9193,1,0.9996668100357056,1
9194,0,0.08794862031936646,0
9195,0,0.0011098090326413512,0
9196,1,0.9998453855514526,1
9197,1,0.9998795986175537,1
9198,1,0.9999308586120605,1
9199,0,1.1424196600273717e-05,0
9200,0,0.0021258338820189238,0
9201,1,0.9990381002426147,1
9202,1,0.9525231122970581,1
9203,0,0.0024838901590555906,0
9204,0,0.03937089443206787,0
9205,0,4.8955815145745873e-05,0
9206,1,0.9985206723213196,1
9207,1,0.9978641867637634,1
9208,0,0.005020389799028635,0
9209,1,0.9593672156333923,1
9210,1,0.9983781576156616,1
9211,0,0.0020434667821973562,0
9212,1,0.9933279752731323,1
9213,0,0.04313812032341957,0
9214,0,6.579029104614165e-06,0
9215,1,0.9999233484268188,1
9216,0,0.9699428677558899,1
9217,1,0.9999721050262451,1
9218,1,0.9988131523132324,1
9219,0,0.011366466991603374,0
9220,1,0.9997879862785339,1
9221,0,0.056637175381183624,0
9222,1,0.999933123588562,1
9223,1,0.99402916431427,1
9224,0,0.02330116368830204,0
9225,0,0.004365578759461641,0
9226,1,0.9997774958610535,1
9227,1,0.9999998807907104,1
9228,0,5.5237283049791586e-06,0
9229,1,0.8160999417304993,1
9230,0,6.460717122536153e-05,0
9231,0,0.0014193280367180705,0
9232,1,0.9973496198654175,1
9233,1,0.9999980926513672,1
9234,1,0.9995561242103577,1
9235,1,0.9987263083457947,1
9236,0,0.00038061552913859487,0
9237,0,0.1654813140630722,0
9238,0,0.08924809098243713,0
9239,0,0.0023287527728825808,0
9240,1,0.9958892464637756,1
9241,0,0.000159603136125952,0
9242,1,0.9814844131469727,1
9243,0,8.092888310784474e-05,0
9244,1,0.9981065988540649,1
9245,0,0.5032272934913635,1
9246,0,0.005163609515875578,0
9247,0,0.004665665328502655,0
9248,0,0.09835885465145111,0
9249,1,0.9995579123497009,1
9250,0,0.557348370552063,1
9251,0,0.17031647264957428,0
9252,0,0.018361957743763924,0
9253,1,0.999876856803894,1
9254,0,0.004610475618392229,0
9255,1,0.995781660079956,1
9256,1,0.9901738166809082,1
9257,0,0.08396255224943161,0
9258,1,0.9998218417167664,1
9259,0,0.015016059391200542,0
9260,1,0.9999728202819824,1
9261,1,0.9789902567863464,1
9262,1,0.999998927116394,1
9263,0,0.0036083508748561144,0
9264,1,0.9998428821563721,1
9265,1,0.9999902248382568,1
9266,1,0.8199405670166016,1
9267,0,0.09128715097904205,0
9268,1,0.9848399758338928,1
9269,0,2.9515040296246298e-05,0
9270,1,0.9774494767189026,1
9271,0,0.013640723191201687,0
9272,1,0.9471092224121094,1
9273,1,0.9999916553497314,1
9274,0,0.00018026074394583702,0
9275,0,0.017200754955410957,0
9276,0,0.0033970060758292675,0
9277,1,0.9879859089851379,1
9278,0,5.158457861398347e-05,0
9279,1,0.9999362230300903,1
9280,0,0.43743595480918884,0
9281,0,0.006276302505284548,0
9282,0,4.300408545532264e-05,0
9283,0,0.01442492101341486,0
9284,0,0.004746557679027319,0
9285,0,0.010002458468079567,0
9286,1,0.9994040727615356,1
9287,1,0.9807915091514587,1
9288,1,0.999947190284729,1
9289,0,7.22019249224104e-05,0
9290,1,0.8448215126991272,1
9291,0,0.04491760954260826,0
9292,1,0.999870777130127,1
9293,1,0.3040241599082947,0
9294,1,0.9814959168434143,1
9295,0,0.00013706888421438634,0
9296,1,0.9984809756278992,1
9297,1,0.9999375343322754,1
9298,1,0.8606986403465271,1
9299,1,0.9453800916671753,1
9300,1,0.9960793852806091,1
9301,1,0.9998247027397156,1
9302,0,0.8144778609275818,1
9303,0,0.002710208762437105,0
9304,0,0.035094618797302246,0
9305,1,0.8745543360710144,1
9306,0,0.1876184493303299,0
9307,1,0.9970511198043823,1
9308,1,0.999967098236084,1
9309,1,0.9986407160758972,1
9310,0,0.17296645045280457,0
9311,1,0.9999997615814209,1
9312,0,2.1918198399362154e-05,0
9313,1,0.9947721362113953,1
9314,1,0.965522825717926,1
9315,0,0.0027624915819615126,0
9316,0,0.00036425061989575624,0
9317,1,0.9269217252731323,1
9318,0,0.0013541810913011432,0
9319,0,0.09725683182477951,0
9320,0,4.7247620386769995e-05,0
9321,1,0.9998010993003845,1
9322,1,0.9994214773178101,1
9323,0,0.14578254520893097,0
9324,1,0.9992510676383972,1
9325,1,0.9999960660934448,1
9326,1,0.9776575565338135,1
9327,0,0.33413442969322205,0
9328,0,0.00011002145038219169,0
9329,0,0.004610193427652121,0
9330,0,0.0038307784125208855,0
9331,0,7.668790203751996e-05,0
9332,0,0.014881779439747334,0
9333,1,0.9847191572189331,1
9334,1,0.8675203919410706,1
9335,1,0.9999994039535522,1
9336,1,0.9999997615814209,1
9337,0,0.0023870321456342936,0
9338,0,0.025363579392433167,0
9339,0,0.25104865431785583,0
9340,0,2.8498337997007184e-05,0
9341,1,0.9999988079071045,1
9342,0,0.4637833833694458,0
9343,0,0.0022528578992933035,0
9344,0,0.0016299070557579398,0
9345,1,0.15067043900489807,0
9346,0,0.0017914241179823875,0
9347,1,0.8194923400878906,1
9348,1,0.9998026490211487,1
9349,0,0.01706245355308056,0
9350,0,0.00012337892258074135,0
9351,0,0.0014343596994876862,0
9352,0,6.465222395490855e-05,0
9353,1,0.9999935626983643,1
9354,1,0.9999910593032837,1
9355,0,0.16659624874591827,0
9356,1,0.999954104423523,1
9357,1,0.9718642234802246,1
9358,1,0.9999982118606567,1
9359,1,0.5212967991828918,1
9360,1,0.9527018070220947,1
9361,1,0.9995766282081604,1
9362,0,0.05256016179919243,0
9363,1,0.9510522484779358,1
9364,0,0.06546076387166977,0
9365,1,0.9951297044754028,1
9366,0,0.00027387647423893213,0
9367,0,0.0006990116671659052,0
9368,1,0.9987887740135193,1
9369,1,0.7796850204467773,1
9370,1,0.9635562300682068,1
9371,0,0.000244426861172542,0
9372,1,0.9961568713188171,1
9373,0,3.8972862967057154e-05,0
9374,1,0.9992707371711731,1
9375,1,0.79962557554245,1
9376,1,0.9996980428695679,1
9377,0,0.0007674485677853227,0
9378,0,0.08142475038766861,0
9379,0,0.008204651065170765,0
9380,0,3.245957941544475e-06,0
9381,1,0.9997633099555969,1
9382,1,0.9864675402641296,1
9383,1,0.9998822212219238,1
9384,1,0.9997426867485046,1
9385,1,0.8043524622917175,1
9386,0,0.0006528964731842279,0
9387,1,0.999182403087616,1
9388,0,0.08877073228359222,0
9389,0,0.03612281382083893,0
9390,0,0.00019672623602673411,0
9391,0,0.05971773713827133,0
9392,0,0.0007298137643374503,0
9393,0,0.00015585063374601305,0
9394,0,0.06959832459688187,0
9395,1,0.9941456317901611,1
9396,1,0.09163428097963333,0
9397,1,0.9995710253715515,1
9398,1,0.9999933242797852,1
9399,0,0.000774445419665426,0
9400,0,0.00017864191613625735,0
9401,1,0.9994093179702759,1
9402,1,0.9999990463256836,1
9403,1,0.9959326386451721,1
9404,0,0.0005210814415477216,0
9405,0,0.003249257570132613,0
9406,1,0.975166916847229,1
9407,1,0.9993293285369873,1
9408,1,0.9889118671417236,1
9409,0,5.487577072926797e-05,0
9410,1,0.5956062078475952,1
9411,0,0.0007935718167573214,0
9412,1,0.9880660772323608,1
9413,1,0.9999948740005493,1
9414,1,0.9999964237213135,1
9415,1,0.9999520778656006,1
9416,0,0.003331031883135438,0
9417,1,0.9986969828605652,1
9418,0,0.0005823341780342162,0
9419,0,0.002184285083785653,0
9420,1,0.9298532605171204,1
9421,1,0.9999954700469971,1
9422,0,0.12556959688663483,0
9423,0,0.00043532231939025223,0
9424,1,0.9991018772125244,1
9425,0,0.0005811905139125884,0
9426,1,0.9856471419334412,1
9427,0,0.00020086410222575068,0
9428,0,5.5471467931056395e-05,0
9429,0,0.03024090640246868,0
9430,1,0.9999982118606567,1
9431,1,0.9628452062606812,1
9432,0,0.003992018755525351,0
9433,0,0.0016174359479919076,0
9434,0,6.092635521781631e-05,0
9435,1,0.9988835453987122,1
9436,0,0.006881906650960445,0
9437,1,0.4974493682384491,0
9438,0,0.004781346768140793,0
9439,0,3.5913913052354474e-06,0
9440,0,0.0023557529784739017,0
9441,1,0.9993348717689514,1
9442,1,0.9999982118606567,1
9443,1,0.10297100991010666,0
9444,0,0.7035457491874695,1
9445,0,0.47598618268966675,0
9446,0,0.0005260376492515206,0
9447,1,0.9980736970901489,1
9448,0,0.0029950763564556837,0
9449,1,0.998506486415863,1
9450,1,0.2910831868648529,0
9451,1,0.9854698181152344,1
9452,1,0.9980818033218384,1
9453,1,0.9940798282623291,1
9454,1,0.31113898754119873,0
9455,1,0.872298538684845,1
9456,1,0.9991503953933716,1
9457,1,0.9031988382339478,1
9458,0,0.3016112446784973,0
9459,1,0.9939544796943665,1
9460,1,0.9940534234046936,1
9461,0,0.03953865170478821,0
9462,0,0.0005764790694229305,0
9463,1,0.8255172371864319,1
9464,1,0.9576705694198608,1
9465,1,0.9903166890144348,1
9466,1,0.9909878373146057,1
9467,1,0.999967098236084,1
9468,0,1.9192041236237856e-06,0
9469,0,0.014746407978236675,0
9470,0,3.766922964132391e-05,0
9471,1,0.9999631643295288,1
9472,1,0.0067860740236938,0
9473,0,0.005069912876933813,0
9474,0,4.0902574255596846e-05,0
9475,0,0.004670934285968542,0
9476,0,5.527081884793006e-05,0
9477,0,0.28029143810272217,0
9478,0,0.06396976858377457,0
9479,0,0.006974612828344107,0
9480,1,0.9999489784240723,1
9481,0,0.01625286415219307,0
9482,0,1.3745936485065613e-05,0
9483,1,0.9997240900993347,1
9484,1,0.999975323677063,1
9485,1,0.9979107975959778,1
9486,1,0.9033169746398926,1
9487,0,0.06431134790182114,0
9488,1,0.8768852353096008,1
9489,0,0.09140188246965408,0
9490,1,0.993024468421936,1
9491,0,3.984674094681395e-06,0
9492,0,0.0018751606112346053,0
9493,0,0.00014780773199163377,0
9494,0,0.002526923082768917,0
9495,0,0.007247758563607931,0
9496,1,0.8357904553413391,1
9497,1,0.9920250177383423,1
9498,1,0.9995619654655457,1
9499,1,0.9987021684646606,1
9500,0,0.0005598392453975976,0
9501,0,0.016538605093955994,0
9502,0,0.03964601829648018,0
9503,0,0.003055719891563058,0
9504,1,0.5727601051330566,1
9505,1,0.9999963045120239,1
9506,0,3.383399189260672e-06,0
9507,1,0.9996851682662964,1
9508,0,0.00026724269264377654,0
9509,1,0.999977707862854,1
9510,0,0.04613054171204567,0
9511,1,0.9891626834869385,1
9512,0,0.0054723178036510944,0
9513,1,0.9895920753479004,1
9514,1,0.9999595880508423,1
9515,1,0.9999866485595703,1
9516,0,2.607234455354046e-05,0
9517,0,3.1906685762805864e-05,0
9518,1,0.8997858166694641,1
9519,0,0.015362715348601341,0
9520,1,0.9757738709449768,1
9521,0,0.04352511465549469,0
9522,0,0.3328000605106354,0
9523,0,0.0005527612520381808,0
9524,0,0.0001508402929175645,0
9525,0,0.00038979316013865173,0
9526,1,0.9968379735946655,1
9527,1,0.9999995231628418,1
9528,1,0.9999151229858398,1
9529,1,0.9999715089797974,1
9530,0,0.008259824477136135,0
9531,1,0.9946962594985962,1
9532,1,0.9993578791618347,1
9533,1,0.6454684138298035,1
9534,1,0.9985061287879944,1
9535,0,0.18708425760269165,0
9536,1,0.9803189635276794,1
9537,1,0.9905164837837219,1
9538,0,7.881187048042193e-05,0
9539,0,0.0006369289476424456,0
9540,1,0.9999942779541016,1
9541,1,0.9898461103439331,1
9542,1,0.27813294529914856,0
9543,0,0.000767139601521194,0
9544,0,0.28478705883026123,0
9545,1,0.1694425642490387,0
9546,1,0.9999984502792358,1
9547,1,0.9734733700752258,1
9548,1,0.9864704012870789,1
9549,1,0.957642138004303,1
9550,1,0.9998161196708679,1
9551,0,0.023173920810222626,0
9552,0,0.5060140490531921,1
9553,0,0.0008013551705516875,0
9554,0,0.0012417667312547565,0
9555,1,0.9977983832359314,1
9556,0,0.10924986749887466,0
9557,1,0.8734071254730225,1
9558,0,5.222048639552668e-05,0
9559,0,0.009437056258320808,0
9560,1,0.9980954527854919,1
9561,1,0.9953102469444275,1
9562,0,0.02302420325577259,0
9563,0,0.0001439398474758491,0
9564,1,0.9983763694763184,1
9565,0,0.0009269578149542212,0
9566,1,0.9993534684181213,1
9567,1,0.9997647404670715,1
9568,0,0.00015068058564793319,0
9569,1,0.03828117996454239,0
9570,0,0.00011688534141285345,0
9571,0,0.6043060421943665,1
9572,1,0.9900824427604675,1
9573,1,0.9885594248771667,1
9574,1,0.9999167919158936,1
9575,1,0.9997643828392029,1
9576,0,0.010783152654767036,0
9577,1,0.9259080290794373,1
9578,0,0.0016865989891812205,0
9579,0,5.7963774452218786e-05,0
9580,1,0.9928344488143921,1
9581,0,0.1742306798696518,0
9582,1,0.9999388456344604,1
9583,1,0.999994158744812,1
9584,1,0.9845427870750427,1
9585,0,0.010183111764490604,0
9586,0,0.3989568054676056,0
9587,1,0.9999997615814209,1
9588,0,0.0005993710365146399,0
9589,0,0.00047478030319325626,0
9590,0,0.003033093409612775,0
9591,1,0.8176404237747192,1
9592,0,0.0017053408082574606,0
9593,0,7.561181701021269e-05,0
9594,1,0.9999334812164307,1
9595,1,0.9999977350234985,1
9596,0,0.012253734283149242,0
9597,0,1.3503718037100043e-05,0
9598,0,0.011434013023972511,0
9599,0,0.01187052484601736,0
9600,1,0.9947086572647095,1
9601,1,0.9998412132263184,1
9602,1,0.8517298698425293,1
9603,0,0.05871252715587616,0
9604,1,0.9984540939331055,1
9605,1,0.9999167919158936,1
9606,0,0.031078431755304337,0
9607,1,0.9999878406524658,1
9608,0,0.00011827606795122847,0
9609,0,0.5546607971191406,1
9610,0,1.984316622838378e-05,0
9611,0,0.0006535364664159715,0
9612,1,0.3660227656364441,0
9613,0,0.015374152921140194,0
9614,0,0.013605225831270218,0
9615,0,2.818396467318962e-07,0
9616,0,0.028245456516742706,0
9617,0,0.0005677016451954842,0
9618,1,0.99886155128479,1
9619,1,0.9989012479782104,1
9620,1,0.9999858140945435,1
9621,1,0.2116808295249939,0
9622,0,2.8910690161865205e-05,0
9623,1,0.999920129776001,1
9624,1,0.9988752007484436,1
9625,1,0.99949049949646,1
9626,0,0.010213074274361134,0
9627,1,0.9982848763465881,1
9628,0,0.2633337676525116,0
9629,0,3.319465758977458e-05,0
9630,1,0.9999905824661255,1
9631,0,0.00011760376946767792,0
9632,1,0.9999901056289673,1
9633,1,0.9520073533058167,1
9634,0,4.652796269510873e-05,0
9635,1,0.9999963045120239,1
9636,0,0.037937138229608536,0
9637,0,0.0030517815612256527,0
9638,1,0.965164303779602,1
9639,1,0.9997519850730896,1
9640,1,0.999994158744812,1
9641,1,0.2299022227525711,0
9642,1,0.9994194507598877,1
9643,1,0.9999443292617798,1
9644,1,0.9951645135879517,1
9645,0,0.016359031200408936,0
9646,0,0.03264458477497101,0
9647,1,0.9999748468399048,1
9648,0,0.004166406579315662,0
9649,1,0.9999130964279175,1
9650,0,0.00044629452168010175,0
9651,0,0.0035950406454503536,0
9652,1,0.9999774694442749,1
9653,1,0.9759101867675781,1
9654,0,0.008234921842813492,0
9655,0,0.0018241031793877482,0
9656,0,0.011876505799591541,0
9657,0,0.009016473777592182,0
9658,1,0.9827437400817871,1
9659,1,0.7216359376907349,1
9660,1,0.9999760389328003,1
9661,0,0.001381078502163291,0
9662,1,0.9996601343154907,1
9663,1,0.999056875705719,1
9664,0,0.00036920804996043444,0
9665,1,0.9999855756759644,1
9666,1,0.9170708060264587,1
9667,0,8.693926361047488e-07,0
9668,1,0.9999665021896362,1
9669,0,0.022949950769543648,0
9670,0,0.40175747871398926,0
9671,0,0.10915064811706543,0
9672,1,0.609921932220459,1
9673,1,0.5122427344322205,1
9674,1,0.31750956177711487,0
9675,1,0.9887526631355286,1
9676,0,0.011809379793703556,0
9677,0,0.4136996269226074,0
9678,1,0.999984622001648,1
9679,1,0.9997633099555969,1
9680,0,0.1227043867111206,0
9681,1,0.9999492168426514,1
9682,1,0.9961994290351868,1
9683,1,0.9943069815635681,1
9684,1,0.9999992847442627,1
9685,0,0.016381528228521347,0
9686,1,0.9998295307159424,1
9687,1,0.9957982897758484,1
9688,1,0.9999934434890747,1
9689,1,0.9996190071105957,1
9690,1,0.9997382760047913,1
9691,1,0.9999967813491821,1
9692,1,0.994469165802002,1
9693,0,0.009957295842468739,0
9694,1,0.9994064569473267,1
9695,0,0.009656139649450779,0
9696,1,0.9999932050704956,1
9697,1,0.9996433258056641,1
9698,0,0.14108015596866608,0
9699,1,0.7830840945243835,1
9700,1,0.999384880065918,1
9701,1,0.999914288520813,1
9702,0,0.07543772459030151,0
9703,1,0.8452281355857849,1
9704,0,0.012726523913443089,0
9705,0,0.002066308632493019,0
9706,0,0.08002486824989319,0
9707,0,0.0010404899949207902,0
9708,0,0.006905858870595694,0
9709,1,0.9985769987106323,1
9710,0,5.077076252746338e-07,0
9711,1,0.9994409680366516,1
9712,0,0.011924720369279385,0
9713,1,0.9979252815246582,1
9714,0,8.913862257031724e-05,0
9715,0,0.06425480544567108,0
9716,0,0.0001323931064689532,0
9717,1,0.8685498237609863,1
9718,0,0.00016150390729308128,0
9719,1,0.9910737872123718,1
9720,1,0.9999175071716309,1
9721,1,0.9232958555221558,1
9722,1,0.9999450445175171,1
9723,1,0.986466109752655,1
9724,1,0.9994165897369385,1
9725,1,0.999904990196228,1
9726,0,1.0428041605337057e-05,0
9727,0,0.012889440171420574,0
9728,0,3.531941547407769e-05,0
9729,0,0.00017801736248657107,0
9730,0,9.011739894049242e-05,0
9731,1,0.9999178647994995,1
9732,0,0.09044769406318665,0
9733,1,0.17098335921764374,0
9734,1,0.9994983673095703,1
9735,1,0.9998495578765869,1
9736,1,0.999962568283081,1
9737,0,0.04443831369280815,0
9738,1,0.9999688863754272,1
9739,1,0.9999096393585205,1
9740,1,0.9996187686920166,1
9741,1,0.9761941432952881,1
9742,0,0.00013960331853013486,0
9743,0,0.4630691111087799,0
9744,1,0.984148383140564,1
9745,1,0.9998816251754761,1
9746,0,0.7393181324005127,1
9747,1,0.9999991655349731,1
9748,1,0.9513717293739319,1
9749,1,0.9994621872901917,1
9750,0,0.7748754620552063,1
9751,0,4.0703969716560096e-05,0
9752,1,0.9999876022338867,1
9753,1,0.5094069242477417,1
9754,0,0.0033277440816164017,0
9755,0,8.497213275404647e-05,0
9756,1,0.9999990463256836,1
9757,1,0.7520512342453003,1
9758,0,7.169428135966882e-05,0
9759,0,0.0363006554543972,0
9760,1,0.9977892637252808,1
9761,0,0.0385504849255085,0
9762,1,0.9844930171966553,1
9763,1,0.9999949932098389,1
9764,0,0.15014323592185974,0
9765,1,0.9531996846199036,1
9766,1,0.9772602915763855,1
9767,0,0.03672710806131363,0
9768,1,0.9622450470924377,1
9769,0,0.014069359749555588,0
9770,1,0.9999903440475464,1
9771,1,0.9843757748603821,1
9772,0,0.10788382589817047,0
9773,0,0.007899914868175983,0
9774,1,0.9887447357177734,1
9775,1,0.999903678894043,1
9776,1,0.9999982118606567,1
9777,1,0.9945977926254272,1
9778,1,0.9999998807907104,1
9779,0,0.008044073358178139,0
9780,1,0.7243810892105103,1
9781,1,0.6767468452453613,1
9782,0,0.0004451038548722863,0
9783,0,0.0009535449207760394,0
9784,0,0.000390026398235932,0
9785,0,2.3098356905393302e-05,0
9786,0,3.849811037071049e-06,0
9787,1,0.9906444549560547,1
9788,1,0.999998927116394,1
9789,1,0.36296069622039795,0
9790,1,0.9853611588478088,1
9791,1,0.2364819496870041,0
9792,1,0.9999138116836548,1
9793,0,0.000795950589235872,0
9794,1,0.9833981990814209,1
9795,0,0.32890069484710693,0
9796,1,0.9998960494995117,1
9797,0,0.03837006539106369,0
9798,0,0.004880107473582029,0
9799,0,0.005988238379359245,0
9800,1,0.9990257024765015,1
9801,1,0.9999998807907104,1
9802,1,0.42928558588027954,0
9803,0,0.018929341807961464,0
9804,0,0.43581458926200867,0
9805,0,0.03794723376631737,0
9806,0,0.008487144485116005,0
9807,1,0.9998137354850769,1
9808,0,0.0328437015414238,0
9809,1,0.9293947219848633,1
9810,0,0.00010764817125163972,0
9811,0,0.018987862393260002,0
9812,0,0.0006658732891082764,0
9813,1,0.883140504360199,1
9814,1,0.999476969242096,1
9815,1,0.9999488592147827,1
9816,0,0.0481138676404953,0
9817,1,0.9981057643890381,1
9818,1,0.9995867609977722,1
9819,0,0.004877771250903606,0
9820,0,0.0003660953661892563,0
9821,0,0.0003781181003432721,0
9822,1,0.9887000918388367,1
9823,0,0.0007003696518950164,0
9824,1,0.9970767498016357,1
9825,0,0.0008325890521518886,0
9826,1,0.9534000754356384,1
9827,1,0.9917789101600647,1
9828,1,0.9999967813491821,1
9829,0,0.022821146994829178,0
9830,0,0.09193428605794907,0
9831,1,0.9994383454322815,1
9832,1,0.9983277916908264,1
9833,0,0.00039028431638143957,0
9834,0,0.6008457541465759,1
9835,1,0.9898853302001953,1
9836,0,0.006461766082793474,0
9837,1,0.6439701914787292,1
9838,1,0.9978134632110596,1
9839,0,0.0001451833377359435,0
9840,1,0.9999784231185913,1
9841,1,0.5452466011047363,1
9842,0,0.002550397999584675,0
9843,1,0.9751551151275635,1
9844,1,0.9995809197425842,1
9845,0,0.033395297825336456,0
9846,1,0.9999467134475708,1
9847,0,0.009304499253630638,0
9848,0,3.565495717339218e-05,0
9849,1,0.9859684705734253,1
9850,0,0.0023364205844700336,0
9851,1,0.9955534338951111,1
9852,0,0.00023070041788741946,0
9853,0,0.2897021472454071,0
9854,0,0.0002249272511107847,0
9855,0,0.11724811047315598,0
9856,1,0.9996379613876343,1
9857,0,0.0001460813800804317,0
9858,1,0.5462421774864197,1
9859,0,0.002803465351462364,0
9860,0,0.1692962646484375,0
9861,1,0.9994369149208069,1
9862,1,0.19186437129974365,0
9863,1,0.9803000688552856,1
9864,0,7.5143116191611625e-06,0
9865,1,0.8591632843017578,1
9866,0,0.0066721318289637566,0
9867,1,0.8238515257835388,1
9868,1,0.9999903440475464,1
9869,0,0.0031861234456300735,0
9870,0,0.0006659583887085319,0
9871,1,0.9990370273590088,1
9872,0,0.0002052140043815598,0
9873,1,0.8223214745521545,1
9874,0,1.4721353181812447e-05,0
9875,1,0.9973574280738831,1
9876,1,0.998262345790863,1
9877,1,0.9999839067459106,1
9878,0,0.006912736222147942,0
9879,0,0.0004598383966367692,0
9880,0,0.3091485798358917,0
9881,1,0.9999130964279175,1
9882,1,0.9999685287475586,1
9883,0,0.07440517842769623,0
9884,1,0.9999762773513794,1
9885,0,0.0012168027460575104,0
9886,0,0.0014028750592842698,0
9887,0,5.32477088199812e-07,0
9888,1,0.936048686504364,1
9889,0,0.00011195501429028809,0
9890,1,0.9998898506164551,1
9891,0,0.15789686143398285,0
9892,0,0.003168919123709202,0
9893,1,0.9995394945144653,1
9894,0,1.3058506738161668e-06,0
9895,1,0.6057441830635071,1
9896,1,0.9999943971633911,1
9897,0,0.002761031035333872,0
9898,0,0.013646748848259449,0
9899,1,0.9961672425270081,1
9900,1,0.9990366697311401,1
9901,0,0.004885537549853325,0
9902,1,0.9998524188995361,1
9903,0,7.077846021275036e-06,0
9904,0,0.006222852505743504,0
9905,1,0.9999954700469971,1
9906,1,0.9998040795326233,1
9907,1,0.9842604994773865,1
9908,1,0.9925761222839355,1
9909,0,0.0005977354594506323,0
9910,1,0.9928741455078125,1
9911,0,0.014370349235832691,0
9912,0,0.8709400296211243,1
9913,0,0.2549566924571991,0
9914,0,0.8696022629737854,1
9915,0,0.002899561310186982,0
9916,1,0.9999839067459106,1
9917,0,0.0111450906842947,0
9918,1,0.9936209321022034,1
9919,1,0.9986633062362671,1
9920,1,0.9997504353523254,1
9921,1,0.9999990463256836,1
9922,1,0.9938404560089111,1
9923,0,1.4173429008224048e-05,0
9924,1,0.9992383718490601,1
9925,1,0.25647619366645813,0
9926,1,0.9601015448570251,1
9927,0,0.026410844177007675,0
9928,0,0.0027831830084323883,0
9929,1,1.0,1
9930,1,0.9999996423721313,1
9931,1,0.9989100694656372,1
9932,1,0.9995717406272888,1
9933,1,0.9998611211776733,1
9934,1,0.9999418258666992,1
9935,0,0.04359612613916397,0
9936,1,0.7745222449302673,1
9937,0,0.00027280926587991416,0
9938,1,0.9991414546966553,1
9939,0,2.0952966224285774e-06,0
9940,1,0.9942854046821594,1
9941,0,5.861841145815561e-07,0
9942,0,0.011598771438002586,0
9943,1,0.9927946925163269,1
9944,0,0.0025144980754703283,0
9945,1,0.3443819284439087,0
9946,0,0.0002060504339169711,0
9947,0,0.0038590789772570133,0
9948,0,0.1092078760266304,0
9949,0,0.3456672728061676,0
9950,1,0.9483895301818848,1
9951,0,0.029644301161170006,0
9952,0,0.0006963149644434452,0
9953,1,0.9989664554595947,1
9954,1,0.9957141280174255,1
9955,0,6.016062252456322e-05,0
9956,0,0.04146753251552582,0
9957,0,1.7536992800160078e-06,0
9958,0,0.013709734193980694,0
9959,0,0.8179123997688293,1
9960,0,0.012808547355234623,0
9961,0,0.0019002108601853251,0
9962,1,0.2634061574935913,0
9963,0,3.3714775781845674e-05,0
9964,0,0.0003086115757469088,0
9965,1,0.2042112499475479,0
9966,0,0.0030626466032117605,0
9967,0,0.0030183210037648678,0
9968,1,0.01129128411412239,0
9969,0,0.03691539913415909,0
9970,1,0.9999428987503052,1
9971,0,3.471599848126061e-05,0
9972,0,0.018851498141884804,0
9973,1,0.9989702701568604,1
9974,0,0.000718443188816309,0
9975,0,0.01610199734568596,0
9976,0,0.0032933612819761038,0
9977,0,0.09540850669145584,0
9978,0,0.016334442421793938,0
9979,0,0.05996115505695343,0
9980,0,0.00027750051231123507,0
9981,0,0.009481686167418957,0
9982,0,8.651160169392824e-05,0
9983,0,0.005125236231833696,0
9984,1,0.9851701855659485,1
9985,0,0.19803787767887115,0
9986,0,0.0005255740834400058,0
9987,0,0.07493989169597626,0
9988,0,0.00015331440954469144,0
9989,1,0.9999912977218628,1
9990,0,0.0060096741653978825,0
9991,0,0.3523697555065155,0
9992,1,0.9495164155960083,1
9993,0,8.10104247648269e-05,0
9994,0,0.11124908179044724,0
9995,0,0.0010629005264490843,0
9996,1,0.9997971653938293,1
9997,1,0.9958105087280273,1
9998,1,0.9720978140830994,1
9999,0,0.018847903236746788,0
10000,1,0.9723552465438843,1
10001,0,0.0003595273301471025,0
10002,0,0.2594933807849884,0
10003,1,0.9947469830513,1
10004,0,0.00035838386975228786,0
10005,0,0.3048809766769409,0
10006,0,0.171937957406044,0
10007,0,0.001167216571047902,0
10008,1,0.726656973361969,1
10009,0,0.00022299325792118907,0
10010,0,1.36690323415678e-05,0
10011,1,0.9999675750732422,1
10012,1,0.9999996423721313,1
10013,1,0.9990224838256836,1
10014,0,0.0011272667907178402,0
10015,0,0.06420477479696274,0
10016,0,0.05421121045947075,0
10017,1,0.999975323677063,1
10018,1,0.6211134195327759,1
10019,0,0.0007988254074007273,0
10020,1,0.6842336058616638,1
10021,0,0.00027956385747529566,0
10022,1,0.9524117112159729,1
10023,1,0.9999184608459473,1
10024,0,0.000703057274222374,0
10025,1,0.5107303261756897,1
10026,0,0.0027429915498942137,0
10027,0,0.00019244334544055164,0
10028,1,0.9529570937156677,1
10029,0,3.8826158288429724e-07,0
10030,1,0.9986093044281006,1
10031,1,0.9997430443763733,1
10032,0,0.05353185534477234,0
10033,0,0.008201261050999165,0
10034,1,0.9955529570579529,1
10035,0,4.770191026182147e-06,0
10036,1,0.2039112150669098,0
10037,1,0.9998193383216858,1
10038,0,1.1329308335916721e-06,0
10039,0,0.0010770224034786224,0
10040,0,0.0006940060993656516,0
10041,1,0.8851335644721985,1
10042,0,2.153247442038264e-05,0
10043,0,0.004558235872536898,0
10044,0,0.004739388823509216,0
10045,0,0.001048845937475562,0
10046,0,0.05920272320508957,0
10047,1,0.9329030513763428,1
10048,0,0.07764118164777756,0
10049,0,0.7983206510543823,1
10050,1,0.9994561076164246,1
10051,1,0.9999895095825195,1
10052,1,0.9617254734039307,1
10053,1,0.9988440275192261,1
10054,0,1.0401635108792107e-06,0
10055,1,0.9973112344741821,1
10056,0,0.05737289786338806,0
10057,1,0.8125975728034973,1
10058,0,0.023566097021102905,0
10059,1,0.6446723341941833,1
10060,1,0.985757052898407,1
10061,0,0.009202471934258938,0
10062,1,0.9971278309822083,1
10063,0,0.0005507872556336224,0
10064,0,0.017848756164312363,0
10065,0,0.00270475703291595,0
10066,0,0.281299889087677,0
10067,0,0.7529939413070679,1
10068,1,0.9558190107345581,1
10069,1,0.37889963388442993,0
10070,1,0.9985248446464539,1
10071,1,0.9988823533058167,1
10072,0,0.001121440902352333,0
10073,0,0.1675700843334198,0
10074,0,0.019043834879994392,0
10075,1,0.9950096607208252,1
10076,1,0.9487690329551697,1
10077,0,0.007757166400551796,0
10078,0,0.027830377221107483,0
10079,1,0.4200434982776642,0
10080,0,0.027806298807263374,0
10081,1,0.9997492432594299,1
10082,1,0.9893912076950073,1
10083,1,0.6041891574859619,1
10084,1,0.9986659288406372,1
10085,1,0.7918319702148438,1
10086,1,0.9083579778671265,1
10087,1,0.995919406414032,1
10088,1,0.7673431634902954,1
10089,0,0.00011010196612915024,0
10090,0,0.060759060084819794,0
10091,1,0.9999939203262329,1
10092,0,0.6939477324485779,1
10093,0,0.014066114090383053,0
10094,0,0.20781201124191284,0
10095,0,0.007438885513693094,0
10096,0,0.0687408298254013,0
10097,0,0.2748729884624481,0
10098,1,0.9992544054985046,1
10099,1,0.4589133858680725,0
10100,1,0.8124582767486572,1
10101,0,0.031745363026857376,0
10102,0,0.12818831205368042,0
10103,1,0.9967857599258423,1
10104,0,0.08825615048408508,0
10105,0,0.04188770055770874,0
10106,1,0.9999947547912598,1
10107,0,1.40794763865415e-05,0
10108,1,0.9999644756317139,1
10109,1,0.5987531542778015,1
10110,0,1.294457945277827e-07,0
10111,1,0.9984380602836609,1
10112,0,0.000261349487118423,0
10113,1,0.9993478655815125,1
10114,0,0.006775348447263241,0
10115,1,0.7905133366584778,1
10116,0,0.0008390832808800042,0
10117,0,0.005933723412454128,0
10118,1,0.9999468326568604,1
10119,0,0.00451323576271534,0
10120,1,0.9999561309814453,1
10121,0,0.0002989939821418375,0
10122,1,0.9996817111968994,1
10123,1,0.9936692118644714,1
10124,1,0.24643760919570923,0
10125,0,0.9803157448768616,1
10126,1,0.9995649456977844,1
10127,1,0.2280750423669815,0
10128,1,0.3634076714515686,0
10129,1,0.9419901371002197,1
10130,1,0.9790032505989075,1
10131,0,0.7271167039871216,1
10132,0,5.838514880451839e-06,0
10133,1,0.9999240636825562,1
10134,0,0.018008049577474594,0
10135,1,0.9998487234115601,1
10136,0,0.0008518967078998685,0
10137,0,0.010807554237544537,0
10138,1,0.9999961853027344,1
10139,0,0.007901267148554325,0
10140,0,0.06926443427801132,0
10141,1,0.9946527481079102,1
10142,0,1.5200387679215055e-05,0
10143,0,0.00046888040378689766,0
10144,0,0.018353484570980072,0
10145,1,0.9999105930328369,1
10146,0,0.010237135924398899,0
10147,0,0.00043070243555121124,0
10148,1,0.9506385922431946,1
10149,0,0.0009659757488407195,0
10150,1,0.9999799728393555,1
10151,1,0.9776860475540161,1
10152,0,0.7611812353134155,1
10153,0,0.0034486595541238785,0
10154,0,0.03797231614589691,0
10155,0,0.23413078486919403,0
10156,1,0.6031288504600525,1
10157,0,0.009150044061243534,0
10158,1,0.9999995231628418,1
10159,1,0.9995495676994324,1
10160,1,0.9999966621398926,1
10161,0,0.6982254385948181,1
10162,1,0.9994450211524963,1
10163,1,0.974801778793335,1
10164,1,0.6270790100097656,1
10165,0,0.00040946443914435804,0
10166,1,0.9999998807907104,1
10167,0,0.010022291913628578,0
10168,1,0.999110758304596,1
10169,1,0.9999369382858276,1
10170,1,0.9365320205688477,1
10171,1,0.998638927936554,1
10172,0,1.4883698895573616e-06,0
10173,1,0.9998243451118469,1
10174,1,0.9957885146141052,1
10175,0,0.0004631630436051637,0
10176,1,0.9973493814468384,1
10177,0,0.022193316370248795,0
10178,0,0.00010348538489779457,0
10179,0,0.11683761328458786,0
10180,1,0.007089953403919935,0
10181,1,0.9904254078865051,1
10182,0,0.014528026804327965,0
10183,1,0.9985811710357666,1
10184,1,0.99993896484375,1
10185,0,0.012804519385099411,0
10186,1,0.9991075396537781,1
10187,1,0.9763906002044678,1
10188,1,0.9999912977218628,1
10189,0,0.026957225054502487,0
10190,1,0.9999508857727051,1
10191,0,0.0009867149638012052,0
10192,0,7.202970664366148e-07,0
10193,1,0.8488756418228149,1
10194,0,0.0006609188276343048,0
10195,1,0.9812934994697571,1
10196,1,0.9999978542327881,1
10197,0,0.0004897212493233383,0
10198,0,0.005123748444020748,0
10199,1,0.9999804496765137,1
10200,1,0.9999275207519531,1
10201,0,0.031397439539432526,0
10202,0,0.00021857004321645945,0
10203,0,0.0023337455932050943,0
10204,1,0.04379093274474144,0
10205,1,0.9999115467071533,1
10206,0,0.002643369371071458,0
10207,1,0.987550675868988,1
10208,0,0.001793600618839264,0
10209,0,0.006417106371372938,0
10210,1,0.9999992847442627,1
10211,1,0.9830130934715271,1
10212,0,1.1927692185054184e-06,0
10213,1,0.9992563128471375,1
10214,0,0.014928975142538548,0
10215,1,0.999847412109375,1
10216,1,0.9699307680130005,1
10217,0,0.03358468413352966,0
10218,0,0.00036394482594914734,0
10219,0,3.6772598832612857e-06,0
10220,0,0.002044921973720193,0
10221,0,0.004947697278112173,0
10222,0,0.04839804023504257,0
10223,0,0.00038640250568278134,0
10224,0,0.2779679596424103,0
10225,0,0.001393330399878323,0
10226,1,0.9985615611076355,1
10227,1,0.9995917677879333,1
10228,0,0.0008995715179480612,0
10229,0,0.6659923791885376,1
10230,1,0.9988207221031189,1
10231,1,0.9759449362754822,1
10232,0,0.010077288374304771,0
10233,0,0.0008744735387153924,0
10234,1,0.7575393319129944,1
10235,0,0.08460652083158493,0
10236,1,0.6858458518981934,1
10237,0,0.000371267378795892,0
10238,1,0.8217864632606506,1
10239,1,0.9999607801437378,1
10240,1,0.8128536343574524,1
10241,1,0.9996631145477295,1
10242,0,0.0013591548195108771,0
10243,0,0.2272201031446457,0
10244,1,0.9996479749679565,1
10245,0,0.026346294209361076,0
10246,1,0.985248863697052,1
10247,0,0.4126567244529724,0
10248,0,0.021572884172201157,0
10249,1,0.9999797344207764,1
10250,1,0.949296236038208,1
10251,0,0.0004848188254982233,0
10252,0,0.06802060455083847,0
10253,0,0.0001688377815298736,0
10254,0,0.2428571879863739,0
10255,0,4.583378540701233e-05,0
10256,0,0.038273490965366364,0
10257,1,0.9997467398643494,1
10258,0,0.04529767483472824,0
10259,1,0.9967398047447205,1
10260,0,0.0029192427173256874,0
10261,0,0.00034858760773204267,0
10262,0,0.0010631572222337127,0
10263,0,0.00041497760685160756,0
10264,1,0.9971616268157959,1
10265,0,0.038859546184539795,0
10266,1,0.9999697208404541,1
10267,1,0.9994220733642578,1
10268,0,0.003998610191047192,0
10269,0,0.019180312752723694,0
10270,1,0.8901577591896057,1
10271,0,1.2422283361956943e-05,0
10272,1,0.9516145586967468,1
10273,1,0.9997410178184509,1
10274,0,0.009537793695926666,0
10275,1,0.9983518123626709,1
10276,1,0.9924535155296326,1
10277,0,1.2488039828895126e-05,0
10278,0,0.00013539484643843025,0
10279,0,0.1234598383307457,0
10280,0,0.0014129456831142306,0
10281,1,0.03414129465818405,0
10282,0,0.034965917468070984,0
10283,0,0.022329313680529594,0
10284,1,0.9889383316040039,1
10285,0,2.0308416424086317e-05,0
10286,0,0.07321098446846008,0
10287,0,0.1833408772945404,0
10288,0,0.009515921585261822,0
10289,1,0.9998819828033447,1
10290,0,0.0005451890756376088,0
10291,1,0.3385203778743744,0
10292,0,0.0017125458689406514,0
10293,1,0.9802390933036804,1
10294,0,0.27012503147125244,0
10295,0,6.132927228463814e-05,0
10296,1,0.9996452331542969,1
10297,0,0.007861440069973469,0
10298,1,0.9999645948410034,1
10299,1,0.999267041683197,1
10300,0,0.003197283251211047,0
10301,1,0.9999319314956665,1
10302,1,0.9977254271507263,1
10303,0,0.0018886008765548468,0
10304,0,0.0011112409410998225,0
10305,0,1.4228264262783341e-05,0
10306,0,0.00012090578093193471,0
10307,1,0.9954249262809753,1
10308,1,0.9977306723594666,1
10309,1,0.9661017060279846,1
10310,1,0.9999542236328125,1
10311,0,0.00034203080576844513,0
10312,0,0.0001243744627572596,0
10313,0,0.0024830561596900225,0
10314,0,0.6408476233482361,1
10315,0,4.562273261399241e-07,0
10316,0,0.1650894284248352,0
10317,1,0.9997078776359558,1
10318,1,0.7606232166290283,1
10319,0,0.014814024791121483,0
10320,1,0.9999518394470215,1
10321,0,0.16259734332561493,0
10322,0,3.2114483474288136e-05,0
10323,0,0.07164130359888077,0
10324,1,0.9961633682250977,1
10325,1,0.9960380792617798,1
10326,0,0.013278883881866932,0
10327,0,0.00048265853547491133,0
10328,1,0.999936580657959,1
10329,1,0.79612797498703,1
10330,1,0.9738458395004272,1
10331,1,0.9781288504600525,1
10332,0,1.925088872667402e-05,0
10333,0,3.262803511461243e-05,0
10334,0,0.0004450049891602248,0
10335,0,9.820020932238549e-05,0
10336,0,0.004626130685210228,0
10337,1,0.6180897355079651,1
10338,1,0.9999977350234985,1
10339,1,0.9998921155929565,1
10340,1,0.9999860525131226,1
10341,1,0.9993467926979065,1
10342,1,0.3424241542816162,0
10343,0,1.4195844414643943e-05,0
10344,1,0.9979088306427002,1
10345,0,4.4220978452358395e-05,0
10346,1,0.7741257548332214,1
10347,0,1.8895589164458215e-05,0
10348,0,0.0005918654496781528,0
10349,1,0.9999154806137085,1
10350,0,0.0655563697218895,0
10351,0,0.0052957371808588505,0
10352,1,0.9998513460159302,1
10353,0,0.035772405564785004,0
10354,1,0.9848884344100952,1
10355,0,0.016552967950701714,0
10356,0,4.2983785533579066e-05,0
10357,0,0.003850744105875492,0
10358,0,0.08604647219181061,0
10359,1,0.9980514049530029,1
10360,0,0.00011732744314940646,0
10361,1,0.9630741477012634,1
10362,1,0.9980208873748779,1
10363,1,0.9877040386199951,1
10364,1,0.9994990825653076,1
10365,1,0.9991570711135864,1
10366,1,0.9999531507492065,1
10367,0,0.005934218876063824,0
10368,0,0.36242055892944336,0
10369,1,0.9992352724075317,1
10370,1,0.9998849630355835,1
10371,1,0.8634145855903625,1
10372,0,0.03097894974052906,0
10373,1,0.9620948433876038,1
10374,0,2.335463068448007e-05,0
10375,0,6.711400055792183e-05,0
10376,0,0.5872046947479248,1
10377,0,3.611478678067215e-05,0
10378,0,0.00016656459774821997,0
10379,0,0.010886434465646744,0
10380,1,0.99647057056427,1
10381,1,0.9999979734420776,1
10382,1,0.9984183311462402,1
10383,0,0.0006900724256411195,0
10384,0,0.7963359951972961,1
10385,1,0.9451498985290527,1
10386,1,0.9996833801269531,1
10387,0,0.6288121342658997,1
10388,0,0.0026198779232800007,0
10389,1,0.9996789693832397,1
10390,0,0.00015329480811487883,0
10391,0,0.0017167748883366585,0
10392,1,0.9556509256362915,1
10393,0,2.1517569621209987e-05,0
10394,1,0.9998419284820557,1
10395,0,0.0036644532810896635,0
10396,1,0.9999525547027588,1
10397,0,0.0003578790638130158,0
10398,1,0.9020050168037415,1
10399,1,0.8229163289070129,1
10400,1,0.9994150400161743,1
10401,0,0.000724554352927953,0
10402,1,0.009431111626327038,0
10403,1,0.9997400641441345,1
10404,0,1.1580409591260832e-05,0
10405,0,0.003813444636762142,0
10406,0,0.05765583738684654,0
10407,1,0.9884628653526306,1
10408,1,0.9910975694656372,1
10409,0,0.005473869852721691,0
10410,0,0.012370169162750244,0
10411,0,0.6562064290046692,1
10412,1,0.9999793767929077,1
10413,1,0.9430779814720154,1
10414,0,5.3171275794738904e-05,0
10415,0,0.03133178874850273,0
10416,1,0.3156958520412445,0
10417,1,0.9978856444358826,1
10418,1,0.9999942779541016,1
10419,1,0.9978691339492798,1
10420,1,0.9985232949256897,1
10421,0,0.0011052454356104136,0
10422,1,0.9402977824211121,1
10423,1,0.9999964237213135,1
10424,1,0.9980258941650391,1
10425,1,0.9901140928268433,1
10426,1,0.9674619436264038,1
10427,0,0.00030887764296494424,0
10428,0,4.542376336758025e-05,0
10429,0,0.005084043834358454,0
10430,1,0.45879653096199036,0
10431,0,0.0002081498532788828,0
10432,1,0.9943438768386841,1
10433,0,0.0022886700462549925,0
10434,1,0.9555191993713379,1
10435,0,0.0011002194369211793,0
10436,0,2.3925836103444453e-06,0
10437,1,0.9936699271202087,1
10438,1,0.9996113181114197,1
10439,1,0.9242933988571167,1
10440,1,0.9185528755187988,1
10441,0,0.9327088594436646,1
10442,1,0.8752120137214661,1
10443,0,0.004559904336929321,0
10444,0,0.8004457354545593,1
10445,1,0.9999678134918213,1
10446,1,0.9999171495437622,1
10447,1,0.9269086122512817,1
10448,1,0.9996849298477173,1
10449,0,0.011401246301829815,0
10450,0,0.005467148032039404,0
10451,1,0.9992571473121643,1
10452,0,0.0019437678856775165,0
10453,0,0.4602738618850708,0
10454,0,0.0021136589348316193,0
10455,1,0.9948571920394897,1
10456,0,8.358231571037322e-05,0
10457,1,0.9999916553497314,1
10458,1,0.6677344441413879,1
10459,0,0.026746880263090134,0
10460,1,0.9743266105651855,1
10461,1,0.9968279004096985,1
10462,1,0.9927433729171753,1
10463,0,0.0008080943371169269,0
10464,1,0.9992673993110657,1
10465,0,0.0011250290554016829,0
10466,1,0.9901257753372192,1
10467,0,0.0168080423027277,0
10468,1,0.997016191482544,1
10469,0,0.1858578771352768,0
10470,0,3.666400880319998e-05,0
10471,1,0.9523143768310547,1
10472,1,0.9999967813491821,1
10473,0,0.008961855433881283,0
10474,1,0.9999779462814331,1
10475,0,0.5721021294593811,1
10476,1,0.9809921383857727,1
10477,1,0.9999749660491943,1
10478,1,0.9999784231185913,1
10479,0,0.06642475724220276,0
10480,1,0.5756579041481018,1
10481,1,0.9774801135063171,1
10482,0,0.22189933061599731,0
10483,0,0.002142359269782901,0
10484,0,0.00021669689158443362,0
10485,0,0.00217020814307034,0
10486,0,9.394626249559224e-05,0
10487,0,1.1801198525063228e-05,0
10488,1,0.9997703433036804,1
10489,1,0.9177354574203491,1
10490,0,0.000826357223559171,0
10491,1,0.9999908208847046,1
10492,0,0.0023855031467974186,0
10493,0,0.004835160914808512,0
10494,0,0.00018636519962456077,0
10495,1,0.998790442943573,1
10496,1,0.9890208840370178,1
10497,1,0.6465502977371216,1
10498,0,0.0020237320568412542,0
10499,1,0.15005435049533844,0
10500,0,0.0049873096868395805,0
10501,0,0.008190887980163097,0
10502,0,0.012642228975892067,0
10503,1,0.9997877478599548,1
10504,1,0.5288233160972595,1
10505,1,0.9990200996398926,1
10506,0,0.017479902133345604,0
10507,0,0.25992444157600403,0
10508,1,0.9995043277740479,1
10509,1,0.9999438524246216,1
10510,0,6.27065560365736e-07,0
10511,0,0.030202286317944527,0
10512,0,0.00887164007872343,0
10513,0,0.0027283746749162674,0
10514,0,0.4501814842224121,0
10515,1,0.9985374212265015,1
10516,1,0.7666678428649902,1
10517,0,0.8399500250816345,1
10518,0,0.18892163038253784,0
10519,1,0.9999947547912598,1
10520,0,0.005741935223340988,0
10521,0,0.0010859345784410834,0
10522,0,0.3154903054237366,0
10523,0,0.0009204630623571575,0
10524,0,0.000707568833604455,0
10525,0,0.00014393545279745013,0
10526,1,0.9932867884635925,1
10527,0,0.00015821188571862876,0
10528,0,0.005147074349224567,0
10529,0,0.008912887424230576,0
10530,1,0.9998595714569092,1
10531,1,0.9567357897758484,1
10532,0,0.3085816502571106,0
10533,1,0.9999855756759644,1
10534,0,0.0011344170197844505,0
10535,0,0.00032576516969129443,0
10536,0,0.00031397183192893863,0
10537,1,0.9291806817054749,1
10538,0,0.3394758999347687,0
10539,0,0.0015461737057194114,0
10540,1,0.9994401335716248,1
10541,1,0.33094388246536255,0
10542,0,0.005473794415593147,0
10543,0,0.007545709144324064,0
10544,0,5.441801476990804e-05,0
10545,0,0.0019280482083559036,0
10546,1,0.9998414516448975,1
10547,0,0.0007783381151966751,0
10548,1,0.17724303901195526,0
10549,1,0.9999974966049194,1
10550,0,0.0029778878670185804,0
10551,0,0.00046490965178236365,0
10552,1,0.9873830676078796,1
10553,0,0.003256260883063078,0
10554,1,0.9913362264633179,1
10555,0,7.885267905294313e-07,0
10556,1,0.9872626662254333,1
10557,1,0.9999876022338867,1
10558,0,0.07594366371631622,0
10559,0,9.058859177457634e-06,0
10560,1,0.9995540976524353,1
10561,1,0.99982750415802,1
10562,1,0.9998705387115479,1
10563,0,0.0004461520293261856,0
10564,0,3.879309952026233e-05,0
10565,0,0.0015647076070308685,0
10566,1,0.999847412109375,1
10567,1,0.9988154172897339,1
10568,1,0.9999809265136719,1
10569,1,0.9940946698188782,1
10570,0,1.6653753846185282e-05,0
10571,1,0.9999966621398926,1
10572,0,0.001011714804917574,0
10573,1,0.9104688167572021,1
10574,1,1.0,1
10575,0,0.0002514419611543417,0
10576,0,0.0003142683126498014,0
10577,0,7.002023630775511e-05,0
10578,0,0.19573847949504852,0
10579,1,0.9962726831436157,1
10580,1,0.9999958276748657,1
10581,1,0.9999951124191284,1
10582,1,0.9999628067016602,1
10583,0,0.03443429619073868,0
10584,1,0.9999740123748779,1
10585,0,0.001305674435570836,0
10586,0,2.96917660307372e-05,0
10587,1,0.9999748468399048,1
10588,1,0.9991998076438904,1
10589,0,0.019487369805574417,0
10590,1,0.8925632238388062,1
10591,1,0.9958015084266663,1
10592,1,0.9887246489524841,1
10593,1,0.9998551607131958,1
10594,1,0.9999653100967407,1
10595,1,0.9987775683403015,1
10596,0,0.0015822893474251032,0
10597,0,3.975321305915713e-05,0
10598,0,0.0002052544878097251,0
10599,0,0.049346886575222015,0
10600,0,0.0046270159073174,0
10601,0,0.05329331383109093,0
10602,1,0.9983745813369751,1
10603,0,8.841320777719375e-06,0
10604,1,0.9904780387878418,1
10605,0,0.00019909976981580257,0
10606,0,0.5980187058448792,1
10607,1,0.9987431168556213,1
10608,1,0.9980021119117737,1
10609,0,0.0023835133761167526,0
10610,1,0.9940834641456604,1
10611,0,0.010547293350100517,0
10612,0,0.00014328391989693046,0
10613,1,0.999893307685852,1
10614,0,0.008504818193614483,0
10615,0,0.00014847007696516812,0
10616,1,0.9999961853027344,1
10617,0,0.0017497193766757846,0
10618,0,0.006385152693837881,0
10619,0,0.031128505244851112,0
10620,1,0.9998934268951416,1
10621,1,0.9966391324996948,1
10622,0,3.2536776416236535e-05,0
10623,1,0.8441414833068848,1
10624,0,0.01974426954984665,0
10625,0,1.3522429071599618e-05,0
10626,1,0.9999780654907227,1
10627,0,0.13214856386184692,0
10628,0,0.0034904396161437035,0
10629,0,0.015665655955672264,0
10630,1,0.7455939054489136,1
10631,1,0.7787513732910156,1
10632,0,0.5504704117774963,1
10633,1,0.9996784925460815,1
10634,0,0.008243552409112453,0
10635,0,0.0019394708797335625,0
10636,1,0.9999575614929199,1
10637,0,0.006245777010917664,0
10638,0,0.006428562570363283,0
10639,0,0.2335096001625061,0
10640,1,0.1252853274345398,0
10641,1,0.8587324619293213,1
10642,1,0.9757600426673889,1
10643,0,7.656116167709115e-07,0
10644,1,0.9997153878211975,1
10645,0,0.0003306418948341161,0
10646,0,0.00020713855337817222,0
10647,1,0.9998464584350586,1
10648,0,0.05371168255805969,0
10649,1,0.9995436072349548,1
10650,1,0.9998055100440979,1
10651,1,0.9998774528503418,1
10652,1,0.9998513460159302,1
10653,0,0.00014845152327325195,0
10654,0,0.47234153747558594,0
10655,1,0.9978468418121338,1
10656,0,0.013049948960542679,0
10657,1,0.810563862323761,1
10658,0,0.002495319815352559,0
10659,0,2.712387686187867e-05,0
10660,1,0.9980499744415283,1
10661,0,0.01876937225461006,0
10662,0,0.0008787174592725933,0
10663,1,0.9464457631111145,1
10664,1,0.9925888776779175,1
10665,1,0.8733223676681519,1
10666,1,0.9999587535858154,1
10667,1,0.9999911785125732,1
10668,0,0.10296481102705002,0
10669,1,0.9996600151062012,1
10670,0,0.09939410537481308,0
10671,1,0.9986217021942139,1
10672,0,0.003188323462381959,0
10673,1,0.65640789270401,1
10674,0,9.996719745686278e-05,0
10675,0,0.011181598529219627,0
10676,1,0.9696531295776367,1
10677,1,0.9733046293258667,1
10678,0,0.008549045771360397,0
10679,1,0.9996901750564575,1
10680,0,9.181318455375731e-05,0
10681,0,8.101365800428084e-09,0
10682,1,0.8933082818984985,1
10683,0,3.384010778972879e-05,0
10684,1,0.848403811454773,1
10685,1,0.9999988079071045,1
10686,0,0.019212957471609116,0
10687,1,0.9997286200523376,1
10688,0,0.00014318694593384862,0
10689,0,0.3555172085762024,0
10690,1,0.9995971322059631,1
10691,0,0.12976768612861633,0
10692,1,0.9999784231185913,1
10693,0,0.8719304800033569,1
10694,1,0.9991453886032104,1
10695,1,0.9999994039535522,1
10696,0,0.0012892767554149032,0
10697,1,0.9810141921043396,1
10698,1,0.9034096002578735,1
10699,0,0.0002927260647993535,0
10700,1,0.9994890689849854,1
10701,0,0.0007217666716314852,0
10702,1,0.9996769428253174,1
10703,1,0.9998687505722046,1
10704,1,0.9999972581863403,1
10705,1,0.9999995231628418,1
10706,0,0.006810956168919802,0
10707,0,0.010019505396485329,0
10708,1,0.9990115165710449,1
10709,0,0.014205883257091045,0
10710,0,0.17305827140808105,0
10711,1,0.999972939491272,1
10712,0,0.7244053483009338,1
10713,1,0.999666690826416,1
10714,0,0.041966069489717484,0
10715,0,9.351161861559376e-05,0
10716,0,9.188105468638241e-05,0
10717,0,0.005658355075865984,0
10718,0,0.4739393889904022,0
10719,1,0.9993317723274231,1
10720,0,4.571599220071221e-06,0
10721,0,0.9317779541015625,1
10722,0,0.06364411860704422,0
10723,1,0.4945243000984192,0
10724,0,6.912420940352604e-05,0
10725,1,0.9999196529388428,1
10726,0,0.04000648483633995,0
10727,1,0.999737560749054,1
10728,1,0.9030687212944031,1
10729,1,0.9999799728393555,1
10730,1,0.9261218309402466,1
10731,1,0.9603770971298218,1
10732,1,0.9997320771217346,1
10733,0,3.435306780374958e-06,0
10734,1,0.9937926530838013,1
10735,1,0.9998039603233337,1
10736,0,0.02532634511590004,0
10737,0,0.0198480524122715,0
10738,0,0.0015300367958843708,0
10739,1,0.998224675655365,1
10740,0,0.0031878307927399874,0
10741,0,0.162130206823349,0
10742,1,0.9945127964019775,1
10743,1,0.9805377125740051,1
10744,0,1.320552019024035e-05,0
10745,0,0.011053144931793213,0
10746,1,0.9966421127319336,1
10747,1,0.9976766705513,1
10748,1,0.9930189251899719,1
10749,0,0.03751397132873535,0
10750,0,1.779366357368417e-05,0
10751,0,0.006341964937746525,0
10752,1,0.5669413208961487,1
10753,0,0.0004368720983620733,0
10754,1,0.9001035094261169,1
10755,1,0.9999994039535522,1
10756,1,0.5640489459037781,1
10757,1,0.9989469647407532,1
10758,0,0.032088544219732285,0
10759,1,0.9106844663619995,1
10760,1,0.9999336004257202,1
10761,0,0.0002287091629114002,0
10762,1,0.9998086094856262,1
10763,1,0.3540618121623993,0
10764,0,0.0004981283564120531,0
10765,0,0.011288798414170742,0
10766,1,0.9601964950561523,1
10767,0,0.00096881267381832,0
10768,1,0.9693361520767212,1
10769,1,0.9573501348495483,1
10770,1,0.31524038314819336,0
10771,0,0.002868848154321313,0
10772,0,0.0001566784776514396,0
10773,1,0.9637736678123474,1
10774,0,1.6960866560111754e-05,0
10775,1,0.8430494666099548,1
10776,1,0.999829888343811,1
10777,0,0.4327048361301422,0
10778,0,0.05900184065103531,0
10779,1,0.17331910133361816,0
10780,1,0.9982327222824097,1
10781,1,0.9445680975914001,1
10782,0,0.00034333780058659613,0
10783,0,0.34606149792671204,0
10784,1,0.9999955892562866,1
10785,0,3.461685264483094e-05,0
10786,0,0.9506753087043762,1
10787,0,0.0028191027231514454,0
10788,0,0.2834964096546173,0
10789,0,2.8404459953890182e-05,0
10790,0,0.953670859336853,1
10791,0,0.014169460162520409,0
10792,0,0.0022009536623954773,0
10793,0,2.4855409719748423e-05,0
10794,1,0.9998999834060669,1
10795,1,0.9925075173377991,1
10796,0,0.0342998281121254,0
10797,0,0.004670949652791023,0
10798,1,0.9995383024215698,1
10799,1,0.9999969005584717,1
10800,0,0.19616439938545227,0
10801,1,0.0556347593665123,0
10802,0,0.5113447308540344,1
10803,1,0.9981631636619568,1
10804,0,7.49992113924236e-06,0
10805,0,0.05964995175600052,0
10806,0,0.08308709412813187,0
10807,1,0.9563508033752441,1
10808,0,0.00013305777974892408,0
10809,0,0.8803921341896057,1
10810,1,0.9974804520606995,1
10811,1,0.44664520025253296,0
10812,0,0.5120354890823364,1
10813,0,0.05465381592512131,0
10814,1,0.9999867677688599,1
10815,1,0.9963980913162231,1
10816,1,0.9559640884399414,1
10817,0,6.924665285623632e-06,0
10818,0,7.012742571532726e-05,0
10819,0,0.5695670247077942,1
10820,1,0.9979310035705566,1
10821,0,1.0808525985339656e-05,0
10822,0,0.19216319918632507,0
10823,0,0.00033442044514231384,0
10824,1,0.9876768589019775,1
10825,1,0.9928487539291382,1
10826,1,0.7663723826408386,1
10827,1,0.999944806098938,1
10828,1,0.9992662072181702,1
10829,1,0.9997280240058899,1
10830,1,0.9999970197677612,1
10831,0,0.0003891242668032646,0
10832,1,0.9999996423721313,1
10833,1,0.9905579090118408,1
10834,0,0.09487564861774445,0
10835,1,0.8895640969276428,1
10836,1,0.9999053478240967,1
10837,0,0.0013464386574923992,0
10838,0,0.3030770421028137,0
10839,0,0.0011545384768396616,0
10840,0,0.002698073163628578,0
10841,1,0.9942477941513062,1
10842,1,0.9946751594543457,1
10843,1,0.1732780486345291,0
10844,0,5.535658056032844e-05,0
10845,0,0.003293402027338743,0
10846,0,0.0004062142106704414,0
10847,0,0.002945312764495611,0
10848,0,0.6947340965270996,1
10849,1,0.9987474679946899,1
10850,0,1.2268209502508398e-05,0
10851,1,0.9997226595878601,1
10852,0,0.0006593915168195963,0
10853,1,0.9761242866516113,1
10854,0,0.009935982525348663,0
10855,0,4.6259683585958555e-06,0
10856,1,0.08304959535598755,0
10857,1,0.968715488910675,1
10858,1,0.9924015998840332,1
10859,1,0.18485774099826813,0
10860,1,0.9991129040718079,1
10861,0,7.791604730300605e-06,0
10862,1,0.9999500513076782,1
10863,1,0.9457486271858215,1
10864,0,0.059550024569034576,0
10865,0,0.008222231641411781,0
10866,0,0.00013460921763908118,0
10867,0,0.0005070323240943253,0
10868,0,0.037506844848394394,0
10869,1,0.9996898174285889,1
10870,1,0.6941856145858765,1
10871,0,0.00046902726171538234,0
10872,1,0.9999988079071045,1
10873,0,0.0001216492528328672,0
10874,0,0.011790386401116848,0
10875,1,0.9494770765304565,1
10876,0,0.0010656025260686874,0
10877,1,0.9999880790710449,1
10878,0,0.0007810608949512243,0
10879,0,0.00011504092981340364,0
10880,0,6.526977813336998e-05,0
10881,0,0.0008664299384690821,0
10882,0,0.0006326971342787147,0
10883,0,0.004324634559452534,0
10884,0,0.0003122574998997152,0
10885,1,0.9892796874046326,1
10886,0,3.0224831789382733e-05,0
10887,0,0.0017201851587742567,0
10888,0,2.4953305910457857e-05,0
10889,0,0.00040695484494790435,0
10890,0,0.021965298801660538,0
10891,1,0.8854026794433594,1
10892,1,0.991278350353241,1
10893,0,0.000248334719799459,0
10894,1,0.9980109333992004,1
10895,0,0.004666464403271675,0
10896,1,0.1952182650566101,0
10897,0,3.300599757949385e-07,0
10898,1,0.9993112087249756,1
10899,1,0.9125866889953613,1
10900,1,0.999962568283081,1
10901,0,0.012234721332788467,0
10902,1,0.9996554851531982,1
10903,0,0.4078276753425598,0
10904,0,0.17535628378391266,0
10905,0,0.041379544883966446,0
10906,1,0.9986718893051147,1
10907,1,0.995965838432312,1
10908,1,0.9999998807907104,1
10909,0,0.030931394547224045,0
10910,1,0.9997233748435974,1
10911,0,2.40615463553695e-05,0
10912,1,0.6854747533798218,1
10913,1,0.9688592553138733,1
10914,0,0.27656856179237366,0
10915,1,0.5932849645614624,1
10916,0,0.05472024157643318,0
10917,1,0.9999923706054688,1
10918,0,0.8718320727348328,1
10919,1,0.9829173684120178,1
10920,1,0.8226667046546936,1
10921,1,0.9996539354324341,1
10922,1,0.9999639987945557,1
10923,0,1.0483362530067097e-05,0
10924,0,4.679592166212387e-06,0
10925,1,0.6621868014335632,1
10926,0,0.037725575268268585,0
10927,1,0.999956488609314,1
10928,1,0.9124047160148621,1
10929,1,0.9994708895683289,1
10930,1,0.9999746084213257,1
10931,0,1.0054907761514187e-05,0
10932,0,0.00858346838504076,0
10933,0,0.46182242035865784,0
10934,1,0.996961772441864,1
10935,1,0.9974212646484375,1
10936,0,2.3448654246749356e-05,0
10937,1,0.9997101426124573,1
10938,1,0.9998120665550232,1
10939,1,0.9998983144760132,1
10940,0,0.8315604329109192,1
10941,1,0.9942216277122498,1
10942,0,0.22792573273181915,0
10943,0,0.005273438524454832,0
10944,1,0.9998190999031067,1
10945,0,0.04317035153508186,0
10946,1,0.9999315738677979,1
10947,0,8.57515333336778e-05,0
10948,0,0.018419718369841576,0
10949,0,0.01744815707206726,0
10950,0,0.19328400492668152,0
10951,0,0.005221130792051554,0
10952,1,0.9992830157279968,1
10953,0,0.0016929422272369266,0
10954,0,0.0002194893459090963,0
10955,0,0.0012884946772828698,0
10956,1,0.7146766185760498,1
10957,1,0.9994311928749084,1
10958,0,0.000308924209093675,0
10959,1,0.9753828048706055,1
10960,0,0.0273482333868742,0
10961,0,0.00060076336376369,0
10962,1,0.9999617338180542,1
10963,1,0.9998869895935059,1
10964,1,0.9995848536491394,1
10965,0,0.47536858916282654,0
10966,0,0.0023325211368501186,0
10967,1,0.9999463558197021,1
10968,0,0.012762234546244144,0
10969,1,0.9998784065246582,1
10970,1,0.9999487400054932,1
10971,0,0.028253283351659775,0
10972,0,3.470216324785724e-05,0
10973,1,0.9998663663864136,1
10974,1,0.9663328528404236,1
10975,1,0.9942733645439148,1
10976,1,0.8621704578399658,1
10977,1,0.9996376037597656,1
10978,1,0.9995137453079224,1
10979,0,0.09426584094762802,0
10980,0,2.3156628230935894e-05,0
10981,0,0.03339651972055435,0
10982,1,0.9963117241859436,1
10983,1,0.9829878807067871,1
10984,1,0.9998175501823425,1
10985,0,0.00010871430276893079,0
10986,1,0.851216733455658,1
10987,1,0.9650108814239502,1
10988,0,1.172421775663679e-06,0
10989,0,0.03866119682788849,0
10990,1,0.9926608800888062,1
10991,1,0.9992361068725586,1
10992,1,0.3337269723415375,0
10993,1,0.7940025925636292,1
10994,0,0.008711656555533409,0
10995,0,0.0013787283096462488,0
10996,0,0.20224487781524658,0
10997,1,0.6999562382698059,1
10998,0,0.0100634740665555,0
10999,1,0.9999622106552124,1
11000,0,6.176658644108102e-05,0
11001,0,4.4350123062031344e-05,0
11002,1,0.9998641014099121,1
11003,1,0.15454228222370148,0
11004,0,2.9163538783905096e-06,0
11005,0,2.389065411989577e-05,0
11006,1,0.9935465455055237,1
11007,1,0.9997939467430115,1
11008,0,0.002688308712095022,0
11009,0,0.16465070843696594,0
11010,0,8.092309872154146e-05,0
11011,0,0.0019029758404940367,0
11012,0,0.03313019871711731,0
11013,1,0.01654602214694023,0
11014,1,0.9987632036209106,1
11015,0,0.818862795829773,1
11016,0,0.00010287123586749658,0
11017,1,0.9970846772193909,1
11018,0,0.033165812492370605,0
11019,0,9.062082244781777e-05,0
11020,1,0.984418511390686,1
11021,1,0.9937455654144287,1
11022,1,0.9999160766601562,1
11023,1,0.6552073359489441,1
11024,1,0.9998910427093506,1
11025,1,0.9970065951347351,1
11026,0,0.015771986916661263,0
11027,1,0.9999967813491821,1
11028,1,0.9651181101799011,1
11029,0,0.0032705175690352917,0
11030,0,0.00018902981537394226,0
11031,1,0.9639596343040466,1
11032,0,0.007541928440332413,0
11033,1,0.9995357990264893,1
11034,0,0.05692604184150696,0
11035,1,0.9999951124191284,1
11036,1,0.9922239780426025,1
11037,0,0.00010573079634923488,0
11038,1,0.9999879598617554,1
11039,1,0.9989198446273804,1
11040,1,0.9910035133361816,1
11041,0,0.00012149275426054373,0
11042,1,0.9999371767044067,1
11043,1,0.9999117851257324,1
11044,1,0.9834682941436768,1
11045,1,0.9998125433921814,1
11046,1,0.9606485366821289,1
11047,1,0.9998075366020203,1
11048,1,0.985887348651886,1
11049,1,0.5571874380111694,1
11050,0,0.015370413661003113,0
11051,0,0.015156792476773262,0
11052,0,0.21000617742538452,0
11053,0,5.650733783113537e-07,0
11054,0,2.688817767193541e-05,0
11055,1,0.9998383522033691,1
11056,1,0.9999368190765381,1
11057,1,0.45210981369018555,0
11058,0,0.01735655963420868,0
11059,1,0.9995014667510986,1
11060,1,0.9999114274978638,1
11061,1,0.15390971302986145,0
11062,1,0.9999831914901733,1
11063,1,0.9995318651199341,1
11064,1,0.8905099034309387,1
11065,1,0.99986732006073,1
11066,0,0.00026741548208519816,0
11067,0,0.03324294090270996,0
11068,1,0.9970182180404663,1
11069,0,0.904064953327179,1
11070,0,0.07102277874946594,0
11071,0,0.35845285654067993,0
11072,1,0.9974467754364014,1
11073,0,0.04449079558253288,0
11074,1,0.9925633072853088,1
11075,0,0.0018743895925581455,0
11076,1,0.5991964936256409,1
11077,1,0.9280830025672913,1
11078,1,0.9999760389328003,1
11079,1,0.976444661617279,1
11080,1,0.9999996423721313,1
11081,0,0.0011478497181087732,0
11082,0,0.8206175565719604,1
11083,1,0.9438540935516357,1
11084,0,0.004045267589390278,0
11085,1,0.9970065951347351,1
11086,0,0.05570095777511597,0
11087,0,0.0013516767648980021,0
11088,1,0.9972350001335144,1
11089,0,0.0005052316118963063,0
11090,1,0.9998934268951416,1
11091,1,0.9999926090240479,1
11092,1,0.9999902248382568,1
11093,1,0.946940004825592,1
11094,0,0.0015998983290046453,0
11095,1,0.9907441735267639,1
11096,1,0.9982094764709473,1
11097,1,0.9041256308555603,1
11098,1,0.9966433048248291,1
11099,0,0.2914886474609375,0
11100,1,0.9999966621398926,1
11101,0,0.0015293093165382743,0
11102,0,0.0004216215165797621,0
11103,1,0.34738099575042725,0
11104,0,2.0871297238045372e-05,0
11105,0,0.0016379131702706218,0
11106,1,0.9999212026596069,1
11107,0,0.0001756765559548512,0
11108,0,0.5560519099235535,1
11109,0,0.0002406302810413763,0
11110,1,0.4453431963920593,0
11111,0,0.000900182465557009,0
11112,0,0.0009811943164095283,0
11113,0,5.247167791821994e-05,0
11114,1,0.993446409702301,1
11115,1,0.9999817609786987,1
11116,1,0.9999858140945435,1
11117,0,0.006128157489001751,0
11118,0,0.0018101671012118459,0
11119,1,0.5787099003791809,1
11120,0,0.42722824215888977,0
11121,0,0.016789259389042854,0
11122,1,0.9999945163726807,1
11123,0,0.0011340415803715587,0
11124,1,0.999578058719635,1
11125,0,0.0005698256427422166,0
11126,0,0.00015010309289209545,0
11127,0,0.007754666730761528,0
11128,0,0.0807749554514885,0
11129,0,0.9971398115158081,1
11130,0,0.004735991358757019,0
11131,1,0.9999504089355469,1
11132,1,0.9962589740753174,1
11133,0,0.010111136361956596,0
11134,0,0.03600996732711792,0
11135,1,0.9988483190536499,1
11136,1,0.9999991655349731,1
11137,0,0.0010112849995493889,0
11138,0,2.1444559024530463e-05,0
11139,1,0.9999969005584717,1
11140,1,0.9618396759033203,1
11141,0,0.0002584007743280381,0
11142,1,0.9614918828010559,1
11143,1,0.9366258978843689,1
11144,1,0.9999911785125732,1
11145,0,7.669476872251835e-06,0
11146,0,0.6260223984718323,1
11147,1,0.7875806093215942,1
11148,0,0.020915966480970383,0
11149,1,0.9071173071861267,1
11150,0,1.1286548215139192e-05,0
11151,0,0.00515291141346097,0
11152,0,0.004985334351658821,0
11153,1,0.6837567090988159,1
11154,1,0.7840353846549988,1
11155,0,0.0027476914692670107,0
11156,1,0.9950609803199768,1
11157,1,0.9999977350234985,1
11158,0,0.0006277362117543817,0
11159,1,0.9468625783920288,1
11160,1,0.9879449605941772,1
11161,0,0.26878687739372253,0
11162,1,0.9963384866714478,1
11163,1,0.9991825222969055,1
11164,0,0.0019290311029180884,0
11165,0,0.18637296557426453,0
11166,0,0.8012664914131165,1
11167,1,0.9876440167427063,1
11168,0,0.00023783021606504917,0
11169,0,0.0002410116430837661,0
11170,1,0.9999194145202637,1
11171,0,0.038275301456451416,0
11172,1,0.9947182536125183,1
11173,0,2.6523555789026432e-05,0
11174,0,8.002715912880376e-05,0
11175,1,0.999843955039978,1
11176,0,5.393249375629239e-05,0
11177,1,0.9999926090240479,1
11178,0,0.00043940162868238986,0
11179,1,0.9992859959602356,1
11180,1,0.9941383600234985,1
11181,1,0.9998238682746887,1
11182,0,0.0011112033389508724,0
11183,1,0.998532772064209,1
11184,1,0.9984673857688904,1
11185,1,0.9999992847442627,1
11186,1,0.9518328905105591,1
11187,1,0.99996018409729,1
11188,0,0.0006223266245797276,0
11189,0,0.9867743253707886,1
11190,1,0.999916672706604,1
11191,1,0.9999186992645264,1
11192,1,0.9987120628356934,1
11193,0,0.28722715377807617,0
11194,0,1.4164241292746738e-05,0
11195,1,0.9594183564186096,1
11196,1,0.9997699856758118,1
11197,0,0.7105393409729004,1
11198,0,0.046837858855724335,0
11199,1,0.9945560693740845,1
11200,0,1.172481552202953e-05,0
11201,1,0.9987072944641113,1
11202,1,0.9999532699584961,1
11203,0,0.0031734220683574677,0
11204,1,0.9999988079071045,1
11205,1,0.9999014139175415,1
11206,1,0.997980535030365,1
11207,1,0.9999657869338989,1
11208,0,0.00016013821004889905,0
11209,1,0.9999771118164062,1
11210,1,0.7729907035827637,1
11211,0,4.511114093475044e-05,0
11212,0,2.01105717678729e-06,0
11213,0,0.00010776155977509916,0
11214,0,0.0007406029617413878,0
11215,0,0.24057401716709137,0
11216,0,1.140763833973324e-05,0
11217,0,0.01534502487629652,0
11218,0,0.0006152666173875332,0
11219,0,0.019718246534466743,0
11220,0,3.7279082789609674e-06,0
11221,0,0.007332101464271545,0
11222,1,0.7223474979400635,1
11223,1,0.9997599720954895,1
11224,0,0.03443898260593414,0
11225,0,2.6020878067356534e-05,0
11226,0,0.028877319768071175,0
11227,0,6.984715128055541e-06,0
11228,0,0.00982993096113205,0
11229,1,0.9996880292892456,1
11230,0,0.056641604751348495,0
11231,0,3.723698000612785e-06,0
11232,1,0.9979894161224365,1
11233,0,0.010282122530043125,0
11234,0,0.0016405078349635005,0
11235,0,0.053716469556093216,0
11236,1,0.9995786547660828,1
11237,0,0.0007647841703146696,0
11238,1,0.9977908134460449,1
11239,1,0.7443246245384216,1
11240,0,1.1927965033464716e-06,0
11241,0,0.005343988072127104,0
11242,0,0.00020908952865283936,0
11243,1,0.8715993165969849,1
11244,0,0.08487948030233383,0
11245,0,0.000534873572178185,0
11246,1,0.9999160766601562,1
11247,1,0.9551050066947937,1
11248,0,0.0019001339096575975,0
11249,1,0.9997665286064148,1
11250,1,0.9999423027038574,1
11251,1,0.6438063979148865,1
11252,1,0.9144247174263,1
11253,0,0.000665262108668685,0
11254,1,0.9972056746482849,1
11255,1,0.9999680519104004,1
11256,1,0.9535887837409973,1
11257,0,0.016948558390140533,0
11258,0,0.001702521345578134,0
11259,0,0.02288077026605606,0
11260,0,0.004519221838563681,0
11261,0,0.13800252974033356,0
11262,1,0.9999910593032837,1
11263,0,0.007504146546125412,0
11264,0,0.002345083747059107,0
11265,0,0.7469691634178162,1
11266,1,0.9999157190322876,1
11267,0,0.015609313733875751,0
11268,1,0.9927921295166016,1
11269,0,0.47461169958114624,0
11270,1,0.9993047714233398,1
11271,1,0.6835106611251831,1
11272,0,0.0001564108533784747,0
11273,0,0.002816898515447974,0
11274,1,0.9999951124191284,1
11275,1,0.9999973773956299,1
11276,1,0.9999997615814209,1
11277,1,0.9940353631973267,1
11278,1,0.9999903440475464,1
11279,1,0.9990365505218506,1
11280,0,3.959400146413827e-06,0
11281,1,0.9999988079071045,1
11282,0,0.00018584475037641823,0
11283,1,0.9771765470504761,1
11284,0,0.059213560074567795,0
11285,1,0.9534154534339905,1
11286,1,0.9938157796859741,1
11287,0,0.04985477775335312,0
11288,1,0.9998049139976501,1
11289,0,0.02391260862350464,0
11290,1,0.9250375628471375,1
11291,0,0.0676124095916748,0
11292,1,0.8249456286430359,1
11293,0,0.15498362481594086,0
11294,1,0.9953702092170715,1
11295,0,0.019242318347096443,0
11296,0,0.04329151287674904,0
11297,1,0.9999961853027344,1
11298,0,0.000859539199154824,0
11299,1,0.9993270635604858,1
11300,1,0.21026669442653656,0
11301,1,0.9988018274307251,1
11302,0,4.022215762233827e-06,0
11303,0,0.0006613635923713446,0
11304,1,0.9828277826309204,1
11305,0,0.0034070522524416447,0
11306,1,0.9613447785377502,1
11307,0,0.00030137968133203685,0
11308,1,0.9998109936714172,1
11309,0,0.005208318121731281,0
11310,1,0.9999527931213379,1
11311,0,0.0005732285790145397,0
11312,0,0.8222305178642273,1
11313,1,0.993575394153595,1
11314,1,0.9979829788208008,1
11315,0,0.0015066865598782897,0
11316,0,0.08689520508050919,0
11317,0,0.9814924597740173,1
11318,0,0.0004672180220950395,0
11319,0,8.193407666112762e-06,0
11320,1,0.7057004570960999,1
11321,1,0.9961482286453247,1
11322,0,0.006268990226089954,0
11323,0,7.803614425938576e-05,0
11324,1,0.9998432397842407,1
11325,1,0.9994114637374878,1
11326,1,0.9998741149902344,1
11327,1,0.9988172650337219,1
11328,0,0.00038710454828105867,0
11329,0,0.0006753510097041726,0
11330,1,0.9990801811218262,1
11331,0,0.010046767070889473,0
11332,1,0.844643235206604,1
11333,0,0.004700448364019394,0
11334,1,0.9999998807907104,1
11335,0,0.28855976462364197,0
11336,0,0.00021243636729195714,0
11337,1,0.9964549541473389,1
11338,0,0.030836690217256546,0
11339,1,0.008549976162612438,0
11340,0,0.05372536927461624,0
11341,0,0.5302674174308777,1
11342,0,0.883109450340271,1
11343,0,0.3286921977996826,0
11344,0,0.44043880701065063,0
11345,0,1.509636058472097e-05,0
11346,0,0.028767062351107597,0
11347,0,0.0018025020835921168,0
11348,1,0.9991955161094666,1
11349,0,0.001959860557690263,0
11350,1,0.9999992847442627,1
11351,0,0.0007164289709180593,0
11352,0,0.01318194530904293,0
11353,1,0.9999854564666748,1
11354,0,0.0006516624707728624,0
11355,1,0.9963110089302063,1
11356,1,0.9999417066574097,1
11357,0,0.12743861973285675,0
11358,1,0.9974333643913269,1
11359,1,0.9999986886978149,1
11360,0,0.06305646151304245,0
11361,1,0.9994229078292847,1
11362,1,0.7571909427642822,1
11363,1,0.03438310697674751,0
11364,0,0.045942697674036026,0
11365,0,0.8660903573036194,1
11366,1,0.3196539282798767,0
11367,1,0.9999964237213135,1
11368,1,0.9999979734420776,1
11369,1,0.9999440908432007,1
11370,1,0.9999185800552368,1
11371,0,0.0013068619882687926,0
11372,1,0.999961256980896,1
11373,1,0.9992741942405701,1
11374,0,0.012855460867285728,0
11375,0,0.04922821745276451,0
11376,0,0.10039957612752914,0
11377,0,0.001370746991597116,0
11378,0,3.906529309460893e-05,0
11379,1,0.9996967315673828,1
11380,1,0.9949134588241577,1
11381,1,0.9989529848098755,1
11382,0,3.4327260891586775e-06,0
11383,1,0.9999924898147583,1
11384,0,0.03340096026659012,0
11385,1,0.18267060816287994,0
11386,1,0.9999319314956665,1
11387,0,0.0030189480166882277,0
11388,1,0.985163152217865,1
11389,1,0.9999234676361084,1
11390,0,0.0003972973790951073,0
11391,0,0.07496362924575806,0
11392,1,0.9848098158836365,1
11393,0,0.0009283388499170542,0
11394,0,0.04395367577672005,0
11395,1,0.9999755620956421,1
11396,1,0.9963957667350769,1
11397,0,7.712499791523442e-05,0
11398,0,0.012927972711622715,0
11399,1,0.934404194355011,1
11400,0,0.4103301763534546,0
11401,0,0.026624977588653564,0
11402,0,0.001234790193848312,0
11403,1,0.9999377727508545,1
11404,1,0.9999315738677979,1
11405,1,0.997289776802063,1
11406,0,0.005389227066189051,0
11407,1,0.999984622001648,1
11408,1,0.9999887943267822,1
11409,1,0.9998668432235718,1
11410,1,0.9999929666519165,1
11411,1,0.4037695825099945,0
11412,0,0.003776938421651721,0
11413,1,0.9742603898048401,1
11414,1,0.9994078874588013,1
11415,0,0.0002272168203489855,0
11416,1,0.701128363609314,1
11417,0,4.6500126700266264e-06,0
11418,1,0.9998500347137451,1
11419,1,0.9875747561454773,1
11420,0,0.002330491552129388,0
11421,0,0.032535988837480545,0
11422,1,0.9999305009841919,1
11423,0,0.24261225759983063,0
11424,1,0.9330345988273621,1
11425,1,0.6301016807556152,1
11426,1,0.9999535083770752,1
11427,0,0.0021052034571766853,0
11428,1,0.3389263153076172,0
11429,0,0.008807411417365074,0
11430,1,0.9998428821563721,1
11431,1,0.9999394416809082,1
11432,1,0.9989402890205383,1
11433,0,0.000561363180167973,0
11434,1,0.9995027780532837,1
11435,0,0.4489883482456207,0
11436,0,0.00010008605022449046,0
11437,0,0.029978901147842407,0
11438,0,0.00016087328549474478,0
11439,1,0.9996644258499146,1
11440,1,0.9998975992202759,1
11441,1,0.6458402872085571,1
11442,1,0.981457531452179,1
11443,1,0.9999814033508301,1
11444,0,0.00470660300925374,0
11445,0,0.0004085405671503395,0
11446,1,0.9994179010391235,1
11447,0,3.3819956115621608e-06,0
11448,1,0.9999823570251465,1
11449,0,0.003610140411183238,0
11450,1,0.9828380346298218,1
11451,0,0.04908744618296623,0
11452,0,0.0010110456496477127,0
11453,0,0.09399925917387009,0
11454,1,0.9999396800994873,1
11455,0,0.0012421628925949335,0
11456,1,0.9973325729370117,1
11457,0,6.991295958869159e-05,0
11458,1,0.9932175278663635,1
11459,0,0.003250140929594636,0
11460,1,0.998708963394165,1
11461,1,0.9875139594078064,1
11462,1,0.9995575547218323,1
11463,1,0.9999643564224243,1
11464,0,0.0014582950389012694,0
11465,0,0.002077637007459998,0
11466,0,0.004177984315901995,0
11467,0,0.8253069519996643,1
11468,0,0.0002075204683933407,0
11469,0,4.424156213644892e-05,0
11470,1,0.7500441670417786,1
11471,1,0.9995086193084717,1
11472,1,0.9996071457862854,1
11473,0,0.4581053853034973,0
11474,1,0.9218353033065796,1
11475,0,0.17495092749595642,0
11476,1,0.9635539054870605,1
11477,0,0.5847820043563843,1
11478,1,0.4458589553833008,0
11479,1,0.9999184608459473,1
11480,1,0.9994341731071472,1
11481,0,0.000294561410555616,0
11482,1,0.9992499947547913,1
11483,1,0.9999752044677734,1
11484,0,5.7926361478166655e-05,0
11485,0,5.908862658543512e-05,0
11486,0,0.04771110415458679,0
11487,0,0.3945941925048828,0
11488,1,0.9653648138046265,1
11489,1,0.9092710018157959,1
11490,0,0.002948066685348749,0
11491,0,0.3214294910430908,0
11492,1,0.999996542930603,1
11493,1,0.9987751841545105,1
11494,0,0.00013142659736331552,0
11495,1,0.7764395475387573,1
11496,1,0.999987006187439,1
11497,1,0.9997028708457947,1
11498,0,0.006080279592424631,0
11499,1,0.9967149496078491,1
11500,0,0.02088189497590065,0
11501,1,0.9878865480422974,1
11502,0,0.2612866461277008,0
11503,0,0.006021230015903711,0
11504,1,0.9985623955726624,1
11505,0,0.6409582495689392,1
11506,0,0.17536067962646484,0
11507,0,0.005879284348338842,0
11508,1,0.9930684566497803,1
11509,0,0.002162739634513855,0
11510,1,0.999893307685852,1
11511,1,0.9993614554405212,1
11512,0,0.05236508324742317,0
11513,0,6.919416591699701e-06,0
11514,0,0.04415484890341759,0
11515,1,0.9752674698829651,1
11516,0,0.002510768361389637,0
11517,0,0.024988863617181778,0
11518,0,0.0009539755410514772,0
11519,0,2.622195438561903e-08,0
11520,1,0.7604502439498901,1
11521,1,0.9970508813858032,1
11522,0,0.01711810752749443,0
11523,0,0.8589359521865845,1
11524,0,0.0075029791332781315,0
11525,0,1.692244768491946e-05,0
11526,1,0.9999881982803345,1
11527,0,0.0003471061063464731,0
11528,1,0.7473686337471008,1
11529,1,0.9999986886978149,1
11530,0,3.523682607919909e-05,0
11531,1,0.9999841451644897,1
11532,0,0.6286781430244446,1
11533,0,2.3937082005431876e-07,0
11534,0,0.012954932637512684,0
11535,1,0.9926772117614746,1
11536,0,1.0637669220159296e-05,0
11537,0,7.458368054358289e-05,0
11538,0,0.016532907262444496,0
11539,1,0.9999666213989258,1
11540,1,0.9989100694656372,1
11541,0,0.0031123857479542494,0
11542,1,0.9999967813491821,1
11543,0,0.00724693201482296,0
11544,0,0.00011310962872812524,0
11545,0,0.0980784073472023,0
11546,0,0.0011833682656288147,0
11547,1,0.9999632835388184,1
11548,0,0.9908372163772583,1
11549,1,0.9868170619010925,1
11550,1,0.9823166728019714,1
11551,0,0.006455982103943825,0
11552,0,0.008560972288250923,0
11553,1,0.9959555864334106,1
11554,0,0.00014305564400274307,0
11555,1,0.9995611310005188,1
11556,1,0.9999877214431763,1
11557,0,0.005944905802607536,0
11558,1,0.9999687671661377,1
11559,0,0.48427802324295044,0
11560,1,0.999327540397644,1
11561,1,0.08463845402002335,0
11562,0,0.22333887219429016,0
11563,1,0.9936814308166504,1
11564,0,0.017996732145547867,0
11565,0,0.00039610592648386955,0
11566,1,0.9996139407157898,1
11567,0,1.9123006495647132e-05,0
11568,1,0.33488863706588745,0
11569,0,0.004423776175826788,0
11570,1,0.9987196922302246,1
11571,0,7.199950778158382e-05,0
11572,0,0.018910175189375877,0
11573,1,0.9992796778678894,1
11574,1,0.3841570317745209,0
11575,0,0.00323411519639194,0
11576,1,0.9888006448745728,1
11577,1,0.9996691942214966,1
11578,1,0.9779545068740845,1
11579,0,0.000268120871623978,0
11580,0,0.0052797007374465466,0
11581,0,0.014489776454865932,0
11582,1,0.760986328125,1
11583,0,0.27547550201416016,0
11584,1,0.9999749660491943,1
11585,1,0.9982421398162842,1
11586,0,2.2133623645004263e-07,0
11587,0,0.00035921146627515554,0
11588,0,0.10227486491203308,0
11589,0,0.00022961373906582594,0
11590,1,0.9999648332595825,1
11591,0,0.004537427797913551,0
11592,1,0.9992017149925232,1
11593,0,0.003930143546313047,0
11594,1,0.9811769723892212,1
11595,1,0.9545816779136658,1
11596,0,0.00025949967675842345,0
11597,0,0.3782418370246887,0
11598,0,0.004189246334135532,0
11599,0,3.22824707836844e-05,0
11600,0,0.009756989777088165,0
11601,1,0.9974907636642456,1
11602,1,0.6292760968208313,1
11603,0,7.108279078238411e-06,0
11604,1,0.9998468160629272,1
11605,1,0.9977114200592041,1
11606,1,0.9980170726776123,1
11607,0,1.7193278836202808e-05,0
11608,1,0.8063448071479797,1
11609,0,0.00013024749932810664,0
11610,1,0.9992689490318298,1
11611,0,0.013336323201656342,0
11612,0,3.609285340644419e-05,0
11613,0,7.131564052542672e-05,0
11614,0,0.019985631108283997,0
11615,1,0.9993361830711365,1
11616,1,0.08702191710472107,0
11617,1,0.9999895095825195,1
11618,1,0.9999771118164062,1
11619,0,1.4885238670103718e-05,0
11620,1,0.8935638070106506,1
11621,1,0.9997782111167908,1
11622,0,0.0006959752063266933,0
11623,0,0.0014226265484467149,0
11624,0,0.20001539587974548,0
11625,1,0.6469593048095703,1
11626,1,0.9999933242797852,1
11627,1,0.9882580637931824,1
11628,0,0.0019866733346134424,0
11629,1,0.992277979850769,1
11630,1,0.9889838099479675,1
11631,1,0.9999585151672363,1
11632,1,0.994184672832489,1
11633,0,0.003946636337786913,0
11634,1,0.9965434670448303,1
11635,0,7.006225496297702e-05,0
11636,1,0.9579717516899109,1
11637,1,0.9988721013069153,1
11638,0,0.7447177767753601,1
11639,0,0.32260239124298096,0
11640,0,0.00034758198307827115,0
11641,1,0.999835729598999,1
11642,0,0.05703357607126236,0
11643,1,0.9990078806877136,1
11644,0,1.5783801643465267e-07,0
11645,0,0.22963488101959229,0
11646,1,0.9979717135429382,1
11647,1,0.9999634027481079,1
11648,1,0.9996320009231567,1
11649,1,0.9999988079071045,1
11650,0,0.009132414124906063,0
11651,1,0.9938230514526367,1
11652,1,0.999984860420227,1
11653,0,3.723869667737745e-05,0
11654,0,0.00046775254304520786,0
11655,0,1.8724567780736834e-05,0
11656,0,7.657083915546536e-05,0
11657,1,0.9993894100189209,1
11658,1,0.9996417760848999,1
11659,0,0.0015194483567029238,0
11660,0,0.024990184232592583,0
11661,0,0.4422409236431122,0
11662,1,0.9999979734420776,1
11663,0,0.002507779747247696,0
11664,0,0.019829850643873215,0
11665,0,0.0001297217095270753,0
11666,1,0.9900215268135071,1
11667,1,0.9999825954437256,1
11668,0,0.02944178506731987,0
11669,0,0.39360591769218445,0
11670,1,0.9928971529006958,1
11671,1,0.14679430425167084,0
11672,0,1.663615148572717e-05,0
11673,0,0.30490899085998535,0
11674,0,0.008561883121728897,0
11675,1,0.9701841473579407,1
11676,0,0.026051916182041168,0
11677,1,0.9996447563171387,1
11678,1,0.9998725652694702,1
11679,0,0.011416406370699406,0
11680,0,0.00012760443496517837,0
11681,1,0.960005521774292,1
11682,1,0.08871177583932877,0
11683,1,0.9747060537338257,1
11684,1,0.9997357726097107,1
11685,0,0.07646472007036209,0
11686,1,0.9977874755859375,1
11687,1,0.9915891289710999,1
11688,0,2.3015658371150494e-05,0
11689,0,0.0009441516594961286,0
11690,1,0.9963638186454773,1
11691,0,0.002733316970989108,0
11692,1,0.9948582649230957,1
11693,1,0.9971694350242615,1
11694,0,0.00014590068894904107,0
11695,1,0.9731122255325317,1
11696,1,0.9999901056289673,1
11697,1,0.9999674558639526,1
11698,0,0.0010022063506767154,0
11699,0,0.2643386423587799,0
11700,0,0.22471030056476593,0
11701,0,0.2086987942457199,0
11702,0,0.0006482302560470998,0
11703,0,0.0038247599732130766,0
11704,0,2.44513157667825e-05,0
11705,1,0.33691564202308655,0
11706,1,0.9998764991760254,1
11707,0,0.02589244768023491,0
11708,0,0.7126245498657227,1
11709,0,0.00022819620789960027,0
11710,0,8.626098946251659e-08,0
11711,1,0.9896637797355652,1
11712,0,1.3607736946141813e-06,0
11713,1,0.99965500831604,1
11714,0,0.032367244362831116,0
11715,0,0.011824213899672031,0
11716,1,0.9965121150016785,1
11717,1,1.0,1
11718,0,0.001055960776284337,0
11719,0,0.0003989882243331522,0
11720,0,0.0014744995860382915,0
11721,0,0.0022102375514805317,0
11722,1,0.9998461008071899,1
11723,0,0.003043405944481492,0
11724,0,8.015699859242886e-05,0
11725,0,0.00015168247045949101,0
11726,0,0.019352048635482788,0
11727,0,1.9971489564341027e-06,0
11728,0,0.00558302691206336,0
11729,0,0.1719018816947937,0
11730,0,1.1586279242692399e-06,0
11731,1,0.9838510155677795,1
11732,0,0.23169346153736115,0
11733,1,0.9949283599853516,1
11734,0,0.03443955257534981,0
11735,1,0.9997462630271912,1
11736,0,0.00013150318409316242,0
11737,1,0.831591010093689,1
11738,0,2.6855113901547156e-06,0
11739,0,0.8895053863525391,1
11740,1,0.9798635840415955,1
11741,1,0.9705298542976379,1
11742,1,0.9999998807907104,1
11743,1,0.9999983310699463,1
11744,1,0.9999932050704956,1
11745,1,0.9919403195381165,1
11746,0,0.006443885155022144,0
11747,1,0.9999736547470093,1
11748,1,0.7882071137428284,1
11749,0,0.0034947628155350685,0
11750,1,0.9990471005439758,1
11751,1,0.9925804138183594,1
11752,0,0.0001254082890227437,0
11753,0,0.07767395675182343,0
11754,0,0.4090788662433624,0
11755,1,0.9884554147720337,1
11756,0,0.006077505182474852,0
11757,1,0.9423984289169312,1
11758,0,0.023629825562238693,0
11759,1,0.999941349029541,1
11760,1,0.999764621257782,1
11761,1,0.9982277750968933,1
11762,0,0.08634451776742935,0
11763,0,8.067381713772193e-06,0
11764,0,0.5210171937942505,1
11765,1,0.9997251629829407,1
11766,0,0.0026814956218004227,0
11767,1,0.9951136708259583,1
11768,0,0.002116181654855609,0
11769,1,0.9975712895393372,1
11770,1,0.9122341871261597,1
11771,0,0.03569367155432701,0
11772,0,0.013743219897150993,0
11773,1,0.9997164607048035,1
11774,0,1.7544251022627577e-05,0
11775,0,0.00011267235095147043,0
11776,1,0.8142075538635254,1
11777,0,0.0010986222187057137,0
11778,0,0.018751785159111023,0
11779,1,0.3722677230834961,0
11780,0,0.7624625563621521,1
11781,1,0.999290943145752,1
11782,0,0.021705877035856247,0
11783,0,0.03296537324786186,0
11784,0,0.2880649268627167,0
11785,0,0.7908465266227722,1
11786,0,0.005981617607176304,0
11787,0,0.0013959549833089113,0
11788,0,0.11703118681907654,0
11789,1,0.9983606934547424,1
11790,0,0.20495255291461945,0
11791,1,0.9998718500137329,1
11792,1,0.9737895727157593,1
11793,0,0.06679173558950424,0
11794,1,0.9999232292175293,1
11795,0,0.0010058757616207004,0
11796,1,0.995762825012207,1
11797,0,0.0014015850611031055,0
11798,1,0.9996881484985352,1
11799,1,0.6216968894004822,1
11800,0,0.0005361787625588477,0
11801,0,0.00040444929618388414,0
11802,0,0.029192788526415825,0
11803,1,0.9874984622001648,1
11804,0,0.04571843519806862,0
11805,0,0.09849957376718521,0
11806,1,0.9998500347137451,1
11807,1,0.9995691180229187,1
11808,0,8.962275387602858e-06,0
11809,0,0.0007083636010065675,0
11810,1,0.09214058518409729,0
11811,0,0.008613654412329197,0
11812,0,0.01262013427913189,0
11813,0,0.030834389850497246,0
11814,0,0.32860425114631653,0
11815,1,0.9999340772628784,1
11816,1,0.3633470833301544,0
11817,0,0.28263697028160095,0
11818,1,0.9911614656448364,1
11819,1,0.8808214664459229,1
11820,0,0.0022060638293623924,0
11821,1,0.9997792840003967,1
11822,1,0.9999712705612183,1
11823,0,9.07703724806197e-06,0
11824,1,0.9998377561569214,1
11825,1,0.9731764793395996,1
11826,0,3.874691901728511e-05,0
11827,0,0.0026255010161548853,0
11828,1,0.9999860525131226,1
11829,0,0.022578569129109383,0
11830,1,0.9999924898147583,1
11831,0,0.4578096866607666,0
11832,0,0.16852810978889465,0
11833,0,5.1281902415212244e-05,0
11834,1,0.9999808073043823,1
11835,0,0.0067361947149038315,0
11836,1,0.6091198325157166,1
11837,0,9.833757940214127e-05,0
11838,0,0.0029960961546748877,0
11839,0,0.004759051371365786,0
11840,1,0.9977542757987976,1
11841,0,0.012149476446211338,0
11842,1,0.9999986886978149,1
11843,1,0.9991781115531921,1
11844,0,0.047734711319208145,0
11845,1,0.9993615746498108,1
11846,0,0.0008336281753145158,0
11847,1,0.95416259765625,1
11848,1,0.9993409514427185,1
11849,1,0.9999232292175293,1
11850,0,0.9692145586013794,1
11851,0,0.0007042032666504383,0
11852,0,0.0015469607897102833,0
11853,0,0.5288450121879578,1
11854,0,0.06893470138311386,0
11855,1,0.9382539987564087,1
11856,1,0.8260658383369446,1
11857,1,0.9993096590042114,1
11858,1,0.9996875524520874,1
11859,1,0.9774930477142334,1
11860,1,0.6687419414520264,1
11861,0,0.00033008030732162297,0
11862,1,0.9999983310699463,1
11863,0,0.05503996089100838,0
11864,1,0.9260004162788391,1
11865,0,0.0069868494756519794,0
11866,1,0.9760571718215942,1
11867,1,0.9999145269393921,1
11868,1,0.9949933886528015,1
11869,0,0.3652854561805725,0
11870,1,0.9753291606903076,1
11871,1,0.9836148619651794,1
11872,0,0.007031623739749193,0
11873,0,2.9896216346969595e-06,0
11874,0,0.013994121924042702,0
11875,0,0.012896454893052578,0
11876,1,0.9999836683273315,1
11877,1,0.9996585845947266,1
11878,0,0.002840970642864704,0
11879,1,0.9778854846954346,1
11880,1,0.5891596078872681,1
11881,1,0.945337176322937,1
11882,1,0.9867009520530701,1
11883,0,0.18180420994758606,0
11884,1,0.950096607208252,1
11885,0,0.005542899947613478,0
11886,1,0.9879220128059387,1
11887,0,0.0013022498460486531,0
11888,0,0.08420503884553909,0
11889,0,1.6818650010463898e-06,0
11890,0,3.530997219058918e-07,0
11891,0,0.0002093831863021478,0
11892,0,0.0022333315573632717,0
11893,0,0.9358261227607727,1
11894,0,0.000495106796734035,0
11895,1,0.9974129796028137,1
11896,1,0.9813118577003479,1
11897,0,0.003063246374949813,0
11898,0,0.006750425323843956,0
11899,0,0.7724860310554504,1
11900,0,0.020900720730423927,0
11901,0,0.020283518359065056,0
11902,0,0.0009807448368519545,0
11903,0,0.050949521362781525,0
11904,1,0.9967947602272034,1
11905,0,0.586778998374939,1
11906,1,0.999626636505127,1
11907,0,0.13154831528663635,0
11908,0,0.2747277617454529,0
11909,0,0.2846071124076843,0
11910,1,0.9101969599723816,1
11911,1,0.9393100738525391,1
11912,0,0.020263923332095146,0
11913,0,9.169340046355501e-05,0
11914,1,0.9983521699905396,1
11915,1,0.9992445707321167,1
11916,0,0.00036862792330794036,0
11917,1,0.965448260307312,1
11918,0,0.8857378363609314,1
11919,0,4.754379915539175e-05,0
11920,1,0.9996185302734375,1
11921,1,0.2294287234544754,0
11922,1,0.9908620119094849,1
11923,0,0.046701326966285706,0
11924,1,0.999994158744812,1
11925,0,0.0006168495747260749,0
11926,0,0.9077102541923523,1
11927,1,0.9933295249938965,1
11928,1,0.12437604367733002,0
11929,1,0.9992722868919373,1
11930,0,0.0010133469477295876,0
11931,0,0.003687772434204817,0
11932,1,0.9547688961029053,1
11933,0,0.01000257208943367,0
11934,0,0.013717899098992348,0
11935,0,2.890126415877603e-05,0
11936,0,0.005691633094102144,0
11937,0,0.13423457741737366,0
11938,0,0.22695453464984894,0
11939,0,0.5649846196174622,1
11940,1,0.9961181879043579,1
11941,1,0.9994649291038513,1
11942,0,0.0007312078378163278,0
11943,1,0.6476337909698486,1
11944,0,0.000922905805055052,0
11945,0,0.0003444908943492919,0
11946,1,0.9970297813415527,1
11947,1,0.994485080242157,1
11948,0,0.013861821964383125,0
11949,0,0.0013943127123638988,0
11950,0,0.11118798702955246,0
11951,0,0.1097811907529831,0
11952,1,0.9498889446258545,1
11953,0,0.0009452623780816793,0
11954,0,0.000223113878746517,0
11955,1,0.9926161766052246,1
11956,1,0.9987431168556213,1
11957,1,0.9994910955429077,1
11958,1,0.888542115688324,1
11959,1,0.9999955892562866,1
11960,0,0.7940351963043213,1
11961,1,0.9779201745986938,1
11962,1,0.9997875094413757,1
11963,1,0.9998410940170288,1
11964,0,0.62299644947052,1
11965,1,0.9995742440223694,1
11966,0,0.28906306624412537,0
11967,1,0.9998051524162292,1
11968,1,0.9983962178230286,1
11969,0,7.11556424448645e-07,0
11970,1,0.9999825954437256,1
11971,0,0.0032247609924525023,0
11972,0,0.020961793139576912,0
11973,1,0.6930055022239685,1
11974,1,0.9983307719230652,1
11975,1,0.998687207698822,1
11976,0,0.007186115253716707,0
11977,0,5.046462092650472e-07,0
11978,0,0.0008240410825237632,0
11979,0,0.012935228645801544,0
11980,0,0.0007114567561075091,0
11981,0,0.024062782526016235,0
11982,1,0.9999994039535522,1
11983,0,0.043967440724372864,0
11984,1,0.9764260649681091,1
11985,1,0.99907386302948,1
11986,0,5.015224087401293e-05,0
11987,0,0.02166687697172165,0
11988,0,0.00015543198969680816,0
11989,0,0.05623237416148186,0
11990,1,0.9427283406257629,1
11991,0,0.00010056774772237986,0
11992,0,9.475554543314502e-05,0
11993,1,0.9999994039535522,1
11994,1,0.9980011582374573,1
11995,0,0.6922883987426758,1
11996,0,0.1041850671172142,0
11997,1,0.6011250615119934,1
11998,1,0.9999477863311768,1
11999,0,0.0014559500850737095,0
12000,0,0.049312204122543335,0
12001,1,0.9999891519546509,1
12002,1,0.8867723941802979,1
12003,0,0.0009935445850715041,0
12004,0,0.00709611875936389,0
12005,1,0.9999674558639526,1
12006,0,0.000671117624733597,0
12007,0,0.0008902660920284688,0
12008,1,0.9995725750923157,1
12009,0,4.645649460144341e-05,0
12010,0,6.092640614951961e-05,0
12011,1,0.8693941831588745,1
12012,1,0.8737765550613403,1
12013,1,0.996663510799408,1
12014,1,0.9247734546661377,1
12015,1,0.9999916553497314,1
12016,0,0.0009618211770430207,0
12017,0,0.006506417412310839,0
12018,0,3.311002001282759e-05,0
12019,0,0.00018117763102054596,0
12020,0,5.49798983229266e-07,0
12021,0,8.700609760126099e-05,0
12022,1,0.999970555305481,1
12023,0,0.01031107921153307,0
12024,0,0.44148215651512146,0
12025,0,1.702849345974755e-07,0
12026,0,0.05251065269112587,0
12027,0,0.00042379804654046893,0
12028,0,0.017590919509530067,0
12029,1,0.9999610185623169,1
12030,1,0.9886632561683655,1
12031,0,0.030849138274788857,0
12032,1,0.9981745481491089,1
12033,1,0.9980847835540771,1
12034,1,0.7087022662162781,1
12035,0,0.007585981395095587,0
12036,0,0.012849435210227966,0
12037,0,0.8483371734619141,1
12038,1,0.9891514778137207,1
12039,0,0.03758956119418144,0
12040,0,0.05767315998673439,0
12041,0,0.029923364520072937,0
12042,1,0.6941071152687073,1
12043,0,0.014384282752871513,0
12044,1,0.999997615814209,1
12045,0,4.4287487980909646e-05,0
12046,0,0.10897599905729294,0
12047,1,0.9897382855415344,1
12048,1,0.9998795986175537,1
12049,1,0.5156498551368713,1
12050,0,0.02283332683146,0
12051,0,5.26147323398618e-06,0
12052,1,0.37503761053085327,0
12053,1,0.992782473564148,1
12054,1,0.9999418258666992,1
12055,0,0.21897664666175842,0
12056,0,0.01831277273595333,0
12057,1,0.9986705780029297,1
12058,1,0.9999995231628418,1
12059,1,0.9999921321868896,1
12060,1,0.9346327185630798,1
12061,1,0.9999430179595947,1
12062,1,0.9885426759719849,1
12063,0,0.15461723506450653,0
12064,1,0.999924898147583,1
12065,0,0.019659465178847313,0
12066,1,0.9934589266777039,1
12067,0,0.006187193561345339,0
12068,0,0.010700332932174206,0
12069,0,0.6109293699264526,1
12070,0,0.6694397926330566,1
12071,1,0.6195732355117798,1
12072,0,0.0011174204992130399,0
12073,1,0.9996808767318726,1
12074,1,0.9940207600593567,1
12075,0,0.3129854202270508,0
12076,0,0.00063443707767874,0
12077,1,0.40679919719696045,0
12078,0,1.0494769639990409e-06,0
12079,1,0.9896842241287231,1
12080,0,2.591632255644072e-05,0
12081,1,0.9997274279594421,1
12082,0,0.3152167499065399,0
12083,0,0.005078157410025597,0
12084,0,0.08949930220842361,0
12085,1,0.09516159445047379,0
12086,1,0.9999995231628418,1
12087,1,0.9226747155189514,1
12088,0,0.0004978845827281475,0
12089,0,0.016634007915854454,0
12090,0,9.078925131689175e-07,0
12091,1,0.9982498288154602,1
12092,1,0.9965943694114685,1
12093,1,0.9535133242607117,1
12094,1,0.951482355594635,1
12095,0,0.025449685752391815,0
12096,0,1.5130473911995068e-05,0
12097,1,0.9988042116165161,1
12098,1,0.9993720650672913,1
12099,1,0.9340969324111938,1
12100,0,0.0004688575863838196,0
12101,0,0.0026288756635040045,0
12102,1,0.9999233484268188,1
12103,1,0.9999949932098389,1
12104,1,0.9978417158126831,1
12105,0,0.016693444922566414,0
12106,0,0.002120414050295949,0
12107,1,0.9999833106994629,1
12108,0,0.0016859519528225064,0
12109,0,0.001430608332157135,0
12110,0,0.4113917350769043,0
12111,0,0.0013319591525942087,0
12112,0,0.2633253037929535,0
12113,1,0.9953272342681885,1
12114,1,0.9999991655349731,1
12115,0,0.002341864164918661,0
12116,0,5.997274001856567e-06,0
12117,0,0.22347697615623474,0
12118,0,0.004310072865337133,0
12119,1,0.05425237491726875,0
12120,1,0.9801438450813293,1
12121,1,0.9999964237213135,1
12122,1,0.9994240999221802,1
12123,0,0.00047125364653766155,0
12124,0,0.12429066747426987,0
12125,1,0.9999994039535522,1
12126,1,0.9999985694885254,1
12127,0,0.011965651996433735,0
12128,1,0.16669048368930817,0
12129,0,0.17802879214286804,0
12130,1,0.9999995231628418,1
12131,1,0.9993088245391846,1
12132,1,0.9979044198989868,1
12133,0,0.00019051411072723567,0
12134,1,0.9992819428443909,1
12135,1,0.9955768585205078,1
12136,0,0.0030279934871941805,0
12137,0,0.9511839151382446,1
12138,0,0.0009692568564787507,0
12139,1,0.9890648126602173,1
12140,1,0.9989339709281921,1
12141,0,0.06886275857686996,0
12142,0,0.00021406526502687484,0
12143,0,0.000938874261919409,0
12144,0,2.543555456213653e-05,0
12145,1,0.9989563226699829,1
12146,0,0.0014884879346936941,0
12147,0,0.0014547054888680577,0
12148,1,0.9996317625045776,1
12149,0,0.0019142531091347337,0
12150,1,0.9550139904022217,1
12151,1,0.9964937567710876,1
12152,0,0.024949759244918823,0
12153,0,0.0003501213504932821,0
12154,1,0.9684754610061646,1
12155,1,0.9992377758026123,1
12156,1,0.9999996423721313,1
12157,1,0.7920205593109131,1
12158,1,0.9947575330734253,1
12159,1,0.9209384322166443,1
12160,0,0.01460497360676527,0
12161,1,0.6981786489486694,1
12162,0,2.402161044301465e-06,0
12163,0,4.163935500400839e-06,0
12164,1,0.9416503310203552,1
12165,0,0.0001982807880267501,0
12166,0,0.00688464380800724,0
12167,0,0.00011720566544681787,0
12168,1,0.9840844869613647,1
12169,1,0.99974125623703,1
12170,1,0.9976775050163269,1
12171,0,0.001424869755282998,0
12172,0,6.514336564578116e-05,0
12173,0,0.004394223913550377,0
12174,1,0.99216628074646,1
12175,0,0.004918816965073347,0
12176,0,0.042469579726457596,0
12177,0,0.013805761933326721,0
12178,0,0.10960029065608978,0
12179,0,0.9005948901176453,1
12180,1,0.9998038411140442,1
12181,0,0.0001029968771035783,0
12182,1,0.9851330518722534,1
12183,1,0.9438775777816772,1
12184,0,0.0070919375866651535,0
12185,0,0.008756167255342007,0
12186,0,0.04902320355176926,0
12187,1,0.9998961687088013,1
12188,1,0.9999997615814209,1
12189,0,0.1413200944662094,0
12190,1,0.999962568283081,1
12191,0,0.0006847786135040224,0
12192,1,0.9984299540519714,1
12193,0,0.0003868660132866353,0
12194,0,0.048609260469675064,0
12195,1,0.9999963045120239,1
12196,0,0.0010701764840632677,0
12197,1,0.9999982118606567,1
12198,0,0.03713691234588623,0
12199,1,0.9992877840995789,1
12200,0,0.022952498868107796,0
12201,1,0.9999121427536011,1
12202,1,0.990644097328186,1
12203,1,0.9991458654403687,1
12204,1,0.9997735619544983,1
12205,1,0.7548535466194153,1
12206,0,0.040116168558597565,0
12207,0,0.07812930643558502,0
12208,1,0.9997672438621521,1
12209,0,0.03472756966948509,0
12210,0,0.0008441274403594434,0
12211,0,0.8143805265426636,1
12212,1,0.9586208462715149,1
12213,0,0.0025386177003383636,0
12214,0,0.2714768648147583,0
12215,1,0.9447101950645447,1
12216,0,0.00040824312600307167,0
12217,0,0.0001372484548483044,0
12218,0,0.00016565591795369983,0
12219,0,0.0034750127233564854,0
12220,0,0.00029813803848810494,0
12221,0,0.0008104572771117091,0
12222,1,0.9877013564109802,1
12223,0,0.6427092552185059,1
12224,1,0.9955859184265137,1
12225,1,0.9998736381530762,1
12226,1,0.8996450304985046,1
12227,1,0.9996321201324463,1
12228,0,4.8633555707056075e-06,0
12229,1,0.9999711513519287,1
12230,1,0.999874472618103,1
12231,1,0.639620840549469,1
12232,0,0.011839534156024456,0
12233,1,0.8465962409973145,1
12234,0,0.027814112603664398,0
12235,1,0.9870965480804443,1
12236,1,0.6527569890022278,1
12237,1,0.9796696901321411,1
12238,1,0.9994397759437561,1
12239,0,0.019100191071629524,0
12240,1,0.9999948740005493,1
12241,1,0.13741233944892883,0
12242,1,0.9999798536300659,1
12243,0,0.009754211641848087,0
12244,0,0.08235884457826614,0
12245,0,0.033588383346796036,0
12246,0,0.14215593039989471,0
12247,1,0.995808482170105,1
12248,1,0.9992600083351135,1
12249,1,0.5639333724975586,1
12250,1,0.9914724230766296,1
12251,0,0.000492226448841393,0
12252,0,1.780513957783114e-05,0
12253,0,0.0002976149262394756,0
12254,0,6.710715388180688e-05,0
12255,0,0.8408857583999634,1
12256,1,0.9977411031723022,1
12257,1,0.9446372389793396,1
12258,0,0.0005372917512431741,0
12259,0,0.03857043385505676,0
12260,1,0.7874810695648193,1
12261,1,0.5564982295036316,1
12262,1,0.43314313888549805,0
12263,1,0.999896764755249,1
12264,1,0.8654170632362366,1
12265,0,0.0032982751727104187,0
12266,1,0.9898620843887329,1
12267,0,0.0103008933365345,0
12268,1,0.9999881982803345,1
12269,1,0.9920468330383301,1
12270,0,0.01885865069925785,0
12271,0,0.3843972682952881,0
12272,0,0.7409746646881104,1
12273,0,0.7784473896026611,1
12274,0,0.0028937743045389652,0
12275,1,0.9992861151695251,1
12276,1,0.0099824583157897,0
12277,0,0.0028310285415500402,0
12278,1,0.9986599683761597,1
12279,0,0.00016017394955269992,0
12280,0,0.10493654012680054,0
12281,1,0.9578704833984375,1
12282,0,0.0034843049943447113,0
12283,1,0.9845961928367615,1
12284,0,0.00861490797251463,0
12285,1,0.9007083177566528,1
12286,1,0.9832026362419128,1
12287,0,0.00017294796998612583,0
12288,1,0.9493716359138489,1
12289,0,0.6355372667312622,1
12290,0,0.7488611936569214,1
12291,1,0.9999797344207764,1
12292,0,0.00047924628597684205,0
12293,0,1.1914928109035827e-05,0
12294,0,0.7213032841682434,1
12295,1,0.5393766164779663,1
12296,0,0.7869990468025208,1
12297,0,0.0016226881416514516,0
12298,1,0.9999938011169434,1
12299,1,0.9994785189628601,1
12300,1,0.9999948740005493,1
12301,1,0.9999986886978149,1
12302,1,0.9999847412109375,1
12303,1,0.9604248404502869,1
12304,0,0.027055736631155014,0
12305,1,0.9997820258140564,1
12306,0,0.060693901032209396,0
12307,0,0.0006160326302051544,0
12308,0,0.1592307984828949,0
12309,0,2.2799409634899348e-05,0
12310,0,5.3826497605768964e-05,0
12311,0,0.7412723302841187,1
12312,1,0.906764805316925,1
12313,1,0.9993864297866821,1
12314,0,0.004699968732893467,0
12315,1,0.9950501322746277,1
12316,0,0.044832874089479446,0
12317,1,0.9987488985061646,1
12318,0,2.5785726620597416e-07,0
12319,1,0.9990617632865906,1
12320,1,0.9668161273002625,1
12321,0,9.878249693429098e-05,0
12322,0,1.292434535571374e-05,0
12323,0,0.06454804539680481,0
12324,1,0.9998549222946167,1
12325,0,0.7383887767791748,1
12326,0,0.007459206506609917,0
12327,1,0.8581956028938293,1
12328,1,0.9985552430152893,1
12329,1,0.9989756345748901,1
12330,0,0.0035695626866072416,0
12331,0,0.33071014285087585,0
12332,0,0.0002475357032380998,0
12333,1,0.9992234706878662,1
12334,0,0.0168015044182539,0
12335,0,0.07556558400392532,0
12336,1,0.9934213757514954,1
12337,0,0.0004592417390085757,0
12338,0,0.05980963259935379,0
12339,1,0.9971562623977661,1
12340,1,0.9488081932067871,1
12341,1,0.5793539881706238,1
12342,1,0.9998970031738281,1
12343,1,0.9995125532150269,1
12344,0,0.031034080311655998,0
12345,0,0.12876249849796295,0
12346,0,0.044723059982061386,0
12347,0,0.0008245233912020922,0
12348,0,0.000308638351270929,0
12349,1,0.9969815611839294,1
12350,0,0.018805205821990967,0
12351,0,2.222528337370022e-06,0
12352,0,9.250045877706725e-06,0
12353,1,1.0,1
12354,0,0.010032732971012592,0
12355,0,7.926500256871805e-05,0
12356,1,0.9881709814071655,1
12357,0,0.0005257431766949594,0
12358,0,0.0002404765982646495,0
12359,1,0.9976019263267517,1
12360,1,0.9874956011772156,1
12361,1,0.9999963045120239,1
12362,1,0.9197807312011719,1
12363,0,2.872183586077881e-06,0
12364,0,0.00376204214990139,0
12365,0,0.01809382066130638,0
12366,1,0.9977789521217346,1
12367,0,5.906271326239221e-05,0
12368,0,0.9407417178153992,1
12369,0,0.3487851917743683,0
12370,1,1.0,1
12371,1,0.9986733198165894,1
12372,1,0.9996065497398376,1
12373,1,0.9998950958251953,1
12374,0,0.262298583984375,0
12375,0,2.5174615075229667e-05,0
12376,1,0.9961179494857788,1
12377,0,0.021490752696990967,0
12378,1,0.958172082901001,1
12379,0,0.8518667817115784,1
12380,0,8.929158502724022e-05,0
12381,0,0.2755327522754669,0
12382,0,0.034994691610336304,0
12383,0,7.50293766031973e-05,0
12384,0,0.0016676108352839947,0
12385,0,0.09084022790193558,0
12386,1,0.972676157951355,1
12387,1,0.9999988079071045,1
12388,1,0.9997519850730896,1
12389,0,0.026017935946583748,0
12390,0,1.1688744194771061e-07,0
12391,1,0.2917112112045288,0
12392,0,0.07535364478826523,0
12393,1,0.9999921321868896,1
12394,0,0.0005090400227345526,0
12395,1,0.9991466999053955,1
12396,1,0.8320181369781494,1
12397,1,0.9998878240585327,1
12398,1,0.9992108345031738,1
12399,0,0.001038757269270718,0
12400,0,0.006816742476075888,0
12401,1,0.9979427456855774,1
12402,0,0.003439461812376976,0
12403,1,0.9238753318786621,1
12404,0,0.0005433415062725544,0
12405,1,0.9999958276748657,1
12406,0,0.01709296740591526,0
12407,0,0.32095733284950256,0
12408,1,0.9948964715003967,1
12409,1,0.9857099056243896,1
12410,0,0.00024546682834625244,0
12411,0,0.0007689078338444233,0
12412,0,0.011200505308806896,0
12413,0,0.011612380854785442,0
12414,0,7.300729521375615e-06,0
12415,0,0.01717953570187092,0
12416,1,0.9989157915115356,1
12417,1,0.07388193160295486,0
12418,1,0.9305157661437988,1
12419,1,0.9999972581863403,1
12420,1,0.997464656829834,1
12421,1,0.999380350112915,1
12422,1,0.9999749660491943,1
12423,0,0.000195988395716995,0
12424,0,0.00023134845832828432,0
12425,0,0.010778962634503841,0
12426,0,0.15186558663845062,0
12427,0,0.006329974625259638,0
12428,0,1.8990431271959096e-05,0
12429,1,0.9998770952224731,1
12430,1,0.46591946482658386,0
12431,1,0.999789297580719,1
12432,0,0.0006405681488104165,0
12433,0,0.08116666972637177,0
12434,1,0.9999232292175293,1
12435,1,0.8143938183784485,1
12436,0,0.0034212060272693634,0
12437,1,0.8752986192703247,1
12438,1,0.9982374906539917,1
12439,0,0.0003096722939517349,0
12440,0,0.035275883972644806,0
12441,1,0.9995444416999817,1
12442,1,0.9929168224334717,1
12443,1,0.9932515025138855,1
12444,1,0.9997298121452332,1
12445,0,0.8410272002220154,1
12446,1,0.9951891899108887,1
12447,1,0.9999858140945435,1
12448,0,6.163826037663966e-05,0
12449,1,0.9991293549537659,1
12450,1,0.8147327899932861,1
12451,0,0.6454001069068909,1
12452,0,0.034881841391325,0
12453,0,0.006700386758893728,0
12454,0,0.0007803571061231196,0
12455,1,0.9984921216964722,1
12456,1,0.9977904558181763,1
12457,1,0.999510645866394,1
12458,0,0.06696201860904694,0
12459,1,0.9997140765190125,1
12460,0,0.07007118314504623,0
12461,1,0.9998892545700073,1
12462,1,0.9896115064620972,1
12463,1,0.9952163696289062,1
12464,0,0.00010609680612105876,0
12465,0,0.000836140476167202,0
12466,0,0.04148607328534126,0
12467,0,0.040057260543107986,0
12468,1,0.9945942759513855,1
12469,1,0.9998736381530762,1
12470,1,0.9949581027030945,1
12471,1,0.8343915343284607,1
12472,1,0.9993438124656677,1
12473,1,0.9999902248382568,1
12474,1,0.8893742561340332,1
12475,0,0.6547021269798279,1
12476,0,0.00029510000604204834,0
12477,0,0.0012840703129768372,0
12478,0,0.04986510053277016,0
12479,0,0.018081553280353546,0
12480,0,0.022292830049991608,0
12481,1,0.5443137884140015,1
12482,0,0.19484342634677887,0
12483,0,0.02037769928574562,0
12484,1,0.9999945163726807,1
12485,1,0.9995012283325195,1
12486,0,8.96834462764673e-05,0
12487,1,0.9999740123748779,1
12488,1,0.7644743919372559,1
12489,0,0.3954140245914459,0
12490,0,0.007820649072527885,0
12491,1,0.9996976852416992,1
12492,0,0.0036190415266901255,0
12493,0,0.04524841532111168,0
12494,1,0.9433367848396301,1
12495,0,0.0910785123705864,0
12496,0,0.004802299197763205,0
12497,1,0.9945574998855591,1
12498,1,0.999927282333374,1
12499,1,0.9683375954627991,1
12500,1,0.9994218349456787,1
12501,0,0.021788030862808228,0
12502,0,9.205952665070072e-05,0
12503,1,0.9997484087944031,1
12504,1,0.998117208480835,1
12505,0,3.745820504263975e-05,0
12506,1,0.9826425313949585,1
12507,0,0.007139594294130802,0
12508,0,0.00142270780634135,0
12509,0,0.028139807283878326,0
12510,0,0.0016407952643930912,0
12511,1,0.9558420181274414,1
12512,0,0.00034097599564120173,0
12513,0,0.0009471348021179438,0
12514,1,0.9956653714179993,1
12515,0,0.03831583261489868,0
12516,0,0.008266131393611431,0
12517,0,1.5294044715119526e-05,0
12518,0,0.0005884026177227497,0
12519,0,0.8609837889671326,1
12520,1,0.999940037727356,1
12521,1,0.9249110221862793,1
12522,0,0.002001688349992037,0
12523,1,0.999193012714386,1
12524,0,0.3659529387950897,0
12525,0,4.0277838706970215e-05,0
12526,0,0.010872344486415386,0
12527,0,2.207085708505474e-05,0
12528,1,0.9829725623130798,1
12529,0,6.091960585763445e-06,0
12530,0,3.859892240143381e-05,0
12531,0,0.8455958962440491,1
12532,1,0.9999246597290039,1
12533,0,0.09817430377006531,0
12534,1,0.9957072138786316,1
12535,0,0.001629370148293674,0
12536,0,1.706727380224038e-05,0
12537,1,0.9996294975280762,1
12538,0,3.1676918297307566e-06,0
12539,1,0.9999948740005493,1
12540,0,0.0009263472747988999,0
12541,0,0.8264910578727722,1
12542,1,0.9999994039535522,1
12543,0,0.003539695404469967,0
12544,0,2.346556357224472e-05,0
12545,0,0.002114942530170083,0
12546,1,0.9999653100967407,1
12547,0,0.0008233613334596157,0
12548,1,0.9823837280273438,1
12549,1,0.9997331500053406,1
12550,1,0.9999550580978394,1
12551,1,0.9947313070297241,1
12552,0,0.18295417726039886,0
12553,0,0.007454152684658766,0
12554,1,0.9999837875366211,1
12555,0,8.2082835433539e-05,0
12556,1,0.7735666036605835,1
12557,1,0.947356641292572,1
12558,1,0.9033589363098145,1
12559,1,0.9999648332595825,1
12560,1,0.9894718527793884,1
12561,1,0.9251744151115417,1
12562,0,0.0572114996612072,0
12563,0,0.00048328444245271385,0
12564,1,0.9790666699409485,1
12565,0,1.186942699860083e-05,0
12566,1,0.9993709921836853,1
12567,0,0.7288335561752319,1
12568,0,0.00425884360447526,0
12569,0,0.002854331862181425,0
12570,1,0.640674352645874,1
12571,0,0.0003074380801990628,0
12572,1,0.9837110638618469,1
12573,0,0.08121969550848007,0
12574,1,0.9711861610412598,1
12575,0,0.0008882009424269199,0
12576,1,0.9999943971633911,1
12577,0,0.04735554754734039,0
12578,1,0.648474931716919,1
12579,1,0.9998855590820312,1
12580,0,0.6165505647659302,1
12581,0,0.00569346034899354,0
12582,0,0.00014399969950318336,0
12583,0,0.03289582580327988,0
12584,0,7.239718252094463e-05,0
12585,0,0.0030276321340352297,0
12586,0,0.00017843047680798918,0
12587,1,0.9989124536514282,1
12588,1,0.9999860525131226,1
12589,1,0.9792479276657104,1
12590,1,0.9965226650238037,1
12591,1,0.996411144733429,1
12592,0,0.00023526947188656777,0
12593,1,0.9997819066047668,1
12594,1,0.9999903440475464,1
12595,1,0.9998373985290527,1
12596,0,1.1483663001854438e-05,0
12597,0,0.32415419816970825,0
12598,1,0.9997240900993347,1
12599,0,2.206210047006607e-05,0
12600,0,1.3835906429449096e-05,0
12601,1,0.934848964214325,1
12602,1,0.9999724626541138,1
12603,1,0.9999672174453735,1
12604,1,0.9996951818466187,1
12605,0,0.028447004035115242,0
12606,0,4.8966558097163215e-05,0
12607,1,0.9984787106513977,1
12608,1,0.999810516834259,1
12609,1,0.9998903274536133,1
12610,1,0.5470299124717712,1
12611,0,0.00502242473885417,0
12612,0,0.0009911442175507545,0
12613,1,0.8164781332015991,1
12614,1,0.8372520804405212,1
12615,0,0.027921687811613083,0
12616,1,0.9977133274078369,1
12617,1,0.7721731662750244,1
12618,1,0.9989125728607178,1
12619,0,0.0008677808218635619,0
12620,0,0.0076575507409870625,0
12621,0,0.04530133306980133,0
12622,0,0.0049826595932245255,0
12623,1,0.9951781034469604,1
12624,1,0.9999856948852539,1
12625,0,0.9668540954589844,1
12626,0,1.8706825358094648e-05,0
12627,0,5.191272066440433e-06,0
12628,0,0.07362906634807587,0
12629,1,0.9997144341468811,1
12630,0,0.0005322669167071581,0
12631,1,0.9993239641189575,1
12632,1,0.995618462562561,1
12633,0,0.00023675170086789876,0
12634,0,0.6192944049835205,1
12635,1,0.9992103576660156,1
12636,0,0.0012335828505456448,0
12637,1,0.9999233484268188,1
12638,1,0.9985017776489258,1
12639,0,0.15411277115345,0
12640,0,2.8763117825292284e-06,0
12641,1,0.9790128469467163,1
12642,0,0.11027204245328903,0
12643,1,0.9899078607559204,1
12644,1,0.9993152618408203,1
12645,1,0.9956868290901184,1
12646,1,0.9999696016311646,1
12647,0,0.00041731417877599597,0
12648,0,0.06504245847463608,0
12649,0,0.012211387045681477,0
12650,1,0.9951432943344116,1
12651,1,0.9999992847442627,1
12652,0,0.01710445061326027,0
12653,1,0.9999381303787231,1
12654,0,0.6152132749557495,1
12655,0,0.0009373030043207109,0
12656,0,0.0018951930105686188,0
12657,1,0.9996002316474915,1
12658,0,0.038308024406433105,0
12659,1,0.9999978542327881,1
12660,0,0.002969877328723669,0
12661,0,0.8232508301734924,1
12662,1,0.9999110698699951,1
12663,0,0.011934690177440643,0
12664,0,0.012439802289009094,0
12665,1,0.8179981112480164,1
12666,0,1.762180545483716e-05,0
12667,0,0.10517720133066177,0
12668,0,0.00020112705533392727,0
12669,1,0.8116447329521179,1
12670,1,0.9961088299751282,1
12671,1,0.9999967813491821,1
12672,0,0.0001849980471888557,0
12673,0,0.0008559577399864793,0
12674,1,0.8176479935646057,1
12675,0,0.025678036734461784,0
12676,1,0.993528425693512,1
12677,0,0.46257346868515015,0
12678,1,0.9930652379989624,1
12679,0,5.403504110290669e-05,0
12680,0,0.08461666107177734,0
12681,0,0.42512625455856323,0
12682,0,0.0311464574187994,0
12683,1,0.9438872337341309,1
12684,1,0.9854972958564758,1
12685,0,0.000885526358615607,0
12686,1,0.9999291896820068,1
12687,1,0.9999903440475464,1
12688,0,0.0076918103732168674,0
12689,0,0.00044747896026819944,0
12690,0,0.8893902897834778,1
12691,1,0.9999874830245972,1
12692,1,0.9991051554679871,1
12693,0,0.0007822262123227119,0
12694,0,0.2025575488805771,0
12695,0,0.056695856153964996,0
12696,1,0.9998248219490051,1
12697,0,0.06449703872203827,0
12698,1,0.9982410669326782,1
12699,1,0.9641255736351013,1
12700,0,8.046079892665148e-05,0
12701,0,0.01574786752462387,0
12702,0,0.3379339873790741,0
12703,1,0.8031129837036133,1
12704,1,0.9921018481254578,1
12705,1,0.8979315161705017,1
12706,0,0.02438095211982727,0
12707,1,0.9995917677879333,1
12708,0,0.009797180071473122,0
12709,1,0.9971304535865784,1
12710,1,0.9999802112579346,1
12711,1,0.9998579025268555,1
12712,1,0.9999960660934448,1
12713,1,0.980449914932251,1
12714,0,0.3708312511444092,0
12715,1,0.027186548337340355,0
12716,0,0.00353986700065434,0
12717,0,0.11001309007406235,0
12718,0,6.024128379067406e-05,0
12719,1,0.8886324763298035,1
12720,1,0.9999982118606567,1
12721,0,0.9527325630187988,1
12722,0,0.08412206918001175,0
12723,1,0.9799526333808899,1
12724,1,0.9998244643211365,1
12725,0,0.003843383863568306,0
12726,1,0.9795305132865906,1
12727,1,0.9141109585762024,1
12728,1,0.9972225427627563,1
12729,0,0.0010271070059388876,0
12730,0,0.0004691421636380255,0
12731,1,0.9999483823776245,1
12732,0,0.045667294412851334,0
12733,0,0.0025575964245945215,0
12734,1,0.9997014403343201,1
12735,1,0.9999096393585205,1
12736,0,0.006403469480574131,0
12737,0,0.0005394593463279307,0
12738,0,0.04276007413864136,0
12739,0,0.000672963447868824,0
12740,0,0.0043433960527181625,0
12741,1,0.9971910119056702,1
12742,1,0.999985933303833,1
12743,0,0.0011255806311964989,0
12744,0,0.0029247470665723085,0
12745,0,0.001464029774069786,0
12746,1,0.9883673787117004,1
12747,0,0.00030634235008619726,0
12748,0,0.0034755640663206577,0
12749,0,6.138678872957826e-05,0
12750,0,0.12118583917617798,0
12751,0,8.029141463339329e-05,0
12752,1,0.9999724626541138,1
12753,0,0.03723538666963577,0
12754,0,0.012341772206127644,0
12755,0,0.00034550082636997104,0
12756,0,0.7380237579345703,1
12757,1,0.9999487400054932,1
12758,1,0.9999996423721313,1
12759,1,0.9979574680328369,1
12760,1,0.995512068271637,1
12761,1,0.9993191957473755,1
12762,1,0.9999988079071045,1
12763,1,0.999825656414032,1
12764,0,5.158409294381272e-06,0
12765,0,0.00010947309056064114,0
12766,0,1.78624704858521e-05,0
12767,1,0.9988849759101868,1
12768,0,0.00032479019137099385,0
12769,0,1.5383904610644095e-05,0
12770,0,0.005770386662334204,0
12771,0,0.7392577528953552,1
12772,0,0.013142503798007965,0
12773,0,0.0017223352333530784,0
12774,1,0.9198744893074036,1
12775,0,0.05864596366882324,0
12776,0,0.09539630264043808,0
12777,0,0.00023581429559271783,0
12778,1,0.9999995231628418,1
12779,1,0.9997188448905945,1
12780,1,0.9917216897010803,1
12781,1,0.9948148131370544,1
12782,0,7.457842002622783e-05,0
12783,0,0.15602436661720276,0
12784,0,0.9480757117271423,1
12785,1,0.3480728268623352,0
12786,0,0.1923711895942688,0
12787,0,0.0663960799574852,0
12788,0,0.1637917011976242,0
12789,0,0.01808983087539673,0
12790,1,0.9999951124191284,1
12791,0,0.00359078636392951,0
12792,0,0.001078412402421236,0
12793,1,0.9857651591300964,1
12794,0,0.3951299786567688,0
12795,0,0.4082062840461731,0
12796,0,0.0025491926353424788,0
12797,0,0.00262846308760345,0
12798,1,0.9979242086410522,1
12799,1,0.967638373374939,1
12800,0,0.00010450859554111958,0
12801,1,0.9999148845672607,1
12802,0,0.09245292842388153,0
12803,0,0.027852678671479225,0
12804,1,0.9999924898147583,1
12805,0,3.1107663289731136e-06,0
12806,0,0.014133650809526443,0
12807,1,0.7204715013504028,1
12808,0,0.5017698407173157,1
12809,1,0.9966995120048523,1
12810,1,0.9963204860687256,1
12811,0,0.0009748784359544516,0
12812,0,0.0028952413704246283,0
12813,1,0.9994358420372009,1
12814,1,0.9990034699440002,1
12815,1,0.9999145269393921,1
12816,0,0.02363523282110691,0
12817,1,0.9969428181648254,1
12818,1,0.9999784231185913,1
12819,0,0.0028250671457499266,0
12820,0,0.09116308391094208,0
12821,0,0.28566861152648926,0
12822,1,0.9955831170082092,1
12823,0,0.0016199150122702122,0
12824,1,0.9693197011947632,1
12825,0,0.012385756708681583,0
12826,0,0.01838107779622078,0
12827,0,0.19525422155857086,0
12828,1,0.9866213798522949,1
12829,0,0.7698116302490234,1
12830,0,0.004643176682293415,0
12831,1,0.9999687671661377,1
12832,0,0.0635765790939331,0
12833,1,0.9999978542327881,1
12834,1,0.04322078078985214,0
12835,0,0.00046253061736933887,0
12836,1,0.9912376999855042,1
12837,0,0.8100336194038391,1
12838,0,1.1230298696318641e-05,0
12839,1,0.9998730421066284,1
12840,1,0.9669238924980164,1
12841,1,0.9999967813491821,1
12842,0,0.12666942179203033,0
12843,1,0.4738070070743561,0
12844,0,0.11750315129756927,0
12845,1,0.9994592070579529,1
12846,0,0.1256212741136551,0
12847,0,1.1581468243093695e-05,0
12848,0,5.404191597335739e-06,0
12849,1,0.9989618062973022,1
12850,0,0.0031918822787702084,0
12851,1,0.999984860420227,1
12852,1,0.9999938011169434,1
12853,1,0.9997032284736633,1
12854,0,4.604977948474698e-05,0
12855,0,0.0011126672616228461,0
12856,1,0.9999032020568848,1
12857,0,0.7378552556037903,1
12858,0,0.0010435087606310844,0
12859,1,0.9999854564666748,1
12860,0,0.00017714669229462743,0
12861,1,0.9937101602554321,1
12862,0,0.004669399932026863,0
12863,1,0.9014270305633545,1
12864,0,0.035316310822963715,0
12865,1,0.9698812961578369,1
12866,0,0.0008586567128077149,0
12867,0,0.004243218805640936,0
12868,0,0.020449478179216385,0
12869,0,5.641790721711004e-06,0
12870,1,0.42906454205513,0
12871,0,0.003202833468094468,0
12872,1,0.9972785115242004,1
12873,1,0.9066699147224426,1
12874,1,0.9553806185722351,1
12875,0,0.13012072443962097,0
12876,0,0.0014920562971383333,0
12877,1,0.9988806843757629,1
12878,0,0.00022801548766437918,0
12879,1,0.9951618313789368,1
12880,1,0.9558390378952026,1
12881,1,0.5664240717887878,1
12882,0,0.04299548268318176,0
12883,0,0.01485994178801775,0
12884,0,7.0804809126912e-08,0
12885,0,4.482006988837384e-05,0
12886,1,0.9976062774658203,1
12887,0,0.00041434986633248627,0
12888,0,0.014568353071808815,0
12889,0,0.9940844178199768,1
12890,0,0.010573736391961575,0
12891,0,0.37819814682006836,0
12892,0,2.458840299368603e-06,0
12893,1,0.9970687031745911,1
12894,0,0.059525568038225174,0
12895,1,0.6252020001411438,1
12896,1,0.998245120048523,1
12897,1,0.9663088321685791,1
12898,1,0.9988477230072021,1
12899,0,0.10135847330093384,0
12900,0,0.0012304584961384535,0
12901,1,0.9366926550865173,1
12902,1,0.9330969452857971,1
12903,0,0.02577187679708004,0
12904,1,0.9978888630867004,1
12905,0,0.0016611344181001186,0
12906,0,0.0007512197480536997,0
12907,1,0.8446618318557739,1
12908,1,0.9903166890144348,1
12909,0,0.0016423332272097468,0
12910,0,0.7243658900260925,1
12911,1,0.09620411694049835,0
12912,1,0.9753292798995972,1
12913,1,0.9997671246528625,1
12914,0,0.0001411456905771047,0
12915,1,0.9997065663337708,1
12916,1,0.9997472167015076,1
12917,0,0.12115338444709778,0
12918,0,0.014819196425378323,0
12919,1,0.9913204312324524,1
12920,0,0.09897849708795547,0
12921,1,0.9999262094497681,1
12922,1,0.9841529726982117,1
12923,1,0.993966281414032,1
12924,1,0.9999961853027344,1
12925,0,0.008138584904372692,0
12926,1,0.9914280772209167,1
12927,0,5.302064528223127e-05,0
12928,1,0.11901538819074631,0
12929,1,0.9912735819816589,1
12930,1,0.9999898672103882,1
12931,1,0.9588203430175781,1
12932,1,0.9999998807907104,1
12933,1,0.049677520990371704,0
12934,0,8.973015610536095e-06,0
12935,1,0.95717453956604,1
12936,1,0.9999381303787231,1
12937,0,0.0010374897392466664,0
12938,0,0.0007236727396957576,0
12939,0,0.00042938647675327957,0
12940,0,0.0011634666007012129,0
12941,1,0.9834708571434021,1
12942,1,0.9863206744194031,1
12943,1,0.8340845704078674,1
12944,1,0.9999854564666748,1
12945,1,0.8005597591400146,1
12946,1,0.997326135635376,1
12947,0,0.0005691492697224021,0
12948,1,0.9904834032058716,1
12949,0,0.0006940166931599379,0
12950,0,0.00022683887800667435,0
12951,0,0.007017943542450666,0
12952,1,0.9996021389961243,1
12953,0,0.09364426136016846,0
12954,1,0.9981558918952942,1
12955,0,3.3779315344872884e-06,0
12956,0,0.0018830435583367944,0
12957,1,0.9876562356948853,1
12958,0,0.00011811468721134588,0
12959,0,2.126678555214312e-05,0
12960,0,0.9351789951324463,1
12961,0,3.198867125320248e-05,0
12962,1,0.9997994303703308,1
12963,0,0.0009988510282710195,0
12964,1,0.9991137385368347,1
12965,1,0.9636412858963013,1
12966,1,0.9769412875175476,1
12967,0,0.00020984085858799517,0
12968,1,0.9910235404968262,1
12969,0,6.735347596986685e-06,0
12970,0,0.0038536605425179005,0
12971,1,0.9982927441596985,1
12972,0,0.01031598448753357,0
12973,1,0.9999990463256836,1
12974,1,0.9993292093276978,1
12975,0,0.0035857229959219694,0
12976,1,0.9999581575393677,1
12977,1,0.9371594786643982,1
12978,0,0.001113031874410808,0
12979,1,0.11853542923927307,0
12980,0,0.016354382038116455,0
12981,0,0.0007822634652256966,0
12982,0,0.0331716425716877,0
12983,0,0.0001533383911009878,0
12984,1,0.999996542930603,1
12985,0,0.026217687875032425,0
12986,1,0.9999501705169678,1
12987,1,0.9999064207077026,1
12988,1,0.9961322546005249,1
12989,0,0.29422736167907715,0
12990,1,0.9953761100769043,1
12991,0,0.05694671347737312,0
12992,0,0.06551814824342728,0
12993,0,0.0184194166213274,0
12994,1,0.9808177947998047,1
12995,1,0.9996562004089355,1
12996,1,0.994222104549408,1
12997,0,0.026144463568925858,0
12998,0,0.023112695664167404,0
12999,0,0.010022210888564587,0
13000,1,0.983082115650177,1
13001,1,0.9995971322059631,1
13002,1,0.9988625049591064,1
13003,1,0.9999040365219116,1
13004,0,0.40423551201820374,0
13005,1,0.9999935626983643,1
13006,0,0.4826749563217163,0
13007,0,1.660823545535095e-05,0
13008,1,0.9976450800895691,1
13009,1,0.9996205568313599,1
13010,1,0.9999791383743286,1
13011,1,0.9999128580093384,1
13012,0,0.000792640377767384,0
13013,0,0.0004273567465133965,0
13014,1,0.4578065276145935,0
13015,0,0.00011776761675719172,0
13016,0,0.02899475395679474,0
13017,0,0.09898136556148529,0
13018,0,0.010398098267614841,0
13019,1,0.9999567270278931,1
13020,0,0.12607580423355103,0
13021,1,0.9999101161956787,1
13022,1,0.9997852444648743,1
13023,0,0.011087886989116669,0
13024,0,0.00030700312345288694,0
13025,1,0.9903531670570374,1
13026,0,0.31785574555397034,0
13027,1,0.634023129940033,1
13028,0,0.001229693996720016,0
13029,1,0.9987393021583557,1
13030,1,0.9999781847000122,1
13031,1,0.9996392726898193,1
13032,1,0.9992569088935852,1
13033,1,0.9651506543159485,1
13034,0,0.00027971636154688895,0
13035,1,0.9975095987319946,1
13036,0,0.00010853105777641758,0
13037,0,0.0022228346206247807,0
13038,0,0.006752542685717344,0
13039,0,0.10835752636194229,0
13040,1,0.7966070175170898,1
13041,0,0.008033867925405502,0
13042,0,0.324265718460083,0
13043,1,0.9951111674308777,1
13044,0,0.03534889221191406,0
13045,0,0.5732163190841675,1
13046,1,0.9197211265563965,1
13047,0,0.008945695124566555,0
13048,1,0.986992359161377,1
13049,1,0.6458856463432312,1
13050,0,0.010367966257035732,0
13051,0,0.020855603739619255,0
13052,1,0.9999618530273438,1
13053,1,0.9067441821098328,1
13054,0,0.1548251509666443,0
13055,1,0.9999419450759888,1
13056,1,0.9999996423721313,1
13057,0,0.010976092889904976,0
13058,1,0.9600747227668762,1
13059,0,0.03442918509244919,0
13060,0,0.004100548569113016,0
13061,0,0.23209016025066376,0
13062,0,4.314563193474896e-05,0
13063,0,0.013647184707224369,0
13064,1,0.9999524354934692,1
13065,0,6.0327689425321296e-05,0
13066,0,0.002521137474104762,0
13067,1,0.9999243021011353,1
13068,0,0.0015227579278871417,0
13069,0,0.00804983265697956,0
13070,1,0.9885672330856323,1
13071,1,0.9877832531929016,1
13072,0,0.029000401496887207,0
13073,1,0.9820085763931274,1
13074,1,0.9996058344841003,1
13075,0,0.5133316516876221,1
13076,0,0.009506101720035076,0
13077,0,0.0036257898900657892,0
13078,1,0.9999701976776123,1
13079,1,0.9146124720573425,1
13080,0,0.015890449285507202,0
13081,1,0.9992035031318665,1
13082,1,0.9924835562705994,1
13083,1,0.9950972199440002,1
13084,0,0.25948208570480347,0
13085,0,0.0006241207593120635,0
13086,0,0.006016251631081104,0
13087,0,0.24310775101184845,0
13088,0,8.76113772392273e-05,0
13089,0,0.9966509938240051,1
13090,0,0.007508974988013506,0
13091,0,0.010245705023407936,0
13092,1,0.9999911785125732,1
13093,1,0.9997362494468689,1
13094,1,0.21656085550785065,0
13095,0,0.023171713575720787,0
13096,0,0.7567855715751648,1
13097,1,0.9999611377716064,1
13098,1,0.9984652996063232,1
13099,1,0.9974446296691895,1
13100,0,0.0005817408091388643,0
13101,1,0.9996745586395264,1
13102,0,0.0018920584116131067,0
13103,0,0.015313693322241306,0
13104,1,0.998052716255188,1
13105,0,0.045650456100702286,0
13106,0,1.005886952043511e-05,0
13107,0,0.11756778508424759,0
13108,0,0.028574863448739052,0
13109,1,0.9999431371688843,1
13110,0,0.008149188943207264,0
13111,0,0.03782835602760315,0
13112,1,0.981532633304596,1
13113,1,0.9770809412002563,1
13114,1,0.9999977350234985,1
13115,0,1.0061939974548295e-06,0
13116,0,0.0036874390207231045,0
13117,0,0.0007214926299639046,0
13118,1,0.9988353848457336,1
13119,1,0.9895740151405334,1
13120,0,0.009046445600688457,0
13121,1,0.9998772144317627,1
13122,1,0.9987177848815918,1
13123,0,2.81693405668193e-06,0
13124,0,1.4925921277608722e-05,0
13125,0,0.055177222937345505,0
13126,0,0.0003087528166361153,0
13127,1,0.9997771382331848,1
13128,0,0.0008491954649798572,0
13129,1,0.9979971051216125,1
13130,0,0.0029649140778928995,0
13131,0,1.5958681842676015e-06,0
13132,0,1.3909923382016132e-06,0
13133,0,0.00012421031715348363,0
13134,1,0.9998948574066162,1
13135,0,0.9129700660705566,1
13136,1,0.8473895192146301,1
13137,0,0.0005568406777456403,0
13138,1,0.999904990196228,1
13139,1,0.9995365142822266,1
13140,0,0.003622847143560648,0
13141,1,0.9981032609939575,1
13142,1,0.9999821186065674,1
13143,0,0.00039436970837414265,0
13144,0,0.00037641284870915115,0
13145,1,0.9994126558303833,1
13146,1,0.9954138994216919,1
13147,0,0.8824305534362793,1
13148,0,0.006298246793448925,0
13149,0,0.3830673396587372,0
13150,1,0.995390772819519,1
13151,1,0.9972039461135864,1
13152,0,6.202754593687132e-05,0
13153,0,0.01884801685810089,0
13154,0,0.08835218101739883,0
13155,1,0.9970409274101257,1
13156,0,0.0006706543499603868,0
13157,0,0.001371767488308251,0
13158,0,0.001725117559544742,0
13159,1,0.9945612549781799,1
13160,0,0.00039226029184646904,0
13161,1,0.999294638633728,1
13162,1,0.9984233379364014,1
13163,1,0.9581040143966675,1
13164,0,0.0054869684390723705,0
13165,0,0.0007628338062204421,0
13166,0,0.0015063745668157935,0
13167,1,0.9983341097831726,1
13168,1,0.9999665021896362,1
13169,1,0.9999802112579346,1
13170,1,0.9996781349182129,1
13171,1,0.23255614936351776,0
13172,1,0.999040424823761,1
13173,1,0.9990394711494446,1
13174,1,0.9999927282333374,1
13175,1,0.9957107305526733,1
13176,1,0.9916587471961975,1
13177,1,0.9954875111579895,1
13178,1,0.9926315546035767,1
13179,1,0.9987103939056396,1
13180,1,0.9992341995239258,1
13181,1,0.8961150050163269,1
13182,0,0.005323335528373718,0
13183,0,1.1628971151367296e-05,0
13184,0,2.855929608358565e-07,0
13185,1,0.9999909400939941,1
13186,1,0.9999947547912598,1
13187,0,0.0006779271061532199,0
13188,1,0.9883793592453003,1
13189,0,0.0015937762800604105,0
13190,0,0.057769935578107834,0
13191,1,0.9994193315505981,1
13192,0,0.955367922782898,1
13193,1,0.8972240686416626,1
13194,1,0.9963885545730591,1
13195,1,0.9999831914901733,1
13196,1,0.9990323781967163,1
13197,1,0.9949977397918701,1
13198,1,0.9998644590377808,1
13199,0,0.00012302413233555853,0
13200,1,0.9999758005142212,1
13201,1,0.9999229907989502,1
13202,1,0.9999899864196777,1
13203,0,0.9024600386619568,1
13204,0,0.00019033563148695976,0
13205,0,0.0022864965721964836,0
13206,1,0.9498305320739746,1
13207,0,0.07667408138513565,0
13208,1,0.9825801253318787,1
13209,0,0.0009231001604348421,0
13210,0,0.0010607101721689105,0
13211,0,0.9923592209815979,1
13212,1,0.9999960660934448,1
13213,1,0.9652432799339294,1
13214,0,0.005897203925997019,0
13215,0,0.021129505708813667,0
13216,1,0.9990967512130737,1
13217,0,0.002053378149867058,0
13218,1,0.9730411171913147,1
13219,0,0.0025463558267802,0
13220,0,0.13015757501125336,0
13221,0,0.02048279158771038,0
13222,1,0.8536584377288818,1
13223,1,0.9999629259109497,1
13224,1,0.9990028738975525,1
13225,0,0.7194738388061523,1
13226,1,0.9999442100524902,1
13227,1,0.9993102550506592,1
13228,1,0.9999265670776367,1
13229,1,0.9789075255393982,1
13230,1,0.999991774559021,1
13231,0,3.680486770463176e-05,0
13232,1,0.9842615127563477,1
13233,1,0.9997090697288513,1
13234,1,0.8229519724845886,1
13235,1,0.9962849617004395,1
13236,1,0.8118844628334045,1
13237,0,0.0003263333928771317,0
13238,1,0.9811134338378906,1
13239,0,0.8864293694496155,1
13240,0,0.5020763874053955,1
13241,0,1.731510565150529e-05,0
13242,1,0.9998881816864014,1
13243,1,0.986430287361145,1
13244,1,0.9989111423492432,1
13245,1,0.9998025298118591,1
13246,0,0.004215765744447708,0
13247,1,0.9999943971633911,1
13248,1,0.9985646605491638,1
13249,0,0.00023344880901277065,0
13250,0,0.0002167249913327396,0
13251,0,0.00358721730299294,0
13252,1,0.9858192205429077,1
13253,0,5.439339361146267e-07,0
13254,0,0.000589995295740664,0
13255,0,2.6642771899787476e-06,0
13256,1,0.930705189704895,1
13257,0,0.015763115137815475,0
13258,0,0.0037654819898307323,0
13259,0,0.010640747845172882,0
13260,1,0.9980570673942566,1
13261,1,0.9617149829864502,1
13262,1,0.9977512955665588,1
13263,1,0.9999432563781738,1
13264,0,1.0502304576220922e-05,0
13265,1,0.8564040064811707,1
13266,0,0.16021430492401123,0
13267,1,0.9998929500579834,1
13268,0,0.5119938254356384,1
13269,1,0.9978383183479309,1
13270,1,0.9952432513237,1
13271,1,0.9999908208847046,1
13272,1,0.9997379183769226,1
13273,1,0.9883508682250977,1
13274,0,0.00040580908535048366,0
13275,0,0.00023150468769017607,0
13276,0,5.812712697661482e-05,0
13277,0,0.008700979873538017,0
13278,0,0.00364554557017982,0
13279,0,0.01603645831346512,0
13280,0,0.25312018394470215,0
13281,0,0.1654059886932373,0
13282,1,0.9999408721923828,1
13283,1,0.9989362359046936,1
13284,1,0.9685385227203369,1
13285,1,0.9995108842849731,1
13286,1,0.979121208190918,1
13287,0,9.437128028366715e-06,0
13288,0,0.16850851476192474,0
13289,1,0.9999823570251465,1
13290,1,0.9989700317382812,1
13291,1,0.9999905824661255,1
13292,0,0.034123267978429794,0
13293,1,0.999861478805542,1
13294,1,0.9544816613197327,1
13295,1,0.9972801208496094,1
13296,1,0.9979173541069031,1
13297,1,0.9999901056289673,1
13298,0,0.0024453983642160892,0
13299,0,0.00023678150319028646,0
13300,0,0.8929240703582764,1
13301,0,0.05730951949954033,0
13302,0,7.27671385902795e-06,0
13303,1,0.9950904846191406,1
13304,1,0.999671459197998,1
13305,0,0.0006105268839746714,0
13306,1,0.9989442229270935,1
13307,1,0.9193325638771057,1
13308,0,0.0008130187052302063,0
13309,0,0.04690155014395714,0
13310,0,0.009320520795881748,0
13311,1,0.9938101172447205,1
13312,1,0.9975872039794922,1
13313,1,0.9999282360076904,1
13314,1,0.9999982118606567,1
13315,1,0.7517436742782593,1
13316,1,0.9975430965423584,1
13317,1,0.9999788999557495,1
13318,1,0.849349319934845,1
13319,0,3.6722107576991903e-09,0
13320,0,0.012908929027616978,0
13321,0,0.0034953358117491007,0
13322,0,0.018531618639826775,0
13323,0,0.0007242971332743764,0
13324,0,0.0010890699923038483,0
13325,0,0.0011588686611503363,0
13326,0,0.003122391179203987,0
13327,0,6.174085137899965e-05,0
13328,1,0.9872581362724304,1
13329,1,0.9999377727508545,1
13330,1,0.9989112615585327,1
13331,1,0.9839293956756592,1
13332,1,0.9456692337989807,1
13333,0,2.3017129933577962e-05,0
13334,1,0.9999978542327881,1
13335,0,1.5594765500281937e-05,0
13336,1,0.993458092212677,1
13337,0,0.022354939952492714,0
13338,0,0.005195755511522293,0
13339,1,0.9998070597648621,1
13340,0,0.005268731154501438,0
13341,1,0.9999856948852539,1
13342,0,0.0001402018970111385,0
13343,1,0.938383162021637,1
13344,0,0.0012788439635187387,0
13345,1,0.9999587535858154,1
13346,1,0.9752525091171265,1
13347,0,0.0015932006062939763,0
13348,0,4.4804724893765524e-05,0
13349,1,0.09234804660081863,0
13350,0,0.09021759033203125,0
13351,0,0.0015521773602813482,0
13352,0,0.0003423418675083667,0
13353,1,0.9996622800827026,1
13354,1,0.9999973773956299,1
13355,1,0.9997460246086121,1
13356,1,0.8878445029258728,1
13357,0,0.01281676720827818,0
13358,0,4.31979941595273e-07,0
13359,1,0.9635615944862366,1
13360,1,0.9406906366348267,1
13361,1,0.9999303817749023,1
13362,1,0.8368062973022461,1
13363,1,0.9331376552581787,1
13364,1,0.9067440032958984,1
13365,1,0.9995976090431213,1
13366,0,4.224013537168503e-06,0
13367,1,0.974724292755127,1
13368,0,0.019869331270456314,0
13369,1,0.9945017099380493,1
13370,0,0.0015859984559938312,0
13371,1,0.9990341663360596,1
13372,1,0.9999761581420898,1
13373,0,0.007557774428278208,0
13374,1,0.9952861666679382,1
13375,1,0.9981358051300049,1
13376,1,0.9957435727119446,1
13377,0,0.0002960324636660516,0
13378,1,0.9950680732727051,1
13379,1,0.8085513710975647,1
13380,0,0.4972974956035614,0
13381,1,0.9991355538368225,1
13382,0,0.0003570999833755195,0
13383,1,0.9999382495880127,1
13384,0,0.0011302425991743803,0
13385,1,0.9999500513076782,1
13386,0,0.00096193264471367,0
13387,1,0.9928962588310242,1
13388,1,0.9991230368614197,1
13389,0,6.834349619566638e-07,0
13390,1,0.9999802112579346,1
13391,1,0.9875780940055847,1
13392,1,0.9999829530715942,1
13393,1,0.9999880790710449,1
13394,1,0.9820014834403992,1
13395,1,0.8217819333076477,1
13396,1,0.5346841216087341,1
13397,0,0.045364946126937866,0
13398,1,0.6690480709075928,1
13399,1,0.9998993873596191,1
13400,0,0.0002717589377425611,0
13401,1,0.9116008877754211,1
13402,1,0.9979758858680725,1
13403,1,0.9999440908432007,1
13404,1,0.9984869956970215,1
13405,1,0.9979472756385803,1
13406,0,0.02850811369717121,0
13407,0,0.013755510561168194,0
13408,0,0.005500518251210451,0
13409,1,0.6400451064109802,1
13410,1,0.9999985694885254,1
13411,1,0.9831816554069519,1
13412,1,0.9986261129379272,1
13413,1,0.9075627326965332,1
13414,1,0.9999599456787109,1
13415,1,0.9999908208847046,1
13416,1,0.9726150035858154,1
13417,1,0.9997113347053528,1
13418,0,0.003369139740243554,0
13419,1,0.9980019927024841,1
13420,0,1.582190066073963e-06,0
13421,0,0.004039809573441744,0
13422,0,0.00022742076544091105,0
13423,1,0.9957535266876221,1
13424,0,0.017276667058467865,0
13425,1,0.9881933331489563,1
13426,0,0.5880339741706848,1
13427,1,0.9979737401008606,1
13428,0,0.011774358339607716,0
13429,0,1.1683700904541183e-06,0
13430,1,0.9377543926239014,1
13431,0,0.0017339487094432116,0
13432,0,8.933517165132798e-06,0
13433,1,0.9913432598114014,1
13434,0,0.0005740661872550845,0
13435,0,1.8566881408332847e-05,0
13436,1,0.9999188184738159,1
13437,0,0.2873980700969696,0
13438,0,1.1090152838733047e-05,0
13439,1,0.999998927116394,1
13440,0,0.026687419041991234,0
13441,1,0.6342839002609253,1
13442,1,0.9994829893112183,1
13443,0,0.00010371090320404619,0
13444,1,0.9999474287033081,1
13445,1,0.9818950295448303,1
13446,0,0.00028312491485849023,0
13447,0,0.003910549450665712,0
13448,1,0.8385400772094727,1
13449,1,0.9721346497535706,1
13450,0,5.280285222397652e-07,0
13451,0,4.58833783341106e-05,0
13452,0,0.0001254276721738279,0
13453,0,0.5686296224594116,1
13454,0,0.0030424990691244602,0
13455,0,0.005421055015176535,0
13456,1,0.9213682413101196,1
13457,1,0.9999898672103882,1
13458,0,0.00013286153262015432,0
13459,1,0.9999403953552246,1
13460,1,0.9998866319656372,1
13461,1,0.9666299223899841,1
13462,0,4.759716375701828e-06,0
13463,1,0.9998918771743774,1
13464,0,3.705678682308644e-05,0
13465,0,0.0032850338611751795,0
13466,1,0.1778748482465744,0
13467,1,0.9996236562728882,1
13468,0,0.0930785983800888,0
13469,0,0.0007559507503174245,0
13470,1,0.698021650314331,1
13471,0,0.370381623506546,0
13472,1,0.9996863603591919,1
13473,0,0.14804449677467346,0
13474,1,0.5893236994743347,1
13475,0,0.9435713887214661,1
13476,0,0.8879038095474243,1
13477,1,0.9963743090629578,1
13478,1,0.9999594688415527,1
13479,0,0.32096025347709656,0
13480,1,0.9999752044677734,1
13481,1,0.9999641180038452,1
13482,0,0.005900610238313675,0
13483,1,0.9999459981918335,1
13484,0,0.0022160594817250967,0
13485,1,0.999941349029541,1
13486,1,0.5885335803031921,1
13487,0,0.021378207951784134,0
13488,1,0.9986680746078491,1
13489,0,0.0005524668376892805,0
13490,1,0.9999949932098389,1
13491,1,0.5776504874229431,1
13492,1,0.9895989894866943,1
13493,1,0.9357949495315552,1
13494,0,0.011359679512679577,0
13495,0,0.001974530518054962,0
13496,1,0.9982307553291321,1
13497,0,9.693923857412301e-06,0
13498,0,0.0015848096227273345,0
13499,1,0.999897837638855,1
13500,0,0.00013477361062541604,0
13501,0,2.6113505100511247e-06,0
13502,1,0.9592784643173218,1
13503,1,0.9997273087501526,1
13504,1,0.9995309114456177,1
13505,1,0.9998908042907715,1
13506,1,0.9999997615814209,1
13507,0,1.5510653611272573e-05,0
13508,0,0.0002517910033930093,0
13509,1,0.9987201690673828,1
13510,1,0.9991796612739563,1
13511,0,0.0036293575540184975,0
13512,1,0.9164320230484009,1
13513,0,2.554155798861757e-05,0
13514,0,0.0071643381379544735,0
13515,1,0.9162476062774658,1
13516,1,0.9984449744224548,1
13517,0,3.3031924431270454e-06,0
13518,0,0.007361064665019512,0
13519,1,0.9999997615814209,1
13520,0,0.02214277908205986,0
13521,1,0.9735335111618042,1
13522,1,0.9641522765159607,1
13523,0,0.026050720363855362,0
13524,1,0.3670949935913086,0
13525,1,0.9962027668952942,1
13526,1,0.9995625615119934,1
13527,1,0.9996945858001709,1
13528,1,0.9973672032356262,1
13529,1,0.9998106360435486,1
13530,1,0.9987120628356934,1
13531,0,0.3112693130970001,0
13532,0,1.9117856027150992e-06,0
13533,0,0.05667557939887047,0
13534,1,0.9999754428863525,1
13535,0,0.005875044036656618,0
13536,0,0.0042587826028466225,0
13537,1,0.9728355407714844,1
13538,1,0.9999903440475464,1
13539,0,1.567628828524903e-06,0
13540,0,0.0001044993259711191,0
13541,0,1.0378340675742947e-06,0
13542,0,0.007124892435967922,0
13543,1,0.990388810634613,1
13544,1,0.9989476799964905,1
13545,0,0.004389397334307432,0
13546,0,0.8928120732307434,1
13547,0,0.06656347960233688,0
13548,0,0.08077249675989151,0
13549,0,0.0006618591723963618,0
13550,1,0.7695939540863037,1
13551,0,2.311134039700846e-06,0
13552,0,0.002884762594476342,0
13553,0,0.18311788141727448,0
13554,0,0.04498642310500145,0
13555,0,0.0012142485938966274,0
13556,0,0.29473942518234253,0
13557,0,0.014849803410470486,0
13558,0,0.2401372790336609,0
13559,0,1.7286909496760927e-05,0
13560,0,0.15778082609176636,0
13561,0,7.22351178410463e-05,0
13562,0,0.31996652483940125,0
13563,0,0.00036800664383918047,0
13564,0,0.0019431120017543435,0
13565,0,6.933004624443129e-05,0
13566,0,0.15558870136737823,0
13567,1,0.9890859127044678,1
13568,1,0.9984375834465027,1
13569,0,0.0005781837389804423,0
13570,0,0.11224260181188583,0
13571,0,0.00033535907277837396,0
13572,0,0.003383016213774681,0
13573,1,0.9694623947143555,1
13574,1,0.10192213952541351,0
13575,1,0.8757513165473938,1
13576,1,0.9965896606445312,1
13577,1,0.9999939203262329,1
13578,1,0.9958643913269043,1
13579,1,0.9965761303901672,1
13580,0,0.11885067075490952,0
13581,0,0.0008850076701492071,0
13582,0,0.009476976469159126,0
13583,0,2.540737114031799e-06,0
13584,1,0.9541683197021484,1
13585,1,0.9999995231628418,1
13586,1,0.9216509461402893,1
13587,0,0.00012673521996475756,0
13588,1,0.9989946484565735,1
13589,0,0.000728143029846251,0
13590,0,0.003887926461175084,0
13591,0,6.369673883455107e-06,0
13592,0,0.8691319823265076,1
13593,0,0.05788515880703926,0
13594,0,0.00013864313950762153,0
13595,0,5.2033978136023507e-05,0
13596,1,0.9560968279838562,1
13597,0,2.4542496248614043e-05,0
13598,0,0.021264955401420593,0
13599,0,0.0031658692751079798,0
13600,1,0.9999630451202393,1
13601,0,0.00169463234487921,0
13602,0,0.004278560169041157,0
13603,0,0.6867203712463379,1
13604,0,0.005513348616659641,0
13605,1,0.9972352385520935,1
13606,0,0.9265919327735901,1
13607,1,0.9997288584709167,1
13608,0,0.0001419030304532498,0
13609,1,0.9820654988288879,1
13610,0,0.0015429520281031728,0
13611,0,0.0023446734994649887,0
13612,0,0.035350605845451355,0
13613,1,0.9985067248344421,1
13614,0,0.7188636660575867,1
13615,1,0.9922810196876526,1
13616,1,0.9995051622390747,1
13617,1,0.9998700618743896,1
13618,0,0.5178521871566772,1
13619,1,0.9837861657142639,1
13620,0,0.5095224380493164,1
13621,1,0.9921779036521912,1
13622,0,1.1728876758709816e-09,0
13623,1,0.9957011342048645,1
13624,0,5.5246204283321276e-05,0
13625,1,0.9987708926200867,1
13626,0,0.02668420970439911,0
13627,0,0.017789119854569435,0
13628,1,0.9999573230743408,1
13629,0,0.003004909958690405,0
13630,1,0.8849007487297058,1
13631,0,0.001354284817352891,0
13632,0,0.06364718824625015,0
13633,1,0.9998513460159302,1
13634,1,0.9999494552612305,1
13635,0,0.0005497209494933486,0
13636,0,0.002406918676570058,0
13637,1,0.9783762693405151,1
13638,0,8.14737068139948e-05,0
13639,1,0.9600922465324402,1
13640,1,0.27422797679901123,0
13641,0,9.293557377532125e-05,0
13642,0,0.44276735186576843,0
13643,0,0.023694345727562904,0
13644,0,0.0023290475364774466,0
13645,0,0.03446822240948677,0
13646,0,0.34828758239746094,0
13647,1,0.9998646974563599,1
13648,1,0.9999980926513672,1
13649,0,2.6714555133366957e-05,0
13650,0,6.162825911815162e-07,0
13651,1,0.9980679154396057,1
13652,1,0.23436883091926575,0
13653,0,0.011969790793955326,0
13654,1,0.9999977350234985,1
13655,0,0.02324092574417591,0
13656,1,0.9999451637268066,1
13657,0,0.006449865642935038,0
13658,0,0.0001985077979043126,0
13659,0,7.596652721986175e-05,0
13660,0,0.3820289969444275,0
13661,0,3.706860525198863e-06,0
13662,0,1.0430826478113886e-05,0
13663,1,0.9989838004112244,1
13664,1,0.9999933242797852,1
13665,1,0.9941366910934448,1
13666,1,0.9999910593032837,1
13667,0,0.12867306172847748,0
13668,0,0.03688189759850502,0
13669,0,0.0001368610974168405,0
13670,0,6.613641016883776e-05,0
13671,1,0.997096061706543,1
13672,0,0.014991218224167824,0
13673,0,0.0005241385078988969,0
13674,1,0.9999923706054688,1
13675,1,0.9971815347671509,1
13676,0,0.010038086213171482,0
13677,1,0.9999872446060181,1
13678,1,0.9298905730247498,1
13679,0,4.795853328687372e-06,0
13680,0,0.021937627345323563,0
13681,0,5.223901825957e-05,0
13682,0,0.021109243854880333,0
13683,1,0.9777570366859436,1
13684,1,0.9988090991973877,1
13685,1,0.9999572038650513,1
13686,0,0.7054468989372253,1
13687,0,0.008179035037755966,0
13688,1,0.6455256342887878,1
13689,0,1.4298751921160147e-05,0
13690,1,0.9856678247451782,1
13691,1,0.9997333884239197,1
13692,0,0.05223092809319496,0
13693,1,0.9999890327453613,1
13694,1,0.9999551773071289,1
13695,0,4.227656518196454e-06,0
13696,0,0.03670807555317879,0
13697,1,0.9999547004699707,1
13698,0,0.00014875207853037864,0
13699,0,0.2528420686721802,0
13700,0,0.28621870279312134,0
13701,1,0.9980716109275818,1
13702,0,0.07864837348461151,0
13703,0,0.004401097074151039,0
13704,0,0.002389766974374652,0
13705,0,0.019813986495137215,0
13706,0,0.014689119532704353,0
13707,0,4.939220889355056e-05,0
13708,0,0.011445611715316772,0
13709,0,0.007524982560425997,0
13710,0,7.342953267652774e-06,0
13711,1,0.9997389912605286,1
13712,1,0.9975528120994568,1
13713,0,5.646400313708e-05,0
13714,0,0.8416361808776855,1
13715,0,4.110713689442491e-06,0
13716,1,0.9997454285621643,1
13717,1,0.9922095537185669,1
13718,1,0.9975106716156006,1
13719,0,0.00324950460344553,0
13720,1,0.999803364276886,1
13721,1,0.9999657869338989,1
13722,1,0.9974755644798279,1
13723,1,0.9953364729881287,1
13724,0,3.334024586365558e-05,0
13725,1,0.9994055032730103,1
13726,1,0.994343638420105,1
13727,1,0.5116381645202637,1
13728,0,0.0010894456645473838,0
13729,1,0.8581222295761108,1
13730,1,0.8370134234428406,1
13731,0,0.02137208916246891,0
13732,1,0.9999986886978149,1
13733,0,0.011151897720992565,0
13734,0,0.022357255220413208,0
13735,1,0.9999983310699463,1
13736,0,0.002769624348729849,0
13737,0,0.05906699225306511,0
13738,1,0.6561038494110107,1
13739,1,0.8970695734024048,1
13740,1,0.9939711689949036,1
13741,0,7.750350778223947e-05,0
13742,0,0.10711008310317993,0
13743,0,0.0004070353461429477,0
13744,0,0.2563962936401367,0
13745,0,0.005031628534197807,0
13746,1,0.9970592260360718,1
13747,1,0.9912208914756775,1
13748,0,0.0006196239846758544,0
13749,1,0.9996015429496765,1
13750,1,0.9968760013580322,1
13751,0,0.0019518228946253657,0
13752,1,0.9720041751861572,1
13753,0,0.015687206760048866,0
13754,0,0.05556660145521164,0
13755,0,0.0004283541929908097,0
13756,1,0.9999622106552124,1
13757,0,9.62099657044746e-05,0
13758,1,0.9763042330741882,1
13759,1,0.9952387809753418,1
13760,1,0.956627368927002,1
13761,1,0.9986644983291626,1
13762,0,0.00015068014909047633,0
13763,1,0.9364274740219116,1
13764,1,0.9998315572738647,1
13765,1,0.9995569586753845,1
13766,0,7.797484431648627e-05,0
13767,0,0.002197780879214406,0
13768,0,0.041486356407403946,0
13769,0,0.00012625094677787274,0
13770,0,1.8211296264780685e-05,0
13771,1,0.9999901056289673,1
13772,0,2.2259933757595718e-05,0
13773,0,1.4711892617924605e-05,0
13774,1,0.9777130484580994,1
13775,1,0.9999954700469971,1
13776,0,0.08195213973522186,0
13777,1,0.9998277425765991,1
13778,1,0.9996939897537231,1
13779,1,0.999025821685791,1
13780,0,1.4359083024828578e-06,0
13781,1,0.9999984502792358,1
13782,0,0.002198220230638981,0
13783,0,0.003328025573864579,0
13784,0,0.25564640760421753,0
13785,0,0.0088876374065876,0
13786,0,0.09135856479406357,0
13787,1,0.7721186280250549,1
13788,0,0.17188799381256104,0
13789,0,1.8920238289865665e-05,0
13790,0,0.004134892951697111,0
13791,1,0.9996904134750366,1
13792,1,0.999087929725647,1
13793,1,0.9999963045120239,1
13794,0,0.09153066575527191,0
13795,1,0.9983805418014526,1
13796,0,1.4796230061620008e-05,0
13797,0,3.603706500143744e-05,0
13798,0,0.0011517561506479979,0
13799,0,0.00697631761431694,0
13800,0,0.09322884678840637,0
13801,1,0.9976747632026672,1
13802,0,6.161651253933087e-05,0
13803,0,0.0008960996055975556,0
13804,1,0.9999977350234985,1
13805,1,0.9676648378372192,1
13806,1,0.9500499963760376,1
13807,1,0.017697520554065704,0
13808,1,0.964467465877533,1
13809,1,0.9994029998779297,1
13810,1,0.938224196434021,1
13811,1,0.9968867897987366,1
13812,1,0.9999681711196899,1
13813,1,0.9190211296081543,1
13814,1,0.8122095465660095,1
13815,0,0.025855010375380516,0
13816,1,0.9999948740005493,1
13817,0,0.0173158198595047,0
13818,1,0.9995166063308716,1
13819,1,0.990578830242157,1
13820,1,0.9998537302017212,1
13821,1,0.9999947547912598,1
13822,0,0.0009283229592256248,0
13823,0,0.3726336359977722,0
13824,0,4.908015398541465e-07,0
13825,0,0.0004543414688669145,0
13826,0,0.0008305335650220513,0
13827,1,0.8511794805526733,1
13828,0,0.0013514026068150997,0
13829,0,0.01395258679986,0
13830,1,0.999574601650238,1
13831,0,0.398747980594635,0
13832,1,0.9977754950523376,1
13833,0,0.010918891988694668,0
13834,1,0.9312793612480164,1
13835,1,0.9999864101409912,1
13836,1,0.99854975938797,1
13837,1,0.999895453453064,1
13838,1,0.8655763864517212,1
13839,1,0.9999978542327881,1
13840,1,0.9999892711639404,1
13841,1,0.9967467784881592,1
13842,0,0.03641423210501671,0
13843,0,1.4992471733421553e-05,0
13844,0,9.245803994417656e-06,0
13845,0,0.002948313718661666,0
13846,0,0.11026600748300552,0
13847,1,0.9986005425453186,1
13848,0,1.1109524166386109e-05,0
13849,1,0.9908758401870728,1
13850,0,0.0007726519834250212,0
13851,0,0.003973329905420542,0
13852,1,0.9995984435081482,1
13853,0,1.911753679451067e-05,0
13854,1,0.9995344877243042,1
13855,1,0.9995191097259521,1
13856,0,8.428794535575435e-05,0
13857,1,0.9999724626541138,1
13858,1,0.8819437623023987,1
13859,1,0.9999693632125854,1
13860,0,0.203947052359581,0
13861,0,0.6263403296470642,1
13862,1,0.9998528957366943,1
13863,0,1.8338796508032829e-06,0
13864,0,6.83741473039845e-06,0
13865,1,1.0,1
13866,0,0.0004486501566134393,0
13867,1,0.9999845027923584,1
13868,1,0.9938329458236694,1
13869,0,0.0005149610224179924,0
13870,1,0.9913979768753052,1
13871,0,0.5491856932640076,1
13872,1,0.32721370458602905,0
13873,1,0.9999663829803467,1
13874,1,0.9895167946815491,1
13875,1,0.986493706703186,1
13876,0,0.005703451111912727,0
13877,0,0.7388983368873596,1
13878,0,0.03603589907288551,0
13879,0,0.498220294713974,0
13880,1,0.9999998807907104,1
13881,0,0.0012796303490176797,0
13882,1,0.9999891519546509,1
13883,1,0.9999139308929443,1
13884,0,0.0440368615090847,0
13885,0,0.023845158517360687,0
13886,0,0.0005760426865890622,0
13887,0,4.3014460970880464e-05,0
13888,0,0.0006062487373128533,0
13889,0,0.0011102034477517009,0
13890,1,0.9998300075531006,1
13891,1,0.9941357374191284,1
13892,0,0.2920171320438385,0
13893,1,0.9115615487098694,1
13894,1,0.9981909394264221,1
13895,1,0.9824801683425903,1
13896,0,0.022199636325240135,0
13897,1,0.9985356330871582,1
13898,0,0.0018544826889410615,0
13899,0,0.05974629893898964,0
13900,0,9.144306386588141e-05,0
13901,1,0.9979683756828308,1
13902,1,0.8862015008926392,1
13903,0,0.00021347943402361125,0
13904,0,0.00035937177017331123,0
13905,1,0.9998019337654114,1
13906,0,6.0194193792995065e-05,0
13907,1,0.9998677968978882,1
13908,0,0.0011205811752006412,0
13909,0,7.713840204814915e-06,0
13910,1,0.533026397228241,1
13911,0,0.0006808030884712934,0
13912,0,0.00046640372602269053,0
13913,0,0.9394580721855164,1
13914,0,0.0198791716247797,0
13915,0,0.0004682247235905379,0
13916,1,0.9993690848350525,1
13917,0,0.0006545425276271999,0
13918,1,0.9037402272224426,1
13919,1,0.9084327816963196,1
13920,0,0.34606868028640747,0
13921,1,0.9999927282333374,1
13922,0,0.012714630924165249,0
13923,0,0.0010065630776807666,0
13924,0,0.0008701895130798221,0
13925,1,0.999093770980835,1
13926,0,0.0010209846077486873,0
13927,0,0.047030508518218994,0
13928,0,0.006369154434651136,0
13929,0,0.9179801344871521,1
13930,1,0.10086047649383545,0
13931,0,0.02269975282251835,0
13932,1,0.9997795224189758,1
13933,1,0.9841557741165161,1
13934,1,0.9999288320541382,1
13935,1,0.9996153116226196,1
13936,0,0.0008788220002315938,0
13937,0,0.007533038966357708,0
13938,1,0.9999995231628418,1
13939,1,0.9609770774841309,1
13940,0,0.07620987296104431,0
13941,0,0.006298712454736233,0
13942,0,0.01130097545683384,0
13943,1,0.9999979734420776,1
13944,1,0.9953703284263611,1
13945,0,0.00019954981689807028,0
13946,1,0.9999926090240479,1
13947,1,0.9999531507492065,1
13948,0,0.0035755664575845003,0
13949,1,0.9855169653892517,1
13950,1,0.9998382329940796,1
13951,1,0.9997097849845886,1
13952,0,0.0006289315060712397,0
13953,1,0.9211991429328918,1
13954,1,0.9989523887634277,1
13955,0,3.1572969305670995e-07,0
13956,0,0.006581383291631937,0
13957,1,0.8335371017456055,1
13958,1,0.9999599456787109,1
13959,1,0.956560492515564,1
13960,1,0.9999574422836304,1
13961,1,0.9999315738677979,1
13962,1,0.9336487650871277,1
13963,0,4.829891622648574e-06,0
13964,0,1.0298265351593727e-07,0
13965,0,0.0005403408431448042,0
13966,0,1.0015450015998795e-06,0
13967,0,0.02464292012155056,0
13968,0,2.49745903602161e-06,0
13969,1,0.9974004030227661,1
13970,1,0.9936402440071106,1
13971,0,0.001598917762748897,0
13972,1,0.7861816883087158,1
13973,0,0.002027963288128376,0
13974,1,0.9999620914459229,1
13975,0,0.0006933044060133398,0
13976,1,0.9988229870796204,1
13977,1,0.9896425604820251,1
13978,1,0.9999910593032837,1
13979,0,6.790176121285185e-05,0
13980,1,0.999987006187439,1
13981,0,1.9713495476025855e-06,0
13982,0,0.00034043387859128416,0
13983,0,3.3749176964192884e-06,0
13984,0,0.9995077848434448,1
13985,1,0.9999604225158691,1
13986,1,0.9930837154388428,1
13987,1,0.8560501337051392,1
13988,1,0.9721212387084961,1
13989,1,0.9559525847434998,1
13990,1,0.6933053135871887,1
13991,0,0.0035350543912500143,0
13992,0,0.0016979000065475702,0
13993,0,8.982732106233016e-05,0
13994,0,0.0002325242676306516,0
13995,1,0.998286783695221,1
13996,0,0.3695383667945862,0
13997,1,0.9220684170722961,1
13998,0,0.012235701084136963,0
13999,0,0.009571854956448078,0
14000,1,0.9999445676803589,1
14001,1,0.9999992847442627,1
14002,0,0.053534310311079025,0
14003,0,0.04671456292271614,0
14004,1,0.9999991655349731,1
14005,1,0.9990572333335876,1
14006,1,0.9912983179092407,1
14007,1,0.9999328851699829,1
14008,0,3.542655394994654e-05,0
14009,1,0.9836773872375488,1
14010,1,0.9974370002746582,1
14011,0,0.0037380473222583532,0
14012,0,0.1683618128299713,0
14013,0,0.0024234347511082888,0
14014,0,0.0020234808325767517,0
14015,0,3.1759816920384765e-05,0
14016,0,0.00817747600376606,0
14017,0,0.30486151576042175,0
14018,0,0.4128059446811676,0
14019,1,0.956121027469635,1
14020,0,0.0063458397053182125,0
14021,0,1.8426538872517995e-06,0
14022,1,0.81236732006073,1
14023,1,0.9345316886901855,1
14024,0,0.00016985896218102425,0
14025,1,0.9979336261749268,1
14026,1,0.9991149306297302,1
14027,1,0.9753465056419373,1
14028,0,0.007531527429819107,0
14029,0,0.003074372885748744,0
14030,0,0.001783013460226357,0
14031,0,5.080047048977576e-05,0
14032,0,0.0012358927633613348,0
14033,0,0.4027601480484009,0
14034,0,0.00034431886160746217,0
14035,1,0.47155463695526123,0
14036,0,0.0005155125400051475,0
14037,0,0.19723981618881226,0
14038,1,0.998694121837616,1
14039,1,0.9999642372131348,1
14040,0,0.9485126733779907,1
14041,0,0.0005392162129282951,0
14042,1,0.9998319149017334,1
14043,0,0.27791428565979004,0
14044,0,0.04325968399643898,0
14045,1,0.9956350922584534,1
14046,0,5.097847679280676e-05,0
14047,0,0.00012993489508517087,0
14048,1,0.9476660490036011,1
14049,1,0.9832932949066162,1
14050,0,0.07494466751813889,0
14051,1,0.9821741580963135,1
14052,0,0.18981102108955383,0
14053,1,0.9891341328620911,1
14054,1,0.9999550580978394,1
14055,1,0.9999690055847168,1
14056,0,1.6223045804508729e-06,0
14057,0,0.0006245069089345634,0
14058,1,0.9573362469673157,1
14059,0,0.005288530606776476,0
14060,0,0.0010380097664892673,0
14061,1,0.18426060676574707,0
14062,1,0.6799667477607727,1
14063,1,0.9998410940170288,1
14064,1,0.9999260902404785,1
14065,0,0.024899624288082123,0
14066,0,0.010952808894217014,0
14067,1,0.9998701810836792,1
14068,0,0.0002989509666804224,0
14069,0,7.580457804579055e-06,0
14070,1,0.9999954700469971,1
14071,1,0.9995816349983215,1
14072,1,0.9964028596878052,1
14073,0,0.4060811698436737,0
14074,0,0.11630501598119736,0
14075,1,0.9898039102554321,1
14076,0,0.016008388251066208,0
14077,1,0.9959469437599182,1
14078,0,0.0006097619188949466,0
14079,1,0.9994335770606995,1
14080,1,0.9999830722808838,1
14081,0,0.009712635539472103,0
14082,1,0.9993906021118164,1
14083,1,0.9927506446838379,1
14084,1,0.9991711378097534,1
14085,1,0.9936400055885315,1
14086,1,0.9999986886978149,1
14087,1,0.9999473094940186,1
14088,0,0.00028622575337067246,0
14089,0,0.00014346752141136676,0
14090,1,0.9998800754547119,1
14091,1,0.9999977350234985,1
14092,1,0.9903234243392944,1
14093,1,0.9893565773963928,1
14094,1,0.9999991655349731,1
14095,0,0.000660584366414696,0
14096,0,0.33163124322891235,0
14097,0,0.00218954193405807,0
14098,0,3.055515844607726e-05,0
14099,0,5.113720180816017e-05,0
14100,1,0.9995954632759094,1
14101,1,0.9207978248596191,1
14102,0,0.0018483097665011883,0
14103,1,0.9108481407165527,1
14104,1,0.9369369149208069,1
14105,0,0.0034230940509587526,0
14106,1,0.9999947547912598,1
14107,0,0.0002896210935432464,0
14108,1,0.942139744758606,1
14109,0,0.0002924699510913342,0
14110,0,0.0007623261772096157,0
14111,1,0.9955364465713501,1
14112,1,0.9999037981033325,1
14113,1,0.9999868869781494,1
14114,0,0.9182357788085938,1
14115,0,0.0014268936356529593,0
14116,1,0.874337375164032,1
14117,1,0.99894779920578,1
14118,0,7.444566563208355e-06,0
14119,0,0.032627612352371216,0
14120,1,0.9994452595710754,1
14121,1,0.9976769089698792,1
14122,1,0.9999510049819946,1
14123,1,0.9963462948799133,1
14124,1,0.9709294438362122,1
14125,0,1.114717815653421e-05,0
14126,1,0.10710994154214859,0
14127,1,0.9884271025657654,1
14128,1,0.996542751789093,1
14129,0,0.002821001224219799,0
14130,0,0.3410915732383728,0
14131,0,2.1972109607304446e-05,0
14132,0,0.8222975730895996,1
14133,1,0.9999918937683105,1
14134,0,8.276419407593494e-07,0
14135,0,8.930606418289244e-05,0
14136,1,0.9998843669891357,1
14137,1,0.999616265296936,1
14138,1,0.9999992847442627,1
14139,1,0.9920370578765869,1
14140,1,0.9979990124702454,1
14141,0,0.00017290392133872956,0
14142,0,3.011142325703986e-05,0
14143,1,0.9998273253440857,1
14144,0,0.6969597339630127,1
14145,1,0.992062509059906,1
14146,1,0.9975002408027649,1
14147,1,0.9996771812438965,1
14148,0,0.020606106147170067,0
14149,0,6.15064418525435e-05,0
14150,0,0.000497307104524225,0
14151,0,0.0024815883953124285,0
14152,1,0.9904214143753052,1
14153,1,0.9987223744392395,1
14154,0,3.06888910017733e-06,0
14155,0,0.07609380036592484,0
14156,1,0.9994138479232788,1
14157,1,0.16635392606258392,0
14158,1,0.9987791180610657,1
14159,0,0.000621858227532357,0
14160,0,0.0025044004432857037,0
14161,0,0.09025867283344269,0
14162,1,0.273651123046875,0
14163,1,0.9999502897262573,1
14164,1,0.9999986886978149,1
14165,1,0.996231734752655,1
14166,1,0.8911541700363159,1
14167,1,0.9952935576438904,1
14168,0,0.04114145040512085,0
14169,1,0.9999982118606567,1
14170,1,0.9964216947555542,1
14171,1,0.9381135106086731,1
14172,0,0.00023150225752033293,0
14173,0,0.014522613026201725,0
14174,1,0.004110169596970081,0
14175,1,0.9995540976524353,1
14176,1,0.9993143081665039,1
14177,0,2.1647627363563515e-05,0
14178,1,0.9875848293304443,1
14179,1,0.9840320944786072,1
14180,0,0.0004536399501375854,0
14181,1,0.9181161522865295,1
14182,0,3.7818568671355024e-05,0
14183,1,0.9903944134712219,1
14184,1,0.8834902048110962,1
14185,1,0.06235349923372269,0
14186,0,0.03577711805701256,0
14187,0,0.005114321131259203,0
14188,0,1.7771582861314528e-05,0
14189,1,0.9999996423721313,1
14190,0,0.010647621937096119,0
14191,0,0.0047153583727777,0
14192,0,0.00994027592241764,0
14193,0,0.0009649659041315317,0
14194,0,0.22093920409679413,0
14195,1,0.7825794219970703,1
14196,1,0.5913150906562805,1
14197,1,0.9942723512649536,1
14198,1,0.9998028874397278,1
14199,1,0.9998548030853271,1
14200,0,0.00019592992612160742,0
14201,1,0.9921060800552368,1
14202,0,0.10591685026884079,0
14203,0,0.11314357817173004,0
14204,0,0.7192404866218567,1
14205,1,0.9993257522583008,1
14206,1,0.9948142766952515,1
14207,0,9.429943474970059e-07,0
14208,0,0.05296188220381737,0
14209,0,0.22057928144931793,0
14210,1,0.9999861717224121,1
14211,0,0.00022089428966864944,0
14212,0,7.67840538173914e-05,0
14213,1,0.9762452840805054,1
14214,0,0.0002733033907134086,0
14215,0,1.8150208234146703e-06,0
14216,0,0.02450270764529705,0
14217,1,0.999559223651886,1
14218,0,0.0316169373691082,0
14219,0,1.3910688778651092e-07,0
14220,1,0.983176589012146,1
14221,1,0.999832272529602,1
14222,0,0.004159793723374605,0
14223,1,0.9967689514160156,1
14224,1,0.9959410429000854,1
14225,0,9.781073231351911e-07,0
14226,1,0.997042715549469,1
14227,1,0.9999996423721313,1
14228,0,0.24992212653160095,0
14229,1,0.9992403984069824,1
14230,1,0.9944342970848083,1
14231,1,0.011283045634627342,0
14232,1,0.999190628528595,1
14233,0,3.0964507459430024e-05,0
14234,1,0.9991756081581116,1
14235,1,0.8497399091720581,1
14236,0,0.0008366633555851877,0
14237,0,0.1944967806339264,0
14238,0,1.0450405625306303e-06,0
14239,1,0.9999707937240601,1
14240,0,0.023558879271149635,0
14241,0,0.6352437734603882,1
14242,0,0.079387366771698,0
14243,0,5.765702439930465e-07,0
14244,1,0.9999544620513916,1
14245,0,0.02099810540676117,0
14246,1,0.9951867461204529,1
14247,0,0.00154601177200675,0
14248,1,0.9999904632568359,1
14249,1,0.9289010167121887,1
14250,0,0.049032509326934814,0
14251,0,0.00032689294312149286,0
14252,0,0.01893983781337738,0
14253,1,0.998017430305481,1
14254,0,1.6630217942292802e-05,0
14255,1,0.9965136647224426,1
14256,1,0.26605141162872314,0
14257,0,0.0019974445458501577,0
14258,1,0.9464854598045349,1
14259,0,0.018188543617725372,0
14260,1,0.9998076558113098,1
14261,0,0.007805800065398216,0
14262,0,1.0803044460772071e-05,0
14263,1,0.8060071468353271,1
14264,1,0.9969993829727173,1
14265,1,0.9999891519546509,1
14266,1,0.12572279572486877,0
14267,1,0.9853244423866272,1
14268,1,0.27417418360710144,0
14269,0,0.0002507257158868015,0
14270,0,0.00012287629942875355,0
14271,0,0.06499283760786057,0
14272,1,0.9994131326675415,1
14273,1,0.9984461665153503,1
14274,1,0.9994010925292969,1
14275,1,0.999574601650238,1
14276,0,0.00015084576443769038,0
14277,1,0.9999979734420776,1
14278,0,0.20746760070323944,0
14279,0,0.6657348871231079,1
14280,0,0.002293822355568409,0
14281,0,0.0002210721286246553,0
14282,1,0.9601619839668274,1
14283,1,0.9978396892547607,1
14284,1,0.9999055862426758,1
14285,1,0.9999998807907104,1
14286,0,0.003130241995677352,0
14287,0,0.06128177419304848,0
14288,0,0.001713940524496138,0
14289,1,0.9968365430831909,1
14290,0,0.11603908240795135,0
14291,1,0.9999920129776001,1
14292,1,0.9973891377449036,1
14293,1,0.9997673630714417,1
14294,1,0.9801052212715149,1
14295,1,0.9985159039497375,1
14296,1,0.9966158270835876,1
14297,1,0.23702974617481232,0
14298,0,0.03020770475268364,0
14299,0,3.1100193154998124e-05,0
14300,0,0.2529090642929077,0
14301,1,0.9971718192100525,1
14302,1,0.9960438013076782,1
14303,0,0.001321875024586916,0
14304,1,0.9980983138084412,1
14305,0,0.045574914664030075,0
14306,1,0.9999939203262329,1
14307,0,0.2705152928829193,0
14308,0,0.02271014079451561,0
14309,0,0.0036797779612243176,0
14310,0,0.0002237757871625945,0
14311,0,0.02074448950588703,0
14312,0,3.303917083030683e-06,0
14313,0,0.00037577981129288673,0
14314,0,0.15210871398448944,0
14315,1,0.9385439157485962,1
14316,1,0.999687910079956,1
14317,1,0.9999841451644897,1
14318,0,4.109537258045748e-06,0
14319,0,0.7049703598022461,1
14320,1,0.9997499585151672,1
14321,1,0.6358716487884521,1
14322,1,0.32851728796958923,0
14323,0,0.0007079809438437223,0
14324,0,0.0027782749384641647,0
14325,1,0.9999949932098389,1
14326,0,0.0011707078665494919,0
14327,1,0.9963726997375488,1
14328,1,0.999969482421875,1
14329,1,0.9818834066390991,1
14330,0,0.015413852408528328,0
14331,0,0.03281869739294052,0
14332,1,0.9611647725105286,1
14333,1,0.9993504881858826,1
14334,0,0.0024372520856559277,0
14335,1,0.9612054228782654,1
14336,1,0.9965115189552307,1
14337,1,0.7601518034934998,1
14338,1,0.9997586607933044,1
14339,1,0.6025522947311401,1
14340,1,0.9960054755210876,1
14341,1,0.5212449431419373,1
14342,1,0.7155981063842773,1
14343,0,0.412832111120224,0
14344,1,0.9999895095825195,1
14345,1,0.9981133937835693,1
14346,1,0.9927022457122803,1
14347,1,0.7981396317481995,1
14348,1,0.9998856782913208,1
14349,1,0.9991344809532166,1
14350,1,0.9999563694000244,1
14351,1,0.9994156360626221,1
14352,1,0.9756381511688232,1
14353,0,0.0001404495706083253,0
14354,1,0.6253812909126282,1
14355,0,0.04843643307685852,0
14356,1,0.8074228167533875,1
14357,0,0.0027196474839001894,0
14358,1,0.9994045495986938,1
14359,0,0.34547001123428345,0
14360,1,0.9986417889595032,1
14361,1,0.9293726086616516,1
14362,0,0.0001463492080802098,0
14363,1,0.9873223900794983,1
14364,0,0.0009948133956640959,0
14365,1,0.9995569586753845,1
14366,0,0.0004809019446838647,0
14367,0,0.008142519742250443,0
14368,1,0.9988489151000977,1
14369,1,0.9587896466255188,1
14370,1,0.9994627833366394,1
14371,0,0.03526129946112633,0
14372,1,0.9999719858169556,1
14373,0,3.617786569520831e-05,0
14374,0,1.5498455923079746e-06,0
14375,1,0.9999997615814209,1
14376,0,0.008788442239165306,0
14377,0,0.0007795280544087291,0
14378,0,0.1692305952310562,0
14379,0,0.9385808110237122,1
14380,0,0.2852805256843567,0
14381,1,0.9999083280563354,1
14382,0,0.15896375477313995,0
14383,0,5.536647904591518e-07,0
14384,0,0.04366704821586609,0
14385,1,0.9993327260017395,1
14386,0,0.005728486459702253,0
14387,1,0.9862396121025085,1
14388,0,0.007883979938924313,0
14389,0,0.0042548878118395805,0
14390,1,0.9997615218162537,1
14391,1,0.9998437166213989,1
14392,1,0.8685254454612732,1
14393,0,0.4511283040046692,0
14394,0,0.4363602101802826,0
14395,1,0.3474780023097992,0
14396,1,0.9965421557426453,1
14397,0,0.0001393320271745324,0
14398,1,0.9998427629470825,1
14399,0,0.03152450546622276,0
14400,1,0.9999903440475464,1
14401,1,0.996510922908783,1
14402,1,0.9999196529388428,1
14403,0,0.9817616939544678,1
14404,0,5.242101178737357e-05,0
14405,1,0.9961275458335876,1
14406,0,0.0030470744241029024,0
14407,1,0.9957948923110962,1
14408,1,0.7830290794372559,1
14409,0,4.191237621853361e-06,0
14410,1,0.9965937733650208,1
14411,0,0.007661519106477499,0
14412,0,8.428954970440827e-06,0
14413,1,0.9872603416442871,1
14414,1,0.9998688697814941,1
14415,0,0.15464992821216583,0
14416,0,0.00044480946962721646,0
14417,1,0.9977154731750488,1
14418,0,0.0006324044661596417,0
14419,1,0.9569939374923706,1
14420,0,3.16114005727286e-06,0
14421,0,0.6764293313026428,1
14422,1,0.8494482636451721,1
14423,0,0.012365876697003841,0
14424,1,0.9993327260017395,1
14425,0,0.0004469164996407926,0
14426,1,0.989973783493042,1
14427,1,0.9966930150985718,1
14428,0,0.011774951592087746,0
14429,0,0.1108153909444809,0
14430,0,0.0001399072934873402,0
14431,1,0.9701563119888306,1
14432,0,2.104403478142558e-07,0
14433,1,0.9999845027923584,1
14434,0,0.2156280279159546,0
14435,1,0.9997736811637878,1
14436,0,3.0021355996723287e-06,0
14437,1,0.9999648332595825,1
14438,1,0.9992626309394836,1
14439,1,0.6365445256233215,1
14440,0,0.5603618025779724,1
14441,1,1.0,1
14442,0,0.9945476055145264,1
14443,1,0.9996834993362427,1
14444,0,0.00021853421640116721,0
14445,0,0.12275388836860657,0
14446,0,0.0006664281827397645,0
14447,0,0.0016175799537450075,0
14448,0,0.0002789738355204463,0
14449,1,0.7379546165466309,1
14450,0,0.018663855269551277,0
14451,1,0.9848458766937256,1
14452,1,0.9998762607574463,1
14453,1,0.995209276676178,1
14454,0,0.00016203591076191515,0
14455,0,1.1883359547937289e-05,0
14456,1,0.9940020442008972,1
14457,0,0.642400860786438,1
14458,1,0.980822741985321,1
14459,0,0.2390955686569214,0
14460,0,0.17164283990859985,0
14461,1,0.1737980842590332,0
14462,1,0.9997959733009338,1
14463,0,0.000739121634978801,0
14464,0,0.01527063362300396,0
14465,0,2.564848500696826e-06,0
14466,1,0.9999517202377319,1
14467,1,0.8125309944152832,1
14468,1,0.8771876692771912,1
14469,1,0.9979621171951294,1
14470,1,0.9758216738700867,1
14471,1,0.969093918800354,1
14472,1,0.21772095561027527,0
14473,0,0.0029082209803164005,0
14474,1,0.24208778142929077,0
14475,1,0.9992635846138,1
14476,0,0.5041572451591492,1
14477,1,0.9942875504493713,1
14478,1,0.9995471835136414,1
14479,1,0.9892822504043579,1
14480,0,0.04523785784840584,0
14481,0,0.004112070892006159,0
14482,1,0.9922469854354858,1
14483,0,0.4443618655204773,0
14484,1,0.9995872378349304,1
14485,0,0.001835977891460061,0
14486,1,0.9939780235290527,1
14487,1,0.9983718991279602,1
14488,0,6.525073695229366e-05,0
14489,1,0.017414117231965065,0
14490,0,0.0060074240900576115,0
14491,0,0.00023241211601998657,0
14492,1,0.9996606111526489,1
14493,1,0.999969482421875,1
14494,1,0.9970974922180176,1
14495,1,0.9875383377075195,1
14496,1,0.8638244867324829,1
14497,1,0.9986715316772461,1
14498,0,0.028803234919905663,0
14499,0,0.019033143296837807,0
14500,1,0.7503629922866821,1
14501,1,0.9999529123306274,1
14502,1,0.9781038761138916,1
14503,1,0.9378206729888916,1
14504,0,8.804936442174949e-06,0
14505,1,0.9999212026596069,1
14506,0,0.0009163948707282543,0
14507,0,9.728789882501587e-05,0
14508,1,0.9997523427009583,1
14509,0,0.02686683088541031,0
14510,1,0.9998880624771118,1
14511,0,0.005937451496720314,0
14512,1,0.9976851940155029,1
14513,1,0.008466116152703762,0
14514,1,0.9957672357559204,1
14515,1,0.9989594221115112,1
14516,0,1.5582592141072382e-06,0
14517,0,0.9985790252685547,1
14518,0,0.0003390138444956392,0
14519,0,5.686120857717469e-05,0
14520,0,0.44403275847435,0
14521,1,0.9977723956108093,1
14522,0,0.010880419053137302,0
14523,0,0.0006388905458152294,0
14524,0,0.009004853665828705,0
14525,1,0.995170533657074,1
14526,0,0.02305362932384014,0
14527,1,0.9998971223831177,1
14528,1,0.6006749272346497,1
14529,0,3.097968459542244e-08,0
14530,0,0.0702725201845169,0
14531,1,0.9999697208404541,1
14532,1,0.9976286292076111,1
14533,1,0.9999617338180542,1
14534,1,0.9998605251312256,1
14535,1,0.9987825751304626,1
14536,0,0.00415097177028656,0
14537,1,0.9521484971046448,1
14538,1,0.9999998807907104,1
14539,0,0.9788327217102051,1
14540,0,0.001284230500459671,0
14541,0,1.8934300896944478e-05,0
14542,0,0.025816814973950386,0
14543,1,0.9988358616828918,1
14544,1,0.996764063835144,1
14545,0,0.0015861154533922672,0
14546,0,7.484544039471075e-05,0
14547,1,0.999998927116394,1
14548,1,0.9991775155067444,1
14549,1,0.9993001222610474,1
14550,1,0.9999998807907104,1
14551,0,0.9262650012969971,1
14552,0,0.0014018360525369644,0
14553,1,0.9992656111717224,1
14554,0,0.028351152315735817,0
14555,1,0.999988317489624,1
14556,0,0.0009265538537874818,0
14557,0,0.004602803383022547,0
14558,1,0.9666644930839539,1
14559,0,0.003815287724137306,0
14560,0,0.09891144931316376,0
14561,1,0.9858782291412354,1
14562,0,0.8093060851097107,1
14563,1,0.9884176850318909,1
14564,0,1.5162513591349125e-05,0
14565,1,0.9991651773452759,1
14566,1,0.9996435642242432,1
14567,1,0.993053138256073,1
14568,1,0.9999089241027832,1
14569,0,0.00105833460111171,0
14570,1,0.3064187169075012,0
14571,1,0.9970523118972778,1
14572,0,1.7512259091745364e-06,0
14573,1,0.017902692779898643,0
14574,1,0.7753134965896606,1
14575,1,0.9735837578773499,1
14576,1,0.042286984622478485,0
14577,0,0.0016335509717464447,0
14578,0,0.4923180937767029,0
14579,0,0.18337082862854004,0
14580,0,0.010905696079134941,0
14581,0,0.07558153569698334,0
14582,0,0.01814659871160984,0
14583,1,0.9999988079071045,1
14584,1,0.9907411336898804,1
14585,0,0.026365123689174652,0
14586,0,0.0017383858794346452,0
14587,1,0.9984217882156372,1
14588,1,0.9999790191650391,1
14589,0,0.2786611020565033,0
14590,0,0.005188186652958393,0
14591,1,0.9999998807907104,1
14592,0,0.2989167273044586,0
14593,1,0.9918265342712402,1
14594,0,0.00045668016537092626,0
14595,1,0.9999368190765381,1
14596,1,0.9976679682731628,1
14597,1,0.9999891519546509,1
14598,0,0.011623594909906387,0
14599,1,0.9999940395355225,1
14600,0,0.002013984601944685,0
14601,1,0.997065007686615,1
14602,1,0.8096070885658264,1
14603,0,0.07334376126527786,0
14604,1,0.998927652835846,1
14605,0,0.32527750730514526,0
14606,0,0.6646636128425598,1
14607,1,0.9999687671661377,1
14608,0,0.5098055601119995,1
14609,1,0.8886023759841919,1
14610,1,0.9996906518936157,1
14611,1,0.9859400987625122,1
14612,1,0.9969645142555237,1
14613,1,0.7545217275619507,1
14614,0,0.009054365567862988,0
14615,1,0.09938480705022812,0
14616,0,0.8453980088233948,1
14617,1,0.6980333924293518,1
14618,0,0.02934730425477028,0
14619,1,0.9999167919158936,1
14620,1,0.9999866485595703,1
14621,1,0.9962950348854065,1
14622,0,0.0021804182324558496,0
14623,1,0.9988407492637634,1
14624,1,0.9999984502792358,1
14625,0,0.1490054428577423,0
14626,0,0.002339106285944581,0
14627,0,0.0020543683785945177,0
14628,0,0.10026685893535614,0
14629,0,0.0008735769079066813,0
14630,1,0.9360120892524719,1
14631,0,0.07747182250022888,0
14632,1,0.17228001356124878,0
14633,1,0.9789724349975586,1
14634,0,0.012070695869624615,0
14635,1,0.9999547004699707,1
14636,1,0.9998974800109863,1
14637,1,0.8123590350151062,1
14638,1,0.9774519801139832,1
14639,0,0.0030188991222530603,0
14640,1,0.9995071887969971,1
14641,1,0.9991807341575623,1
14642,1,0.7654101848602295,1
14643,0,0.013092896901071072,0
14644,1,0.9999908208847046,1
14645,0,0.00026842294028028846,0
14646,0,0.00018247445404995233,0
14647,0,0.00011758414620999247,0
14648,1,0.6746939420700073,1
14649,1,0.9998353719711304,1
14650,0,0.09830473363399506,0
14651,1,0.9998962879180908,1
14652,0,9.579380275681615e-05,0
14653,0,7.405256496895163e-07,0
14654,0,0.0007515150937251747,0
14655,1,0.9999802112579346,1
14656,0,0.01786419190466404,0
14657,1,0.9999463558197021,1
14658,1,0.9998499155044556,1
14659,1,0.9988665580749512,1
14660,0,0.0003757961676456034,0
14661,1,0.9998302459716797,1
14662,1,0.9999761581420898,1
14663,1,0.9880452752113342,1
14664,0,0.0017545359442010522,0
14665,0,0.0007811457617208362,0
14666,0,0.16580498218536377,0
14667,0,0.0004142102552577853,0
14668,1,0.8950238823890686,1
14669,0,0.0036194149870425463,0
14670,1,0.6307878494262695,1
14671,0,9.779555512068328e-06,0
14672,1,0.9985117316246033,1
14673,0,0.19045919179916382,0
14674,1,0.9952136278152466,1
14675,0,0.004976543132215738,0
14676,0,0.08971548080444336,0
14677,0,0.020443325862288475,0
14678,1,0.9697846174240112,1
14679,1,0.9171128273010254,1
14680,0,0.004988992121070623,0
14681,0,0.0029723094776272774,0
14682,1,0.9932049512863159,1
14683,0,0.0014203827595338225,0
14684,0,4.3544227082747966e-05,0
14685,0,0.27677369117736816,0
14686,1,0.9969764947891235,1
14687,1,0.9999222755432129,1
14688,0,0.009953949600458145,0
14689,0,0.00019777248962782323,0
14690,1,0.9979360103607178,1
14691,1,0.9539405703544617,1
14692,1,0.8638747334480286,1
14693,1,0.9977020621299744,1
14694,0,0.011906548403203487,0
14695,0,0.0002232281258329749,0
14696,1,0.9999098777770996,1
14697,0,3.059794380533276e-06,0
14698,0,0.03390941768884659,0
14699,1,0.9993250370025635,1
14700,0,0.0014404229586943984,0
14701,1,0.9988855719566345,1
14702,0,0.0016563460230827332,0
14703,1,0.9999773502349854,1
14704,1,0.995625376701355,1
14705,1,0.9994838237762451,1
14706,0,0.28591519594192505,0
14707,0,0.3225730061531067,0
14708,1,0.9979079961776733,1
14709,1,0.7914421558380127,1
14710,0,0.0009046825580298901,0
14711,0,0.002943246392533183,0
14712,1,0.9791008234024048,1
14713,1,0.9979963898658752,1
14714,1,0.9993245601654053,1
14715,0,0.032400719821453094,0
14716,0,6.469681829912588e-05,0
14717,1,0.9668868780136108,1
14718,1,0.9932199120521545,1
14719,0,0.06810710579156876,0
14720,1,0.9991207718849182,1
14721,1,0.9999220371246338,1
14722,1,0.5978497266769409,1
14723,0,0.0009923266479745507,0
14724,0,2.9718281439272687e-05,0
14725,1,0.9996706247329712,1
14726,1,0.9999877214431763,1
14727,1,0.9999668598175049,1
14728,0,0.0013561202213168144,0
14729,1,0.9996935129165649,1
14730,1,0.9784978032112122,1
14731,1,0.999197781085968,1
14732,0,0.004242374561727047,0
14733,0,0.005980842746794224,0
14734,0,0.00017808355914894491,0
14735,0,0.0003577775787562132,0
14736,0,0.008417031727731228,0
14737,0,2.1272710000630468e-05,0
14738,0,0.00031264175777323544,0
14739,1,0.9999980926513672,1
14740,0,0.00020064553245902061,0
14741,0,0.04876450449228287,0
14742,0,0.7425360679626465,1
14743,0,0.0024551476817578077,0
14744,1,0.9265084862709045,1
14745,0,0.01471075788140297,0
14746,0,0.0002705121587496251,0
14747,1,0.9993694424629211,1
14748,1,0.8938121199607849,1
14749,0,0.024331729859113693,0
14750,0,1.0374219527875539e-05,0
14751,0,0.0011689990060403943,0
14752,1,0.9993563294410706,1
14753,1,0.9911540150642395,1
14754,0,0.0003102012269664556,0
14755,0,0.0026665308978408575,0
14756,0,0.056618500500917435,0
14757,0,0.007890191860496998,0
14758,1,0.9999920129776001,1
14759,0,0.004182732664048672,0
14760,0,0.10161369293928146,0
14761,0,0.2573035657405853,0
14762,1,0.9960867166519165,1
14763,0,0.0003205298271495849,0
14764,1,0.9912946820259094,1
14765,0,0.09634114801883698,0
14766,0,0.002672376809641719,0
14767,0,0.047018151730298996,0
14768,0,0.00031537405448034406,0
14769,1,0.9998835325241089,1
14770,1,0.9506926536560059,1
14771,0,0.0016730272909626365,0
14772,1,0.9985901713371277,1
14773,1,0.9957892298698425,1
14774,0,0.005884741432964802,0
14775,1,0.9999966621398926,1
14776,0,0.0004797260044142604,0
14777,1,0.973967969417572,1
14778,0,0.05891340970993042,0
14779,1,0.9999879598617554,1
14780,1,0.9981291890144348,1
14781,0,0.00041591559420339763,0
14782,1,0.9985881447792053,1
14783,0,0.600468635559082,1
14784,1,0.9535535573959351,1
14785,1,0.9999938011169434,1
14786,0,0.08389431983232498,0
14787,1,0.9999785423278809,1
14788,1,0.999897837638855,1
14789,0,0.01823650859296322,0
14790,0,0.005864201579242945,0
14791,0,0.0013779104920104146,0
14792,0,0.0004493087762966752,0
14793,1,0.9999737739562988,1
14794,0,0.00047457078471779823,0
14795,0,0.02161549963057041,0
14796,1,0.43545278906822205,0
14797,1,0.9814971685409546,1
14798,0,0.0009923342149704695,0
14799,0,0.01338942814618349,0
14800,0,2.472533378750086e-05,0
14801,0,0.6525089144706726,1
14802,1,0.9980972409248352,1
14803,0,0.00016026241064537317,0
14804,1,0.9974269270896912,1
14805,0,0.007361385505646467,0
14806,1,0.9971475005149841,1
14807,1,0.9999226331710815,1
14808,0,0.023822080343961716,0
14809,1,0.9999750852584839,1
14810,0,0.022198127582669258,0
14811,1,0.9287363886833191,1
14812,1,0.9998829364776611,1
14813,0,0.001302716787904501,0
14814,0,0.46691665053367615,0
14815,1,0.9666324257850647,1
14816,1,0.9999996423721313,1
14817,1,0.9962806105613708,1
14818,0,2.02426667783584e-06,0
14819,0,0.005962453782558441,0
14820,1,0.2384658008813858,0
14821,1,0.9944947361946106,1
14822,0,0.3953167796134949,0
14823,1,0.9983150959014893,1
14824,0,0.0010597207583487034,0
14825,0,0.07870523631572723,0
14826,1,0.9999992847442627,1
14827,1,0.9806123375892639,1
14828,1,0.9999983310699463,1
14829,0,6.419980309146922e-06,0
14830,1,0.9996992349624634,1
14831,1,0.9964717626571655,1
14832,1,0.5866097807884216,1
14833,0,0.02585878223180771,0
14834,1,0.9994530081748962,1
14835,1,0.9999775886535645,1
14836,1,0.9998706579208374,1
14837,1,0.9999988079071045,1
14838,1,0.9879481196403503,1
14839,1,0.9999167919158936,1
14840,1,0.9822357892990112,1
14841,0,0.12379024177789688,0
14842,1,0.9999997615814209,1
14843,1,0.9996844530105591,1
14844,1,0.9910854697227478,1
14845,1,0.9998631477355957,1
14846,1,0.9506575465202332,1
14847,0,0.009862598031759262,0
14848,0,0.0005765001988038421,0
14849,1,0.9945993423461914,1
14850,1,0.9990481734275818,1
14851,1,0.9996404647827148,1
14852,0,0.00026482599787414074,0
14853,1,0.9999904632568359,1
14854,0,0.06973416358232498,0
14855,0,0.00010010609548771754,0
14856,0,0.0031991133000701666,0
14857,0,0.06799527257680893,0
14858,0,0.08425754308700562,0
14859,1,0.999893069267273,1
14860,0,0.15069594979286194,0
14861,1,0.8483664989471436,1
14862,1,0.9996023774147034,1
14863,0,0.0005863648257218301,0
14864,0,0.00032758989254944026,0
14865,0,2.9601405913126655e-05,0
14866,0,0.9183539748191833,1
14867,1,0.7005966305732727,1
14868,0,0.01032410841435194,0
14869,1,0.8723821640014648,1
14870,1,0.9939915537834167,1
14871,0,0.00087447848636657,0
14872,1,0.9920246601104736,1
14873,0,0.12989182770252228,0
14874,1,0.9993384480476379,1
14875,0,3.132202891720226e-06,0
14876,1,0.8968588709831238,1
14877,0,0.0001673451333772391,0
14878,1,0.9999959468841553,1
14879,1,0.25462180376052856,0
14880,1,0.9835910201072693,1
14881,0,0.0008935660589486361,0
14882,0,0.0003058252914343029,0
14883,0,8.811550651444122e-05,0
14884,1,0.9999984502792358,1
14885,1,0.726137101650238,1
14886,1,0.999995231628418,1
14887,1,0.9999167919158936,1
14888,1,0.48074132204055786,0
14889,1,0.867843747138977,1
14890,0,0.0019260554108768702,0
14891,1,0.9826064109802246,1
14892,1,0.81427001953125,1
14893,1,0.4547756016254425,0
14894,0,0.002075072145089507,0
14895,0,7.713786908425391e-05,0
14896,0,0.29746097326278687,0
14897,0,0.0004103680548723787,0
14898,0,0.006473863497376442,0
14899,1,0.9999912977218628,1
14900,0,0.016721684485673904,0
14901,1,0.9977079629898071,1
14902,1,0.9986446499824524,1
14903,0,0.1797008514404297,0
14904,1,0.9999768733978271,1
14905,0,0.1405290812253952,0
14906,0,0.04636109620332718,0
14907,1,0.9999454021453857,1
14908,0,0.0009008942870423198,0
14909,1,0.9894472360610962,1
14910,1,0.9872948527336121,1
14911,0,0.00670210737735033,0
14912,1,0.8725443482398987,1
14913,0,8.879760571289808e-08,0
14914,1,0.9573167562484741,1
14915,0,0.01023499108850956,0
14916,0,0.00016875602887012064,0
14917,0,1.745010358433774e-08,0
14918,1,0.9971665740013123,1
14919,1,0.578455924987793,1
14920,1,0.9999904632568359,1
14921,0,0.0012923981994390488,0
14922,1,0.9951674938201904,1
14923,1,0.9975791573524475,1
14924,0,0.008964252658188343,0
14925,0,0.000264879286987707,0
14926,0,0.0032754181884229183,0
14927,1,0.43011391162872314,0
14928,0,0.0038188702892512083,0
14929,1,0.01767374575138092,0
14930,0,3.0481409339699894e-05,0
14931,0,0.3187561631202698,0
14932,0,0.0009033327223733068,0
14933,0,0.002730503212660551,0
14934,1,0.9995717406272888,1
14935,0,0.0024745692498981953,0
14936,0,0.03342319652438164,0
14937,1,0.8564925789833069,1
14938,0,0.0006073212716728449,0
14939,1,0.9999293088912964,1
14940,0,0.010393437929451466,0
14941,0,0.3245437443256378,0
14942,1,0.9360823035240173,1
14943,1,0.9729498028755188,1
14944,0,0.00023935455828905106,0
14945,0,0.017017288133502007,0
14946,0,0.09663332253694534,0
14947,1,0.9985907673835754,1
14948,0,0.00015632272697985172,0
14949,0,0.7979902625083923,1
14950,0,1.6107091141748242e-05,0
14951,1,0.9757454991340637,1
14952,0,0.8900535702705383,1
14953,0,0.0008044529822655022,0
14954,1,0.9748852849006653,1
14955,1,0.9980854988098145,1
14956,1,0.9418790340423584,1
14957,0,0.030848251655697823,0
14958,1,0.9975106716156006,1
14959,0,0.030811283737421036,0
14960,0,0.2637491524219513,0
14961,1,0.9999961853027344,1
14962,1,0.9976741671562195,1
14963,1,0.9673164486885071,1
14964,0,0.00973184872418642,0
14965,1,0.6002639532089233,1
14966,0,0.04847860336303711,0
14967,1,0.9985479712486267,1
14968,0,0.00021539049339480698,0
14969,0,0.00019325295579619706,0
14970,0,0.0003410759672988206,0
14971,0,0.0004905276582576334,0
14972,0,1.424694710294716e-05,0
14973,1,0.9214237928390503,1
14974,0,0.044892340898513794,0
14975,1,0.9942458271980286,1
14976,0,0.9699222445487976,1
14977,0,0.003827835200354457,0
14978,1,0.9880045056343079,1
14979,1,0.9999998807907104,1
14980,0,0.20822244882583618,0
14981,1,0.9943882822990417,1
14982,1,0.9626401662826538,1
14983,1,0.4899818003177643,0
14984,0,0.012413504533469677,0
14985,0,7.488099799957126e-05,0
14986,1,0.9997450709342957,1
14987,0,0.17866939306259155,0
14988,1,0.9999910593032837,1
14989,1,0.9725735187530518,1
14990,0,1.5841030744923046e-06,0
14991,1,0.9999068975448608,1
14992,1,0.9954555034637451,1
14993,0,8.004112714843359e-07,0
14994,1,0.9999985694885254,1
14995,0,0.0017125607701018453,0
14996,1,0.9992714524269104,1
14997,1,0.9152469635009766,1
14998,1,0.9985567927360535,1
14999,1,0.03984979912638664,0
15000,0,1.8001203727635584e-07,0
15001,1,0.9999492168426514,1
15002,1,0.8537582755088806,1
15003,0,0.007942230440676212,0
15004,1,0.5520601868629456,1
15005,0,0.0014385784743353724,0
15006,1,0.9999876022338867,1
15007,0,0.0004897154285572469,0
15008,1,0.9965810179710388,1
15009,1,0.12334423512220383,0
15010,0,0.7269665598869324,1
15011,1,0.9991899132728577,1
15012,0,0.012735393829643726,0
15013,0,1.379065724904649e-05,0
15014,0,2.518357860026299e-06,0
15015,1,0.9942639470100403,1
15016,1,0.9998910427093506,1
15017,0,0.2317160815000534,0
15018,0,0.03384637460112572,0
15019,1,0.9996793270111084,1
15020,0,0.005516881588846445,0
15021,0,7.441885099979118e-05,0
15022,1,0.9999767541885376,1
15023,1,0.9642909169197083,1
15024,1,0.4598473906517029,0
15025,1,0.999997615814209,1
15026,0,0.0015592939453199506,0
15027,1,0.9997878670692444,1
15028,0,0.033798929303884506,0
15029,1,0.9997854828834534,1
15030,0,0.001137248589657247,0
15031,0,0.021024126559495926,0
15032,0,0.008505783975124359,0
15033,1,0.9939776659011841,1
15034,1,0.9998456239700317,1
15035,1,0.9984022974967957,1
15036,0,0.00033136835554614663,0
15037,1,0.99998939037323,1
15038,1,0.9477697610855103,1
15039,0,0.13546141982078552,0
15040,0,1.5256037841027137e-05,0
15041,0,0.00351802003569901,0
15042,1,0.009739107452332973,0
15043,0,0.6474536061286926,1
15044,1,0.9999986886978149,1
15045,1,0.991415798664093,1
15046,0,1.4415791156352498e-05,0
15047,1,0.9990798234939575,1
15048,1,0.9987390637397766,1
15049,1,0.998788058757782,1
15050,1,0.9992103576660156,1
15051,0,2.1641537841787795e-06,0
15052,1,0.9999998807907104,1
15053,0,0.00021657398610841483,0
15054,0,0.031368669122457504,0
15055,1,0.8789355754852295,1
15056,0,0.0017436285270377994,0
15057,0,0.00018658710177987814,0
15058,0,0.00013642956037074327,0
15059,0,7.229718448797939e-06,0
15060,0,3.0910781788406894e-05,0
15061,0,0.0008039058302529156,0
15062,0,0.8045682311058044,1
15063,1,0.9898650050163269,1
15064,1,0.999202311038971,1
15065,1,0.8118513822555542,1
15066,0,0.0015085665509104729,0
15067,0,0.865745484828949,1
15068,1,0.9881008863449097,1
15069,1,0.8696348071098328,1
15070,0,0.000660702760796994,0
15071,0,0.0002714267175178975,0
15072,0,0.0009887588676065207,0
15073,1,0.99937504529953,1
15074,0,0.009975542314350605,0
15075,1,0.34264788031578064,0
15076,1,0.5406351685523987,1
15077,0,0.001435962039977312,0
15078,1,0.9993357062339783,1
15079,0,0.0795939564704895,0
15080,1,0.9118663668632507,1
15081,1,0.5097014307975769,1
15082,0,0.450656920671463,0
15083,1,0.5654404759407043,1
15084,1,0.9994076490402222,1
15085,1,0.9948835968971252,1
15086,1,0.9952555298805237,1
15087,0,0.03466189280152321,0
15088,0,0.004017962608486414,0
15089,1,0.9993390440940857,1
15090,1,0.9438762068748474,1
15091,1,0.9999349117279053,1
15092,0,2.447333827149123e-05,0
15093,0,0.00018664493109099567,0
15094,0,0.02893127128481865,0
15095,1,0.999951958656311,1
15096,0,8.43411328332877e-07,0
15097,1,0.9914085268974304,1
15098,1,0.9997956156730652,1
15099,1,0.881492018699646,1
15100,1,0.9998020529747009,1
15101,0,8.21655266918242e-05,0
15102,1,0.9977967739105225,1
15103,0,1.211536527989665e-05,0
15104,1,0.7612407207489014,1
15105,0,0.0065870126709342,0
15106,0,0.0008395914919674397,0
15107,0,0.06514483690261841,0
15108,1,0.998695433139801,1
15109,1,0.9976121187210083,1
15110,0,8.113864424785788e-08,0
15111,1,0.9836897253990173,1
15112,1,0.9990553259849548,1
15113,1,0.9996669292449951,1
15114,0,0.4925972521305084,0
15115,0,0.004225814715027809,0
15116,1,0.5481293201446533,1
15117,1,0.9983723759651184,1
15118,0,1.6760382095526438e-06,0
15119,1,0.9993301630020142,1
15120,0,0.5064743757247925,1
15121,0,0.2461368590593338,0
15122,1,0.974886417388916,1
15123,1,0.9914566874504089,1
15124,0,6.0080525145167485e-05,0
15125,0,0.0002234393759863451,0
15126,1,0.9953997731208801,1
15127,1,0.44696199893951416,0
15128,0,2.3707840227871202e-05,0
15129,0,0.20489344000816345,0
15130,1,0.9867864847183228,1
15131,1,0.9860255122184753,1
15132,1,0.3714054226875305,0
15133,1,0.9998169541358948,1
15134,1,0.9994950294494629,1
15135,1,0.9998354911804199,1
15136,1,0.9989160299301147,1
15137,1,0.8383798003196716,1
15138,1,0.9999898672103882,1
15139,0,0.01538846641778946,0
15140,1,0.6186513304710388,1
15141,1,0.9989399313926697,1
15142,1,0.8175795078277588,1
15143,0,0.05669412016868591,0
15144,1,0.891848087310791,1
15145,1,0.9999181032180786,1
15146,1,0.9997836947441101,1
15147,1,0.9677649736404419,1
15148,0,0.5066869854927063,1
15149,1,0.08413412421941757,0
15150,1,0.9858232736587524,1
15151,1,0.999565064907074,1
15152,0,5.512450570677174e-06,0
15153,0,0.002203060546889901,0
15154,0,0.00026678419089876115,0
15155,0,6.340961408568546e-05,0
15156,0,0.006265916861593723,0
15157,0,0.01751270703971386,0
15158,0,4.375619027996436e-05,0
15159,1,0.8584100604057312,1
15160,0,7.12079054210335e-06,0
15161,0,8.571326907258481e-05,0
15162,1,0.9999982118606567,1
15163,1,0.999981164932251,1
15164,1,0.6132595539093018,1
15165,0,0.00032198618282563984,0
15166,0,6.259405199671164e-05,0
15167,0,0.9466244578361511,1
15168,1,0.9801252484321594,1
15169,1,0.9997798800468445,1
15170,0,0.06142555549740791,0
15171,0,0.0009712193277664483,0
15172,0,3.6017060445203697e-09,0
15173,0,0.04589492827653885,0
15174,0,0.0028312208596616983,0
15175,1,0.9997120499610901,1
15176,1,0.999677300453186,1
15177,0,0.5048669576644897,1
15178,0,0.055515602231025696,0
15179,1,0.08056600391864777,0
15180,0,0.011338663287460804,0
15181,1,0.9992374181747437,1
15182,1,0.9965632557868958,1
15183,1,0.9166852831840515,1
15184,1,0.9903102517127991,1
15185,0,8.325839189637918e-06,0
15186,0,0.001708535011857748,0
15187,1,0.9646238088607788,1
15188,1,0.9999991655349731,1
15189,1,0.44267797470092773,0
15190,0,0.0010016188025474548,0
15191,0,4.628827446140349e-05,0
15192,0,0.0006447047926485538,0
15193,0,0.006879537366330624,0
15194,1,0.9999600648880005,1
15195,1,0.9999992847442627,1
15196,1,0.9998250603675842,1
15197,0,0.0014766501262784004,0
15198,0,0.0020859732758253813,0
15199,0,0.0009741756366565824,0
15200,1,0.7134154438972473,1
15201,1,0.9991723299026489,1
15202,1,0.9725496172904968,1
15203,0,0.0033606868237257004,0
15204,1,0.9829062819480896,1
15205,1,0.999990701675415,1
15206,1,0.9999749660491943,1
15207,0,3.1598312489222735e-05,0
15208,0,9.713189501781017e-05,0
15209,0,0.29504865407943726,0
15210,1,0.9975184202194214,1
15211,0,0.898540198802948,1
15212,1,0.9942870736122131,1
15213,0,0.9310588836669922,1
15214,0,0.07217979431152344,0
15215,1,0.9999432563781738,1
15216,0,0.0013079321943223476,0
15217,0,0.0003976241569034755,0
15218,1,0.7587991952896118,1
15219,0,0.005752283148467541,0
15220,0,0.0028627640567719936,0
15221,1,0.7259849309921265,1
15222,1,0.6155768036842346,1
15223,0,0.05435147136449814,0
15224,0,0.006351193878799677,0
15225,1,0.9969610571861267,1
15226,1,0.9990934133529663,1
15227,0,0.003180174622684717,0
15228,0,2.065101398329716e-06,0
15229,0,2.4103943360387348e-05,0
15230,0,0.032736677676439285,0
15231,0,0.0006094673299230635,0
15232,1,0.9990373849868774,1
15233,1,0.9971375465393066,1
15234,1,0.2213473618030548,0
15235,1,0.9997949004173279,1
15236,0,0.003973354585468769,0
15237,0,0.00019570828590076417,0
15238,0,0.04656711593270302,0
15239,1,0.2923291027545929,0
15240,1,0.8609142303466797,1
15241,0,0.011708117090165615,0
15242,1,0.9991191029548645,1
15243,1,0.9055445790290833,1
15244,0,0.5386942028999329,1
15245,1,0.9289445281028748,1
15246,0,0.00034776280517689884,0
15247,0,0.002522759372368455,0
15248,1,0.9999829530715942,1
15249,0,0.025660261511802673,0
15250,1,0.9997120499610901,1
15251,1,0.9998701810836792,1
15252,1,0.9993999004364014,1
15253,0,0.4217606782913208,0
15254,0,0.6318331956863403,1
15255,1,0.7892794609069824,1
15256,1,0.0024145778734236956,0
15257,1,0.9999648332595825,1
15258,1,0.9991580247879028,1
15259,1,0.9907308220863342,1
15260,1,0.9998569488525391,1
15261,0,0.05729057639837265,0
15262,0,0.06009368970990181,0
15263,0,0.0358588881790638,0
15264,0,0.0726863294839859,0
15265,1,0.9846075177192688,1
15266,1,0.9999943971633911,1
15267,1,0.9561420679092407,1
15268,1,0.9985111355781555,1
15269,1,0.998933732509613,1
15270,1,0.9999866485595703,1
15271,1,0.7505543828010559,1
15272,0,0.06252236664295197,0
15273,0,0.04354355111718178,0
15274,0,0.0184006430208683,0
15275,1,0.9982182383537292,1
15276,1,0.9999996423721313,1
15277,0,0.0002085290616378188,0
15278,0,0.0005590911023318768,0
15279,1,0.9987406134605408,1
15280,0,0.040595073252916336,0
15281,0,0.004767242819070816,0
15282,1,0.6231923699378967,1
15283,1,0.9994452595710754,1
15284,0,1.4196261872712057e-06,0
15285,1,0.995466947555542,1
15286,1,0.9999148845672607,1
15287,0,1.6809037333587185e-05,0
15288,0,0.02727331407368183,0
15289,0,0.005703940987586975,0
15290,1,0.9992212057113647,1
15291,1,0.9994956254959106,1
15292,1,0.5880689024925232,1
15293,1,0.9999747276306152,1
15294,1,0.9998853206634521,1
15295,1,0.999743640422821,1
15296,0,4.3643180447361374e-07,0
15297,1,0.999976634979248,1
15298,1,0.999983549118042,1
15299,1,0.9991369843482971,1
15300,0,0.33329829573631287,0
15301,1,0.9779207110404968,1
15302,0,0.6296771764755249,1
15303,1,0.9994401335716248,1
15304,1,0.9999563694000244,1
15305,1,0.9999271631240845,1
15306,0,0.002667136024683714,0
15307,1,0.9999610185623169,1
15308,0,0.0038353558629751205,0
15309,0,0.0005278954049572349,0
15310,0,0.03859559819102287,0
15311,1,0.9964943528175354,1
15312,1,0.982883870601654,1
15313,0,0.07369568943977356,0
15314,1,0.974665105342865,1
15315,1,0.9983543157577515,1
15316,1,0.9975650310516357,1
15317,1,0.9995092153549194,1
15318,1,0.9991831183433533,1
15319,0,0.008039847016334534,0
15320,1,0.9999842643737793,1
15321,1,0.9965816140174866,1
15322,1,0.9882949590682983,1
15323,0,0.3910042643547058,0
15324,0,1.6793310919638316e-07,0
15325,1,0.9681522846221924,1
15326,0,0.0025468464009463787,0
15327,1,0.999913215637207,1
15328,1,0.9376245141029358,1
15329,0,5.403991053753998e-06,0
15330,1,0.9928979873657227,1
15331,0,2.089055442411336e-06,0
15332,0,0.05741999298334122,0
15333,0,0.0010883626528084278,0
15334,0,0.03949640691280365,0
15335,0,0.030557576566934586,0
15336,1,0.9999443292617798,1
15337,1,0.999958872795105,1
15338,0,0.1099487766623497,0
15339,0,0.000511986727360636,0
15340,0,0.0190542284399271,0
15341,0,0.0008473864290863276,0
15342,0,0.07643149793148041,0
15343,1,0.9987276196479797,1
15344,0,0.11368092149496078,0
15345,1,0.9860547184944153,1
15346,1,0.9998192191123962,1
15347,0,0.003989997785538435,0
15348,0,0.1100529134273529,0
15349,1,0.9999887943267822,1
15350,0,0.9771019816398621,1
15351,1,0.9271355867385864,1
15352,0,9.853891970124096e-05,0
15353,1,0.9997718930244446,1
15354,1,0.9999237060546875,1
15355,0,0.04411115497350693,0
15356,0,0.006451934110373259,0
15357,1,0.9999421834945679,1
15358,1,0.5445483326911926,1
15359,0,1.7868560462375171e-06,0
15360,1,0.9998511075973511,1
15361,0,0.003652238519862294,0
15362,1,0.9991275668144226,1
15363,1,0.9956656098365784,1
15364,1,0.9999924898147583,1
15365,1,0.6788559556007385,1
15366,0,0.00046503194607794285,0
15367,0,0.0019735582172870636,0
15368,0,0.0011800932697951794,0
15369,0,0.015250683762133121,0
15370,0,0.00955886673182249,0
15371,1,0.9999995231628418,1
15372,0,0.7896096706390381,1
15373,1,0.9921057224273682,1
15374,0,2.336269426450599e-05,0
15375,1,0.9999302625656128,1
15376,1,0.9977967739105225,1
15377,0,0.5911691784858704,1
15378,1,0.9121877551078796,1
15379,1,0.9810054302215576,1
15380,0,4.599281237460673e-05,0
15381,0,0.04443943873047829,0
15382,1,0.9999880790710449,1
15383,0,3.686768877741997e-06,0
15384,1,0.9691480398178101,1
15385,0,0.09023497253656387,0
15386,1,0.9999994039535522,1
15387,1,0.9942680597305298,1
15388,1,0.9914549589157104,1
15389,1,0.8156640529632568,1
15390,0,8.040368811634835e-06,0
15391,0,0.0020852030720561743,0
15392,1,0.9646817445755005,1
15393,0,0.3255348801612854,0
15394,0,0.05776951089501381,0
15395,1,0.9994906187057495,1
15396,0,2.3390091882902198e-05,0
15397,1,0.9998049139976501,1
15398,1,0.09939303994178772,0
15399,1,0.9737289547920227,1
15400,1,0.9721774458885193,1
15401,1,0.9985312223434448,1
15402,0,0.2041846364736557,0
15403,1,0.9991594552993774,1
15404,0,0.002880650805309415,0
15405,1,0.9957322478294373,1
15406,1,0.9990357160568237,1
15407,0,0.001870479085482657,0
15408,0,0.0007640921394340694,0
15409,0,1.2244366871527745e-06,0
15410,0,0.011941783130168915,0
15411,1,0.9999376535415649,1
15412,0,0.0002719219774007797,0
15413,0,0.028436079621315002,0
15414,0,0.13364538550376892,0
15415,1,0.9996739625930786,1
15416,0,0.014090318232774734,0
15417,1,0.9990280866622925,1
15418,0,0.45453110337257385,0
15419,0,0.015155562199652195,0
15420,0,0.00023075279023032635,0
15421,0,5.834365583723411e-05,0
15422,1,0.9989163875579834,1
15423,0,0.0005913497880101204,0
15424,0,0.00893421284854412,0
15425,0,0.01167753990739584,0
15426,1,0.9703441858291626,1
15427,0,2.368014548892461e-07,0
15428,1,0.9999996423721313,1
15429,1,0.8822707533836365,1
15430,0,0.08581305295228958,0
15431,1,0.9999288320541382,1
15432,0,0.7684829831123352,1
15433,0,0.8214426636695862,1
15434,0,3.082554712818819e-06,0
15435,1,0.9999996423721313,1
15436,1,0.3108117878437042,0
15437,1,0.999994158744812,1
15438,0,0.010881789028644562,0
15439,1,0.967372477054596,1
15440,0,0.005844328086823225,0
15441,0,0.06594260036945343,0
15442,0,0.010629002004861832,0
15443,0,0.0237098541110754,0
15444,0,0.08102665096521378,0
15445,1,0.9998372793197632,1
15446,1,0.9999624490737915,1
15447,1,0.9973849654197693,1
15448,0,0.10388589650392532,0
15449,0,0.09336651116609573,0
15450,0,0.32425540685653687,0
15451,1,0.9999954700469971,1
15452,1,0.9961534142494202,1
15453,1,0.019700217992067337,0
15454,1,0.9870882034301758,1
15455,1,0.9988573789596558,1
15456,0,0.2997346520423889,0
15457,1,0.9990847110748291,1
15458,0,0.0015998717863112688,0
15459,1,0.9976988434791565,1
15460,1,0.9934831261634827,1
15461,0,0.00010184345592278987,0
15462,1,0.9993752837181091,1
15463,1,0.9998461008071899,1
15464,0,0.150884747505188,0
15465,1,0.1878919154405594,0
15466,0,0.00409809360280633,0
15467,0,0.0008813638123683631,0
15468,1,0.9997647404670715,1
15469,1,0.9915032386779785,1
15470,0,0.05931670963764191,0
15471,0,0.0033670030534267426,0
15472,1,0.9999953508377075,1
15473,0,3.5084815408481518e-06,0
15474,0,0.0025747225154191256,0
15475,0,0.006857078522443771,0
15476,1,0.9985089898109436,1
15477,0,0.1902431845664978,0
15478,1,0.9999911785125732,1
15479,1,0.9102587699890137,1
15480,0,0.3926491439342499,0
15481,0,0.00874039251357317,0
15482,0,9.472991564507538e-07,0
15483,1,0.9976255297660828,1
15484,1,0.997733473777771,1
15485,1,0.9999953508377075,1
15486,1,0.8790287971496582,1
15487,0,1.9840331333398353e-06,0
15488,0,0.01029206532984972,0
15489,0,0.0022158888168632984,0
15490,1,0.9767709970474243,1
15491,0,3.5123682664561784e-06,0
15492,1,0.9140961170196533,1
15493,1,0.9998282194137573,1
15494,0,0.017750518396496773,0
15495,0,0.052985530346632004,0
15496,1,0.9424631595611572,1
15497,0,0.010887384414672852,0
15498,0,0.7818858623504639,1
15499,0,0.14056742191314697,0
15500,0,0.2935962677001953,0
15501,1,0.996533989906311,1
15502,1,0.9998612403869629,1
15503,0,0.0006041332962922752,0
15504,0,1.4275794455897994e-05,0
15505,0,0.003507397836074233,0
15506,0,2.24069381715708e-07,0
15507,1,0.7904979586601257,1
15508,0,0.0011862794635817409,0
15509,0,0.0016992059536278248,0
15510,0,0.00223724078387022,0
15511,1,0.9977489113807678,1
15512,1,0.97995924949646,1
15513,1,0.9999972581863403,1
15514,0,0.04372892901301384,0
15515,0,0.0004951598821207881,0
15516,0,0.004806373734027147,0
15517,0,0.0005176887498237193,0
15518,0,0.38929513096809387,0
15519,0,0.008567657321691513,0
15520,1,0.9926959276199341,1
15521,0,0.015243996866047382,0
15522,1,0.9997401833534241,1
15523,1,0.9977005124092102,1
15524,1,0.9034046530723572,1
15525,1,0.999997615814209,1
15526,0,1.0267380275763571e-05,0
15527,0,0.00028836028650403023,0
15528,1,0.9947373270988464,1
15529,1,0.9481478333473206,1
15530,0,5.500829502125271e-06,0
15531,0,8.453298505628482e-06,0
15532,1,0.9987145662307739,1
15533,0,0.0007479102932848036,0
15534,1,0.8542691469192505,1
15535,1,0.9946162104606628,1
15536,1,0.9973863959312439,1
15537,0,0.43698346614837646,0
15538,0,0.0003595444723032415,0
15539,1,0.9999921321868896,1
15540,0,0.006417689844965935,0
15541,0,1.9905608894532634e-07,0
15542,1,0.998056173324585,1
15543,0,0.7496246099472046,1
15544,1,0.999702513217926,1
15545,0,8.758197509450838e-06,0
15546,1,0.9755449891090393,1
15547,0,0.023716531693935394,0
15548,1,0.10264268517494202,0
15549,0,0.0009297772776335478,0
15550,1,0.9817720651626587,1
15551,0,0.0013601745013147593,0
15552,1,0.865005612373352,1
15553,1,0.9995138645172119,1
15554,0,0.8274047374725342,1
15555,1,0.9999343156814575,1
15556,1,0.9986481070518494,1
15557,1,0.998248815536499,1
15558,0,0.8139410018920898,1
15559,1,0.8068585991859436,1
15560,0,0.0014607321936637163,0
15561,1,0.9993717074394226,1
15562,0,0.12902088463306427,0
15563,0,0.003697698237374425,0
15564,0,0.004487155470997095,0
15565,0,0.006689389701932669,0
15566,1,0.9999152421951294,1
15567,0,0.0030102545861154795,0
15568,1,0.9999936819076538,1
15569,1,0.9999985694885254,1
15570,0,8.549766334908782e-07,0
15571,0,0.025428738445043564,0
15572,0,0.0003808230976574123,0
15573,0,0.0006705805426463485,0
15574,1,0.2589290738105774,0
15575,0,6.414814833988203e-06,0
15576,0,2.8008005756419152e-05,0
15577,0,0.5922832489013672,1
15578,0,0.00020168589253444225,0
15579,1,0.9982829093933105,1
15580,1,0.9947090148925781,1
15581,0,0.04995102062821388,0
15582,0,8.258649904746562e-05,0
15583,0,0.0003510254027787596,0
15584,1,0.9999876022338867,1
15585,1,0.8757529258728027,1
15586,1,0.9998539686203003,1
15587,1,0.9993665814399719,1
15588,0,1.2394938266879763e-06,0
15589,0,4.83153201003006e-07,0
15590,1,0.9953367114067078,1
15591,1,0.9784941673278809,1
15592,0,4.115531737625133e-07,0
15593,1,0.9970188140869141,1
15594,1,0.931678295135498,1
15595,0,0.03144233301281929,0
15596,0,0.038702767342329025,0
15597,0,0.00012253008026164025,0
15598,1,0.999546229839325,1
15599,0,0.0014830069849267602,0
15600,1,0.9997430443763733,1
15601,1,0.977745532989502,1
15602,1,0.999695897102356,1
15603,1,0.9938702583312988,1
15604,1,0.9320191144943237,1
15605,0,0.0010176871437579393,0
15606,1,0.9999386072158813,1
15607,0,0.00034888554364442825,0
15608,0,0.009569444693624973,0
15609,1,0.9999872446060181,1
15610,1,0.9999998807907104,1
15611,1,0.9999161958694458,1
15612,1,0.11606793105602264,0
15613,0,0.7687588930130005,1
15614,0,0.006889621261507273,0
15615,1,0.9913308620452881,1
15616,0,3.588946810850757e-06,0
15617,0,0.0014452607138082385,0
15618,1,0.997334361076355,1
15619,1,0.999996542930603,1
15620,1,0.48552247881889343,0
15621,0,0.0020508861634880304,0
15622,0,0.00016495215822942555,0
15623,1,0.9994565844535828,1
15624,0,0.0056630754843354225,0
15625,0,2.662266524566803e-05,0
15626,0,0.0007045405218377709,0
15627,1,0.9999974966049194,1
15628,0,0.7136023640632629,1
15629,0,0.7621797323226929,1
15630,1,0.9596030712127686,1
15631,1,0.9998461008071899,1
15632,1,0.9999992847442627,1
15633,0,0.0033903084695339203,0
15634,0,0.004011339042335749,0
15635,1,0.9948387742042542,1
15636,0,0.037479106336832047,0
15637,1,0.9998692274093628,1
15638,1,0.9627040028572083,1
15639,1,0.9999340772628784,1
15640,0,0.1620519459247589,0
15641,0,3.1731583476357628e-06,0
15642,0,0.004425742197781801,0
15643,1,0.37276002764701843,0
15644,0,0.0008940109983086586,0
15645,1,0.9839053750038147,1
15646,1,0.6061556935310364,1
15647,1,0.9979197382926941,1
15648,0,2.693516762519721e-05,0
15649,0,0.9949725866317749,1
15650,0,0.00024101325834635645,0
15651,0,0.7524198293685913,1
15652,1,0.9982568621635437,1
15653,0,0.01571241021156311,0
15654,1,0.9997400641441345,1
15655,1,0.9993870258331299,1
15656,0,0.004395955707877874,0
15657,0,0.010344366542994976,0
15658,1,0.9804626703262329,1
15659,0,0.681599497795105,1
15660,1,0.9962739944458008,1
15661,0,0.028428656980395317,0
15662,0,9.034254617290571e-06,0
15663,1,0.9999995231628418,1
15664,1,0.12577667832374573,0
15665,1,0.9990457892417908,1
15666,1,0.9877606630325317,1
15667,1,0.5462884902954102,1
15668,1,0.5531389713287354,1
15669,0,0.1657787561416626,0
15670,0,8.72078599059023e-05,0
15671,1,0.9999936819076538,1
15672,0,0.004483259283006191,0
15673,0,0.0014029077719897032,0
15674,1,0.9962117671966553,1
15675,1,0.9957838654518127,1
15676,0,0.01686798222362995,0
15677,1,0.9988407492637634,1
15678,0,0.007322022691369057,0
15679,1,0.9754482507705688,1
15680,0,0.6018972992897034,1
15681,0,0.027078773826360703,0
15682,0,0.0008224980556406081,0
15683,1,0.9987485408782959,1
15684,1,0.8990497589111328,1
15685,1,0.3495004177093506,0
15686,1,0.9999991655349731,1
15687,0,3.1747644243296236e-05,0
15688,1,0.999947190284729,1
15689,1,0.6774722933769226,1
15690,0,1.2790790606231894e-05,0
15691,1,0.9999245405197144,1
15692,1,0.9998480081558228,1
15693,0,5.527130610971653e-07,0
15694,0,0.025176245719194412,0
15695,0,0.023608842864632607,0
15696,1,0.9997416138648987,1
15697,0,0.023659711703658104,0
15698,0,0.0010906574316322803,0
15699,0,0.963355302810669,1
15700,1,0.9999933242797852,1
15701,1,0.905861496925354,1
15702,1,0.9975712895393372,1
15703,1,0.28794148564338684,0
15704,1,0.8867605924606323,1
15705,0,7.627264153597935e-07,0
15706,0,0.08562526106834412,0
15707,0,0.49131131172180176,0
15708,0,0.0026603899896144867,0
15709,1,0.9932710528373718,1
15710,0,0.000988768762908876,0
15711,1,0.028217030689120293,0
15712,0,0.005707106087356806,0
15713,1,0.9999997615814209,1
15714,1,0.9999769926071167,1
15715,0,0.03912504017353058,0
15716,0,0.002480429597198963,0
15717,1,0.99959796667099,1
15718,0,0.0008301190682686865,0
15719,0,0.04840603098273277,0
15720,1,0.9832618236541748,1
15721,1,0.9994957447052002,1
15722,0,0.002566832583397627,0
15723,1,0.9993178844451904,1
15724,1,0.9999881982803345,1
15725,1,0.9938066005706787,1
15726,0,0.0009497263818047941,0
15727,0,0.00014268360973801464,0
15728,1,0.9998610019683838,1
15729,0,0.0032220648135989904,0
15730,0,0.02690606378018856,0
15731,0,5.6521307669754606e-06,0
15732,1,0.9938929080963135,1
15733,0,1.0548839782131836e-05,0
15734,1,0.9999020099639893,1
15735,0,0.0018310872837901115,0
15736,0,0.01669280417263508,0
15737,0,0.9976739287376404,1
15738,1,0.9988738894462585,1
15739,0,0.9724735021591187,1
15740,1,0.854081392288208,1
15741,1,0.999672532081604,1
15742,0,3.092292899964377e-05,0
15743,1,0.9999967813491821,1
15744,0,0.00017756270244717598,0
15745,0,0.0005331315915100276,0
15746,0,0.505247175693512,1
15747,0,0.1239948570728302,0
15748,0,0.010744301602244377,0
15749,0,0.0018588586244732141,0
15750,1,0.996645987033844,1
15751,1,0.9973784685134888,1
15752,1,0.9985999464988708,1
15753,1,0.13515019416809082,0
15754,1,0.9999990463256836,1
15755,0,3.66574022336863e-05,0
15756,0,3.137495241389843e-08,0
15757,0,0.700652003288269,1
15758,0,0.0014013202162459493,0
15759,0,0.00016115594189614058,0
15760,1,0.9999817609786987,1
15761,0,0.006701520178467035,0
15762,0,0.00736062228679657,0
15763,0,2.001916300287121e-06,0
15764,1,0.99681156873703,1
15765,1,0.9996386766433716,1
15766,0,0.01322090532630682,0
15767,1,0.9999902248382568,1
15768,0,0.21025142073631287,0
15769,1,0.9966304898262024,1
15770,0,0.630859375,1
15771,1,0.9765912294387817,1
15772,0,0.0035035531036555767,0
15773,1,0.998166024684906,1
15774,1,0.9879306554794312,1
15775,1,0.9991724491119385,1
15776,0,0.06803043931722641,0
15777,1,0.9999938011169434,1
15778,1,0.9962546825408936,1
15779,1,0.8107418417930603,1
15780,0,0.0014290872495621443,0
15781,1,0.9999808073043823,1
15782,0,0.18207886815071106,0
15783,0,0.00047226459719240665,0
15784,1,0.9999786615371704,1
15785,0,3.730993194039911e-05,0
15786,1,0.7156800031661987,1
15787,1,0.6961036324501038,1
15788,0,0.5342744588851929,1
15789,0,0.01553164329379797,0
15790,1,0.9998874664306641,1
15791,1,0.9997177720069885,1
15792,0,0.014681179076433182,0
15793,1,0.9999924898147583,1
15794,0,0.0033801603130996227,0
15795,1,0.9999463558197021,1
15796,0,0.04765520617365837,0
15797,0,0.003336643800139427,0
15798,1,0.9998995065689087,1
15799,1,0.9983603358268738,1
15800,0,0.694217324256897,1
15801,1,0.9998447895050049,1
15802,1,0.011866124346852303,0
15803,0,0.0007114632171578705,0
15804,1,0.9865199327468872,1
15805,1,0.9997448325157166,1
15806,0,2.438775027258089e-06,0
15807,0,0.9168590903282166,1
15808,1,0.9964379072189331,1
15809,1,0.9999221563339233,1
15810,1,0.9976744055747986,1
15811,1,0.9893682599067688,1
15812,1,0.9994142055511475,1
15813,0,1.831714325817302e-05,0
15814,1,0.9997032284736633,1
15815,0,3.180434214300476e-05,0
15816,0,0.04391815885901451,0
15817,1,0.9979069232940674,1
15818,1,0.9941510558128357,1
15819,1,0.9998332262039185,1
15820,1,0.9988356232643127,1
15821,1,0.9999998807907104,1
15822,1,0.9999065399169922,1
15823,0,0.380402535200119,0
15824,0,0.0005568754859268665,0
15825,1,0.9913827776908875,1
15826,0,0.40531662106513977,0
15827,1,0.9944421648979187,1
15828,0,1.638584399188403e-05,0
15829,0,0.0002519543340895325,0
15830,1,0.9884942173957825,1
15831,0,0.0034801119472831488,0
15832,1,0.9999715089797974,1
15833,0,3.0813484045211226e-05,0
15834,0,0.011096852831542492,0
15835,1,0.9999817609786987,1
15836,1,0.9999995231628418,1
15837,1,0.9999524354934692,1
15838,0,0.0025322672445327044,0
15839,1,0.6651930212974548,1
15840,1,0.9991106390953064,1
15841,0,5.371764018491376e-06,0
15842,0,0.004036219324916601,0
15843,1,0.9978187084197998,1
15844,0,0.00015008221089374274,0
15845,1,0.99992835521698,1
15846,1,0.9999934434890747,1
15847,1,0.2802560329437256,0
15848,0,0.0010254409862682223,0
15849,0,0.03347454220056534,0
15850,0,0.0007248454494401813,0
15851,1,0.7508230209350586,1
15852,0,0.0176311694085598,0
15853,1,0.9999206066131592,1
15854,1,0.9978148937225342,1
15855,0,9.225423127645627e-06,0
15856,1,0.9992411136627197,1
15857,1,0.9969915151596069,1
15858,1,0.9999852180480957,1
15859,1,0.9998412132263184,1
15860,0,6.722839316353202e-06,0
15861,0,0.183753103017807,0
15862,0,0.018991727381944656,0
15863,0,0.003495842218399048,0
15864,0,7.958762580528855e-06,0
15865,0,0.03349335864186287,0
15866,1,0.9971857666969299,1
15867,1,0.9980906844139099,1
15868,1,0.9999951124191284,1
15869,0,0.0007990021258592606,0
15870,1,0.09959109127521515,0
15871,0,0.0024150602985173464,0
15872,0,0.5830184817314148,1
15873,1,0.9999831914901733,1
15874,0,0.08868467807769775,0
15875,1,0.9823505878448486,1
15876,0,1.7999244619204546e-06,0
15877,0,0.0007464485242962837,0
15878,0,0.41974562406539917,0
15879,0,0.0005169353680685163,0
15880,0,0.0008916635415516794,0
15881,1,0.9999871253967285,1
15882,0,0.009142965078353882,0
15883,1,0.9999598264694214,1
15884,1,0.9900357127189636,1
15885,1,0.9996720552444458,1
15886,1,0.9900946021080017,1
15887,1,0.9999716281890869,1
15888,0,0.008509444072842598,0
15889,0,0.013556499034166336,0
15890,1,0.9970225691795349,1
15891,1,0.9998745918273926,1
15892,1,0.9999951124191284,1
15893,0,0.0023693733382970095,0
15894,1,0.9357612133026123,1
15895,1,0.18320207297801971,0
15896,0,0.07656297087669373,0
15897,0,0.000782549032010138,0
15898,0,0.0021771746687591076,0
15899,0,0.0030640694312751293,0
15900,0,0.883628785610199,1
15901,1,0.9508586525917053,1
15902,0,0.002616120269522071,0
15903,0,0.00018229932175017893,0
15904,0,0.0009477210114710033,0
15905,1,0.7354120016098022,1
15906,0,7.747163181193173e-06,0
15907,0,0.0004776997375302017,0
15908,0,0.02685125172138214,0
15909,1,0.9793744087219238,1
15910,1,0.9604035019874573,1
15911,0,0.000988229177892208,0
15912,1,0.9994879961013794,1
15913,1,0.8672128319740295,1
15914,0,0.4476354718208313,0
15915,0,0.0018333694897592068,0
15916,1,0.9487466216087341,1
15917,0,4.487575279199518e-05,0
15918,1,0.9980071187019348,1
15919,0,0.0006172747816890478,0
15920,1,0.9999974966049194,1
15921,1,0.06788714230060577,0
15922,0,0.050560157746076584,0
15923,0,1.7187325283885002e-05,0
15924,0,0.9731929302215576,1
15925,1,0.9990814924240112,1
15926,1,0.3351348638534546,0
15927,1,0.9999433755874634,1
15928,1,0.9989466071128845,1
15929,1,0.9644888639450073,1
15930,1,0.9999136924743652,1
15931,1,0.9999517202377319,1
15932,0,5.839400273544015e-06,0
15933,1,0.9858226180076599,1
15934,1,0.948773980140686,1
15935,0,0.2766089141368866,0
15936,0,0.20159746706485748,0
15937,0,0.0115027641877532,0
15938,1,0.9989954829216003,1
15939,0,0.00013826871872879565,0
15940,1,0.9999969005584717,1
15941,0,0.004478203132748604,0
15942,1,0.9994418025016785,1
15943,0,0.7070673108100891,1
15944,1,0.6699957251548767,1
15945,0,0.627913236618042,1
15946,0,0.00034806542680598795,0
15947,0,0.8758863806724548,1
15948,0,0.6994034647941589,1
15949,1,0.999705970287323,1
15950,0,0.00018404849106445909,0
15951,1,0.9976617097854614,1
15952,0,5.19664126841235e-06,0
15953,0,0.00010617118823574856,0
15954,0,0.18603326380252838,0
15955,0,0.7633365988731384,1
15956,0,0.0005381489754654467,0
15957,1,0.9579163789749146,1
15958,0,0.08024915307760239,0
15959,1,0.9997139573097229,1
15960,0,8.175816765287891e-05,0
15961,1,0.9999935626983643,1
15962,0,0.001546581625007093,0
15963,0,0.0016695806989446282,0
15964,0,0.6250073313713074,1
15965,0,0.6097560524940491,1
15966,1,0.9952966570854187,1
15967,0,0.9381281733512878,1
15968,1,0.9994896650314331,1
15969,0,0.03401942178606987,0
15970,0,2.716985214590295e-08,0
15971,1,0.9920378923416138,1
15972,1,0.9995586276054382,1
15973,0,0.013634872622787952,0
15974,1,0.6936526894569397,1
15975,1,0.9693203568458557,1
15976,0,0.0005247866502031684,0
15977,1,0.9999909400939941,1
15978,1,0.9991248250007629,1
15979,1,0.9935595989227295,1
15980,0,0.0017319394974038005,0
15981,0,0.012005778029561043,0
15982,1,0.9272118210792542,1
15983,1,0.01614094153046608,0
15984,0,0.0004063330707140267,0
15985,0,0.00013685431622434407,0
15986,1,0.9675011038780212,1
15987,0,0.42333200573921204,0
15988,1,0.72104412317276,1
15989,1,0.9999736547470093,1
15990,1,0.9624707102775574,1
15991,0,0.006709441542625427,0
15992,1,0.9996514320373535,1
15993,0,0.00032626744359731674,0
15994,0,0.0004477544571273029,0
15995,0,4.687282853410579e-06,0
15996,0,0.0013266298919916153,0
15997,0,0.979802668094635,1
15998,0,6.416577434720239e-06,0
15999,0,0.23461854457855225,0
16000,1,0.9988589286804199,1
16001,1,0.5944378972053528,1
16002,1,0.9997891783714294,1
16003,1,0.9994100332260132,1
16004,0,0.0008734300499781966,0
16005,0,0.03007359430193901,0
16006,1,0.775761604309082,1
16007,1,0.9998881816864014,1
16008,0,4.45092240397571e-07,0
16009,0,0.8014732003211975,1
16010,1,0.9995328187942505,1
16011,0,2.1715946786571294e-05,0
16012,1,0.9997995495796204,1
16013,0,0.4297723174095154,0
16014,1,0.8124439120292664,1
16015,1,0.9999849796295166,1
16016,0,6.165181730466429e-06,0
16017,1,0.9999876022338867,1
16018,1,0.9999943971633911,1
16019,0,0.01956261694431305,0
16020,0,0.5138425827026367,1
16021,1,0.9989916682243347,1
16022,0,0.0019498940091580153,0
16023,1,1.0,1
16024,1,0.991946280002594,1
16025,0,0.05370199307799339,0
16026,0,3.902568550984142e-06,0
16027,0,0.000776277098339051,0
16028,1,0.9995051622390747,1
16029,0,5.94189305047621e-06,0
16030,0,0.005149287171661854,0
16031,0,0.00032088725129142404,0
16032,0,0.012830753810703754,0
16033,1,0.9991000890731812,1
16034,0,0.006414737552404404,0
16035,0,1.0411466973891947e-05,0
16036,0,0.008943603374063969,0
16037,0,0.003490565810352564,0
16038,1,0.9534295797348022,1
16039,1,0.6594366431236267,1
16040,1,0.8898151516914368,1
16041,0,1.999870073632337e-05,0
16042,1,0.9999986886978149,1
16043,1,0.9982511401176453,1
16044,1,0.9968423843383789,1
16045,0,9.225576650351286e-05,0
16046,1,0.9989206790924072,1
16047,1,0.9999735355377197,1
16048,1,0.9935771822929382,1
16049,1,0.9999955892562866,1
16050,0,5.8555790019454435e-05,0
16051,1,0.998822033405304,1
16052,1,0.9999167919158936,1
16053,0,0.00012449857604224235,0
16054,0,0.07640652358531952,0
16055,1,0.9983165264129639,1
16056,1,0.9997135996818542,1
16057,0,0.02278030663728714,0
16058,1,0.9988330006599426,1
16059,0,0.0004775082634296268,0
16060,1,0.9998900890350342,1
16061,1,0.9939456582069397,1
16062,1,0.996857762336731,1
16063,1,0.9977846741676331,1
16064,0,8.724179497221485e-05,0
16065,0,0.8545122146606445,1
16066,0,0.06480437517166138,0
16067,0,4.542519309325144e-05,0
16068,0,1.3421076801023446e-05,0
16069,0,0.5791009664535522,1
16070,1,0.999961256980896,1
16071,0,0.1265101432800293,0
16072,0,0.0005802174564450979,0
16073,0,0.0020174290984869003,0
16074,1,0.9940695762634277,1
16075,0,0.2017306387424469,0
16076,1,0.8420041799545288,1
16077,0,0.00013247948663774878,0
16078,1,0.9996641874313354,1
16079,0,0.0010920402128249407,0
16080,0,1.945070835063234e-05,0
16081,0,0.009969629347324371,0
16082,1,0.9995338916778564,1
16083,0,0.7232098579406738,1
16084,0,0.023524515330791473,0
16085,1,0.9971978664398193,1
16086,0,0.3569621741771698,0
16087,1,0.9999799728393555,1
16088,0,9.642925760999788e-06,0
16089,1,0.9999700784683228,1
16090,0,0.00029810931300744414,0
16091,1,0.9984480142593384,1
16092,1,0.9969903230667114,1
16093,0,0.0019799531437456608,0
16094,0,3.9719412598060444e-05,0
16095,1,0.992164134979248,1
16096,0,0.13776041567325592,0
16097,1,0.5634827017784119,1
16098,0,0.0022844078484922647,0
16099,1,0.9998196959495544,1
16100,1,0.9960135221481323,1
16101,1,0.7660254240036011,1
16102,0,0.012833242304623127,0
16103,0,0.938279390335083,1
16104,1,0.99998939037323,1
16105,1,0.9999994039535522,1
16106,1,0.9999358654022217,1
16107,0,0.00021530489902943373,0
16108,1,0.9719833731651306,1
16109,1,0.9959959983825684,1
16110,0,0.0001041709037963301,0
16111,1,0.9849641919136047,1
16112,1,0.9747328162193298,1
16113,0,0.0001328320213360712,0
16114,1,0.9939095973968506,1
16115,1,0.9999560117721558,1
16116,0,0.11438877135515213,0
16117,1,0.9117012619972229,1
16118,0,0.00033437038655392826,0
16119,0,3.7472275380423525e-06,0
16120,1,0.9866558313369751,1
16121,0,0.0021709867287427187,0
16122,0,0.028298387303948402,0
16123,1,0.9999998807907104,1
16124,1,0.9853118658065796,1
16125,1,0.9999984502792358,1
16126,0,0.00011110738705610856,0
16127,0,3.861431105178781e-05,0
16128,0,0.004372795112431049,0
16129,0,2.0730396954604657e-06,0
16130,0,0.025689784437417984,0
16131,0,1.3420783488982124e-06,0
16132,1,0.9999129772186279,1
16133,0,0.0024490884970873594,0
16134,1,0.7329550981521606,1
16135,0,0.03895963355898857,0
16136,0,0.0005238206358626485,0
16137,1,0.9998842477798462,1
16138,0,0.033606939017772675,0
16139,1,0.9981580376625061,1
16140,1,0.9568618535995483,1
16141,1,0.9999973773956299,1
16142,1,0.9999997615814209,1
16143,0,0.0019184411503374577,0
16144,1,0.9999985694885254,1
16145,0,0.0003597453760448843,0
16146,0,0.0016226256266236305,0
16147,1,0.7676908373832703,1
16148,1,0.8696620464324951,1
16149,1,0.5983108878135681,1
16150,1,0.9927927255630493,1
16151,0,5.3485924581764266e-05,0
16152,1,0.0047216713428497314,0
16153,1,0.9999816417694092,1
16154,1,0.9998629093170166,1
16155,1,0.9967430233955383,1
16156,0,0.02165268175303936,0
16157,0,0.021232938393950462,0
16158,0,0.00039221186307258904,0
16159,0,0.027969950810074806,0
16160,1,0.9987970590591431,1
16161,0,0.11816328018903732,0
16162,1,0.9999816417694092,1
16163,1,0.9996188879013062,1
16164,1,0.9999985694885254,1
16165,0,0.945542573928833,1
16166,0,0.02701515331864357,0
16167,1,0.999970555305481,1
16168,0,0.011402503587305546,0
16169,1,0.9926648736000061,1
16170,1,0.9999873638153076,1
16171,0,0.0011518569663167,0
16172,0,0.003958008252084255,0
16173,1,0.9210463166236877,1
16174,0,0.029727282002568245,0
16175,0,0.3785100281238556,0
16176,0,1.1856134733534418e-05,0
16177,0,0.0016314462991431355,0
16178,0,0.2821929454803467,0
16179,0,0.0012052813544869423,0
16180,0,0.00015805265866219997,0
16181,1,0.9999980926513672,1
16182,1,0.9999971389770508,1
16183,1,0.9991413354873657,1
16184,0,1.0629283053731342e-07,0
16185,1,0.9957940578460693,1
16186,1,0.9998761415481567,1
16187,0,0.028049303218722343,0
16188,1,0.9991199374198914,1
16189,0,0.0020278552547097206,0
16190,1,0.9509506821632385,1
16191,0,0.002317347563803196,0
16192,0,0.003005692735314369,0
16193,0,6.151447450974956e-05,0
16194,0,0.02622893825173378,0
16195,1,0.9999995231628418,1
16196,0,0.34697169065475464,0
16197,0,0.2796189486980438,0
16198,0,0.09919898957014084,0
16199,0,0.00028564073727466166,0
16200,1,0.9994379878044128,1
16201,0,0.9579729437828064,1
16202,1,0.9999947547912598,1
16203,0,0.4355095326900482,0
16204,0,0.3989962935447693,0
16205,0,0.010722358711063862,0
16206,1,0.9996756315231323,1
16207,0,0.22893427312374115,0
16208,0,0.007960228249430656,0
16209,0,0.0009997502202168107,0
16210,0,0.0016014095162972808,0
16211,0,0.0027419470716267824,0
16212,1,0.15290077030658722,0
16213,0,0.001849882653914392,0
16214,1,0.9994329810142517,1
16215,1,0.9140362739562988,1
16216,1,0.9999856948852539,1
16217,0,0.2281443327665329,0
16218,1,0.9999794960021973,1
16219,1,0.9357932806015015,1
16220,1,0.9866815805435181,1
16221,1,0.9999114274978638,1
16222,0,0.008523237891495228,0
16223,0,0.5519648790359497,1
16224,1,0.9938092827796936,1
16225,1,0.9986410737037659,1
16226,0,0.0013648329768329859,0
16227,0,4.5884507926530205e-06,0
16228,1,0.08523113280534744,0
16229,1,0.9959073066711426,1
16230,1,0.040119268000125885,0
16231,1,0.999864935874939,1
16232,1,0.9972777962684631,1
16233,1,0.9865838885307312,1
16234,0,0.0001953317114384845,0
16235,0,0.2358318269252777,0
16236,0,0.027814306318759918,0
16237,1,0.9999867677688599,1
16238,0,0.0007600620156154037,0
16239,1,0.9873873591423035,1
16240,1,0.9988765120506287,1
16241,1,0.9720334410667419,1
16242,0,9.885590407066047e-05,0
16243,0,9.033954120241106e-05,0
16244,1,0.9998877048492432,1
16245,1,0.9994696974754333,1
16246,1,0.9994576573371887,1
16247,1,0.9991503953933716,1
16248,1,0.9992119073867798,1
16249,0,0.00023188642808236182,0
16250,0,0.021772101521492004,0
16251,0,0.0038514393381774426,0
16252,1,0.9994811415672302,1
16253,1,0.999864935874939,1
16254,1,0.7212346196174622,1
16255,0,0.002961093792691827,0
16256,0,0.004488030914217234,0
16257,1,0.9934878349304199,1
16258,1,0.9999897480010986,1
16259,1,0.9999995231628418,1
16260,0,0.00450139120221138,0
16261,1,0.899574339389801,1
16262,1,0.9993395209312439,1
16263,1,0.998678982257843,1
16264,1,0.8398318886756897,1
16265,1,0.9813265204429626,1
16266,0,2.7593905542744324e-06,0
16267,1,0.9990215301513672,1
16268,0,1.373110990243731e-06,0
16269,0,0.00020860781660303473,0
16270,0,0.5411944389343262,1
16271,0,0.01573820970952511,0
16272,1,0.9974384307861328,1
16273,1,0.9999312162399292,1
16274,0,6.816723907832056e-05,0
16275,0,0.0001281633012695238,0
16276,0,0.07220225036144257,0
16277,0,0.23266179859638214,0
16278,0,0.6497368812561035,1
16279,1,0.031441859900951385,0
16280,1,0.9999984502792358,1
16281,1,0.9999927282333374,1
16282,1,0.9993201494216919,1
16283,1,0.9999631643295288,1
16284,1,0.9924817681312561,1
16285,0,0.8563512563705444,1
16286,0,3.2727977668400854e-05,0
16287,0,0.0002757648180704564,0
16288,1,0.9099543690681458,1
16289,1,1.0,1
16290,1,0.999736487865448,1
16291,1,0.9936774373054504,1
16292,1,0.9968180656433105,1
16293,0,0.021279867738485336,0
16294,0,0.001153908553533256,0
16295,1,0.9999004602432251,1
16296,1,0.9984915256500244,1
16297,1,0.9999997615814209,1
16298,0,0.0004385818319860846,0
16299,0,1.1575859389267862e-05,0
16300,0,0.04493171349167824,0
16301,0,0.0032870545983314514,0
16302,1,0.9999761581420898,1
16303,0,0.7929160594940186,1
16304,1,0.10979343205690384,0
16305,1,0.9999990463256836,1
16306,1,0.9938105940818787,1
16307,1,0.9512121677398682,1
16308,1,0.9987854361534119,1
16309,1,0.9898473620414734,1
16310,0,0.0901443287730217,0
16311,0,0.9997809529304504,1
16312,1,0.9992407560348511,1
16313,0,0.00013216302613727748,0
16314,1,0.9994341731071472,1
16315,1,0.9999169111251831,1
16316,0,8.099017577478662e-06,0
16317,1,0.746480405330658,1
16318,0,0.0015529572265222669,0
16319,0,0.007053902372717857,0
16320,1,0.8831833600997925,1
16321,1,0.9988465309143066,1
16322,1,0.864329993724823,1
16323,0,2.3881064407760277e-05,0
16324,0,0.0109834810718894,0
16325,0,0.13005924224853516,0
16326,1,0.9993818998336792,1
16327,1,0.9999791383743286,1
16328,0,0.00019945965323131531,0
16329,0,2.5866092983051203e-06,0
16330,0,0.07556608319282532,0
16331,1,0.4095858335494995,0
16332,0,0.0015617359895259142,0
16333,1,0.999984622001648,1
16334,1,0.9964446425437927,1
16335,0,0.7161749601364136,1
16336,0,1.5655610923204222e-06,0
16337,0,0.0026830341666936874,0
16338,0,1.8658009139471687e-05,0
16339,1,0.9984132051467896,1
16340,0,0.18498598039150238,0
16341,0,0.01447285246104002,0
16342,0,0.6570973992347717,1
16343,0,0.39709988236427307,0
16344,1,0.9998668432235718,1
16345,0,0.051103416830301285,0
16346,0,0.4645489752292633,0
16347,0,0.0006846656906418502,0
16348,1,0.9998935461044312,1
16349,1,0.9999747276306152,1
16350,0,0.06667691469192505,0
16351,1,0.9752130508422852,1
16352,1,0.7910274267196655,1
16353,0,0.0006006265175528824,0
16354,0,0.0036469257902354,0
16355,0,0.9078810214996338,1
16356,1,0.9678550958633423,1
16357,1,0.8655121922492981,1
16358,0,0.6020575761795044,1
16359,0,2.93651464744471e-05,0
16360,1,0.4996761977672577,0
16361,1,0.9999998807907104,1
16362,0,4.758282159400551e-07,0
16363,1,0.9168799519538879,1
16364,0,0.004609329625964165,0
16365,0,0.0015387132298201323,0
16366,0,1.7509519238956273e-05,0
16367,1,0.9997497200965881,1
16368,0,0.04832279309630394,0
16369,0,0.0004937069024890661,0
16370,1,0.999762237071991,1
16371,0,0.012984317727386951,0
16372,0,0.3206259310245514,0
16373,1,0.9968090653419495,1
16374,1,0.9994760155677795,1
16375,0,0.00037951802369207144,0
16376,1,0.9987472295761108,1
16377,1,0.9986887574195862,1
16378,0,0.007855606265366077,0
16379,0,0.0002840403758455068,0
16380,1,0.9989070892333984,1
16381,1,0.9999808073043823,1
16382,1,0.9993194341659546,1
16383,1,0.42449256777763367,0
16384,0,0.34332549571990967,0
16385,1,0.3631378710269928,0
16386,1,0.9976885318756104,1
16387,1,0.9996150732040405,1
16388,0,0.10777841508388519,0
16389,1,0.9891392588615417,1
16390,1,0.999998927116394,1
16391,1,0.9686573147773743,1
16392,0,0.21642516553401947,0
16393,1,0.14620132744312286,0
16394,1,0.999969482421875,1
16395,1,0.9999964237213135,1
16396,1,0.9993869066238403,1
16397,0,0.021791206672787666,0
16398,1,0.99892657995224,1
16399,0,9.64509163168259e-05,0
16400,0,0.0003003132587764412,0
16401,0,8.212918328354135e-05,0
16402,1,0.9968307614326477,1
16403,0,2.834377255567233e-06,0
16404,0,0.0018198990728706121,0
16405,0,0.0021662763319909573,0
16406,1,0.9999313354492188,1
16407,1,0.9184691905975342,1
16408,0,0.10303401201963425,0
16409,0,0.00033768697176128626,0
16410,0,0.0337698869407177,0
16411,0,2.7908528863918036e-05,0
16412,0,0.07613864541053772,0
16413,1,0.9979598522186279,1
16414,1,0.999618649482727,1
16415,1,0.6456917524337769,1
16416,1,0.9882010221481323,1
16417,1,0.9294930696487427,1
16418,0,3.0151593819027767e-05,0
16419,0,0.04143660143017769,0
16420,0,2.306311762367841e-05,0
16421,0,0.00015462470764759928,0
16422,1,0.9998941421508789,1
16423,0,4.8035624786280096e-05,0
16424,0,0.04351838305592537,0
16425,0,0.15380506217479706,0
16426,0,0.0007191611221060157,0
16427,1,0.7602048516273499,1
16428,1,0.9999631643295288,1
16429,0,0.0026343611534684896,0
16430,0,0.0389685183763504,0
16431,0,0.0032883842941373587,0
16432,0,0.000553888559807092,0
16433,1,0.999143123626709,1
16434,1,0.995341420173645,1
16435,1,0.9957036375999451,1
16436,0,0.00015195012383628637,0
16437,1,0.9745028018951416,1
16438,1,1.0,1
16439,0,0.0027717219199985266,0
16440,0,0.003070484846830368,0
16441,0,0.01659436896443367,0
16442,0,0.009831721894443035,0
16443,1,0.6959455609321594,1
16444,1,0.9993882179260254,1
16445,0,0.009272498078644276,0
16446,0,0.002732228022068739,0
16447,0,9.728987606649753e-06,0
16448,1,0.9278194904327393,1
16449,1,0.9917255640029907,1
16450,1,0.9559436440467834,1
16451,1,0.9692175388336182,1
16452,0,0.9948626160621643,1
16453,0,9.233238415617961e-06,0
16454,0,0.013292823918163776,0
16455,0,0.24484096467494965,0
16456,0,1.3773871614830568e-05,0
16457,0,0.0014753577997907996,0
16458,1,0.9998396635055542,1
16459,0,0.0002061380655504763,0
16460,1,0.9904848337173462,1
16461,1,0.9999171495437622,1
16462,1,0.9971338510513306,1
16463,0,0.0033940854482352734,0
16464,1,0.29370588064193726,0
16465,1,0.9995419979095459,1
16466,1,0.9963558912277222,1
16467,0,0.0011052596382796764,0
16468,1,0.8207345604896545,1
16469,1,0.9999624490737915,1
16470,0,0.018704352900385857,0
16471,0,1.2597475688380655e-05,0
16472,0,0.22810065746307373,0
16473,1,0.8882563710212708,1
16474,0,0.9273160099983215,1
16475,1,0.9999997615814209,1
16476,0,0.00592998368665576,0
16477,0,0.0013891555136069655,0
16478,1,0.9799743890762329,1
16479,1,0.9808027744293213,1
16480,0,0.0059237671084702015,0
16481,0,0.0002576843835413456,0
16482,0,0.014009078964591026,0
16483,1,0.9993605017662048,1
16484,1,0.9946021437644958,1
16485,0,0.00031775800744071603,0
16486,0,0.00619660085067153,0
16487,1,0.9905881881713867,1
16488,1,0.9905807375907898,1
16489,1,0.9999661445617676,1
16490,0,0.07431580871343613,0
16491,1,0.9980447292327881,1
16492,1,0.9964872598648071,1
16493,0,2.7298676286591217e-05,0
16494,0,0.03090696781873703,0
16495,1,0.9966782331466675,1
16496,1,0.9999912977218628,1
16497,0,0.0030133516993373632,0
16498,0,0.02980450727045536,0
16499,0,5.190232059248956e-06,0
16500,1,0.9972660541534424,1
16501,0,0.0013558587525039911,0
16502,1,0.9999938011169434,1
16503,0,0.00036387736327014863,0
16504,0,3.0694752695126226e-07,0
16505,0,5.102443537907675e-05,0
16506,0,0.008609065786004066,0
16507,1,1.0,1
16508,0,8.273342245956883e-05,0
16509,0,0.027286238968372345,0
16510,1,0.9993213415145874,1
16511,0,0.3341520130634308,0
16512,1,0.9777520298957825,1
16513,0,0.17809149622917175,0
16514,1,0.04329913109540939,0
16515,1,0.9998592138290405,1
16516,1,0.9979104399681091,1
16517,0,0.00996469333767891,0
16518,0,0.14651018381118774,0
16519,1,0.9999097585678101,1
16520,1,0.9999932050704956,1
16521,1,0.9853672981262207,1
16522,0,0.5478670001029968,1
16523,1,0.9998942613601685,1
16524,1,0.999948263168335,1
16525,1,0.9942957758903503,1
16526,0,0.031879741698503494,0
16527,1,0.9949613809585571,1
16528,0,0.018168644979596138,0
16529,1,0.9998840093612671,1
16530,1,0.9997636675834656,1
16531,1,0.9997324347496033,1
16532,1,0.9969156980514526,1
16533,0,0.3811725080013275,0
16534,1,0.9999223947525024,1
16535,1,0.9999465942382812,1
16536,1,0.9999629259109497,1
16537,1,0.996941864490509,1
16538,0,0.0021776023786514997,0
16539,1,0.997549831867218,1
16540,0,0.048053789883852005,0
16541,0,0.01491644885390997,0
16542,0,0.0012027829652652144,0
16543,0,0.00020908076839987189,0
16544,0,0.15010523796081543,0
16545,1,0.990009069442749,1
16546,1,0.9999144077301025,1
16547,1,0.8899630308151245,1
16548,0,0.12259403616189957,0
16549,0,0.009243055246770382,0
16550,1,0.9999957084655762,1
16551,0,0.04116577282547951,0
16552,1,0.9999949932098389,1
16553,1,0.9999263286590576,1
16554,0,0.37450286746025085,0
16555,0,1.650184094614815e-05,0
16556,1,0.9999716281890869,1
16557,1,0.9999809265136719,1
16558,0,7.570232583020697e-07,0
16559,1,0.9999483823776245,1
16560,1,0.994145393371582,1
16561,1,0.8953152894973755,1
16562,1,0.9999998807907104,1
16563,0,0.009328312240540981,0
16564,0,0.4635588824748993,0
16565,0,4.636372977984138e-05,0
16566,1,0.9996592998504639,1
16567,0,0.05233671888709068,0
16568,0,3.9583101170137525e-05,0
16569,0,2.418549956928473e-05,0
16570,1,0.03422023728489876,0
16571,0,0.0002466144214849919,0
16572,1,0.9942781925201416,1
16573,0,1.538342075946275e-05,0
16574,0,0.0010202864650636911,0
16575,1,0.9803566336631775,1
16576,1,0.9988977909088135,1
16577,1,0.9895451664924622,1
16578,0,0.0015722502721473575,0
16579,1,0.9978660941123962,1
16580,0,0.002627129666507244,0
16581,1,0.9511351585388184,1
16582,0,0.12015460431575775,0
16583,0,6.913712422829121e-05,0
16584,0,0.052186060696840286,0
16585,0,0.041793741285800934,0
16586,0,0.03821268677711487,0
16587,1,0.9999542236328125,1
16588,1,0.9899926781654358,1
16589,1,0.9554019570350647,1
16590,0,4.902575528831221e-05,0
16591,0,0.0007303679594770074,0
16592,0,0.13289135694503784,0
16593,0,0.030984940007328987,0
16594,1,0.9999040365219116,1
16595,0,0.002133137546479702,0
16596,1,0.9891431927680969,1
16597,0,0.008811995387077332,0
16598,1,0.9946310520172119,1
16599,1,0.9990062117576599,1
16600,1,0.9999748468399048,1
16601,1,0.9999039173126221,1
16602,0,0.28285256028175354,0
16603,1,0.9989054203033447,1
16604,1,0.998916745185852,1
16605,0,0.6392717957496643,1
16606,0,9.147550008492544e-05,0
16607,0,0.002318271668627858,0
16608,1,0.999387264251709,1
16609,1,0.9837803244590759,1
16610,1,0.999413251876831,1
16611,0,0.0009624648373574018,0
16612,0,0.07987260818481445,0
16613,0,3.09745482809376e-05,0
16614,1,0.9992351531982422,1
16615,1,0.9945386052131653,1
16616,0,0.5055763125419617,1
16617,1,0.999574601650238,1
16618,1,0.9643256664276123,1
16619,1,0.8520010709762573,1
16620,1,0.3388899862766266,0
16621,1,0.9973625540733337,1
16622,1,0.9987680315971375,1
16623,0,0.0020571767818182707,0
16624,0,0.00010009072866523638,0
16625,0,2.9218044801382348e-05,0
16626,1,0.9972641468048096,1
16627,0,3.147140523651615e-05,0
16628,0,0.05265004187822342,0
16629,0,0.2691875398159027,0
16630,1,0.9977275729179382,1
16631,1,0.9999896287918091,1
16632,1,0.9747573733329773,1
16633,0,0.009130933322012424,0
16634,1,0.9993282556533813,1
16635,1,0.9998776912689209,1
16636,1,0.9975670576095581,1
16637,1,0.7477449178695679,1
16638,0,0.000458052585599944,0
16639,1,0.9999988079071045,1
16640,0,3.406447831366677e-06,0
16641,1,0.7133902907371521,1
16642,0,0.018271073698997498,0
16643,1,0.9722489714622498,1
16644,0,0.3928035497665405,0
16645,0,0.0011421889066696167,0
16646,1,0.9995113611221313,1
16647,1,0.9602984189987183,1
16648,1,0.9061394929885864,1
16649,0,4.8211528337560594e-05,0
16650,0,0.00020600503194145858,0
16651,0,0.0003148861578665674,0
16652,0,0.7580006122589111,1
16653,0,0.7291948795318604,1
16654,0,0.00011105972953373566,0
16655,0,0.1453024446964264,0
16656,0,4.742810688185273e-06,0
16657,1,0.9999130964279175,1
16658,0,0.0006219468195922673,0
16659,1,0.7498074173927307,1
16660,1,0.9999979734420776,1
16661,0,0.0002673211565706879,0
16662,0,0.0041046240366995335,0
16663,0,0.0002948106557596475,0
16664,0,0.8136126399040222,1
16665,1,0.9970034956932068,1
16666,0,0.04191215708851814,0
16667,0,0.0005548595217987895,0
16668,1,0.9988701939582825,1
16669,0,0.5231006741523743,1
16670,0,0.015485514886677265,0
16671,1,0.999303936958313,1
16672,1,0.9983668923377991,1
16673,1,0.9988138675689697,1
16674,0,0.0001056141045410186,0
16675,0,0.07734917104244232,0
16676,1,0.4990597665309906,0
16677,0,6.185022357385606e-05,0
16678,1,0.9995569586753845,1
16679,1,0.9999467134475708,1
16680,0,0.000908870657440275,0
16681,1,0.9997168183326721,1
16682,1,0.9833542704582214,1
16683,1,0.9202842116355896,1
16684,1,0.40871256589889526,0
16685,1,0.9535660147666931,1
16686,1,0.9989051818847656,1
16687,0,0.4947684407234192,0
16688,1,0.9662711024284363,1
16689,1,0.9002782106399536,1
16690,0,1.0070002645079512e-05,0
16691,1,0.9904866814613342,1
16692,0,0.1482129842042923,0
16693,1,0.9048668742179871,1
16694,0,9.373123612022027e-05,0
16695,0,0.14030009508132935,0
16696,0,0.0006012241938151419,0
16697,1,0.9265057444572449,1
16698,1,0.9999876022338867,1
16699,1,0.9999960660934448,1
16700,0,0.012592417187988758,0
16701,1,0.9999802112579346,1
16702,1,0.9825140833854675,1
16703,1,0.9808440804481506,1
16704,0,0.1078311949968338,0
16705,1,0.9759142994880676,1
16706,0,0.1498013585805893,0
16707,0,0.00048188716755248606,0
16708,1,0.8996181488037109,1
16709,1,0.9938653111457825,1
16710,0,0.0014441043604165316,0
16711,0,6.74942129990086e-05,0
16712,0,0.00011170228390255943,0
16713,1,0.9999948740005493,1
16714,1,0.9362739324569702,1
16715,0,0.005479464307427406,0
16716,1,0.9382657408714294,1
16717,1,0.9983626008033752,1
16718,1,0.8738847970962524,1
16719,1,0.8300180435180664,1
16720,1,0.8376882076263428,1
16721,1,0.9999991655349731,1
16722,1,0.999683141708374,1
16723,1,0.9950355291366577,1
16724,0,0.0018410190241411328,0
16725,1,0.985633909702301,1
16726,0,0.008776349946856499,0
16727,1,0.9348134398460388,1
16728,0,3.764509699522023e-07,0
16729,1,0.9986252784729004,1
16730,0,0.47340983152389526,0
16731,1,0.9999964237213135,1
16732,1,0.9860512018203735,1
16733,0,0.00016177362704183906,0
16734,1,0.9863307476043701,1
16735,0,0.971600353717804,1
16736,1,0.9998568296432495,1
16737,0,0.3969743549823761,0
16738,0,0.012263844721019268,0
16739,1,0.9994810223579407,1
16740,1,0.9989277720451355,1
16741,0,0.02603093720972538,0
16742,0,0.07328317314386368,0
16743,1,0.9998984336853027,1
16744,1,0.9995810389518738,1
16745,1,0.9952934384346008,1
16746,0,0.0008229052764363587,0
16747,0,0.226278156042099,0
16748,1,0.8433305621147156,1
16749,0,0.04551966115832329,0
16750,0,0.00047597294906154275,0
16751,1,0.9999314546585083,1
16752,0,1.1516278391354717e-05,0
16753,1,0.9875412583351135,1
16754,0,0.01215522363781929,0
16755,0,0.20689035952091217,0
16756,0,0.001014556037262082,0
16757,1,0.34808143973350525,0
16758,1,0.920564591884613,1
16759,1,0.998751163482666,1
16760,0,0.04101603478193283,0
16761,1,0.9646193981170654,1
16762,0,0.0790393278002739,0
16763,0,0.0051309335976839066,0
16764,1,0.9973751306533813,1
16765,0,3.1893316645437153e-06,0
16766,1,0.999971866607666,1
16767,0,0.00022009204258210957,0
16768,0,0.00012204756058054045,0
16769,0,0.2638382911682129,0
16770,1,0.995935320854187,1
16771,0,0.00015318654186557978,0
16772,1,0.9996992349624634,1
16773,1,0.9999362230300903,1
16774,1,0.9809844493865967,1
16775,0,0.014020116068422794,0
16776,1,0.9974769949913025,1
16777,1,0.9885882139205933,1
16778,0,0.0001581609103595838,0
16779,0,1.963214344868902e-05,0
16780,1,0.9992294311523438,1
16781,0,1.0402279713161988e-06,0
16782,1,0.850210428237915,1
16783,1,0.9999239444732666,1
16784,1,0.8758643269538879,1
16785,1,0.38313642144203186,0
16786,0,0.00041365803917869925,0
16787,0,1.1081366437792894e-06,0
16788,0,0.05700128152966499,0
16789,0,0.0008013338083401322,0
16790,0,0.004050423391163349,0
16791,0,0.7535971403121948,1
16792,1,0.9360432624816895,1
16793,0,0.000703630386851728,0
16794,1,0.6356496810913086,1
16795,0,0.00330333411693573,0
16796,1,0.9857351183891296,1
16797,1,0.9840127229690552,1
16798,1,0.6398405432701111,1
16799,0,0.23087656497955322,0
16800,0,1.0934014426311478e-05,0
16801,0,0.014660272747278214,0
16802,0,0.00031266946461983025,0
16803,0,0.00012893849634565413,0
16804,0,0.00037509266985580325,0
16805,1,0.9894075989723206,1
16806,1,0.9364978075027466,1
16807,0,0.0016111257718876004,0
16808,1,0.9811756014823914,1
16809,1,0.9722118973731995,1
16810,1,0.9977402687072754,1
16811,1,0.9980705380439758,1
16812,1,0.9926015734672546,1
16813,1,0.9988744854927063,1
16814,0,0.0021151879336684942,0
16815,1,0.9999927282333374,1
16816,0,1.9454698474419274e-07,0
16817,0,0.003881440730765462,0
16818,1,0.9994338154792786,1
16819,1,0.9999568462371826,1
16820,1,0.9970027804374695,1
16821,1,0.9609749913215637,1
16822,0,0.002264409326016903,0
16823,0,0.0004553334729280323,0
16824,1,0.9993463158607483,1
16825,1,0.9999953508377075,1
16826,1,0.9953990578651428,1
16827,1,0.9257122278213501,1
16828,1,0.9999828338623047,1
16829,0,8.508068276569247e-06,0
16830,0,0.9954258799552917,1
16831,1,0.9815987944602966,1
16832,0,0.3005533516407013,0
16833,0,0.8729514479637146,1
16834,0,0.005143381655216217,0
16835,0,0.08092676103115082,0
16836,0,0.0003335521323606372,0
16837,1,0.6654091477394104,1
16838,1,0.9998138546943665,1
16839,1,0.9979658126831055,1
16840,0,0.002765636658295989,0
16841,1,0.9923380017280579,1
16842,1,0.6016205549240112,1
16843,0,0.023163259029388428,0
16844,1,0.971255362033844,1
16845,0,8.216066817112733e-06,0
16846,1,0.9998568296432495,1
16847,1,0.9939730763435364,1
16848,1,0.9999935626983643,1
16849,0,0.12283450365066528,0
16850,0,0.03452068567276001,0
16851,0,0.05844398960471153,0
16852,0,0.0005812894669361413,0
16853,1,0.9997712969779968,1
16854,1,0.9995697140693665,1
16855,0,0.0708133801817894,0
16856,1,0.3677099943161011,0
16857,0,0.0003568496904335916,0
16858,0,0.016334403306245804,0
16859,0,3.998446118202992e-06,0
16860,1,0.9501499533653259,1
16861,1,0.998809814453125,1
16862,1,0.9997344613075256,1
16863,0,0.005653785075992346,0
16864,0,0.04102529585361481,0
16865,0,0.022756222635507584,0
16866,0,0.00012228169362060726,0
16867,1,0.9999762773513794,1
16868,1,0.9989036321640015,1
16869,1,0.9999277591705322,1
16870,1,0.9916064739227295,1
16871,1,0.9999980926513672,1
16872,0,0.0004636986996047199,0
16873,0,6.439023854909465e-05,0
16874,0,0.01692107506096363,0
16875,0,0.05269971489906311,0
16876,0,0.018993889912962914,0
16877,0,0.0001308464998146519,0
16878,0,1.0340774679207243e-05,0
16879,1,0.9999662637710571,1
16880,1,0.9996602535247803,1
16881,0,7.05784771071194e-07,0
16882,1,0.9999929666519165,1
16883,0,0.00019460612384136766,0
16884,0,8.201194577850401e-05,0
16885,1,0.9726290106773376,1
16886,0,0.16478615999221802,0
16887,0,0.0021983804181218147,0
16888,0,0.02278698980808258,0
16889,0,0.011356953531503677,0
16890,1,0.9960766434669495,1
16891,1,0.995395839214325,1
16892,1,0.9998821020126343,1
16893,1,0.1826862245798111,0
16894,0,0.34996312856674194,0
16895,0,0.5380274057388306,1
16896,0,0.975830614566803,1
16897,1,5.877834337297827e-05,0
16898,0,0.017633723095059395,0
16899,1,0.9975661039352417,1
16900,1,0.999961256980896,1
16901,1,0.8416949510574341,1
16902,0,0.004238669760525227,0
16903,1,0.9970974922180176,1
16904,0,0.000652508286293596,0
16905,1,0.9998992681503296,1
16906,1,0.9959654808044434,1
16907,1,0.9962527751922607,1
16908,0,0.0002515808155294508,0
16909,1,0.9643771648406982,1
16910,0,0.025943344458937645,0
16911,0,2.0315508663770743e-05,0
16912,1,0.9988355040550232,1
16913,1,0.9781851768493652,1
16914,1,1.0,1
16915,0,0.018067188560962677,0
16916,1,0.9959152340888977,1
16917,1,0.9940329194068909,1
16918,0,0.0005979933775961399,0
16919,1,0.9791942238807678,1
16920,0,0.007630986161530018,0
16921,0,0.00028438775916583836,0
16922,1,0.9957588315010071,1
16923,0,2.9546863515861332e-05,0
16924,0,0.06413979828357697,0
16925,1,0.8677928447723389,1
16926,0,0.005285240709781647,0
16927,1,0.997191846370697,1
16928,0,0.00023182232689578086,0
16929,1,0.9999880790710449,1
16930,0,4.6197077608667314e-05,0
16931,1,0.9999459981918335,1
16932,0,0.04278002679347992,0
16933,1,0.9987450838088989,1
16934,0,0.009337765164673328,0
16935,1,0.9997847676277161,1
16936,1,0.9998453855514526,1
16937,1,0.7166494131088257,1
16938,0,0.08919678628444672,0
16939,1,0.9183093309402466,1
16940,0,0.0007431388949044049,0
16941,0,0.002167602302506566,0
16942,1,0.9991353154182434,1
16943,1,0.9999967813491821,1
16944,1,0.999916672706604,1
16945,1,0.9999955892562866,1
16946,1,0.9999879598617554,1
16947,0,0.087925024330616,0
16948,0,5.198884173296392e-05,0
16949,1,0.9999953508377075,1
16950,1,0.9992108345031738,1
16951,1,0.8947061896324158,1
16952,0,0.0017250200035050511,0
16953,1,0.9426142573356628,1
16954,0,9.474272519582883e-05,0
16955,1,0.9999992847442627,1
16956,1,0.9990384578704834,1
16957,0,1.657047323533334e-05,0
16958,1,0.9999831914901733,1
16959,0,0.0013772911624982953,0
16960,1,0.9937580823898315,1
16961,0,0.00622016005218029,0
16962,1,0.9999148845672607,1
16963,1,0.999984860420227,1
16964,0,0.0001397066516801715,0
16965,0,0.0019302269211038947,0
16966,1,0.9999468326568604,1
16967,0,0.03480961173772812,0
16968,0,0.026044853031635284,0
16969,1,0.999997615814209,1
16970,0,0.6232709288597107,1
16971,0,3.7524380331888096e-06,0
16972,0,0.04953555390238762,0
16973,0,0.003255549119785428,0
16974,0,0.09620301425457001,0
16975,1,0.9999213218688965,1
16976,1,0.9238705635070801,1
16977,1,0.9999939203262329,1
16978,0,0.001144557842053473,0
16979,0,0.3056820333003998,0
16980,0,0.0023776351008564234,0
16981,0,0.0007551202434115112,0
16982,0,0.0014800949720665812,0
16983,0,0.00013559640501625836,0
16984,1,0.9874442219734192,1
16985,1,0.9662773013114929,1
16986,1,0.9950432777404785,1
16987,1,0.9997697472572327,1
16988,1,0.9852384924888611,1
16989,0,2.663979785211268e-06,0
16990,1,0.7676126956939697,1
16991,0,1.6366213458240964e-05,0
16992,0,0.006730523891746998,0
16993,0,0.14065323770046234,0
16994,0,0.8796307444572449,1
16995,0,0.0001599311362951994,0
16996,1,0.9999129772186279,1
16997,0,0.035260170698165894,0
16998,0,0.0014752011047676206,0
16999,1,0.9999977350234985,1
17000,1,0.9976838827133179,1
17001,1,0.9122344851493835,1
17002,1,0.9998403787612915,1
17003,0,0.989713191986084,1
17004,0,0.004937493242323399,0
17005,1,0.9984551668167114,1
17006,1,0.9997071623802185,1
17007,0,0.7916979789733887,1
17008,1,0.9205230474472046,1
17009,0,0.004380233585834503,0
17010,0,0.07665090262889862,0
17011,1,0.96669602394104,1
17012,1,0.9999567270278931,1
17013,0,0.00010318838030798361,0
17014,1,0.10063716024160385,0
17015,1,0.9992295503616333,1
17016,1,0.999405026435852,1
17017,0,0.0008593721431680024,0
17018,1,0.9999332427978516,1
17019,1,0.9999799728393555,1
17020,0,0.7456734776496887,1
17021,1,0.7879548072814941,1
17022,1,0.9999881982803345,1
17023,0,6.215662779140985e-06,0
17024,1,0.9998867511749268,1
17025,0,0.04275796562433243,0
17026,0,0.020194539800286293,0
17027,0,2.4918110284488648e-05,0
17028,1,0.9635323286056519,1
17029,0,0.010716795921325684,0
17030,0,0.0008722802740521729,0
17031,0,0.000994446687400341,0
17032,0,8.838488429319113e-05,0
17033,0,0.27012714743614197,0
17034,0,0.11536413431167603,0
17035,1,0.9635807275772095,1
17036,0,0.002528918907046318,0
17037,1,0.9531510472297668,1
17038,1,0.9999974966049194,1
17039,0,3.494423253869172e-06,0
17040,1,0.9992583394050598,1
17041,1,0.9992361068725586,1
17042,1,0.9999903440475464,1
17043,0,0.16219034790992737,0
17044,0,0.9474924206733704,1
17045,0,0.5011715888977051,1
17046,1,0.9955517649650574,1
17047,0,0.009660745039582253,0
17048,0,0.8869950175285339,1
17049,0,0.029812026768922806,0
17050,0,0.02116086147725582,0
17051,1,0.9999303817749023,1
17052,1,0.9999959468841553,1
17053,0,0.06188587099313736,0
17054,1,0.9763027429580688,1
17055,1,0.9998911619186401,1
17056,0,0.0009424103773199022,0
17057,0,0.0421459935605526,0
17058,1,0.7658646106719971,1
17059,1,0.9959535598754883,1
17060,0,1.6064797819126397e-05,0
17061,0,0.03369279205799103,0
17062,1,0.9999738931655884,1
17063,1,0.9770036339759827,1
17064,0,0.035607751458883286,0
17065,1,0.99982088804245,1
17066,1,0.9991791844367981,1
17067,1,0.9598942399024963,1
17068,1,0.9981845021247864,1
17069,0,0.14480343461036682,0
17070,1,0.8242809772491455,1
17071,0,2.6006364350905642e-05,0
17072,0,0.06310617923736572,0
17073,1,0.9238075613975525,1
17074,0,0.0009437298867851496,0
17075,0,0.0004956828779540956,0
17076,1,0.30343279242515564,0
17077,1,0.9965155124664307,1
17078,0,2.3707578122866835e-07,0
17079,1,0.9927247762680054,1
17080,0,0.00048313356819562614,0
17081,1,0.995658278465271,1
17082,0,0.002091761911287904,0
17083,1,0.9992144107818604,1
17084,1,0.987880527973175,1
17085,0,0.009111049585044384,0
17086,0,8.271145816252101e-06,0
17087,1,0.9999880790710449,1
17088,0,0.2593478858470917,0
17089,0,0.001443492597900331,0
17090,0,8.728865213925019e-05,0
17091,0,0.015294507145881653,0
17092,1,0.003230698173865676,0
17093,0,0.000594763841945678,0
17094,0,0.0001778178702807054,0
17095,0,0.9582047462463379,1
17096,0,0.0013111232547089458,0
17097,0,0.005631028674542904,0
17098,1,0.9895330667495728,1
17099,0,0.003727537114173174,0
17100,0,0.17581123113632202,0
17101,1,0.49944207072257996,0
17102,0,0.011679516173899174,0
17103,1,0.9999979734420776,1
17104,0,2.169828803744167e-05,0
17105,1,0.011297289282083511,0
17106,0,9.70053292803641e-07,0
17107,0,0.46294766664505005,0
17108,0,0.00016249017789959908,0
17109,1,0.9997778534889221,1
17110,1,0.9994809031486511,1
17111,1,0.9993191957473755,1
17112,1,0.7566323280334473,1
17113,1,0.9519460797309875,1
17114,0,0.2634991407394409,0
17115,0,0.012157926335930824,0
17116,0,0.00032261700835078955,0
17117,0,0.00011829389404738322,0
17118,1,0.6987032890319824,1
17119,0,0.4906719923019409,0
17120,1,0.9998162388801575,1
17121,1,0.9999969005584717,1
17122,1,0.9416133165359497,1
17123,1,0.9990746974945068,1
17124,0,0.00033051581704057753,0
17125,0,0.02464955672621727,0
17126,0,0.003274360904470086,0
17127,1,0.5050672292709351,1
17128,1,0.9579286575317383,1
17129,1,0.9800034165382385,1
17130,0,0.4529874324798584,0
17131,0,0.005787276662886143,0
17132,1,0.0003516183642204851,0
17133,0,0.0003949383972212672,0
17134,0,0.7989596128463745,1
17135,1,0.9867347478866577,1
17136,1,0.9942453503608704,1
17137,0,0.003418776672333479,0
17138,1,0.09455224126577377,0
17139,1,1.0,1
17140,0,0.002987468149513006,0
17141,0,8.100091508822516e-05,0
17142,0,0.5530617833137512,1
17143,0,1.71582887560362e-05,0
17144,1,0.9999666213989258,1
17145,0,9.599672193871811e-05,0
17146,1,0.6046647429466248,1
17147,0,0.2842453420162201,0
17148,0,0.0019113874295726418,0
17149,1,0.999944806098938,1
17150,1,0.9241258502006531,1
17151,1,0.9999972581863403,1
17152,0,3.494798147585243e-05,0
17153,0,7.682639261474833e-05,0
17154,1,0.933984100818634,1
17155,0,0.0021104628685861826,0
17156,0,8.388315109186806e-06,0
17157,0,0.0009462949819862843,0
17158,0,0.00028431674581952393,0
17159,0,0.003244859166443348,0
17160,0,0.2333708107471466,0
17161,1,0.9996644258499146,1
17162,0,0.06515314429998398,0
17163,1,0.9998008608818054,1
17164,0,0.05503532662987709,0
17165,0,0.045749206095933914,0
17166,0,0.024757329374551773,0
17167,0,0.0005273281130939722,0
17168,1,0.9369877576828003,1
17169,0,0.0057525914162397385,0
17170,1,0.9995265007019043,1
17171,0,0.01081896387040615,0
17172,0,9.056751650859951e-07,0
17173,1,0.9999877214431763,1
17174,0,3.398435001145117e-05,0
17175,0,0.009103123098611832,0
17176,1,0.998421311378479,1
17177,1,0.999991774559021,1
17178,1,0.5035347938537598,1
17179,1,0.6250725984573364,1
17180,0,0.6181426644325256,1
17181,1,0.7674328088760376,1
17182,1,0.9994754195213318,1
17183,0,0.643725574016571,1
17184,0,0.02831263840198517,0
17185,0,0.0010540165239945054,0
17186,0,0.0009675176697783172,0
17187,1,0.9999814033508301,1
17188,0,0.27183571457862854,0
17189,0,4.571830686472822e-06,0
17190,0,0.7336543202400208,1
17191,0,0.01122271828353405,0
17192,1,0.24556878209114075,0
17193,0,0.15629082918167114,0
17194,0,0.005958162248134613,0
17195,0,0.01156297605484724,0
17196,1,0.9998825788497925,1
17197,0,0.5030516386032104,1
17198,0,0.003363335505127907,0
17199,1,0.9940333962440491,1
17200,0,0.5066189765930176,1
17201,0,0.04956941679120064,0
17202,1,0.9999654293060303,1
17203,1,0.8385369777679443,1
17204,1,0.9999195337295532,1
17205,1,0.9950123429298401,1
17206,0,0.001447188900783658,0
17207,1,0.9997270703315735,1
17208,1,0.9994763731956482,1
17209,1,0.9992626309394836,1
17210,0,0.009181023575365543,0
17211,1,0.3873772621154785,0
17212,0,0.03859054297208786,0
17213,0,0.00017519027460366488,0
17214,1,0.9997448325157166,1
17215,0,0.42813488841056824,0
17216,0,0.012765550054609776,0
17217,0,3.748364542843774e-05,0
17218,1,0.9999943971633911,1
17219,0,0.003017442999407649,0
17220,1,0.740024745464325,1
17221,0,0.008863895200192928,0
17222,0,0.012040771543979645,0
17223,0,0.4913644790649414,0
17224,1,0.9979671835899353,1
17225,0,3.0824941177343135e-07,0
17226,0,0.000360981619451195,0
17227,1,0.038329411298036575,0
17228,0,0.006857524160295725,0
17229,1,0.9945660829544067,1
17230,0,0.005421806126832962,0
17231,1,0.9992511868476868,1
17232,1,0.9840632677078247,1
17233,1,0.9999977350234985,1
17234,0,2.3343340217252262e-05,0
17235,0,4.9469945224700496e-06,0
17236,0,0.002504045609384775,0
17237,0,1.7572567230672576e-05,0
17238,1,0.9970505237579346,1
17239,0,0.000379887263989076,0
17240,0,0.0029327827505767345,0
17241,0,0.05113232508301735,0
17242,0,0.05606742948293686,0
17243,0,0.0003107020165771246,0
17244,1,0.9998249411582947,1
17245,0,3.782307976507582e-05,0
17246,1,0.9996206760406494,1
17247,0,0.004134291782975197,0
17248,0,0.0011290734400972724,0
17249,1,0.9999411106109619,1
17250,1,0.9997007846832275,1
17251,0,0.0035123478155583143,0
17252,1,0.9999885559082031,1
17253,0,0.036465466022491455,0
17254,0,0.07005635648965836,0
17255,0,2.3434791728504933e-05,0
17256,0,0.005359654314815998,0
17257,0,0.0004172723856754601,0
17258,1,0.9982298016548157,1
17259,0,6.867990305181593e-05,0
17260,1,0.7728224992752075,1
17261,1,0.9513341784477234,1
17262,1,0.9999864101409912,1
17263,1,0.9999661445617676,1
17264,1,0.9537106156349182,1
17265,1,0.998755931854248,1
17266,0,2.2228749685382354e-07,0
17267,1,0.9999954700469971,1
17268,0,4.235770393279381e-05,0
17269,0,7.529974936915096e-07,0
17270,0,0.023287944495677948,0
17271,0,0.0010201469995081425,0
17272,1,0.9896631836891174,1
17273,0,0.0003183335065841675,0
17274,0,0.00010063903027912602,0
17275,1,0.9999914169311523,1
17276,0,0.0003575181181076914,0
17277,1,0.9064908027648926,1
17278,0,0.02637433633208275,0
17279,0,0.02619660459458828,0
17280,0,4.881814675172791e-05,0
17281,1,0.9999401569366455,1
17282,0,0.00010798014409374446,0
17283,1,0.9770975112915039,1
17284,1,0.9999936819076538,1
17285,1,0.9985150694847107,1
17286,1,0.9999017715454102,1
17287,1,0.9994398951530457,1
17288,1,0.9993756413459778,1
17289,1,0.9997661709785461,1
17290,1,0.671258807182312,1
17291,1,0.9999665021896362,1
17292,1,0.6189310550689697,1
17293,1,1.0,1
17294,1,0.010280336253345013,0
17295,1,0.017755059525370598,0
17296,0,0.05739515647292137,0
17297,0,0.01053333468735218,0
17298,1,0.9958276152610779,1
17299,1,0.9999991655349731,1
17300,1,0.03894810378551483,0
17301,0,0.10429145395755768,0
17302,1,0.9999606609344482,1
17303,1,0.8956522345542908,1
17304,1,0.9999687671661377,1
17305,0,0.00035599598777480423,0
17306,1,0.9834801554679871,1
17307,1,0.9990580677986145,1
17308,0,0.4860283434391022,0
17309,0,3.165375801472692e-06,0
17310,0,0.006606177426874638,0
17311,0,0.054947055876255035,0
17312,1,0.8367738127708435,1
17313,1,0.9966655373573303,1
17314,1,0.9999182224273682,1
17315,1,0.9956415891647339,1
17316,1,0.9989798665046692,1
17317,0,0.0019157406641170382,0
17318,0,0.0034474157728254795,0
17319,1,0.9889391660690308,1
17320,0,0.006198715418577194,0
17321,0,0.059560198336839676,0
17322,1,0.9999973773956299,1
17323,1,0.999839186668396,1
17324,0,0.0018218186451122165,0
17325,0,0.00025972939329221845,0
17326,1,0.9999972581863403,1
17327,0,0.04339442402124405,0
17328,1,0.9999650716781616,1
17329,0,0.19925904273986816,0
17330,0,0.1059916764497757,0
17331,0,7.019317763479194e-06,0
17332,0,0.00233586598187685,0
17333,1,0.9692806005477905,1
17334,1,0.9995299577713013,1
17335,0,0.06518671661615372,0
17336,1,0.9999853372573853,1
17337,0,0.0020428854040801525,0
17338,1,0.9998857975006104,1
17339,0,0.00039899584953673184,0
17340,0,7.712868864473421e-06,0
17341,1,0.9986751675605774,1
17342,0,0.010174525901675224,0
17343,1,0.999755322933197,1
17344,1,0.992895781993866,1
17345,1,0.11946075409650803,0
17346,1,0.9990082383155823,1
17347,1,0.985723078250885,1
17348,1,0.9988117218017578,1
17349,1,0.9999716281890869,1
17350,0,0.0027692255098372698,0
17351,1,0.9023256301879883,1
17352,1,0.9999862909317017,1
17353,1,0.9892771244049072,1
17354,0,0.03477638214826584,0
17355,0,0.003648903453722596,0
17356,1,0.9990204572677612,1
17357,1,0.9966289401054382,1
17358,1,0.9889292120933533,1
17359,0,0.0003365462180227041,0
17360,0,6.47591587039642e-05,0
17361,1,0.04938173294067383,0
17362,1,0.9995887875556946,1
17363,0,0.008838068693876266,0
17364,0,0.0022247338201850653,0
17365,0,1.2443970263120718e-05,0
17366,1,0.9999865293502808,1
17367,1,0.652842104434967,1
17368,1,0.9997466206550598,1
17369,0,0.12083285301923752,0
17370,0,2.0847386622335762e-05,0
17371,1,0.999745786190033,1
17372,1,0.9989922642707825,1
17373,0,0.12330473959445953,0
17374,0,0.006792884785681963,0
17375,1,0.9948858618736267,1
17376,1,0.9532590508460999,1
17377,0,0.0002729161933530122,0
17378,1,0.9999643564224243,1
17379,1,0.9696437120437622,1
17380,0,0.0017120814882218838,0
17381,0,0.0213124118745327,0
17382,0,0.0005573008093051612,0
17383,1,0.9999943971633911,1
17384,1,0.9999754428863525,1
17385,0,0.0001242252328665927,0
17386,1,0.8620531558990479,1
17387,1,0.9990220069885254,1
17388,1,0.9994567036628723,1
17389,1,0.7007642984390259,1
17390,0,0.4169172942638397,0
17391,0,0.14323101937770844,0
17392,0,0.017518935725092888,0
17393,0,0.0018293268512934446,0
17394,0,4.142793841310777e-05,0
17395,1,0.99671870470047,1
17396,0,0.07644630968570709,0
17397,0,0.0001337231369689107,0
17398,1,0.5379570722579956,1
17399,1,0.9969252943992615,1
17400,1,0.9773576855659485,1
17401,1,0.9998072981834412,1
17402,0,2.242317350464873e-06,0
17403,1,0.9989583492279053,1
17404,1,0.8151907324790955,1
17405,1,0.9999984502792358,1
17406,1,0.9956169128417969,1
17407,1,0.9999922513961792,1
17408,1,0.9961588382720947,1
17409,0,0.13877376914024353,0
17410,0,3.19870887324214e-05,0
17411,0,8.326124225277454e-05,0
17412,0,1.795471143850591e-05,0
17413,1,0.820164680480957,1
17414,1,0.999386191368103,1
17415,1,0.02744872495532036,0
17416,1,0.9944959282875061,1
17417,1,0.9999946355819702,1
17418,0,0.0024682777002453804,0
17419,1,0.2606966495513916,0
17420,0,0.00019896996673196554,0
17421,1,0.9355595707893372,1
17422,0,0.00149264105129987,0
17423,0,0.000422102864831686,0
17424,1,0.9992445707321167,1
17425,1,0.9993147850036621,1
17426,1,0.8566451072692871,1
17427,0,0.0010309662902727723,0
17428,0,0.010536694899201393,0
17429,1,0.9711328744888306,1
17430,1,0.9728994965553284,1
17431,0,0.0004622762789949775,0
17432,0,0.3176048696041107,0
17433,0,5.298205451254034e-06,0
17434,0,0.00012407607573550195,0
17435,0,0.008822085335850716,0
17436,0,1.4010431186761707e-05,0
17437,0,6.29256931006239e-07,0
17438,0,0.8240993022918701,1
17439,0,0.07950682938098907,0
17440,0,0.15402160584926605,0
17441,1,0.9949943423271179,1
17442,1,0.9748150110244751,1
17443,1,0.9998251795768738,1
17444,0,0.2039981335401535,0
17445,1,0.9978318810462952,1
17446,0,0.004235744476318359,0
17447,1,1.0,1
17448,0,0.0009192063589580357,0
17449,1,0.9999008178710938,1
17450,1,0.30104008316993713,0
17451,0,0.023081038147211075,0
17452,0,0.5309644937515259,1
17453,0,0.00747293047606945,0
17454,0,3.7932524719508365e-05,0
17455,1,0.9984741806983948,1
17456,1,0.9887450337409973,1
17457,0,0.0035858626943081617,0
17458,0,0.0820881798863411,0
17459,1,0.9380094408988953,1
17460,1,0.9971287846565247,1
17461,0,0.00018144023488275707,0
17462,1,0.9997262358665466,1
17463,1,0.9947846531867981,1
17464,1,0.9352191686630249,1
17465,0,0.00186794379260391,0
17466,0,0.08979742228984833,0
17467,0,0.8349927663803101,1
17468,1,0.9997592568397522,1
17469,0,2.0487126676016487e-05,0
17470,0,8.378499387617921e-07,0
17471,1,0.9993897676467896,1
17472,0,0.08149535953998566,0
17473,1,0.9983269572257996,1
17474,1,0.9986403584480286,1
17475,1,0.9984340071678162,1
17476,0,6.796485831728205e-05,0
17477,1,0.6661969423294067,1
17478,0,9.99526946543483e-06,0
17479,0,0.004422520752996206,0
17480,1,0.9850801825523376,1
17481,1,0.9999936819076538,1
17482,0,0.006074092350900173,0
17483,1,0.9994828701019287,1
17484,1,0.9999364614486694,1
17485,0,0.02670827880501747,0
17486,1,0.9998486042022705,1
17487,0,0.007760021835565567,0
17488,1,0.9974677562713623,1
17489,0,0.025705823674798012,0
17490,0,0.003522580023854971,0
17491,0,0.0023196672555059195,0
17492,0,0.05615976080298424,0
17493,1,0.9999791383743286,1
17494,1,0.9999860525131226,1
17495,0,0.09704578667879105,0
17496,1,0.9724958539009094,1
17497,0,0.0001904879609355703,0
17498,0,0.45449960231781006,0
17499,0,0.0018380318069830537,0
17500,1,0.8292793035507202,1
17501,0,0.009777692146599293,0
17502,1,0.9905425906181335,1
17503,1,0.8463771939277649,1
17504,1,0.9999189376831055,1
17505,1,0.8143199682235718,1
17506,0,1.1059101780119818e-05,0
17507,0,0.07003350555896759,0
17508,0,0.000972975802142173,0
17509,1,0.9925162196159363,1
17510,1,0.9950279593467712,1
17511,0,3.311712862341665e-05,0
17512,1,0.978192150592804,1
17513,1,0.8345775604248047,1
17514,1,0.7595062255859375,1
17515,1,0.9999986886978149,1
17516,0,0.0030190269462764263,0
17517,1,0.9956538677215576,1
17518,0,2.7238687039243814e-07,0
17519,1,0.983173131942749,1
17520,1,0.9983142614364624,1
17521,1,0.999915599822998,1
17522,0,0.0023144048172980547,0
17523,0,0.00018664865638129413,0
17524,0,2.1080009560137114e-07,0
17525,0,0.0015648924745619297,0
17526,0,0.01854594051837921,0
17527,0,0.025519875809550285,0
17528,1,0.9762944579124451,1
17529,0,0.26987940073013306,0
17530,1,0.9779967665672302,1
17531,0,0.07057515531778336,0
17532,0,0.006506016943603754,0
17533,1,0.9996728897094727,1
17534,0,8.482001589982247e-07,0
17535,1,0.9937775135040283,1
17536,0,0.23153355717658997,0
17537,1,0.9990301132202148,1
17538,1,0.8666459918022156,1
17539,1,0.9976565837860107,1
17540,0,0.4472808837890625,0
17541,0,0.056120626628398895,0
17542,0,2.215517724835081e-08,0
17543,1,0.9967898726463318,1
17544,1,0.9962467551231384,1
17545,1,0.9998358488082886,1
17546,0,0.37053534388542175,0
17547,1,0.9405184388160706,1
17548,1,0.9985446929931641,1
17549,1,0.9766380786895752,1
17550,0,0.0026310845278203487,0
17551,0,0.20715296268463135,0
17552,1,0.9999926090240479,1
17553,0,0.08996877074241638,0
17554,1,0.9998223185539246,1
17555,0,0.0011453606421127915,0
17556,1,0.9971108436584473,1
17557,1,0.9464858174324036,1
17558,1,0.9936310648918152,1
17559,1,0.9999163150787354,1
17560,1,0.31177741289138794,0
17561,0,0.06440524011850357,0
17562,0,0.677616536617279,1
17563,1,0.9952130317687988,1
17564,1,0.9902286529541016,1
17565,0,4.05063692596741e-05,0
17566,1,0.9999597072601318,1
17567,0,2.6840216378332116e-05,0
17568,0,0.15594159066677094,0
17569,0,0.7031873464584351,1
17570,1,0.9346734285354614,1
17571,1,0.9999899864196777,1
17572,0,0.8765382766723633,1
17573,1,0.9999730587005615,1
17574,1,0.756955087184906,1
17575,1,0.9898674488067627,1
17576,1,0.9934495091438293,1
17577,0,7.748296775389463e-05,0
17578,0,4.7104957047849894e-05,0
17579,0,0.0013865266228094697,0
17580,1,0.8596491813659668,1
17581,0,0.03592170774936676,0
17582,0,0.6474613547325134,1
17583,0,0.5803292393684387,1
17584,0,0.004594914615154266,0
17585,0,0.6125184297561646,1
17586,0,0.05127044767141342,0
17587,0,0.0005753660807386041,0
17588,0,0.00330029777251184,0
17589,0,8.769648047746159e-06,0
17590,0,0.02026938647031784,0
17591,0,0.0037287999875843525,0
17592,1,0.8396325707435608,1
17593,1,0.9965875148773193,1
17594,0,0.8712998032569885,1
17595,0,0.00033246760722249746,0
17596,1,0.915637731552124,1
17597,1,0.9625912308692932,1
17598,1,0.9938479065895081,1
17599,1,0.9984334111213684,1
17600,1,0.9969786405563354,1
17601,0,0.0010630427859723568,0
17602,1,0.6771356463432312,1
17603,0,0.0383593775331974,0
17604,0,0.06638538092374802,0
17605,1,0.999545156955719,1
17606,0,0.30524423718452454,0
17607,0,0.003013489069417119,0
17608,0,0.002117763040587306,0
17609,0,8.961470302892849e-05,0
17610,0,0.004528913181275129,0
17611,0,0.08508728444576263,0
17612,0,0.0007260203128680587,0
17613,1,0.9997901320457458,1
17614,1,0.9890117645263672,1
17615,1,0.9999477863311768,1
17616,1,0.9079234600067139,1
17617,0,0.0489322766661644,0
17618,1,0.9999822378158569,1
17619,0,0.00029941817047074437,0
17620,0,0.6634975075721741,1
17621,0,0.00020754006982315332,0
17622,1,0.9879457950592041,1
17623,0,0.7588990926742554,1
17624,0,0.0057272701524198055,0
17625,0,9.580677215126343e-06,0
17626,0,0.007914356887340546,0
17627,0,0.012357079423964024,0
17628,0,0.0348706878721714,0
17629,1,0.9972907900810242,1
17630,0,0.007352369371801615,0
17631,1,0.9967666864395142,1
17632,0,0.0003982751222793013,0
17633,0,0.014466256834566593,0
17634,1,0.9488282799720764,1
17635,1,0.9999960660934448,1
17636,1,0.9979987740516663,1
17637,1,0.9953025579452515,1
17638,0,0.007694576401263475,0
17639,1,0.9970706701278687,1
17640,0,0.007768052630126476,0
17641,0,0.018307656049728394,0
17642,1,0.9997853636741638,1
17643,0,0.004854481667280197,0
17644,1,0.9908333420753479,1
17645,1,0.999826967716217,1
17646,0,0.009828570298850536,0
17647,0,0.023994863033294678,0
17648,1,0.9892740845680237,1
17649,1,0.9819616675376892,1
17650,0,0.0051599727012217045,0
17651,0,5.01580216223374e-05,0
17652,1,0.983161449432373,1
17653,0,0.018917297944426537,0
17654,1,0.9793342351913452,1
17655,1,0.9967304468154907,1
17656,1,0.9979402422904968,1
17657,1,0.9992008805274963,1
17658,1,0.9976851940155029,1
17659,0,0.004318754188716412,0
17660,0,3.389168705325574e-05,0
17661,0,0.33876341581344604,0
17662,0,0.022188635542988777,0
17663,0,0.0006655411561951041,0
17664,0,0.010451036505401134,0
17665,1,0.9996620416641235,1
17666,0,4.71418970846571e-05,0
17667,1,0.9995744824409485,1
17668,1,0.9986659288406372,1
17669,1,0.9981801509857178,1
17670,1,0.6365479230880737,1
17671,1,0.9601346254348755,1
17672,1,0.984929621219635,1
17673,0,8.623552275821567e-05,0
17674,0,0.10945575684309006,0
17675,0,6.015163194206252e-07,0
17676,1,0.9999077320098877,1
17677,1,0.9974161386489868,1
17678,0,0.763415515422821,1
17679,0,0.0014826447004452348,0
17680,0,0.008770270273089409,0
17681,0,0.333087295293808,0
17682,1,0.9927061200141907,1
17683,0,0.0007259691483341157,0
17684,1,0.8723456859588623,1
17685,1,0.99933260679245,1
17686,0,0.0009053180110640824,0
17687,1,0.9996601343154907,1
17688,0,0.07866457849740982,0
17689,1,0.513155996799469,1
17690,0,0.0005190203082747757,0
17691,1,0.9829419851303101,1
17692,1,0.9796351790428162,1
17693,0,0.2454417496919632,0
17694,1,0.9972192049026489,1
17695,1,0.9984536170959473,1
17696,1,0.9964313507080078,1
17697,0,0.043203309178352356,0
17698,1,0.9926040768623352,1
17699,0,0.0011787618277594447,0
17700,1,0.9923158884048462,1
17701,1,0.9999858140945435,1
17702,1,0.9996272325515747,1
17703,1,0.9999998807907104,1
17704,0,1.2175236818734447e-08,0
17705,0,0.2517760396003723,0
17706,1,0.9993682503700256,1
17707,1,0.9191040992736816,1
17708,0,0.0014393266756087542,0
17709,0,0.00038501189555972815,0
17710,0,6.724879494868219e-05,0
17711,0,0.14925336837768555,0
17712,1,0.3168277442455292,0
17713,1,0.9955975413322449,1
17714,0,0.0009249410359188914,0
17715,1,1.0,1
17716,0,0.8518560528755188,1
17717,1,0.9930025935173035,1
17718,1,0.9895294308662415,1
17719,0,0.04496516287326813,0
17720,0,5.544427040149458e-06,0
17721,1,0.8347870111465454,1
17722,1,0.9997574687004089,1
17723,0,4.6561268618461327e-07,0
17724,0,0.05638508126139641,0
17725,1,0.999976634979248,1
17726,0,0.0013439282774925232,0
17727,0,0.302730917930603,0
17728,0,5.183356279303553e-06,0
17729,0,0.001678057829849422,0
17730,1,0.9997021555900574,1
17731,1,0.9991629123687744,1
17732,0,0.002651168964803219,0
17733,1,0.8880553245544434,1
17734,1,0.888240396976471,1
17735,0,0.41696634888648987,0
17736,0,6.780794501537457e-05,0
17737,0,0.9919354915618896,1
17738,0,0.15219855308532715,0
17739,0,0.0028587107080966234,0
17740,1,0.999998927116394,1
17741,1,0.9999903440475464,1
17742,0,1.56701553351013e-05,0
17743,0,0.02924201264977455,0
17744,0,0.00014757888857275248,0
17745,1,0.9998487234115601,1
17746,1,0.994074285030365,1
17747,1,0.9999918937683105,1
17748,0,0.25209712982177734,0
17749,0,0.011559320613741875,0
17750,0,7.194906356744468e-05,0
17751,1,0.6342934370040894,1
17752,0,0.010914093814790249,0
17753,0,0.0005450287717394531,0
17754,1,0.9903846979141235,1
17755,1,0.8173598051071167,1
17756,0,0.001545709208585322,0
17757,0,0.00010424861829960719,0
17758,1,0.48706331849098206,0
17759,0,0.002376435324549675,0
17760,1,0.9979293346405029,1
17761,1,0.9999985694885254,1
17762,1,0.9999885559082031,1
17763,1,0.9999855756759644,1
17764,0,0.022884460166096687,0
17765,1,0.9965260624885559,1
17766,1,0.881452202796936,1
17767,1,0.998489499092102,1
17768,0,0.2608122229576111,0
17769,0,0.0557527095079422,0
17770,1,0.9983652234077454,1
17771,1,0.5095974802970886,1
17772,1,0.9837964177131653,1
17773,0,0.0023231571540236473,0
17774,0,0.00331108458340168,0
17775,1,0.8610518574714661,1
17776,1,0.23954948782920837,0
17777,0,0.005890518426895142,0
17778,1,0.9998279809951782,1
17779,1,0.9995536208152771,1
17780,0,0.08489968627691269,0
17781,0,0.5085300207138062,1
17782,1,0.9948186278343201,1
17783,1,0.9408498406410217,1
17784,1,0.9999600648880005,1
17785,1,0.9975159168243408,1
17786,0,0.007883711718022823,0
17787,1,0.9999973773956299,1
17788,1,0.9978011250495911,1
17789,1,0.9993392825126648,1
17790,1,0.9998693466186523,1
17791,1,0.7969359755516052,1
17792,0,0.011158199980854988,0
17793,1,0.950337827205658,1
17794,1,0.9999994039535522,1
17795,1,0.9984378218650818,1
17796,0,0.3630550503730774,0
17797,0,0.005365608725696802,0
17798,1,0.9995445609092712,1
17799,0,0.8593767285346985,1
17800,0,0.0008244930650107563,0
17801,0,0.0010774651309475303,0
17802,1,0.9996464252471924,1
17803,1,0.9961621761322021,1
17804,0,0.0020197490230202675,0
17805,0,3.5345356081961654e-06,0
17806,1,0.996626615524292,1
17807,0,5.327974940882996e-05,0
17808,1,0.9999991655349731,1
17809,1,0.9998964071273804,1
17810,1,0.9993705153465271,1
17811,0,0.00022433357662521303,0
17812,0,0.07601910829544067,0
17813,1,0.9974472522735596,1
17814,1,0.9999784231185913,1
17815,0,0.0014340415364131331,0
17816,1,0.6934756636619568,1
17817,1,0.4139840304851532,0
17818,1,0.9878709316253662,1
17819,0,0.4046524167060852,0
17820,0,4.151102257310413e-05,0
17821,1,0.9999796152114868,1
17822,1,0.999897837638855,1
17823,1,0.9999877214431763,1
17824,0,8.213043474825099e-05,0
17825,1,0.9999252557754517,1
17826,0,0.3948066234588623,0
17827,1,0.9999892711639404,1
17828,0,6.212065636646003e-05,0
17829,1,0.9944941401481628,1
17830,0,0.0016004430362954736,0
17831,1,0.992219090461731,1
17832,0,0.0027997952420264482,0
17833,0,0.010444523766636848,0
17834,0,9.658722410677001e-05,0
17835,1,0.9994683861732483,1
17836,0,1.5710170373495203e-06,0
17837,1,0.65607750415802,1
17838,0,7.37365335226059e-05,0
17839,1,0.9999067783355713,1
17840,0,0.0002909567265305668,0
17841,1,0.9027830958366394,1
17842,0,0.008204224519431591,0
17843,0,0.00411822646856308,0
17844,0,0.00018775282660499215,0
17845,1,0.9993011951446533,1
17846,0,0.012408115901052952,0
17847,1,0.997805655002594,1
17848,1,0.9981492757797241,1
17849,1,0.9999945163726807,1
17850,1,0.9985045194625854,1
17851,0,0.005954449065029621,0
17852,1,0.9556075930595398,1
17853,0,1.756844540068414e-05,0
17854,0,0.00047563729458488524,0
17855,0,0.037518054246902466,0
17856,1,0.9675320982933044,1
17857,0,0.00016598480578977615,0
17858,1,0.9999997615814209,1
17859,0,3.1098527415451827e-06,0
17860,1,0.6093279123306274,1
17861,1,0.9926295280456543,1
17862,1,0.9999997615814209,1
17863,0,6.858502729301108e-06,0
17864,0,5.427616270026192e-05,0
17865,0,0.0009037571726366878,0
17866,1,0.012882586568593979,0
17867,1,0.9971977472305298,1
17868,1,0.9998642206192017,1
17869,1,0.997498095035553,1
17870,0,0.0004422597703523934,0
17871,1,0.19559088349342346,0
17872,1,0.999943733215332,1
17873,0,2.8584239771589637e-05,0
17874,1,0.995352029800415,1
17875,0,0.0008902581757865846,0
17876,0,0.0005629078368656337,0
17877,0,0.000237233005464077,0
17878,0,0.0017816348699852824,0
17879,0,0.1564909815788269,0
17880,1,0.9997630715370178,1
17881,1,0.9994489550590515,1
17882,1,0.9887844324111938,1
17883,1,0.9999990463256836,1
17884,1,0.9999998807907104,1
17885,1,0.9971634745597839,1
17886,1,0.9991242289543152,1
17887,1,0.8354170322418213,1
17888,1,0.9999877214431763,1
17889,0,0.00014922059199307114,0
17890,1,0.9999568462371826,1
17891,0,0.04048836603760719,0
17892,0,0.0032591840717941523,0
17893,0,0.05046510323882103,0
17894,0,3.539176987032988e-06,0
17895,1,0.9999984502792358,1
17896,0,0.0005247951485216618,0
17897,0,0.0073755946941673756,0
17898,1,0.998537540435791,1
17899,1,0.9999797344207764,1
17900,1,0.27146631479263306,0
17901,1,0.9998661279678345,1
17902,1,0.9998328685760498,1
17903,1,0.9999884366989136,1
17904,0,1.6941540934567456e-06,0
17905,1,0.999987006187439,1
17906,0,5.212047199165681e-06,0
17907,0,5.3138024668442085e-05,0
17908,0,0.005561065394431353,0
17909,1,0.9973553419113159,1
17910,1,0.9999443292617798,1
17911,1,0.9998124241828918,1
17912,1,0.9999850988388062,1
17913,0,9.655142321207677e-07,0
17914,0,0.02765805274248123,0
17915,1,0.6607800722122192,1
17916,1,0.8905201554298401,1
17917,0,0.29530954360961914,0
17918,0,0.012691236101090908,0
17919,1,0.9978742599487305,1
17920,1,0.9996258020401001,1
17921,0,0.00033452181378379464,0
17922,0,0.01565413922071457,0
17923,1,0.9034907221794128,1
17924,1,0.9996187686920166,1
17925,0,0.20150403678417206,0
17926,1,0.9995874762535095,1
17927,0,0.07230594009160995,0
17928,1,0.8517356514930725,1
17929,1,0.9999716281890869,1
17930,0,0.00017465971177443862,0
17931,1,0.9995904564857483,1
17932,1,0.999933123588562,1
17933,1,0.9995245933532715,1
17934,0,0.0005853195325471461,0
17935,1,0.9484737515449524,1
17936,0,0.002148951170966029,0
17937,0,0.17013782262802124,0
17938,0,0.0009392714709974825,0
17939,0,0.0006145448423922062,0
17940,1,0.9964357614517212,1
17941,1,0.9999412298202515,1
17942,1,0.9992721676826477,1
17943,0,0.0007087528938427567,0
17944,1,0.9896575808525085,1
17945,1,0.8901380896568298,1
17946,1,0.9886566400527954,1
17947,1,0.9999979734420776,1
17948,1,0.9999814033508301,1
17949,1,0.9985643029212952,1
17950,1,0.9969987869262695,1
17951,1,0.9991959929466248,1
17952,1,0.9999967813491821,1
17953,0,0.0028089359402656555,0
17954,1,0.9998130202293396,1
17955,1,0.9999990463256836,1
17956,1,0.9999957084655762,1
17957,0,0.012696243822574615,0
17958,1,0.9998782873153687,1
17959,0,0.00026047261781059206,0
17960,1,0.9902994632720947,1
17961,1,0.9999722242355347,1
17962,1,0.8465010523796082,1
17963,1,0.998568058013916,1
17964,1,0.9790472388267517,1
17965,0,9.687530109658837e-05,0
17966,1,0.803286612033844,1
17967,1,0.9999675750732422,1
17968,0,0.006927131675183773,0
17969,0,6.246843440749217e-06,0
17970,0,0.18535825610160828,0
17971,1,0.9996891021728516,1
17972,0,0.001972786383703351,0
17973,0,0.03015727736055851,0
17974,0,0.0016652357298880816,0
17975,0,0.0088439229875803,0
17976,0,0.004336790181696415,0
17977,0,0.001493092393502593,0
17978,1,0.9999690055847168,1
17979,0,0.004484542645514011,0
17980,0,8.497072485624813e-06,0
17981,1,0.9771507978439331,1
17982,0,0.002223073970526457,0
17983,0,0.03617290407419205,0
17984,1,0.9998487234115601,1
17985,0,0.009210396558046341,0
17986,1,0.9999415874481201,1
17987,0,0.00013945350656285882,0
17988,1,0.9834824800491333,1
17989,1,0.9463369250297546,1
17990,1,0.9978821873664856,1
17991,1,0.9999825954437256,1
17992,0,0.4452083110809326,0
17993,1,0.9999895095825195,1
17994,0,0.8203594088554382,1
17995,0,2.235957197171956e-07,0
17996,0,0.012363365851342678,0
17997,1,0.999492883682251,1
17998,1,0.9964641332626343,1
17999,1,0.9961457252502441,1
18000,0,0.10325436294078827,0
18001,1,0.9987908005714417,1
18002,1,0.9976065158843994,1
18003,0,9.998207679018378e-05,0
18004,0,0.0025533046573400497,0
18005,1,0.9897679686546326,1
18006,0,0.021081678569316864,0
18007,0,0.17841556668281555,0
18008,0,0.11165124177932739,0
18009,1,0.9998805522918701,1
18010,1,0.997453510761261,1
18011,1,0.9929341077804565,1
18012,0,0.014105468057096004,0
18013,0,0.00045717842294834554,0
18014,0,0.08606089651584625,0
18015,0,3.938402733183466e-05,0
18016,0,0.0014689784729853272,0
18017,0,3.381720671313815e-05,0
18018,0,0.0007288007764145732,0
18019,0,0.0024931570515036583,0
18020,1,0.9990386962890625,1
18021,0,0.0002945642627310008,0
18022,0,0.016261303797364235,0
18023,0,1.3466359632730018e-05,0
18024,1,0.9964465498924255,1
18025,1,0.9999996423721313,1
18026,0,0.0003352692583575845,0
18027,0,0.0021036432590335608,0
18028,1,0.9999886751174927,1
18029,0,0.4988350570201874,0
18030,0,0.036111146211624146,0
18031,1,0.13814657926559448,0
18032,1,0.999998927116394,1
18033,1,0.9282455444335938,1
18034,0,0.12847350537776947,0
18035,1,0.9999603033065796,1
18036,0,2.784333901217906e-07,0
18037,1,0.9994688630104065,1
18038,1,0.45566803216934204,0
18039,0,5.029097883380018e-05,0
18040,1,0.003996605519205332,0
18041,0,3.959257810493e-05,0
18042,1,0.9999561309814453,1
18043,1,0.945247232913971,1
18044,0,0.04237610846757889,0
18045,1,0.04853203147649765,0
18046,0,0.16966067254543304,0
18047,1,0.9998570680618286,1
18048,1,0.9447571039199829,1
18049,0,0.9591899514198303,1
18050,1,0.9978393316268921,1
18051,0,0.022227978333830833,0
18052,0,1.5902362520137103e-06,0
18053,0,6.255675543798134e-05,0
18054,1,0.9999899864196777,1
18055,1,0.999889612197876,1
18056,0,0.03639997914433479,0
18057,1,0.9904014468193054,1
18058,0,0.03740775212645531,0
18059,0,0.005263423081487417,0
18060,1,0.99928218126297,1
18061,1,0.6988584995269775,1
18062,1,0.9983629584312439,1
18063,1,0.5219203233718872,1
18064,0,0.19494763016700745,0
18065,1,0.9959579110145569,1
18066,0,0.007274018134921789,0
18067,0,0.32248032093048096,0
18068,0,0.0009512301767244935,0
18069,1,0.9999685287475586,1
18070,0,0.001521839527413249,0
18071,0,0.03539938107132912,0
18072,0,2.13510151780838e-08,0
18073,1,0.8963445425033569,1
18074,1,0.9900699257850647,1
18075,0,8.622079622000456e-05,0
18076,1,0.999461829662323,1
18077,1,0.9952206015586853,1
18078,0,0.09223172068595886,0
18079,0,6.104150088503957e-06,0
18080,0,2.2777720005251467e-05,0
18081,0,0.06800676137208939,0
18082,0,0.012873171828687191,0
18083,0,0.002736996626481414,0
18084,0,0.015246301889419556,0
18085,0,0.00011697186710080132,0
18086,1,0.9935310482978821,1
18087,1,0.9456953406333923,1
18088,0,0.004349471535533667,0
18089,0,2.4850169211276807e-06,0
18090,1,0.9995284080505371,1
18091,1,0.999915599822998,1
18092,0,0.30035245418548584,0
18093,1,0.9919530749320984,1
18094,0,4.6860553993610665e-05,0
18095,0,0.0008968465263023973,0
18096,0,0.009514851495623589,0
18097,1,0.9999469518661499,1
18098,1,0.999996542930603,1
18099,0,0.0003902662720065564,0
18100,0,0.001217871904373169,0
18101,0,1.7305924302490894e-06,0
18102,0,0.0060060094110667706,0
18103,0,0.00017880703671835363,0
18104,0,0.6065650582313538,1
18105,1,0.9982948899269104,1
18106,0,0.03376328945159912,0
18107,1,0.99978107213974,1
18108,1,0.9982401132583618,1
18109,0,0.001218512305058539,0
18110,0,0.003228940535336733,0
18111,0,0.002079911297187209,0
18112,0,5.087583303975407e-06,0
18113,0,0.0006080078310333192,0
18114,1,0.9999674558639526,1
18115,0,0.01450965367257595,0
18116,0,0.00036311859730631113,0
18117,0,0.1296706348657608,0
18118,0,0.000206254655495286,0
18119,1,0.9999892711639404,1
18120,0,0.06515424698591232,0
18121,0,0.0018865984166041017,0
18122,1,0.9995799660682678,1
18123,0,0.001970258541405201,0
18124,1,0.994500994682312,1
18125,0,0.01342836208641529,0
18126,1,0.995563268661499,1
18127,1,0.932893693447113,1
18128,0,0.0025442324113100767,0
18129,0,0.01288201566785574,0
18130,1,0.9999066591262817,1
18131,0,0.7026073932647705,1
18132,0,0.9302137494087219,1
18133,1,0.987868070602417,1
18134,1,0.9995090961456299,1
18135,1,0.9999690055847168,1
18136,1,0.9803520441055298,1
18137,1,0.5510901808738708,1
18138,0,0.12202239036560059,0
18139,1,0.9979337453842163,1
18140,0,0.39485934376716614,0
18141,0,0.12927985191345215,0
18142,1,0.9927657842636108,1
18143,0,0.3879964053630829,0
18144,0,1.7505428331787698e-05,0
18145,1,0.9952518939971924,1
18146,1,0.00988959614187479,0
18147,1,0.9999786615371704,1
18148,1,0.9998382329940796,1
18149,0,0.030484536662697792,0
18150,1,0.5839582681655884,1
18151,1,0.9966979026794434,1
18152,1,0.9996054768562317,1
18153,0,0.9405511021614075,1
18154,0,0.0036304148379713297,0
18155,1,0.7874161005020142,1
18156,0,0.00023804279044270515,0
18157,0,0.2672429084777832,0
18158,1,0.9973100423812866,1
18159,0,0.0003535664873197675,0
18160,1,0.9727434515953064,1
18161,0,0.11177676916122437,0
18162,0,0.932522714138031,1
18163,1,0.9787200093269348,1
18164,0,0.012733068317174911,0
18165,0,0.1177164614200592,0
18166,1,0.9999954700469971,1
18167,1,0.7641641497612,1
18168,0,0.001520172692835331,0
18169,1,0.9832471013069153,1
18170,1,0.8154942989349365,1
18171,1,0.9996185302734375,1
18172,0,0.0025694891810417175,0
18173,0,9.232969023287296e-05,0
18174,0,0.0071012950502336025,0
18175,0,0.00020049061276949942,0
18176,1,0.9883334040641785,1
18177,0,0.40429139137268066,0
18178,0,0.00011374528548913077,0
18179,0,0.0004335649427957833,0
18180,0,0.06480762362480164,0
18181,1,0.9988768696784973,1
18182,0,0.12965989112854004,0
18183,1,0.9999978542327881,1
18184,1,0.9997186064720154,1
18185,0,7.011044363025576e-05,0
18186,1,0.9995539784431458,1
18187,0,0.00010458864562679082,0
18188,0,0.0003107254160568118,0
18189,0,0.003163340501487255,0
18190,1,0.9999977350234985,1
18191,0,0.00021460333664435893,0
18192,1,0.999728262424469,1
18193,1,0.9938257932662964,1
18194,1,0.9999297857284546,1
18195,1,0.996338963508606,1
18196,0,0.00011826580885099247,0
18197,1,0.9981910586357117,1
18198,0,0.6258400678634644,1
18199,0,0.0005462983390316367,0
18200,0,5.569940185523592e-06,0
18201,1,0.9881883263587952,1
18202,0,0.0282977856695652,0
18203,1,0.9975341558456421,1
18204,0,0.0062549905851483345,0
18205,1,0.9882634878158569,1
18206,1,0.9995059967041016,1
18207,1,0.34230682253837585,0
18208,1,0.9911634922027588,1
18209,0,0.6291865706443787,1
18210,1,0.010065649636089802,0
18211,0,0.0022857666481286287,0
18212,0,0.0062569743022322655,0
18213,0,9.193867640533426e-07,0
18214,0,0.006821473129093647,0
18215,0,6.929104711161926e-05,0
18216,1,0.9999991655349731,1
18217,1,0.9988930821418762,1
18218,1,0.6731035709381104,1
18219,0,0.02952728420495987,0
18220,1,0.9989375472068787,1
18221,1,0.9888684749603271,1
18222,1,0.9197670221328735,1
18223,1,0.032458435744047165,0
18224,1,0.0035265267360955477,0
18225,0,8.612726560386363e-06,0
18226,1,0.5648929476737976,1
18227,0,0.38123929500579834,0
18228,0,8.704484935151413e-05,0
18229,1,0.99747234582901,1
18230,1,0.9051304459571838,1
18231,1,0.9994851350784302,1
18232,0,0.053694672882556915,0
18233,1,0.9980049729347229,1
18234,1,0.9999988079071045,1
18235,1,0.987510085105896,1
18236,0,0.0019298263359814882,0
18237,0,0.009183174930512905,0
18238,0,0.002127026906237006,0
18239,0,0.01328788511455059,0
18240,1,0.9919390082359314,1
18241,0,0.06100098788738251,0
18242,0,0.38012996315956116,0
18243,0,0.005190141033381224,0
18244,1,0.9999902248382568,1
18245,1,0.9832437634468079,1
18246,0,0.00011332846770528704,0
18247,0,0.24585121870040894,0
18248,0,0.30322176218032837,0
18249,1,0.9994338154792786,1
18250,1,0.9905397891998291,1
18251,1,0.9700703024864197,1
18252,0,2.8057384042767808e-05,0
18253,0,0.0005816740449517965,0
18254,1,0.805630624294281,1
18255,0,0.010483009740710258,0
18256,0,0.4298100471496582,0
18257,0,0.14628949761390686,0
18258,0,2.069450420094654e-05,0
18259,1,0.9761769771575928,1
18260,1,0.9988164901733398,1
18261,0,1.5235364116961136e-05,0
18262,1,0.9999724626541138,1
18263,1,0.9131757020950317,1
18264,1,0.9999703168869019,1
18265,0,0.013466304168105125,0
18266,1,0.9999969005584717,1
18267,1,0.9998548030853271,1
18268,1,0.9995607733726501,1
18269,1,0.9993496537208557,1
18270,1,0.9999054670333862,1
18271,1,0.9996563196182251,1
18272,1,0.9999288320541382,1
18273,1,0.8998236060142517,1
18274,0,4.26385076934821e-06,0
18275,1,1.0,1
18276,1,0.9993390440940857,1
18277,0,0.003482136642560363,0
18278,0,0.0005906941369175911,0
18279,0,0.0013831773540005088,0
18280,0,0.04525739699602127,0
18281,0,0.011670157313346863,0
18282,1,0.9992403984069824,1
18283,1,0.9997760653495789,1
18284,1,0.9997439980506897,1
18285,1,0.9992054104804993,1
18286,0,0.02205156348645687,0
18287,0,0.027160165831446648,0
18288,1,0.8041459918022156,1
18289,1,0.9757773876190186,1
18290,0,0.867540180683136,1
18291,1,0.7613727450370789,1
18292,0,0.08267714083194733,0
18293,1,0.9969257712364197,1
18294,1,0.9998911619186401,1
18295,0,3.543763114066678e-06,0
18296,0,0.010599488392472267,0
18297,0,0.17677058279514313,0
18298,1,0.9983394145965576,1
18299,1,0.9830713868141174,1
18300,1,0.999998927116394,1
18301,0,0.008109383285045624,0
18302,1,0.9883488416671753,1
18303,0,4.602741512371722e-07,0
18304,0,0.003851186716929078,0
18305,0,0.0002320837083971128,0
18306,1,0.9992660880088806,1
18307,0,0.00051196722779423,0
18308,1,0.9999617338180542,1
18309,1,0.9999253749847412,1
18310,0,0.35664254426956177,0
18311,0,0.006790623534470797,0
18312,0,0.04547480121254921,0
18313,1,0.9991457462310791,1
18314,0,0.004494015127420425,0
18315,0,0.0019297143444418907,0
18316,1,0.9888975024223328,1
18317,1,0.9960307478904724,1
18318,0,0.0012484424514696002,0
18319,0,0.0005595365073531866,0
18320,0,0.7205883264541626,1
18321,1,0.9845662713050842,1
18322,1,0.47832831740379333,0
18323,1,0.6392456889152527,1
18324,0,0.006548707373440266,0
18325,0,0.02623351663351059,0
18326,1,0.2969405949115753,0
18327,0,2.7040507120545954e-05,0
18328,0,0.00841488316655159,0
18329,1,0.9999303817749023,1
18330,0,5.663574938807869e-06,0
18331,0,0.005562476813793182,0
18332,0,0.45371049642562866,0
18333,1,0.999998927116394,1
18334,0,0.004129025619477034,0
18335,0,0.008333126083016396,0
18336,1,0.9999665021896362,1
18337,0,0.331714928150177,0
18338,0,0.7579615712165833,1
18339,0,0.11770203709602356,0
18340,1,0.9975078105926514,1
18341,1,0.998103141784668,1
18342,1,0.9998441934585571,1
18343,1,0.9932703375816345,1
18344,1,0.9998921155929565,1
18345,0,0.0009785029105842113,0
18346,0,0.3625183403491974,0
18347,1,0.9991924166679382,1
18348,1,0.9983457326889038,1
18349,0,0.025018775835633278,0
18350,0,0.0026380596682429314,0
18351,1,0.9908320307731628,1
18352,1,0.9862398505210876,1
18353,1,0.9788819551467896,1
18354,1,0.9979758858680725,1
18355,1,0.9998576641082764,1
18356,0,0.009007037617266178,0
18357,1,0.9313031435012817,1
18358,1,0.42271411418914795,0
18359,1,0.943692684173584,1
18360,0,0.00019657415396068245,0
18361,1,0.999985933303833,1
18362,0,3.470878937150701e-06,0
18363,1,0.9775134325027466,1
18364,1,0.9999998807907104,1
18365,1,0.9985955357551575,1
18366,0,0.0015374793438240886,0
18367,0,0.013622072525322437,0
18368,0,0.0011850998271256685,0
18369,1,0.9962994456291199,1
18370,1,0.9730271100997925,1
18371,0,5.009314008930232e-06,0
18372,1,0.9991722106933594,1
18373,1,0.9644774198532104,1
18374,1,0.8314316868782043,1
18375,0,0.020015129819512367,0
18376,1,0.9999551773071289,1
18377,0,0.028273368254303932,0
18378,1,0.9922720193862915,1
18379,0,0.0038404399529099464,0
18380,0,0.9780703186988831,1
18381,1,0.0024420167319476604,0
18382,0,1.2696592420979869e-05,0
18383,0,0.16779398918151855,0
18384,1,0.9967784285545349,1
18385,1,0.310001015663147,0
18386,1,0.9980251789093018,1
18387,1,0.999995231628418,1
18388,1,0.999996542930603,1
18389,1,0.9979568719863892,1
18390,1,0.9292517900466919,1
18391,1,0.94603031873703,1
18392,1,0.9620686769485474,1
18393,0,0.0043499404564499855,0
18394,1,0.9991937279701233,1
18395,1,0.9999972581863403,1
18396,1,0.9996751546859741,1
18397,1,0.9892442226409912,1
18398,1,0.9998350143432617,1
18399,1,0.06054721772670746,0
18400,1,0.9747893214225769,1
18401,1,0.9999940395355225,1
18402,0,0.001360484166070819,0
18403,0,0.056461818516254425,0
18404,1,0.9998414516448975,1
18405,0,0.0030551825184375048,0
18406,0,0.02359319105744362,0
18407,1,0.8980393409729004,1
18408,0,0.31094473600387573,0
18409,1,0.9999340772628784,1
18410,0,1.996248329305672e-06,0
18411,1,0.9998403787612915,1
18412,0,9.316376008428051e-07,0
18413,0,0.00043191961594857275,0
18414,1,0.9996979236602783,1
18415,0,1.5325054846471176e-05,0
18416,1,0.941817581653595,1
18417,0,0.2673138678073883,0
18418,1,0.9933350086212158,1
18419,0,0.004106645938009024,0
18420,0,0.5451205372810364,1
18421,1,0.951325535774231,1
18422,1,0.7949093580245972,1
18423,0,0.0028360227588564157,0
18424,0,0.18034406006336212,0
18425,1,0.8996097445487976,1
18426,0,2.0512461560429074e-05,0
18427,0,0.0021620194893330336,0
18428,1,0.9991136193275452,1
18429,1,0.9999992847442627,1
18430,1,0.9927914142608643,1
18431,1,0.9918466806411743,1
18432,1,0.678662121295929,1
18433,0,0.02542020194232464,0
18434,1,0.999987006187439,1
18435,1,0.9999620914459229,1
18436,1,0.9999476671218872,1
18437,1,0.9998175501823425,1
18438,0,1.4776517673453782e-05,0
18439,1,0.9733672142028809,1
18440,1,0.8121576309204102,1
18441,0,0.006660312879830599,0
18442,1,0.9999979734420776,1
18443,0,0.021127870306372643,0
18444,0,0.003964901901781559,0
18445,1,0.991441011428833,1
18446,0,0.007183741312474012,0
18447,1,0.9130340218544006,1
18448,1,0.9941133856773376,1
18449,1,0.8767271637916565,1
18450,1,0.9955993890762329,1
18451,1,0.9994087219238281,1
18452,0,3.3365558920195326e-05,0
18453,1,0.9997832179069519,1
18454,0,0.14575502276420593,0
18455,0,0.13141348958015442,0
18456,1,0.9779407978057861,1
18457,0,9.197593499266077e-06,0
18458,0,0.0036121513694524765,0
18459,0,0.007535218261182308,0
18460,1,0.9998949766159058,1
18461,1,0.9993925094604492,1
18462,0,0.9911741614341736,1
18463,1,0.9999920129776001,1
18464,1,0.9998900890350342,1
18465,0,0.015707969665527344,0
18466,1,0.9999984502792358,1
18467,0,0.004512165207415819,0
18468,1,0.9996429681777954,1
18469,0,0.012865147553384304,0
18470,1,0.9773658514022827,1
18471,0,0.002252387348562479,0
18472,0,0.031856436282396317,0
18473,0,0.29402250051498413,0
18474,1,0.9999990463256836,1
18475,1,0.9975103139877319,1
18476,1,0.9956015348434448,1
18477,0,0.0005459922249428928,0
18478,0,0.42587223649024963,0
18479,1,0.9619520902633667,1
18480,0,0.00021365497377701104,0
18481,1,0.1536933332681656,0
18482,1,0.9813541173934937,1
18483,1,0.9999470710754395,1
18484,0,0.0026598614640533924,0
18485,1,0.9997652173042297,1
18486,1,0.9998533725738525,1
18487,1,0.9923296570777893,1
18488,0,0.532442033290863,1
18489,0,0.00025781115982681513,0
18490,1,0.9974964261054993,1
18491,1,0.9997062087059021,1
18492,0,5.926364337938139e-06,0
18493,0,0.00020595888781826943,0
18494,0,0.1896902322769165,0
18495,0,0.0020011502783745527,0
18496,1,0.9932803511619568,1
18497,1,0.9903851747512817,1
18498,0,0.14686383306980133,0
18499,0,2.4575214411015622e-05,0
18500,1,0.3845425248146057,0
18501,1,0.9722775220870972,1
18502,1,0.0865684449672699,0
18503,1,0.9909303784370422,1
18504,1,0.4496467411518097,0
18505,0,0.007717076689004898,0
18506,0,0.0023147836327552795,0
18507,0,0.004099642857909203,0
18508,1,0.9808281064033508,1
18509,0,8.399435319006443e-05,0
18510,0,0.0004406650841701776,0
18511,0,0.07429400086402893,0
18512,1,0.9958167672157288,1
18513,1,0.9476675391197205,1
18514,0,0.00011907159205293283,0
18515,0,0.00423632375895977,0
18516,0,0.043312449008226395,0
18517,1,0.9611576199531555,1
18518,0,0.08964529633522034,0
18519,1,0.9999948740005493,1
18520,0,0.0019025629153475165,0
18521,0,0.2951892018318176,0
18522,1,0.951896607875824,1
18523,0,0.9234272241592407,1
18524,1,0.9988456964492798,1
18525,0,0.0013575130142271519,0
18526,1,0.9484239816665649,1
18527,0,1.0688168913475238e-05,0
18528,0,0.004174220375716686,0
18529,1,0.953919529914856,1
18530,0,0.003027506871148944,0
18531,0,3.609185296227224e-05,0
18532,0,5.6426430091960356e-05,0
18533,1,0.9991825222969055,1
18534,1,0.9572255611419678,1
18535,0,0.0016003272030502558,0
18536,1,0.9998683929443359,1
18537,1,0.9997506737709045,1
18538,0,2.094640876748599e-05,0
18539,0,0.00010241415293421596,0
18540,1,0.9590669870376587,1
18541,0,0.07738073915243149,0
18542,1,0.9944677352905273,1
18543,0,0.01207258366048336,0
18544,0,0.8296419978141785,1
18545,1,0.9991788268089294,1
18546,0,0.003996780142188072,0
18547,0,0.003415927989408374,0
18548,1,0.9843959808349609,1
18549,0,0.0007368662627413869,0
18550,0,7.39082315703854e-05,0
18551,0,0.007438843138515949,0
18552,1,0.9998226761817932,1
18553,1,0.9999963045120239,1
18554,0,2.5537539841025136e-05,0
18555,0,0.004008777439594269,0
18556,1,0.9999891519546509,1
18557,0,1.877535169114708e-06,0
18558,0,8.863234688760713e-05,0
18559,1,0.9999880790710449,1
18560,0,0.5189887881278992,1
18561,0,1.5171423910942394e-05,0
18562,1,0.9997196793556213,1
18563,0,0.4790647625923157,0
18564,1,0.9994725584983826,1
18565,1,0.9997952580451965,1
18566,0,0.002037347760051489,0
18567,1,0.9993059635162354,1
18568,1,0.9992727637290955,1
18569,0,4.97421638101514e-07,0
18570,1,0.9999387264251709,1
18571,1,0.9999178647994995,1
18572,0,0.002142776269465685,0
18573,0,0.3256177306175232,0
18574,0,0.028206592425704002,0
18575,1,0.9999934434890747,1
18576,1,0.9843677878379822,1
18577,0,0.12395019084215164,0
18578,0,0.029996458441019058,0
18579,0,0.18661680817604065,0
18580,1,0.995243489742279,1
18581,1,0.9999831914901733,1
18582,1,0.999991774559021,1
18583,0,0.0056864917278289795,0
18584,0,0.06943266093730927,0
18585,1,0.9715760350227356,1
18586,0,0.014086813665926456,0
18587,0,0.016797659918665886,0
18588,1,0.9999935626983643,1
18589,1,0.9999994039535522,1
18590,0,0.03369779884815216,0
18591,1,0.9967212080955505,1
18592,1,0.7423613667488098,1
18593,1,0.9983533620834351,1
18594,0,0.0005714325816370547,0
18595,0,0.3628205955028534,0
18596,0,0.0011130361817777157,0
18597,1,0.23425976932048798,0
18598,1,0.9870668053627014,1
18599,1,0.9992639422416687,1
18600,1,0.9999985694885254,1
18601,1,0.9999985694885254,1
18602,0,0.015277288854122162,0
18603,0,0.000830738979857415,0
18604,1,0.9974198341369629,1
18605,0,0.001590430736541748,0
18606,0,0.5140069127082825,1
18607,1,0.9868293404579163,1
18608,1,0.9983559250831604,1
18609,1,0.9947766065597534,1
18610,1,0.9998540878295898,1
18611,1,0.7459418177604675,1
18612,1,0.9685861468315125,1
18613,1,0.9952184557914734,1
18614,0,0.0004884657682850957,0
18615,1,0.994390070438385,1
18616,0,3.046141682716552e-05,0
18617,1,0.9999606609344482,1
18618,1,0.9998956918716431,1
18619,1,0.9851782917976379,1
18620,0,0.20522519946098328,0
18621,1,0.9995879530906677,1
18622,1,0.779826283454895,1
18623,0,0.001819535274989903,0
18624,0,0.00015925320622045547,0
18625,0,0.013002315536141396,0
18626,0,0.0006672788877040148,0
18627,0,0.0005635697743855417,0
18628,1,0.9946087598800659,1
18629,1,0.9999985694885254,1
18630,1,0.9999732971191406,1
18631,1,0.6902579069137573,1
18632,0,1.1185193216078915e-05,0
18633,1,0.9999406337738037,1
18634,1,0.8646179437637329,1
18635,0,0.1468091756105423,0
18636,0,0.08428352326154709,0
18637,1,0.9171777963638306,1
18638,1,0.9751356244087219,1
18639,1,0.9999135732650757,1
18640,0,0.0663711205124855,0
18641,1,0.9797960519790649,1
18642,0,0.002293175319209695,0
18643,0,0.0021644639782607555,0
18644,1,0.9998223185539246,1
18645,1,0.24337662756443024,0
18646,0,2.8747761007252848e-06,0
18647,1,0.9942405223846436,1
18648,1,0.9792019724845886,1
18649,1,0.9999744892120361,1
18650,1,0.9998949766159058,1
18651,0,0.00471802894026041,0
18652,0,0.00013548550487030298,0
18653,0,0.017845846712589264,0
18654,1,0.9998242259025574,1
18655,1,0.9739199280738831,1
18656,0,0.006804578937590122,0
18657,0,1.2055226761731319e-05,0
18658,1,0.9995669722557068,1
18659,0,0.0005001320387236774,0
18660,0,0.128726527094841,0
18661,0,3.163533619954251e-05,0
18662,1,0.9992495179176331,1
18663,1,0.9712917804718018,1
18664,0,2.3888779310254904e-07,0
18665,1,0.9975845813751221,1
18666,1,0.6588642597198486,1
18667,0,0.9098168611526489,1
18668,0,6.0230257076909766e-05,0
18669,1,0.9998472929000854,1
18670,1,0.9999685287475586,1
18671,0,0.009797541424632072,0
18672,1,0.9829537868499756,1
18673,0,0.08678877353668213,0
18674,0,0.0037348775658756495,0
18675,0,0.027347899973392487,0
18676,0,0.009371362626552582,0
18677,0,0.0011758774053305387,0
18678,0,0.021284574642777443,0
18679,0,0.044376518577337265,0
18680,1,0.9076113700866699,1
18681,0,0.0005425700801424682,0
18682,0,0.016093553975224495,0
18683,1,0.9873694777488708,1
18684,0,0.038508377969264984,0
18685,1,0.9995359182357788,1
18686,0,0.013269929215312004,0
18687,0,0.044263385236263275,0
18688,0,0.08207182586193085,0
18689,1,0.9858598113059998,1
18690,1,0.9997623562812805,1
18691,0,0.0001421831111656502,0
18692,0,0.001983002759516239,0
18693,0,7.5168991315877065e-06,0
18694,1,0.9998413324356079,1
18695,1,0.9999997615814209,1
18696,1,0.982913076877594,1
18697,0,7.297472166101215e-06,0
18698,1,0.9217009544372559,1
18699,0,4.468305633054115e-06,0
18700,1,0.9818969964981079,1
18701,0,0.010891211219131947,0
18702,1,0.9986282587051392,1
18703,1,0.9999860525131226,1
18704,1,0.9947527647018433,1
18705,1,0.9987527132034302,1
18706,1,0.9999581575393677,1
18707,0,0.012719869613647461,0
18708,1,0.9996720552444458,1
18709,1,0.9997052550315857,1
18710,0,0.002207487355917692,0
18711,0,0.0004632837953977287,0
18712,1,0.9889604449272156,1
18713,0,0.5156598091125488,1
18714,1,0.9968166947364807,1
18715,0,0.0007590565946884453,0
18716,0,0.003604808822274208,0
18717,1,0.9992436170578003,1
18718,0,0.0006654479657299817,0
18719,1,0.983617901802063,1
18720,1,0.9959098100662231,1
18721,0,0.8581179976463318,1
18722,1,0.9978435039520264,1
18723,1,0.9999029636383057,1
18724,1,0.9440874457359314,1
18725,0,0.04881739988923073,0
18726,0,0.010308187454938889,0
18727,0,1.3952402696304489e-05,0
18728,0,0.0028315517120063305,0
18729,0,0.001477581332437694,0
18730,1,0.8858240246772766,1
18731,0,2.067403102046228e-06,0
18732,0,2.3336442609434016e-05,0
18733,0,1.2553702617879026e-05,0
18734,0,0.00816419068723917,0
18735,1,0.9931620359420776,1
18736,1,0.9210218191146851,1
18737,1,0.9998966455459595,1
18738,0,6.387710527633317e-06,0
18739,1,0.9802589416503906,1
18740,1,0.9993340373039246,1
18741,0,0.001020768191665411,0
18742,1,0.999847412109375,1
18743,1,0.9995229244232178,1
18744,0,0.006777831818908453,0
18745,1,0.9797897338867188,1
18746,0,3.273424590588547e-05,0
18747,1,0.9996941089630127,1
18748,1,0.9999220371246338,1
18749,0,0.0004051302094012499,0
18750,0,0.6001876592636108,1
18751,0,0.0003425771137699485,0
18752,0,0.001959329005330801,0
18753,1,0.45747312903404236,0
18754,0,0.0023375123273581266,0
18755,0,0.966494619846344,1
18756,0,0.00041073322063311934,0
18757,0,0.00041032422450371087,0
18758,0,0.0009873196249827743,0
18759,1,0.9993703961372375,1
18760,1,0.9871935248374939,1
18761,0,0.01435290090739727,0
18762,0,0.21145223081111908,0
18763,0,5.1532704674173146e-05,0
18764,1,0.9993540644645691,1
18765,1,0.9999788999557495,1
18766,1,0.012022877112030983,0
18767,1,0.9900670051574707,1
18768,0,0.9536491632461548,1
18769,0,0.0007496610633097589,0
18770,1,0.9967795014381409,1
18771,0,0.03125244751572609,0
18772,0,0.008119814097881317,0
18773,1,0.9970964193344116,1
18774,1,0.9999978542327881,1
18775,0,0.003927425015717745,0
18776,0,0.019271016120910645,0
18777,0,0.009893813170492649,0
18778,0,0.05045676231384277,0
18779,1,0.9853552579879761,1
18780,0,0.16925516724586487,0
18781,0,0.01581607572734356,0
18782,0,0.5903748273849487,1
18783,1,0.9548625946044922,1
18784,0,0.6149697303771973,1
18785,1,0.9995719790458679,1
18786,0,0.0010517651680856943,0
18787,0,0.003078682813793421,0
18788,1,0.9920626282691956,1
18789,1,0.998534083366394,1
18790,0,0.012181106954813004,0
18791,0,0.00040272012120112777,0
18792,0,0.0833781436085701,0
18793,1,0.9439115524291992,1
18794,1,0.9999575614929199,1
18795,1,0.996514618396759,1
18796,0,0.0006102275219745934,0
18797,1,0.9972227811813354,1
18798,1,0.9998605251312256,1
18799,0,0.01643868163228035,0
18800,1,0.8314210772514343,1
18801,1,0.9934062957763672,1
18802,0,0.08040869981050491,0
18803,0,0.018641291186213493,0
18804,1,0.9999724626541138,1
18805,0,0.00017649168148636818,0
18806,0,0.0019341247389093041,0
18807,0,0.00752122001722455,0
18808,1,0.9999427795410156,1
18809,0,1.9883859749825206e-06,0
18810,0,0.0011660329764708877,0
18811,1,0.9997701048851013,1
18812,0,0.2987891733646393,0
18813,0,0.0017523791175335646,0
18814,1,0.9322489500045776,1
18815,0,0.004442673176527023,0
18816,1,0.9997038245201111,1
18817,0,0.12408655881881714,0
18818,1,0.43977582454681396,0
18819,0,0.00018765046843327582,0
18820,1,0.9979401230812073,1
18821,0,0.0012648761039599776,0
18822,1,0.997660756111145,1
18823,0,0.01738508604466915,0
18824,0,3.951457188122731e-07,0
18825,1,0.8844658136367798,1
18826,1,0.9997450709342957,1
18827,1,0.9997373223304749,1
18828,1,0.9336339831352234,1
18829,1,0.9951436519622803,1
18830,1,0.25211191177368164,0
18831,1,0.9999833106994629,1
18832,0,0.02286294847726822,0
18833,1,0.7473499774932861,1
18834,1,0.9961804151535034,1
18835,0,0.23010781407356262,0
18836,0,0.001026968122459948,0
18837,1,0.9527941346168518,1
18838,0,0.9182103276252747,1
18839,0,0.0001570513704791665,0
18840,1,0.9452016353607178,1
18841,0,0.0012704530963674188,0
18842,1,0.9958395957946777,1
18843,1,0.987014651298523,1
18844,0,0.5968499779701233,1
18845,1,0.9590387940406799,1
18846,0,0.00031728303292766213,0
18847,1,0.999920129776001,1
18848,1,0.9854090809822083,1
18849,1,0.5521668791770935,1
18850,1,0.9343001246452332,1
18851,1,0.9999998807907104,1
18852,0,0.00014609197387471795,0
18853,1,0.9996705055236816,1
18854,1,0.8636622428894043,1
18855,1,0.9999752044677734,1
18856,0,0.0010373276891186833,0
18857,1,0.9991280436515808,1
18858,0,0.0009668058482930064,0
18859,1,0.6910789608955383,1
18860,0,0.5854422450065613,1
18861,0,5.8931847888743505e-05,0
18862,1,0.9886054396629333,1
18863,1,0.974539041519165,1
18864,0,0.0003843625891022384,0
18865,0,0.8399381041526794,1
18866,0,0.5849130153656006,1
18867,1,0.9758042693138123,1
18868,1,0.9786239862442017,1
18869,0,0.006638140883296728,0
18870,0,0.0030947853811085224,0
18871,0,0.08218653500080109,0
18872,1,0.9994235038757324,1
18873,0,0.0006302674883045256,0
18874,0,0.0020663519389927387,0
18875,1,0.9998552799224854,1
18876,1,0.9998111128807068,1
18877,1,0.9999161958694458,1
18878,1,0.999990701675415,1
18879,1,0.9995231628417969,1
18880,0,0.0007603329140692949,0
18881,1,0.999984860420227,1
18882,1,0.9999866485595703,1
18883,1,0.9979233145713806,1
18884,0,3.441815294991102e-07,0
18885,1,0.9998830556869507,1
18886,1,0.9999939203262329,1
18887,1,0.15545517206192017,0
18888,0,0.5125369429588318,1
18889,1,0.9883147478103638,1
18890,0,0.0001540128723718226,0
18891,1,0.9952671527862549,1
18892,1,0.9826013445854187,1
18893,0,0.47658538818359375,0
18894,0,0.03937443345785141,0
18895,0,0.0001503490493632853,0
18896,1,0.9996542930603027,1
18897,0,0.46072742342948914,0
18898,1,0.9833180904388428,1
18899,1,0.6714573502540588,1
18900,0,0.04196592792868614,0
18901,1,0.9997408986091614,1
18902,1,0.9991581439971924,1
18903,1,0.6102179884910583,1
18904,0,0.020921261981129646,0
18905,0,0.008046680130064487,0
18906,0,1.5708508271927712e-06,0
18907,1,0.9798665046691895,1
18908,1,0.7501051425933838,1
18909,0,0.7615841627120972,1
18910,0,0.010864926502108574,0
18911,1,0.9938899278640747,1
18912,0,0.030470235273241997,0
18913,1,0.21872054040431976,0
18914,1,0.9987727999687195,1
18915,0,0.050489235669374466,0
18916,0,0.0005796329933218658,0
18917,1,0.16624854505062103,0
18918,0,0.02580360323190689,0
18919,0,0.0007545818225480616,0
18920,0,0.010382119566202164,0
18921,1,0.999995231628418,1
18922,0,0.00012568231613840908,0
18923,0,0.014978164806962013,0
18924,1,0.9999849796295166,1
18925,0,0.07104822993278503,0
18926,0,0.03102705627679825,0
18927,0,0.00018370275211054832,0
18928,0,0.0031247935257852077,0
18929,0,6.522585317725316e-05,0
18930,0,1.065633682628686e-06,0
18931,0,0.021313469856977463,0
18932,0,2.0653712908824673e-06,0
18933,1,0.9996989965438843,1
18934,0,0.7749214172363281,1
18935,0,0.005927820224314928,0
18936,0,0.3350951373577118,0
18937,0,1.3166922485652321e-07,0
18938,0,0.38968950510025024,0
18939,1,0.6356562376022339,1
18940,1,0.9994400143623352,1
18941,0,0.18512465059757233,0
18942,0,0.005264738574624062,0
18943,0,0.00026741879992187023,0
18944,0,0.006716171745210886,0
18945,1,0.9974428415298462,1
18946,1,0.9998186230659485,1
18947,0,0.005642291158437729,0
18948,1,0.9993625283241272,1
18949,1,0.9999990463256836,1
18950,0,0.0031233548652380705,0
18951,1,0.9312855005264282,1
18952,1,0.989604115486145,1
18953,1,0.9985238909721375,1
18954,0,0.04054969549179077,0
18955,0,2.1192129224800738e-06,0
18956,0,0.007199354935437441,0
18957,0,4.9767710152082145e-05,0
18958,0,0.027927067130804062,0
18959,1,0.968772292137146,1
18960,1,0.9985032081604004,1
18961,1,0.9999898672103882,1
18962,0,0.021313972771167755,0
18963,1,0.9999891519546509,1
18964,0,0.12278196215629578,0
18965,1,0.9561702609062195,1
18966,0,0.005391045473515987,0
18967,1,0.9999703168869019,1
18968,1,0.997962236404419,1
18969,1,0.9045976400375366,1
18970,1,0.9950227737426758,1
18971,1,0.4447198808193207,0
18972,0,0.003988650627434254,0
18973,0,0.06721603870391846,0
18974,1,0.9812814593315125,1
18975,1,0.9081525802612305,1
18976,1,0.9992486834526062,1
18977,1,0.9855747222900391,1
18978,0,0.017361976206302643,0
18979,0,0.033131323754787445,0
18980,1,0.9908451437950134,1
18981,0,0.0017537811072543263,0
18982,0,0.006891494616866112,0
18983,0,0.010413717478513718,0
18984,0,1.0976900739478879e-06,0
18985,1,0.9288046360015869,1
18986,0,0.0007851383415982127,0
18987,1,0.9842463731765747,1
18988,1,0.9957004189491272,1
18989,0,0.1418714076280594,0
18990,1,0.9999792575836182,1
18991,1,0.9990278482437134,1
18992,0,0.006762466859072447,0
18993,0,0.00012636005703825504,0
18994,0,2.989089443872217e-05,0
18995,0,0.006605388130992651,0
18996,1,0.634462296962738,1
18997,1,0.7439680099487305,1
18998,0,0.00010342185123590752,0
18999,1,0.9916290044784546,1
19000,1,0.9989137649536133,1
19001,0,1.1952586646657437e-05,0
19002,0,4.631136835087091e-05,0
19003,1,0.9997922778129578,1
19004,1,0.9999959468841553,1
19005,1,0.9998242259025574,1
19006,0,0.9388212561607361,1
19007,1,0.9995942711830139,1
19008,1,0.9840806126594543,1
19009,1,0.9999072551727295,1
19010,1,0.9991776347160339,1
19011,0,0.21050114929676056,0
19012,1,0.9994964599609375,1
19013,0,0.12450367212295532,0
19014,1,0.9976052045822144,1
19015,1,0.9993242025375366,1
19016,0,0.0005085014854557812,0
19017,1,0.9567118287086487,1
19018,1,0.998649537563324,1
19019,1,0.9994577765464783,1
19020,1,0.9997245669364929,1
19021,0,0.08174193650484085,0
19022,1,0.9947250485420227,1
19023,1,0.5847752690315247,1
19024,1,0.9999208450317383,1
19025,1,0.9994792342185974,1
19026,0,4.398637429403607e-06,0
19027,0,0.0009792695054784417,0
19028,1,0.9409929513931274,1
19029,1,0.9236649870872498,1
19030,0,0.00026026085834018886,0
19031,1,0.9997493624687195,1
19032,1,0.9995691180229187,1
19033,0,0.005495017394423485,0
19034,0,0.0009858335833996534,0
19035,0,2.8954916615475668e-06,0
19036,0,0.9140968918800354,1
19037,0,0.00030233399593271315,0
19038,0,0.0011817134218290448,0
19039,0,0.0015482723247259855,0
19040,0,0.037742696702480316,0
19041,1,0.9998751878738403,1
19042,0,0.09061283618211746,0
19043,1,0.4990884065628052,0
19044,1,0.9998356103897095,1
19045,0,0.00017875709454528987,0
19046,0,2.965072326333029e-06,0
19047,0,0.49103233218193054,0
19048,1,0.9999818801879883,1
19049,1,0.9999955892562866,1
19050,1,0.9980301260948181,1
19051,1,0.966152548789978,1
19052,1,0.997463583946228,1
19053,0,0.0013848051894456148,0
19054,1,0.9980714917182922,1
19055,1,0.9999706745147705,1
19056,0,0.00013337511336430907,0
19057,0,0.0010032113641500473,0
19058,0,0.08534109592437744,0
19059,1,0.9962500929832458,1
19060,0,0.12569519877433777,0
19061,1,0.9959981441497803,1
19062,0,0.0013634085189551115,0
19063,0,1.917790541483555e-05,0
19064,1,0.981977105140686,1
19065,1,0.9998018145561218,1
19066,1,0.9135446548461914,1
19067,0,0.014411978423595428,0
19068,0,8.541172064724378e-06,0
19069,0,0.20445649325847626,0
19070,1,0.9976996779441833,1
19071,0,0.9769779443740845,1
19072,0,0.10080043226480484,0
19073,1,0.9992566704750061,1
19074,0,0.9279680848121643,1
19075,0,0.06501306593418121,0
19076,1,0.9979342222213745,1
19077,1,0.9992870688438416,1
19078,0,0.0034188739955425262,0
19079,0,0.03785199299454689,0
19080,1,0.00722976541146636,0
19081,1,0.9998021721839905,1
19082,1,0.9689675569534302,1
19083,0,0.00022025116777513176,0
19084,0,0.0033986903727054596,0
19085,1,0.999883770942688,1
19086,1,0.158089742064476,0
19087,1,0.9998792409896851,1
19088,0,0.1303771734237671,0
19089,0,7.300102879526094e-06,0
19090,0,7.353136606980115e-05,0
19091,0,0.0080401711165905,0
19092,1,0.9999470710754395,1
19093,0,0.001932295854203403,0
19094,0,0.02341611497104168,0
19095,1,0.9999974966049194,1
19096,0,0.16876456141471863,0
19097,1,0.999975323677063,1
19098,0,0.6427338123321533,1
19099,0,0.08698172867298126,0
19100,0,0.006641562096774578,0
19101,1,0.9999722242355347,1
19102,0,0.008002293296158314,0
19103,1,0.9998652935028076,1
19104,0,0.06341801583766937,0
19105,1,0.9490318298339844,1
19106,0,0.01988411881029606,0
19107,1,0.9991306662559509,1
19108,0,6.518932309518277e-07,0
19109,0,0.000204124313313514,0
19110,1,0.9996715784072876,1
19111,1,0.9820569753646851,1
19112,1,0.9962765574455261,1
19113,0,0.21234869956970215,0
19114,0,0.0005138602573424578,0
19115,0,0.00017667723295744509,0
19116,1,0.2615942656993866,0
19117,0,0.00010521023068577051,0
19118,0,1.2965676432941109e-05,0
19119,0,0.065811388194561,0
19120,1,0.9999890327453613,1
19121,0,9.644559213484172e-07,0
19122,0,0.010312071070075035,0
19123,0,0.0012124625500291586,0
19124,0,0.0017706021899357438,0
19125,0,0.012011797167360783,0
19126,1,0.9994605183601379,1
19127,0,0.6744700074195862,1
19128,0,0.07569888234138489,0
19129,0,0.0019650692120194435,0
19130,0,0.015022726729512215,0
19131,1,0.9999997615814209,1
19132,1,0.9999598264694214,1
19133,1,0.7746775150299072,1
19134,0,0.14077751338481903,0
19135,1,0.999935507774353,1
19136,1,0.9999693632125854,1
19137,0,0.0035740958992391825,0
19138,0,0.000413004367146641,0
19139,1,0.8827855587005615,1
19140,0,0.0002645985805429518,0
19141,1,0.9992545247077942,1
19142,0,0.0029456792399287224,0
19143,0,0.9627858996391296,1
19144,0,0.022971590980887413,0
19145,0,0.00023244600743055344,0
19146,0,0.006005667615681887,0
19147,1,0.9940198659896851,1
19148,1,0.8938983082771301,1
19149,1,0.9999691247940063,1
19150,1,0.9990886449813843,1
19151,0,8.580871508456767e-05,0
19152,0,0.008485098369419575,0
19153,1,0.9927358627319336,1
19154,1,0.43829840421676636,0
19155,0,0.0005576408584602177,0
19156,0,0.0016395093407481909,0
19157,0,0.004529861267656088,0
19158,0,0.0007219331455416977,0
19159,1,0.9872389435768127,1
19160,0,4.858748070546426e-07,0
19161,0,0.04107864201068878,0
19162,0,0.04612166807055473,0
19163,1,0.9922592043876648,1
19164,0,0.008288332261145115,0
19165,0,0.013896790333092213,0
19166,0,0.006899778265506029,0
19167,1,0.9534093141555786,1
19168,0,0.0009197433828376234,0
19169,1,0.9909651279449463,1
19170,0,0.935709536075592,1
19171,1,0.9781348705291748,1
19172,1,0.9999550580978394,1
19173,0,0.0005275140865705907,0
19174,1,0.9608758687973022,1
19175,1,0.9966118931770325,1
19176,0,0.00047038475167937577,0
19177,0,0.002549686236307025,0
19178,0,0.11839024722576141,0
19179,1,0.9692022204399109,1
19180,1,0.9914968609809875,1
19181,0,0.0026731418911367655,0
19182,0,0.00035741415922529995,0
19183,0,0.7047815322875977,1
19184,1,0.9996547698974609,1
19185,0,0.002056119730696082,0
19186,1,0.973060667514801,1
19187,0,0.5623236894607544,1
19188,1,0.9972549080848694,1
19189,0,0.00013030774425715208,0
19190,1,0.9992771744728088,1
19191,1,0.9999901056289673,1
19192,0,1.7957623640540987e-05,0
19193,1,0.980556070804596,1
19194,1,0.9995360374450684,1
19195,1,0.9992839694023132,1
19196,1,0.9910141825675964,1
19197,1,0.9998650550842285,1
19198,1,0.9999475479125977,1
19199,0,0.018769508227705956,0
19200,0,0.02333727851510048,0
19201,0,0.0003586093953344971,0
19202,1,0.9990873336791992,1
19203,1,0.9963954091072083,1
19204,0,0.0038463349919766188,0
19205,0,0.00045678834430873394,0
19206,0,0.19108730554580688,0
19207,1,0.682774007320404,1
19208,0,8.832867024466395e-06,0
19209,1,0.998664140701294,1
19210,1,0.9698227643966675,1
19211,0,0.02280433103442192,0
19212,0,0.005993826314806938,0
19213,0,0.06357412040233612,0
19214,0,0.002746430691331625,0
19215,0,0.45178401470184326,0
19216,1,0.763649582862854,1
19217,1,0.23583662509918213,0
19218,0,0.014473069459199905,0
19219,1,0.9999961853027344,1
19220,0,0.042885083705186844,0
19221,0,0.00011678785813273862,0
19222,1,0.5126036405563354,1
19223,0,0.49161243438720703,0
19224,0,0.00036452055792324245,0
19225,0,0.0001628925820114091,0
19226,1,0.3024742901325226,0
19227,0,0.0008080019615590572,0
19228,1,0.712953507900238,1
19229,0,0.00016898162721190602,0
19230,1,0.9996544122695923,1
19231,0,0.0427543967962265,0
19232,1,0.9999994039535522,1
19233,1,0.9999771118164062,1
19234,1,0.9998966455459595,1
19235,1,0.9717914462089539,1
19236,0,0.007453638128936291,0
19237,1,0.9989320635795593,1
19238,1,0.9997721314430237,1
19239,0,0.9813868403434753,1
19240,0,0.017201406881213188,0
19241,1,0.9998903274536133,1
19242,1,0.9999706745147705,1
19243,0,0.0003611538850236684,0
19244,0,0.8612295985221863,1
19245,1,0.9913061261177063,1
19246,1,0.9992676377296448,1
19247,0,0.0022159006912261248,0
19248,0,0.00020703863992821425,0
19249,0,0.0008410091395489872,0
19250,1,0.9995642304420471,1
19251,0,0.16468194127082825,0
19252,1,0.9996317625045776,1
19253,0,0.0020175185054540634,0
19254,0,0.0006612697616219521,0
19255,0,8.217908907681704e-05,0
19256,0,0.0066047064028680325,0
19257,0,1.2841521765949437e-06,0
19258,1,0.22274249792099,0
19259,1,0.5164068937301636,1
19260,0,0.0004088750574737787,0
19261,0,0.006168638821691275,0
19262,1,0.9999730587005615,1
19263,1,0.9993755221366882,1
19264,0,1.1126998288091272e-05,0
19265,1,0.61971116065979,1
19266,0,0.12487310916185379,0
19267,0,2.1595298676402308e-05,0
19268,0,0.00036924643791280687,0
19269,1,0.6630222797393799,1
19270,1,0.9990262985229492,1
19271,1,0.9999953508377075,1
19272,1,0.9548804759979248,1
19273,1,0.999767005443573,1
19274,0,0.0012975328136235476,0
19275,1,0.9935603141784668,1
19276,0,0.02704329788684845,0
19277,0,0.0010823316406458616,0
19278,0,0.000889412360265851,0
19279,0,0.8483577370643616,1
19280,1,0.9999591112136841,1
19281,1,0.9770515561103821,1
19282,1,0.9951352477073669,1
19283,0,0.045917656272649765,0
19284,1,0.982650101184845,1
19285,0,0.05471881106495857,0
19286,1,0.9981563687324524,1
19287,1,0.999340832233429,1
19288,1,0.37873050570487976,0
19289,0,0.49180594086647034,0
19290,0,0.00017867240239866078,0
19291,0,0.9901291728019714,1
19292,0,1.5129407074709889e-05,0
19293,1,0.9994563460350037,1
19294,1,0.9999703168869019,1
19295,0,4.099985380889848e-05,0
19296,0,0.04734904691576958,0
19297,1,0.9976292252540588,1
19298,0,0.0051878816448152065,0
19299,0,0.12243269383907318,0
19300,1,0.9031134247779846,1
19301,1,0.9999499320983887,1
19302,0,0.2762860357761383,0
19303,1,0.999906063079834,1
19304,0,0.00012302542745601386,0
19305,0,0.02098684571683407,0
19306,1,0.9990032315254211,1
19307,0,0.050488464534282684,0
19308,1,0.9999972581863403,1
19309,0,0.1968156397342682,0
19310,1,0.9999871253967285,1
19311,0,0.027252189815044403,0
19312,0,0.0002498020476195961,0
19313,1,0.9970617890357971,1
19314,1,0.9908221960067749,1
19315,0,5.916937516303733e-05,0
19316,0,2.632190444273874e-06,0
19317,0,0.4029262065887451,0
19318,1,0.9996122717857361,1
19319,0,0.010646923445165157,0
19320,0,0.2607288956642151,0
19321,1,0.9999982118606567,1
19322,1,0.12257438898086548,0
19323,1,0.9933632612228394,1
19324,0,0.11874885112047195,0
19325,1,0.982628583908081,1
19326,1,0.9998834133148193,1
19327,0,0.0022804997861385345,0
19328,1,0.9988466501235962,1
19329,1,0.8408992886543274,1
19330,1,0.9771863222122192,1
19331,0,0.0018164684297516942,0
19332,1,0.9932070374488831,1
19333,1,0.9947868585586548,1
19334,0,0.014779644086956978,0
19335,0,0.0008288250537589192,0
19336,1,0.9980625510215759,1
19337,1,0.3384733498096466,0
19338,0,0.0001913287560455501,0
19339,0,0.0014720297185704112,0
19340,1,0.9992584586143494,1
19341,1,0.9993547797203064,1
19342,1,0.9534368515014648,1
19343,1,0.9995633959770203,1
19344,0,0.013772748410701752,0
19345,0,0.004607270937412977,0
19346,1,0.7162007093429565,1
19347,0,4.8735630116425455e-05,0
19348,0,0.0004936722689308226,0
19349,1,0.9999834299087524,1
19350,0,0.018822871148586273,0
19351,1,0.9999984502792358,1
19352,0,0.008071976713836193,0
19353,1,0.979881763458252,1
19354,1,0.1689205914735794,0
19355,1,0.9999946355819702,1
19356,0,0.01076046098023653,0
19357,1,0.9607412219047546,1
19358,0,0.00018523845938034356,0
19359,1,0.9831756353378296,1
19360,0,4.456048330325757e-08,0
19361,0,0.00011945235019084066,0
19362,1,0.7987689971923828,1
19363,0,0.04639482870697975,0
19364,0,0.010783997364342213,0
19365,1,0.8992027640342712,1
19366,1,0.9993124008178711,1
19367,0,0.8894990682601929,1
19368,0,0.014071788638830185,0
19369,0,0.00022736462415196002,0
19370,1,0.9996918439865112,1
19371,0,7.422313956340076e-06,0
19372,0,0.0002446856815367937,0
19373,1,0.8962651491165161,1
19374,1,0.9996312856674194,1
19375,1,0.44541823863983154,0
19376,1,0.9961236119270325,1
19377,0,3.5230405046604574e-05,0
19378,1,0.999984622001648,1
19379,0,0.000769977574236691,0
19380,1,0.9984185695648193,1
19381,1,0.9997813105583191,1
19382,0,0.00031538066104985774,0
19383,1,0.9999827146530151,1
19384,0,0.17308352887630463,0
19385,1,0.999944806098938,1
19386,1,0.7645304799079895,1
19387,0,0.000546871917322278,0
19388,1,0.9991746544837952,1
19389,1,0.7901456356048584,1
19390,1,0.9999761581420898,1
19391,0,0.0008646876667626202,0
19392,1,0.9999978542327881,1
19393,0,0.07450998574495316,0
19394,0,0.00030024428269825876,0
19395,0,0.04986000806093216,0
19396,1,0.9632797241210938,1
19397,1,0.9496107697486877,1
19398,1,0.999971866607666,1
19399,0,0.025663308799266815,0
19400,1,0.9998942613601685,1
19401,0,0.8152841925621033,1
19402,1,0.9997531771659851,1
19403,1,0.9963153004646301,1
19404,1,0.9983516931533813,1
19405,0,0.034936752170324326,0
19406,1,0.9494872689247131,1
19407,0,0.00016714021330699325,0
19408,0,0.003504132619127631,0
19409,0,0.02487822063267231,0
19410,0,0.17926490306854248,0
19411,0,0.00820736400783062,0
19412,1,0.993721604347229,1
19413,0,0.03249958157539368,0
19414,1,0.988602876663208,1
19415,1,0.9999531507492065,1
19416,0,0.09881576895713806,0
19417,1,0.9998039603233337,1
19418,1,0.9999986886978149,1
19419,1,0.9384968876838684,1
19420,0,0.007119443267583847,0
19421,1,0.9997935891151428,1
19422,1,0.9973071813583374,1
19423,1,0.9169139266014099,1
19424,1,0.9981799125671387,1
19425,1,0.9993840456008911,1
19426,0,2.473002268743585e-06,0
19427,1,0.9999791383743286,1
19428,1,0.999161958694458,1
19429,1,0.9734176993370056,1
19430,1,0.9975378513336182,1
19431,0,7.269867637660354e-05,0
19432,0,0.0005606517661362886,0
19433,0,0.0010341258021071553,0
19434,0,1.5571688436466502e-06,0
19435,1,0.9981049299240112,1
19436,1,0.9881734251976013,1
19437,1,0.998536229133606,1
19438,1,0.9996979236602783,1
19439,1,0.9999966621398926,1
19440,1,0.9856817722320557,1
19441,1,0.9972079396247864,1
19442,0,0.7521599531173706,1
19443,1,0.9917535781860352,1
19444,1,0.9875525236129761,1
19445,0,0.0003377101384103298,0
19446,1,0.9999978542327881,1
19447,0,0.035698022693395615,0
19448,0,0.013253966346383095,0
19449,1,0.9804092645645142,1
19450,0,2.8921638659085147e-05,0
19451,0,0.06073561683297157,0
19452,1,0.9156507253646851,1
19453,0,0.00391058623790741,0
19454,0,0.006027328781783581,0
19455,0,0.0007015720475465059,0
19456,0,7.010534318396822e-06,0
19457,1,0.9994811415672302,1
19458,0,0.04856514930725098,0
19459,1,0.9999102354049683,1
19460,1,0.9881468415260315,1
19461,1,0.99998939037323,1
19462,1,0.9981276392936707,1
19463,1,0.9939770698547363,1
19464,0,0.00013518353807739913,0
19465,1,0.9848579168319702,1
19466,1,0.9998121857643127,1
19467,1,0.985811710357666,1
19468,1,0.013159206137061119,0
19469,1,0.988558292388916,1
19470,1,0.9997888207435608,1
19471,1,0.9998121857643127,1
19472,0,0.35346391797065735,0
19473,0,0.1731487214565277,0
19474,1,0.9999909400939941,1
19475,0,0.33185067772865295,0
19476,1,0.9999628067016602,1
19477,0,0.006037427112460136,0
19478,0,0.0015324149280786514,0
19479,0,0.278533399105072,0
19480,0,0.015017716214060783,0
19481,1,0.6287431120872498,1
19482,0,0.24327640235424042,0
19483,1,0.9988545179367065,1
19484,1,0.9993383288383484,1
19485,1,0.9995771050453186,1
19486,0,0.1427277773618698,0
19487,0,0.0010755438124760985,0
19488,0,0.016004011034965515,0
19489,1,0.9921720027923584,1
19490,1,0.9981196522712708,1
19491,0,0.7071787118911743,1
19492,1,0.9999837875366211,1
19493,1,0.9999897480010986,1
19494,0,0.217082679271698,0
19495,0,0.000784087460488081,0
19496,1,0.985729455947876,1
19497,1,0.009885141626000404,0
19498,1,0.9780062437057495,1
19499,0,0.0034655684139579535,0
19500,0,0.012879905290901661,0
19501,1,0.9999560117721558,1
19502,0,0.00017978029791265726,0
19503,1,0.9999998807907104,1
19504,1,0.9993973970413208,1
19505,1,0.9989631175994873,1
19506,0,0.0009248111164197326,0
19507,1,0.9998795986175537,1
19508,1,0.9943506121635437,1
19509,0,0.00015342817641794682,0
19510,1,0.28999412059783936,0
19511,0,0.00261122640222311,0
19512,0,0.004109384957700968,0
19513,1,0.9999922513961792,1
19514,1,0.9986652135848999,1
19515,1,0.9995893836021423,1
19516,0,0.028118442744016647,0
19517,1,0.9998341798782349,1
19518,1,0.999193012714386,1
19519,1,0.30670279264450073,0
19520,0,0.0008070952026173472,0
19521,1,0.9954501986503601,1
19522,1,0.978510856628418,1
19523,1,0.9999904632568359,1
19524,0,8.504177094437182e-05,0
19525,0,0.19760599732398987,0
19526,1,0.9949593544006348,1
19527,0,0.0024482570588588715,0
19528,0,0.003182878252118826,0
19529,1,0.999767005443573,1
19530,1,0.8020173907279968,1
19531,0,0.0011114230146631598,0
19532,0,0.0053501431830227375,0
19533,1,0.9997333884239197,1
19534,1,0.9997811913490295,1
19535,1,0.9999366998672485,1
19536,0,0.13612422347068787,0
19537,1,0.9985440969467163,1
19538,0,0.010533100925385952,0
19539,1,0.9962294697761536,1
19540,1,0.7637614607810974,1
19541,1,0.9958133101463318,1
19542,1,0.997984766960144,1
19543,0,0.10603131353855133,0
19544,1,0.9804489016532898,1
19545,1,0.9996110796928406,1
19546,0,0.0031885856296867132,0
19547,1,0.9963750243186951,1
19548,0,7.202323104138486e-06,0
19549,1,0.9999685287475586,1
19550,0,0.010843399912118912,0
19551,1,0.9999822378158569,1
19552,0,0.8378687500953674,1
19553,0,0.016582973301410675,0
19554,0,3.68815790352528e-06,0
19555,1,0.999722421169281,1
19556,1,0.9965567588806152,1
19557,1,0.990288496017456,1
19558,0,0.4732726812362671,0
19559,1,0.9911805987358093,1
19560,0,0.000496002146974206,0
19561,1,0.9992460012435913,1
19562,1,0.998571515083313,1
19563,1,0.06272546947002411,0
19564,0,0.001970793353393674,0
19565,1,0.9503422975540161,1
19566,1,0.999995231628418,1
19567,0,5.971227437839843e-06,0
19568,1,0.33150357007980347,0
19569,1,0.20686358213424683,0
19570,1,0.9774297475814819,1
19571,0,0.9203428030014038,1
19572,0,0.0010846953373402357,0
19573,0,0.002263762056827545,0
19574,0,0.004416272975504398,0
19575,1,0.9702739119529724,1
19576,0,0.010632398538291454,0
19577,0,0.1018589660525322,0
19578,0,0.00014144250599201769,0
19579,0,0.03058154135942459,0
19580,0,4.1128612792817876e-05,0
19581,0,0.005362795200198889,0
19582,1,0.9999768733978271,1
19583,1,0.9580846428871155,1
19584,0,0.001310944790020585,0
19585,0,0.5166130661964417,1
19586,0,7.338901195907965e-05,0
19587,0,0.8075488805770874,1
19588,1,0.9321480393409729,1
19589,1,0.9997712969779968,1
19590,1,0.9999693632125854,1
19591,0,0.1869000792503357,0
19592,1,0.9999538660049438,1
19593,1,0.9998754262924194,1
19594,0,0.0006414561648853123,0
19595,0,0.00020515549113042653,0
19596,1,0.9999990463256836,1
19597,1,0.9999994039535522,1
19598,0,0.0007271572249010205,0
19599,0,0.03511200472712517,0
19600,0,9.837415564106777e-05,0
19601,0,0.05205994099378586,0
19602,0,8.675680146552622e-05,0
19603,1,0.9988679885864258,1
19604,0,0.005171593744307756,0
19605,0,0.00031566794496029615,0
19606,1,0.999913215637207,1
19607,1,0.9967228770256042,1
19608,0,9.120618778979406e-05,0
19609,0,0.0049171457067132,0
19610,0,0.0004414011782500893,0
19611,1,0.9996209144592285,1
19612,0,0.008459674194455147,0
19613,1,0.9999871253967285,1
19614,1,0.9678894877433777,1
19615,0,0.17102627456188202,0
19616,0,0.15981215238571167,0
19617,1,0.9999889135360718,1
19618,0,0.0007767092902213335,0
19619,0,1.2597336080943933e-06,0
19620,1,0.9961329698562622,1
19621,1,0.5635802745819092,1
19622,1,0.9999556541442871,1
19623,0,0.0001087054843083024,0
19624,1,0.9822180867195129,1
19625,0,0.001159925595857203,0
19626,1,0.9997386336326599,1
19627,0,0.0033215105067938566,0
19628,1,0.8686021566390991,1
19629,1,0.9946730732917786,1
19630,1,0.9185886979103088,1
19631,0,0.0006478670402429998,0
19632,1,0.8302046060562134,1
19633,1,0.9115114808082581,1
19634,1,0.12037770450115204,0
19635,0,0.04182123392820358,0
19636,0,0.004171870648860931,0
19637,0,0.011234424076974392,0
19638,1,0.9999847412109375,1
19639,0,1.3179037523514125e-06,0
19640,0,0.01077337097376585,0
19641,1,0.8786562085151672,1
19642,0,0.00034771370701491833,0
19643,0,0.0005297881434671581,0
19644,1,0.947726309299469,1
19645,1,0.9999707937240601,1
19646,1,0.9947029948234558,1
19647,1,0.999326229095459,1
19648,0,0.06657890975475311,0
19649,1,0.9992367029190063,1
19650,1,0.9771767258644104,1
19651,1,0.9989996552467346,1
19652,1,0.9998021721839905,1
19653,1,0.9995707869529724,1
19654,1,0.9860458970069885,1
19655,1,0.9300004839897156,1
19656,0,5.9134452889963995e-09,0
19657,0,0.016370266675949097,0
19658,0,2.326866342627909e-05,0
19659,1,0.9963005781173706,1
19660,1,0.9999958276748657,1
19661,1,0.9554361701011658,1
19662,0,0.1523543894290924,0
19663,0,0.0004740736330859363,0
19664,1,0.983817994594574,1
19665,0,0.0021276837214827538,0
19666,1,0.9953979849815369,1
19667,1,0.9815993905067444,1
19668,0,0.003988201729953289,0
19669,0,0.0008604151662439108,0
19670,0,0.0004946968401782215,0
19671,0,0.0007823719643056393,0
19672,0,0.013076525181531906,0
19673,1,0.9999969005584717,1
19674,0,0.00018803696730174124,0
19675,1,0.9773829579353333,1
19676,0,0.011698035523295403,0
19677,1,0.9994081258773804,1
19678,1,0.9917042255401611,1
19679,0,0.06008359417319298,0
19680,0,0.002730773063376546,0
19681,0,0.020020559430122375,0
19682,0,0.1241958811879158,0
19683,0,0.9753045439720154,1
19684,0,0.0060648443177342415,0
19685,0,0.0008539581322111189,0
19686,0,0.4243369996547699,0
19687,1,0.9999436140060425,1
19688,0,0.05800420418381691,0
19689,0,0.0035277921706438065,0
19690,1,0.039290934801101685,0
19691,1,0.718959391117096,1
19692,0,0.32433387637138367,0
19693,0,5.0997732614632696e-05,0
19694,1,0.9997389912605286,1
19695,0,0.8593806028366089,1
19696,0,0.00533273397013545,0
19697,0,3.06717302009929e-05,0
19698,0,5.943340511294082e-05,0
19699,0,0.0008415136835537851,0
19700,0,0.015775052830576897,0
19701,0,3.317424489068799e-05,0
19702,0,0.0028903945349156857,0
19703,1,0.9869081974029541,1
19704,1,0.9904493689537048,1
19705,0,0.00022928754333406687,0
19706,1,0.999947190284729,1
19707,1,0.8157910704612732,1
19708,0,5.388612044043839e-05,0
19709,1,0.9616150856018066,1
19710,0,0.008517167530953884,0
19711,1,0.9999477863311768,1
19712,1,0.99812251329422,1
19713,1,0.9998090863227844,1
19714,0,0.00024346302961930633,0
19715,1,0.46068957448005676,0
19716,0,1.588716622791253e-05,0
19717,0,2.927980403910624e-06,0
19718,1,0.9997099041938782,1
19719,0,0.00019659945974126458,0
19720,0,0.0006753928028047085,0
19721,1,0.9037431478500366,1
19722,0,0.16285456717014313,0
19723,0,0.0006254966137930751,0
19724,1,0.9996640682220459,1
19725,1,0.9998548030853271,1
19726,0,0.0005645450437441468,0
19727,0,3.350394536028034e-06,0
19728,0,1.651164893701207e-05,0
19729,1,0.9999721050262451,1
19730,0,0.013211247511208057,0
19731,1,0.015112334862351418,0
19732,0,0.04561132192611694,0
19733,0,0.00026428443379700184,0
19734,1,0.511394739151001,1
19735,0,0.009718190878629684,0
19736,0,3.4062737540807575e-05,0
19737,1,0.9999710321426392,1
19738,0,0.15474238991737366,0
19739,0,0.00016320538998115808,0
19740,0,0.0005521922721527517,0
19741,1,0.999929666519165,1
19742,0,0.004728030413389206,0
19743,0,0.0016311840154230595,0
19744,0,0.6961445212364197,1
19745,0,0.021318431943655014,0
19746,0,0.000752062420360744,0
19747,1,0.07988294214010239,0
19748,0,8.029868331504986e-05,0
19749,1,0.9994766116142273,1
19750,0,0.05077532306313515,0
19751,1,0.9999829530715942,1
19752,1,0.9999980926513672,1
19753,0,0.009258192963898182,0
19754,1,0.9846291542053223,1
19755,0,0.0004454574082046747,0
19756,1,0.07415006309747696,0
19757,0,0.016583742573857307,0
19758,0,2.510358001472923e-07,0
19759,1,0.9977949857711792,1
19760,1,0.9983437061309814,1
19761,1,0.9902627468109131,1
19762,1,0.9988247752189636,1
19763,1,0.9964094758033752,1
19764,1,0.9715667963027954,1
19765,1,0.9997574687004089,1
19766,0,0.004236794542521238,0
19767,0,0.009068752638995647,0
19768,1,0.9999990463256836,1
19769,0,0.001261885860003531,0
19770,0,0.03436831012368202,0
19771,0,0.09955704212188721,0
19772,0,0.5992015600204468,1
19773,1,0.9999865293502808,1
19774,0,0.22971341013908386,0
19775,0,0.0002342528459848836,0
19776,0,0.0034241729881614447,0
19777,0,4.868297764915042e-07,0
19778,0,0.0018095701234415174,0
19779,1,0.9842391014099121,1
19780,0,0.0007830894901417196,0
19781,1,0.9768012762069702,1
19782,1,0.9999595880508423,1
19783,1,0.9984762072563171,1
19784,0,0.0341288261115551,0
19785,0,2.644442611199338e-05,0
19786,1,0.20970933139324188,0
19787,0,0.002116416348144412,0
19788,1,0.9540831446647644,1
19789,1,0.9983530044555664,1
19790,0,0.07014752179384232,0
19791,0,0.029351934790611267,0
19792,1,0.9936406016349792,1
19793,0,0.0016895689768716693,0
19794,0,1.3278183359943796e-05,0
19795,0,0.006384415086358786,0
19796,0,0.02688608691096306,0
19797,0,0.006684658117592335,0
19798,0,0.004160246346145868,0
19799,0,0.05977466329932213,0
19800,1,0.9973553419113159,1
19801,1,0.9548362493515015,1
19802,1,0.9400088787078857,1
19803,1,0.8928515315055847,1
19804,1,0.9850364923477173,1
19805,0,0.48921307921409607,0
19806,1,0.9315603971481323,1
19807,0,0.0045137591660022736,0
19808,0,0.20064035058021545,0
19809,0,0.0006052623502910137,0
19810,1,0.9905564785003662,1
19811,1,0.9978806972503662,1
19812,1,0.9927635788917542,1
19813,1,0.9928081035614014,1
19814,1,0.783418595790863,1
19815,1,0.9989703893661499,1
19816,0,0.08470117300748825,0
19817,0,0.00017287212540395558,0
19818,0,7.513112359447405e-05,0
19819,0,0.0017878063954412937,0
19820,0,0.00015228982374537736,0
19821,0,0.12101077288389206,0
19822,1,0.9971330165863037,1
19823,1,0.9975614547729492,1
19824,1,0.9890488386154175,1
19825,1,0.963582456111908,1
19826,1,0.9942724704742432,1
19827,1,0.8171124458312988,1
19828,0,1.1515840014908463e-05,0
19829,1,0.49304330348968506,0
19830,1,0.9999961853027344,1
19831,1,0.6430174708366394,1
19832,0,0.00027082854649052024,0
19833,1,0.3873628079891205,0
19834,1,0.9981392621994019,1
19835,1,0.8322095274925232,1
19836,1,0.9999885559082031,1
19837,1,0.9971818923950195,1
19838,1,0.9999996423721313,1
19839,0,0.002279275096952915,0
19840,1,0.9998842477798462,1
19841,1,0.99967360496521,1
19842,1,0.9996378421783447,1
19843,1,0.9451856017112732,1
19844,0,5.145678369444795e-05,0
19845,0,9.87153616733849e-05,0
19846,0,0.010105248540639877,0
19847,0,0.12352119386196136,0
19848,0,0.07734914124011993,0
19849,0,0.0010292576625943184,0
19850,0,0.0018784262938424945,0
19851,0,1.0387841939518694e-05,0
19852,0,4.961290323990397e-05,0
19853,0,3.217189805582166e-05,0
19854,1,0.9999967813491821,1
19855,0,0.0018242673249915242,0
19856,1,0.9999746084213257,1
19857,1,0.9999532699584961,1
19858,1,0.9927527904510498,1
19859,1,0.9976111650466919,1
19860,0,0.004983905702829361,0
19861,0,0.01362063642591238,0
19862,0,0.00038541475078091025,0
19863,0,0.0005348065169528127,0
19864,1,0.9976224303245544,1
19865,0,0.000950021028984338,0
19866,1,0.9913327097892761,1
19867,0,0.0014067963929846883,0
19868,0,0.00656947260722518,0
19869,0,0.06434132158756256,0
19870,0,0.06599415838718414,0
19871,1,0.9999961853027344,1
19872,0,5.219863305683248e-05,0
19873,1,0.9297946095466614,1
19874,0,0.0012389915063977242,0
19875,1,0.997859537601471,1
19876,0,0.01355388481169939,0
19877,0,0.05525600165128708,0
19878,0,0.01630786992609501,0
19879,0,0.0011796940816566348,0
19880,0,0.9793821573257446,1
19881,0,6.075071723898873e-06,0
19882,0,0.00012588320532813668,0
19883,0,0.4428863823413849,0
19884,0,0.0018760114908218384,0
19885,1,0.9634944796562195,1
19886,0,0.022981828078627586,0
19887,1,0.9400877356529236,1
19888,0,0.005167779978364706,0
19889,0,0.004500812850892544,0
19890,0,0.023520855233073235,0
19891,1,0.99955815076828,1
19892,0,0.00032207919866777956,0
19893,0,0.0001204610089189373,0
19894,1,0.9403514266014099,1
19895,1,0.9957411289215088,1
19896,1,0.9999974966049194,1
19897,1,0.99880051612854,1
19898,0,4.743480076285778e-06,0
19899,1,0.99981290102005,1
19900,0,0.09848346561193466,0
19901,1,0.9992524981498718,1
19902,1,0.9978664517402649,1
19903,0,0.054594043642282486,0
19904,0,0.42788952589035034,0
19905,1,0.9378573894500732,1
19906,0,2.8072208806406707e-06,0
19907,0,0.9948828220367432,1
19908,1,0.9999370574951172,1
19909,1,0.9987560510635376,1
19910,1,0.9553453922271729,1
19911,0,0.007167371455579996,0
19912,1,0.9988449811935425,1
19913,1,0.9991337656974792,1
19914,0,0.18861211836338043,0
19915,1,0.9999587535858154,1
19916,0,0.05621439591050148,0
19917,1,0.9973785877227783,1
19918,1,0.9989836812019348,1
19919,1,0.834449052810669,1
19920,1,0.9999709129333496,1
19921,1,0.9999879598617554,1
19922,1,0.3396015763282776,0
19923,0,0.0008082372369244695,0
19924,0,0.9914251565933228,1
19925,0,0.005803478881716728,0
19926,0,1.5779070963617414e-05,0
19927,0,0.024028507992625237,0
19928,0,0.0041685258038342,0
19929,0,0.00430696178227663,0
19930,0,0.00047807596274651587,0
19931,0,2.530310439396999e-06,0
19932,1,0.9977254271507263,1
19933,1,0.9999961853027344,1
19934,0,0.8853082060813904,1
19935,0,0.014880968257784843,0
19936,0,0.006901056505739689,0
19937,1,0.9994414448738098,1
19938,0,0.9476197957992554,1
19939,0,0.0003707960422616452,0
19940,0,0.10318467020988464,0
19941,1,0.9995194673538208,1
19942,0,0.0028299272526055574,0
19943,0,0.00042230068356730044,0
19944,0,0.019383609294891357,0
19945,1,0.9856740832328796,1
19946,0,0.0003899318107869476,0
19947,0,0.0015043074963614345,0
19948,0,0.0002964589511975646,0
19949,1,0.999290943145752,1
19950,0,6.29387577646412e-05,0
19951,0,0.0012501468881964684,0
19952,0,0.12116161733865738,0
19953,0,0.016734611243009567,0
19954,1,0.9999420642852783,1
19955,1,0.944987416267395,1
19956,0,0.6845638155937195,1
19957,0,0.013736330904066563,0
19958,1,0.9990047812461853,1
19959,1,0.9989643096923828,1
19960,1,0.12742818892002106,0
19961,0,0.010925650596618652,0
19962,1,0.9931983351707458,1
19963,1,0.9999986886978149,1
19964,0,0.0011613774113357067,0
19965,0,0.03156151622533798,0
19966,1,0.9999922513961792,1
19967,0,9.268766734749079e-05,0
19968,0,0.3080744445323944,0
19969,1,0.9949170351028442,1
19970,1,0.6489213109016418,1
19971,1,0.74300616979599,1
19972,0,0.021350417286157608,0
19973,1,0.9998539686203003,1
19974,0,0.0026853648014366627,0
19975,0,8.085621630016249e-07,0
19976,0,0.00015319837257266045,0
19977,1,0.9999909400939941,1
19978,1,0.846928060054779,1
19979,0,0.02124973200261593,0
19980,1,0.9996664524078369,1
19981,0,0.11577682197093964,0
19982,1,0.8437114953994751,1
19983,1,0.9996670484542847,1
19984,0,0.00014546976308338344,0
19985,0,0.003360720118507743,0
19986,1,0.9291945099830627,1
19987,1,0.9556481838226318,1
19988,0,0.0009988704696297646,0
19989,1,0.9995706677436829,1
19990,1,0.9996030926704407,1
19991,1,0.9999065399169922,1
19992,1,0.6352961659431458,1
19993,1,0.9929036498069763,1
19994,1,0.9929713606834412,1
19995,0,0.00022649482707493007,0
19996,1,0.9840333461761475,1
19997,1,0.996817946434021,1
19998,0,0.004766492173075676,0
19999,0,0.0009871732909232378,0
